"","total_route","single_distance","single_cargo_weight","single_cargo_volume","total_travel_time"
"1",1,0,0,0,0
"2",813,4.89191416822345,56,32,20.0815319028037
"3",825,0.0263694623808996,23,13,68.0004394910397
"4",752,0.17009828229704,80.5,46.5,42.0028349713716
"5",757,0.0119092744780459,52.5,31.5,24.000198487908
"6",771,0.0221983580090389,28.5,16.5,38.0003699726335
"7",655,0.0520529866689587,40.5,21.5,54.0008675497778
"8",679,0.0348809374596331,67,40,38.0005813489577
"9",664,0.0178738335184682,45,26,82.0002978972253
"10",666,0.000558980076200153,95,54,12.0000093163346
"11",673,0.0563214201628588,13,7,44.000938690336
"12",676,0.0121270186775408,51,29,30.000202116978
"13",661,0.00962386715160222,32,17,14.0001603977859
"14",671,0.0100758578790013,14,7,54.0001679309647
"15",697,0.0149650184023107,62,35,46.0002494169734
"16",700,0.00658501278237064,56,33,46.000109750213
"17",693,0.00694294282178657,52,29,32.0001157157137
"18",689,0.00689744148412482,36.5,20.5,26.0001149573581
"19",675,0.016951769539133,31,18,24.0002825294923
"20",695,0.0092573901492357,26,14,72.0001542898358
"21",725,0.0142893767716894,82.5,46.5,28.0002381562795
"22",728,0.00422898520380896,32.5,18.5,48.0000704830867
"23",737,0.00457167411233961,60,36,66.0000761945685
"24",724,0.0043069109047174,78.5,45.5,10.0000717818484
"25",730,0.00917092698246202,12.5,7.5,58.000152848783
"26",754,0.00855899167568071,71.5,42.5,80.0001426498613
"27",756,0,94,54,38
"28",762,0.0038479905189319,43.5,24.5,36.0000641331753
"29",731,0.0102179365088948,40,22,32.0001702989418
"30",713,0.00443468973581302,40,24,62.0000739114956
"31",660,0.0627776974329828,74,43,58.0010462949572
"32",651,0.00372771401670589,71,42,90.000062128567
"33",653,0,105,60,48
"34",638,0.00808689142122846,56,32,44.0001347815237
"35",630,0.00495062520744438,54.5,32.5,24.0000825104201
"36",636,0.00452563091689147,24,12,32.0000754271819
"37",584,0.0124629162740114,35.5,19.5,32.0002077152712
"38",589,0.00211349651191227,39.5,23.5,34.0000352249419
"39",591,0.00912092438547341,37.5,20.5,36.0001520154064
"40",594,0,37.5,19.5,16
"41",565,0.00750557066071389,18,10,28.0001250928443
"42",563,0.00146726882295901,28.5,14.5,36.0000244544804
"43",567,0.00190992303976277,40.5,22.5,38.0000318320507
"44",573,0.00136358315668195,42,23,60.0000227263859
"45",566,0.0028832970435301,71.5,41.5,50.0000480549507
"46",564,0.00190992303976277,55.5,30.5,34.0000318320507
"47",581,0.0047743945018267,36.5,19.5,78.0000795732417
"48",555,0.0122468273063726,90,51,20.0002041137884
"49",647,0.0251620423675451,21.5,11.5,54.0004193673728
"50",639,0.00522464848867867,62.5,35.5,72.0000870774748
"51",621,0.0182611718161425,86.5,50.5,14.0003043528636
"52",623,0,17,10,60
"53",622,0.00222691013254022,71,41,80.0000371151689
"54",620,0.000877525466265176,95,55,60.0000146254244
"55",624,0.000570739859991218,70,40,38.000009512331
"56",642,0.031208679462856,44.5,25.5,64.0005201446577
"57",493,0.0315175560982777,76.5,44.5,52.0005252926016
"58",489,0.000990351091967402,59.5,33.5,32.0000165058515
"59",484,0.00184881310229242,40,24,34.0000308135517
"60",643,0.0321214803569267,41.5,24.5,62.0005353580059
"61",526,0.0379458605134077,76,45,66.0006324310086
"62",542,0.000723628435806623,81,48,28.0000120604739
"63",541,0.00112542879123018,34,20,70.0000187571465
"64",545,0.000448532074403711,82.5,47.5,60.0000074755346
"65",515,0.00163603982726751,70,40,64.0000272673305
"66",645,0.0282009195347986,77.5,45.5,68.0004700153256
"67",663,0.00605569981047415,80.5,46.5,68.0001009283302
"68",646,0.00748566777380976,80,46,78.0001247611296
"69",680,0.0229965696662226,91,52,68.0003832761611
"70",686,0.00248061235850134,79,45,58.0000413435393
"71",701,0.00818960713504274,65,36,32.0001364934522
"72",708,0.00731240026470867,39.5,23.5,34.0001218733377
"73",710,0.00255704623165381,41.5,24.5,48.0000426174372
"74",733,0.00608984736245352,56,32,52.000101497456
"75",736,0.00623365930159683,59,33,20.0001038943217
"76",738,0.00450172006777442,24,14,50.0000750286678
"77",747,0.00720158744128904,57,32,72.0001200264574
"78",774,0.00730700256915646,82.5,46.5,32.0001217833762
"79",779,0.00250527832354393,37.5,21.5,42.0000417546387
"80",792,0.00652094897177489,51.5,30.5,46.0001086824829
"81",800,0.00917760403807297,53,30,32.0001529600673
"82",798,0.00210238707477358,37.5,21.5,30.0000350397846
"83",781,0.0107152527587204,35,20,14.000178587546
"84",767,0.00590844477822909,17,10,70.0000984740796
"85",777,0.00236166262855792,85,50,50.0000393610438
"86",750,0.0202638873521627,55,30,56.0003377314559
"87",760,0.00233183659963394,68.5,40.5,32.0000388639433
"88",734,0.00927919698208233,37.5,21.5,42.000154653283
"89",677,0.0318946652834844,47,26,30.0005315777547
"90",681,0.0058752813054313,34.5,19.5,40.0000979213551
"91",684,0,47,27,26
"92",694,0.00767140433840775,30,17,72.000127856739
"93",665,0.0144173274314222,87,51,22.0002402887905
"94",659,0.00412907251883906,26,15,30.0000688178753
"95",714,0.0627776974329828,36.5,21.5,58.0010462949572
"96",717,0,69,40,84
"97",719,0,98.5,56.5,70
"98",721,0,83.5,48.5,44
"99",705,0.00976546144567147,54.5,32.5,10.0001627576908
"100",722,0.0127545976306575,12,7,20.0002125766272
"101",727,0.000310469462690264,20,10,52.000005174491
"102",723,0.000310469462690264,58.5,32.5,42.000005174491
"103",711,0.00482501285053287,45,24,78.0000804168808
"104",716,0.000926264937171806,92,53,30.000015437749
"105",715,0,36,21,64
"106",718,0.000206221254100868,78.5,46.5,28.0000034370209
"107",720,0.000935681488702388,28,14,20.0000155946915
"108",712,0.00190517598435989,23.5,13.5,58.0000317529331
"109",732,0.00443468973581302,72,43,56.0000739114956
"110",709,0.0110711717061084,69.5,41.5,78.0001845195284
"111",704,0.00789751006598294,90,51,18.0001316251678
"112",706,0.00502015176753818,21.5,12.5,22.0000836691961
"113",683,0.018823575552872,23,12,58.0003137262592
"114",682,0,70.5,41.5,30
"115",707,0.018823575552872,32.5,17.5,62.0003137262592
"116",702,0.00731240026470867,72.5,41.5,34.0001218733377
"117",690,0.0231193940301942,35.5,18.5,26.0003853232338
"118",751,0.0264202758474817,26,13,10.0004403379308
"119",579,0.0790614041966122,10,5,76.00131769007
"120",577,0.012356205777774,88,50,40.000205936763
"121",590,0.0249566670352344,49.5,29.5,34.0004159444506
"122",578,0.0340729488962533,35.5,18.5,58.0005678824816
"123",570,0.00155323762931896,72.5,43.5,36.0000258872938
"124",559,0.0068986339677612,41,23,20.0001149772328
"125",595,0.0185414769895196,22,12,58.0003090246165
"126",605,0.000729381026262804,68.5,39.5,20.0000121563504
"127",583,0.00356386846966253,25,15,72.0000593978078
"128",580,0.00894368737883514,84.5,48.5,14.0001490614563
"129",560,0.00962745825511728,17.5,10.5,74.0001604576376
"130",568,0.0026692387242869,86.5,49.5,56.0000444873121
"131",575,0.000675106206104031,64,36,46.0000112517701
"132",588,0.00268747195189485,57,34,54.0000447911992
"133",587,0,62.5,35.5,70
"134",586,0,83,48,38
"135",585,0.00211349651191227,40.5,21.5,70.0000352249419
"136",576,0.00268747195189485,80,45,26.0000447911992
"137",637,0.0154177680303149,26.5,13.5,52.0002569628005
"138",641,0.00329884592291531,63.5,37.5,24.0000549807654
"139",625,0.031208679462856,26.5,14.5,76.0005201446577
"140",604,0.00347991270758808,87.5,49.5,44.0000579985451
"141",611,0.000723581194403942,52,30,34.0000120596866
"142",613,0,41.5,24.5,36
"143",617,0,42.5,24.5,44
"144",610,0.000646398788838025,50,28,16.0000107733131
"145",609,0,17.5,9.5,62
"146",618,0.000646398788838025,73.5,42.5,44.0000107733132
"147",606,0.00602936396124302,51,29,40.0001004893994
"148",602,0.000420192049992176,47.5,27.5,54.0000070032008
"149",608,0.00197696268119556,67.5,40.5,46.000032949378
"150",616,0.00107967894175037,52,29,62.000017994649
"151",615,0,70,39,56
"152",614,0,68.5,40.5,62
"153",593,0.00202344170945863,73,42,60.0000337240285
"154",592,0,70,40,34
"155",596,0.00203142112367721,36.5,19.5,22.0000338570187
"156",599,0,22.5,11.5,10
"157",601,0,10,5,38
"158",607,0.000420192049992176,47.5,28.5,56.0000070032008
"159",603,0.00197696268119556,68.5,40.5,26.000032949378
"160",612,0.00340740642182165,28,15,40.000056790107
"161",626,0.00381105121100045,47.5,27.5,44.0000635175202
"162",635,0.0183237748620542,50.5,28.5,40.0003053962477
"163",631,0.00452563091689147,49.5,29.5,46.0000754271819
"164",633,0,53,30,12
"165",632,0.0050308295563497,12.5,6.5,60.0000838471593
"166",634,0.0050308295563497,69,39,60.0000838471593
"167",627,0.0183237748620542,68,38,64.0003053962477
"168",574,0.00750771987777536,76,44,38.0001251286646
"169",569,0.000675106206104031,41.5,22.5,34.0000112517701
"170",467,0.0558847987019059,38,21,22.0009314133117
"171",768,0.0859443191478429,22,11,48.0014324053191
"172",793,0.0181511683415459,58.5,34.5,30.0003025194724
"173",769,0.0411002094172332,37,22,48.0006850034903
"174",776,0.0014085417122213,55.5,31.5,28.0000234756952
"175",780,0.0107503806387902,28,14,64.0001791730107
"176",799,0.0107152527587204,76.5,44.5,48.000178587546
"177",794,0.0169907097703224,59,35,36.0002831784962
"178",888,0.164566535330711,43.5,25.5,66.0027427755888
"179",892,0.000365405837216493,76,43,28.0000060900973
"180",883,0.0106942362953524,33.5,19.5,66.0001782372716
"181",885,0.000501627354828816,79.5,46.5,16.0000083604559
"182",880,0.011358574611028,16,8,18.0001893095769
"183",882,0,19,10,58
"184",909,0.00838398206965081,66.5,37.5,44.0001397330345
"185",879,0.013756236761208,51,29,62.0002292706127
"186",886,0.011358574611028,74,43,54.0001893095769
"187",896,0.024804990130216,63,36,60.0004134165022
"188",891,0.0033527587047607,68.5,38.5,28.0000558793117
"189",890,0,29.5,15.5,30
"190",889,0.000365405837216493,33.5,18.5,56.0000060900973
"191",895,0.00223872433901646,68,40,76.0000373120723
"192",887,0.024804990130216,90.5,52.5,22.0004134165022
"193",868,0.0378583799928745,24,13,76.0006309729999
"194",866,0.00787931958675721,87.5,49.5,70.0001313219931
"195",872,0.00643511233984217,85,50,44.0001072518723
"196",869,0.00929651929117278,51,29,22.0001549419882
"197",867,0.00712359217182037,23,12,70.0001187265362
"198",873,0.00650122745641339,84,49,22.0001083537909
"199",871,0.0040053771637444,27,16,70.0000667562861
"200",870,0.00103076721097054,84,49,70.0000171794535
"201",874,0.0040053771637444,84.5,49.5,72.0000667562861
"202",795,0.190157931249069,85,49,80.0031692988541
"203",802,0.00599652033476065,95,55,24.0000999420056
"204",735,0.0977038500287743,25.5,13.5,68.0016283975005
"205",726,0.00661964617804744,78,44,56.0001103274363
"206",746,0.00999269083655165,67,39,32.0001665448473
"207",739,0.00720158744128904,38.5,22.5,14.0001200264574
"208",741,0,17,10,46
"209",743,0.000780520596556095,57.5,34.5,22.0000130086766
"210",745,0,26.5,15.5,68
"211",744,0,81,47,48
"212",764,0.0055463930860553,52.5,28.5,2.00009243988477
"213",766,0,2,1,24
"214",782,0.00590844477822909,28,16,10.0000984740796
"215",785,0,11,6,62
"216",787,0,70,39,52
"217",789,0,61.5,35.5,84
"218",796,0.0126403915399617,98,56,34.0002106731923
"219",801,0.00462489242594829,37,20,72.0000770815404
"220",790,0.0143301714751965,87,51,54.0002388361913
"221",786,0.00926703473907701,64,37,44.000154450579
"222",788,0.00412884101036783,55,33,66.0000688140168
"223",784,0.0024859409508987,80.5,47.5,26.0000414323492
"224",783,0,28.5,15.5,48
"225",765,0.00690155845820743,53.5,29.5,50.0001150259743
"226",791,0.0181284841551959,59.5,34.5,34.0003021414026
"227",468,0.095271737376752,38,21,16.0015878622896
"228",482,0.00379972204120274,19,11,58.0000633287007
"229",524,0.00829507146724303,71.5,42.5,52.0001382511911
"230",522,0.00167694033049067,62.5,36.5,56.0000279490055
"231",528,0.000564330506943487,67.5,39.5,44.0000094055085
"232",540,0.000444779708336895,52,30,26.0000074129951
"233",543,0.00112542879123018,29.5,16.5,60.0000187571465
"234",550,0.000115777573037819,68.5,38.5,2.00000192962622
"235",463,0.0165922236736008,2,1,62.0002765370612
"236",469,0.00551586565431851,75,44,50.0000919310942
"237",511,0.0135615014998463,59,34,48.000226025025
"238",500,0.00303590018020508,59,35,76.0000505983363
"239",502,0.000364691000761676,87.5,49.5,60.0000060781833
"240",498,0.00128639647225807,70.5,40.5,66.0000214399412
"241",495,0.00125470532755486,81,48,16.0000209117555
"242",488,0.00184891085060113,17,9,46.0000308151808
"243",494,0.000990351091967402,52.5,29.5,60.0000165058515
"244",499,0.00125470532755486,68.5,38.5,64.0000209117555
"245",496,0.00286535047196485,74.5,42.5,80.0000477558412
"246",517,0.00424870903089108,93.5,53.5,64.0000708118172
"247",521,0.00367673095866568,78.5,46.5,44.0000612788493
"248",509,0.0016246621153282,48.5,26.5,22.0000270777019
"249",507,0.000812144100146004,22.5,11.5,44.000013535735
"250",506,0.00121821565827444,50.5,28.5,54.0000203035943
"251",510,0.000812144100146004,65.5,38.5,50.000013535735
"252",470,0.0135615014998463,58,33,72.000226025025
"253",473,0.00139452718757762,82.5,46.5,46.0000232421198
"254",481,0.00256273259518549,52,29,16.0000427122099
"255",487,0.00583940978963454,18.5,10.5,58.0000973234965
"256",490,0.00368583372233516,72.5,43.5,28.000061430562
"257",501,0.00213089114565181,32,18,54.0000355148524
"258",491,0.00245405887906548,62.5,35.5,88.0000409009813
"259",519,0.00546977396509729,102.5,58.5,64.0000911628994
"260",554,0.00184881190569746,72.5,40.5,62.0000308135318
"261",582,0.0122468273063726,73.5,42.5,48.0002041137884
"262",619,0.00450403134365327,57,33,42.0000750671891
"263",628,0.00309154490790254,51.5,30.5,60.0000515257485
"264",662,0.0216665078441204,74,44,26.0003611084641
"265",556,0.02901558301961,30.5,17.5,52.0004835930503
"266",458,0.0243008820228706,57.5,31.5,38.0004050147004
"267",804,0.114769550584419,44.5,25.5,36.0019128258431
"268",808,0.00944538625123368,45,27,48.0001574231042
"269",773,0.0720108548118385,52.5,28.5,18.0012001809135
"270",748,0.00730700256915646,21,12,66.0001217833762
"271",742,0.00258213784881516,79,46,68.0000430356308
"272",740,0.00279494596127678,80.5,46.5,8.00004658243269
"273",749,0.00567152811680731,8.5,4.5,78.0000945254686
"274",778,0.0202638873521627,90.5,51.5,66.0003377314559
"275",775,0.00250527832354393,75,42,60.0000417546387
"276",770,0.0014085417122213,69.5,39.5,66.0000234756952
"277",759,0.020195678743137,75.5,42.5,26.0003365946457
"278",758,0.0222408745094973,32,19,32.0003706812418
"279",691,0.0275134986416385,37,21,42.0004585583107
"280",654,0.0209828122490201,50,29,22.0003497135375
"281",656,0.000602236989079167,23.5,12.5,16.0000100372832
"282",649,0.0075725702896219,19,11,34.0001262095048
"283",652,0.000250776455999809,40.5,23.5,50.0000041796076
"284",650,0.000250776455999809,61,36,72.0000041796076
"285",432,0.105449172627199,84,48,64.0017574862105
"286",439,0.00261870006153389,77,45,62.000043645001
"287",409,0.0192286738432361,74.5,43.5,18.0003204778974
"288",412,0.000601711916776088,21.5,12.5,44.0000100285319
"289",450,0.0336788667927043,50,28,56.0005613144465
"290",465,0.0125347582140785,63,35,54.0002089126369
"291",455,0.00711412749542555,66.5,39.5,54.0001185687916
"292",464,0.00700299065642227,62.5,35.5,56.0001167165109
"293",474,0.00546309982754726,63.5,35.5,86.0000910516638
"294",476,0.000786930127424445,100,57,72.0000131155021
"295",513,0.0119813127854585,84.5,48.5,24.0001996885464
"296",546,0.00179268300841112,28.5,16.5,28.0000298780501
"297",553,0.000727265598831304,28,14,24.0000121210933
"298",520,0.00184881190569746,28.5,16.5,68.0000308135318
"299",518,0.00367673095866568,80.5,46.5,6.00006127884931
"300",514,0.00265014388345291,7,4,50.0000441690647
"301",504,0.00436119384085777,57,32,54.000072686564
"302",480,0.00941711226533259,63.5,36.5,74.0001569518711
"303",492,0.00627352697852775,89,52,32.000104558783
"304",485,0.0054203653936684,33.5,17.5,30.0000903394232
"305",429,0.0370184099166226,37.5,22.5,78.0006169734986
"306",428,0.000462131316491476,90.5,51.5,82.0000077021886
"307",486,0.0370184099166226,96.5,55.5,64.0006169734986
"308",512,0.00753988317730288,75,43,72.0001256647196
"309",477,0.0119813127854585,85,49,42.0001996885464
"310",475,0.00148668707565345,46.5,25.5,26.0000247781179
"311",478,0.000706219686858141,26.5,13.5,50.0000117703281
"312",472,0.003355070403321,58.5,33.5,12.0000559178401
"313",471,0.00139452718757762,12,6,66.0000232421198
"314",479,0.003355070403321,75,42,16.0000559178401
"315",505,0.00941711226533259,16,8,38.0001569518711
"316",508,0.00121821565827444,40,21,36.0000203035943
"317",503,0.00164748587532518,38.5,20.5,38.0000274580979
"318",525,0.00367400943490975,47,28,12.0000612334906
"319",544,0.0151295995123604,14.5,8.5,26.0002521599919
"320",527,0.00112828372018079,32.5,19.5,32.0000188047287
"321",529,0.00020621420880362,34.5,18.5,36.0000034369035
"322",532,0,41,23,14
"323",539,0,16,9,38
"324",538,0,47,28,8
"325",537,0,8.5,4.5,44
"326",536,0,54,32,4
"327",535,0,4.5,2.5,2
"328",534,0,2.5,1.5,6
"329",533,0,6,3,70
"330",531,0.000111194924254931,83,48,72.0000018532487
"331",530,0,84,48,36
"332",549,0.000564330570363373,43,25,18.0000094055095
"333",548,0,19.5,10.5,30
"334",523,0.00178252767297783,33.5,18.5,22.0000297087945
"335",483,0.00829507146724303,22.5,11.5,46.0001382511911
"336",552,0.00866029349892235,51,28,76.000144338225
"337",547,0.000727265598831304,88,50,18.0000121210933
"338",460,0.0308700094457345,18,9,70.0005145001574
"339",446,0.018177399330455,80,45,14.0003029566555
"340",444,0.00247962162805553,16,9,58.0000413270271
"341",442,0.00229801038094456,72.5,43.5,34.000038300173
"342",445,0.00303777294974726,38,21,60.0000506295492
"343",443,0.00303777294974726,74,44,24.0000506295492
"344",441,0.00181270456978486,25,13,72.0000302117428
"345",461,0.0202495633342515,84.5,48.5,64.0003374927222
"346",457,0.00893262086536664,72.5,40.5,36.0001488770144
"347",437,0.0121117799926739,39,21,78.0002018629999
"348",449,0.0084273560065634,91,52,56.0001404559334
"349",418,0.0261392020308541,70,42,40.0004356533672
"350",414,0.0100694199408675,48,28,46.0001678236657
"351",398,0.0220142271756525,53.5,30.5,50.0003669037863
"352",332,0.0938505804808699,56,31,38.0015641763413
"353",329,0.00441924563978886,46,27,64.000073654094
"354",331,0.00111796906625636,74,42,18.0000186328178
"355",399,0.0938505804808699,21.5,12.5,46.0015641763413
"356",411,0.0930822885651537,52.5,29.5,28.0015513714761
"357",410,0.000601711916776088,34.5,20.5,24.0000100285319
"358",400,0.0930822885651537,25,13,66.0015513714761
"359",404,0.00835682196806982,79,46,62.0001392803661
"360",368,0.0434793344871824,75.5,44.5,10.0007246555748
"361",370,0,11,6,10
"362",343,0.0213269256485252,10,5,46.0003554487608
"363",325,0.021433165529399,54,31,18.0003572194255
"364",324,0.000582541009822665,22.5,13.5,14.0000097090168
"365",326,0.0016689310438581,14.5,7.5,26.0000278155174
"366",333,0.00461762104937651,27,14,64.0000769603508
"367",330,0.00751476555299464,79,47,54.0001252460926
"368",321,0.00375465595565631,61,34,64.0000625775993
"369",347,0.0208141685371284,72.5,40.5,78.000346902809
"370",354,0.00409499349720916,91.5,52.5,76.0000682498916
"371",357,0,91,53,82
"372",353,0.00121014366129245,96,55,22.000020169061
"373",361,0.00251051769674689,23,12,28.0000418419616
"374",360,0.0027308599497427,33.5,19.5,46.0000455143325
"375",364,0.00339488840334358,51,28,38.0000565814734
"376",348,0.00865257279834095,42.5,23.5,26.0001442095466
"377",341,0.00953082706229386,29,16,26.0001588471177
"378",319,0.0159524706664012,26,13,60.0002658745111
"379",323,0.0089070462731726,71.5,41.5,70.0001484507712
"380",344,0.0231327415257416,85,50,62.0003855456921
"381",339,0.0616816046334115,74,43,46.0010280267439
"382",328,0.0153634795089401,50,27,74.0002560579918
"383",327,0.000206424329826301,88,51,48.0000034404055
"384",320,0.010070816447446,59,35,36.0001678469408
"385",334,0.0102215960403497,39,21,54.000170359934
"386",253,0.0393042159996133,63.5,36.5,70.0006550702667
"387",255,0.00390730372211972,80.5,45.5,20.0000651217287
"388",247,0.007578927719097,24.5,14.5,18.000126315462
"389",244,0.0043186993708161,20.5,11.5,12.0000719783228
"390",249,0.00133689626640846,14.5,8.5,48.0000222816044
"391",251,0.000780520332962443,54,30,80.0000130086722
"392",250,0.000897083511324115,94,54,28.0000149513919
"393",246,0.00126228231518438,31,17,42.0000210380386
"394",256,0.007578927719097,46.5,25.5,22.000126315462
"395",170,0.204962360272356,26.5,15.5,68.0034160393379
"396",172,0.0297704968539587,78.5,44.5,8.00049617494757
"397",174,0.0117367616308138,9,5,42.0001956126938
"398",162,0.303455601851398,46.5,25.5,26.0050575933642
"399",167,0.0635905094966688,26,13,30.0010598418249
"400",169,0,33.5,18.5,14
"401",163,0.0751148087393234,15.5,8.5,66.001251913479
"402",177,0.0581585380069898,76,43,30.0009693089668
"403",231,0.14806235694117,33,18,44.002467705949
"404",234,0.00118928352896541,49,27,20.0000198213922
"405",236,0.00160510195643013,20,10,90.0000267516993
"406",228,0.00580689979535419,105,60,56.0000967816633
"407",227,0.00153663109252982,63.5,35.5,34.0000256105182
"408",237,0.00580689979535419,36,19,36.0000967816633
"409",239,0,44.5,26.5,32
"410",243,0.00365900675207029,35.5,19.5,12.0000609834459
"411",248,0.0043186993708161,15,9,44.0000719783229
"412",245,0.00133689626640846,54.5,32.5,68.0000222816044
"413",252,0.00184581933514248,81,47,28.0000307636556
"414",335,0.0393042159996133,29.5,15.5,46.0006550702667
"415",356,0.025520099460674,51,28,60.000425334991
"416",355,0,71,41,30
"417",336,0.025520099460674,36,21,24.000425334991
"418",426,0.131848212942516,28,16,16.0021974702157
"419",425,0.00512020224005987,16,8,26.000085336704
"420",420,0.0354961940854348,26.5,13.5,44.0005916032348
"421",424,0.00285183131786492,50.5,28.5,72.000047530522
"422",417,0.00345804839443681,86,50,28.0000576341399
"423",403,0.0192339161392589,28.5,14.5,42.000320565269
"424",401,0.00835682196806982,46.5,25.5,26.0001392803661
"425",378,0.10013769825804,27.5,14.5,24.0016689616376
"426",388,0.00264225643034874,30,18,22.0000440376072
"427",391,0.00412072877831982,25.5,14.5,36.000068678813
"428",396,0.000723536857527325,44,26,34.0000120589476
"429",186,0.196039014326299,40,23,30.0032673169054
"430",189,0,32,17,10
"431",164,0.1090835143159,10.5,5.5,24.0018180585719
"432",148,0.086610458380947,26.5,14.5,68.0014435076397
"433",147,0.00184965663782212,83,49,66.0000308276106
"434",146,0.00369456604327255,75.5,42.5,40.0000615761007
"435",149,0.00184965663782212,42.5,22.5,64.0000308276106
"436",145,0.0119951785009832,73.5,41.5,44.0001999196417
"437",165,0.0893801825011165,51.5,29.5,76.0014896697083
"438",188,0.0910719154522248,87.5,49.5,18.0015178652575
"439",187,0,21,12,32
"440",192,0.0257963025219872,39,23,40.0004299383754
"441",202,0.0832938383239795,48.5,28.5,50.0013882306387
"442",198,0.00532434388294047,61.5,36.5,48.0000887390647
"443",205,0.00569812147167186,60,36,74.0000949686912
"444",208,0.00145595781220742,86,49,60.0000242659635
"445",213,0.00217356314506083,73.5,43.5,24.0000362260524
"446",209,0.00264852241497288,28,16,62.0000441420403
"447",212,0.00180018271918173,73.5,42.5,56.0000300030453
"448",210,0.00180018271918173,63,35,40.0000300030453
"449",216,0.0104850529429067,48,28,48.0001747508824
"450",190,0.176621956331333,60,36,38.0029436992722
"451",185,0.0341953916800855,44.5,25.5,22.0005699231947
"452",156,0.125264874097333,25,14,52.0020877479016
"453",136,0.0680863314073239,60,34,14.0011347721901
"454",134,0.0349844179193512,16.5,9.5,52.000583073632
"455",140,0.0261370376664639,58.5,32.5,62.0004356172944
"456",142,0.000976010327859813,75,44,64.0000162668388
"457",151,0.0199907969427409,79,47,54.000333179949
"458",155,0.0389221036213885,65,38,78.000648701727
"459",152,0.0317244242289728,91,52,58.0005287404038
"460",139,0.0666487562884733,68,39,32.0011108126048
"461",143,0.00672806234121974,35.5,19.5,26.0001121343724
"462",141,0.0019006492558307,27,14,28.0000316774876
"463",144,0.000924832367541167,31.5,17.5,58.0000154138728
"464",138,0.0036840676936778,65,36,90.0000614011282
"465",153,0.0666487562884733,105,60,48.0011108126048
"466",159,0.0667981333620386,55.5,31.5,34.0011133022227
"467",161,0,42,25,70
"468",160,0,81.5,46.5,42
"469",168,0.146790380385044,52.5,31.5,34.0024465063398
"470",171,0.0935408235114003,40.5,23.5,32.0015590137252
"471",173,0.00522648242444891,37,21,52.0000871080404
"472",176,0.00835507558734525,64.5,38.5,68.0001392512598
"473",217,0.185424952881679,79,45,32.0030904158814
"474",219,0.00178543933080006,36.5,20.5,10.0000297573222
"475",223,0.00230492462796518,11.5,6.5,26.0000384154105
"476",225,0,29,16,82
"477",229,0.00153663115827801,95,54,52.0000256105193
"478",270,0.0339818787717693,59.5,33.5,76.0005663646462
"479",269,0.00376406163675248,89.5,51.5,34.0000627343606
"480",298,0.0092076696398354,41,24,20.0001534611607
"481",230,0.0394368020671639,23,13,38.0006572800345
"482",299,0.0394368020671639,46,27,26.0006572800345
"483",340,0.0389329885717882,32.5,19.5,30.0006488831429
"484",349,0.00953082706229386,31.5,16.5,52.0001588471177
"485",346,0.0795064817285809,59,33,66.0013251080288
"486",351,0.0020459106712504,79,46,68.0000340985112
"487",358,0.00165551520752426,83,49,74.0000275919201
"488",362,0.0027308599497427,86.5,49.5,46.0000455143325
"489",365,0.033612082254894,57,34,66.0005602013709
"490",389,0.019056810947238,75.5,42.5,62.0003176135158
"491",394,0.000729947743255936,70,39,20.0000121657957
"492",392,0.00257380459045862,20,10,68.0000428967432
"493",390,0.00247081461658159,83,49,68.0000411802436
"494",366,0.0219417337881377,77.5,43.5,16.0003656955631
"495",369,0.00767790716935229,19,11,46.0001279651195
"496",367,0.00767790716935229,52.5,29.5,62.0001279651195
"497",342,0.0315830744487901,75,44,30.0005263845741
"498",371,0.0213269256485252,37,22,58.0003554487608
"499",374,0.00591353297071704,67.5,38.5,26.0000985588828
"500",372,0.0113089830598041,26,13,22.000188483051
"501",359,0.0146574326909666,26.5,15.5,22.0002442905448
"502",373,0.0146574326909666,22.5,11.5,38.0002442905448
"503",375,0.0058387642864989,41.5,22.5,26.0000973127381
"504",377,0.00588909889106193,27.5,14.5,62.0000981516482
"505",382,0.00886608438120729,74,43,40.000147768073
"506",385,0.00416318236080439,49.5,29.5,50.0000693863727
"507",380,0.00167848677262813,56.5,31.5,78.0000279747795
"508",393,0.00405921774286466,93,54,50.000067653629
"509",383,0.00349529931460929,57.5,32.5,80.0000582549886
"510",387,0.000824756920412427,93.5,53.5,62.0000137459487
"511",395,0.00112358596280815,75.5,44.5,82.0000187264327
"512",384,0.00192290665329982,95,54,26.0000320484442
"513",386,0.00145592524677492,31.5,18.5,12.0000242654208
"514",379,0.00382686274673101,15,9,26.0000637810458
"515",376,0.0140125338804574,29,16,48.0002335422313
"516",381,0.0219685716156181,53.5,29.5,64.0003661428603
"517",402,0.107821006203669,78,46,66.0017970167701
"518",413,0.0344647065604238,79,46,40.000574411776
"519",419,0.0100694199408675,46,26,62.0001678236657
"520",268,0.111127771765276,76.5,45.5,46.0018521295294
"521",271,0.00376406163675248,55,32,50.0000627343606
"522",273,0.00402827633325008,61.5,36.5,42.0000671379389
"523",275,0.000206424677252095,46,25,54.0000034404113
"524",274,0.00025717010721816,61.5,34.5,20.0000042861685
"525",276,5.79720574087594e-05,23,13,32.000000966201
"526",297,0,32.5,16.5,10
"527",407,0.0739913112703614,10,5,38.0012331885212
"528",423,0.0683802210283426,43,24,26.0011396703505
"529",431,0.00169295289531106,27,14,72.0000282158816
"530",803,0.130640028520547,84,48,80.0021773338087
"531",459,0.114769550584419,93,53,52.0019128258431
"532",571,0.0354533327145182,59,33,62.0005908888786
"533",561,0.00308320569440073,73.5,42.5,16.0000513867616
"534",572,0.00942181706085626,17.5,9.5,44.0001570302843
"535",598,0.00415415513150252,47.5,25.5,26.0000692359189
"536",597,0,31.5,18.5,4
"537",600,0.000289437917555222,5,3,56.0000048239653
"538",558,0.00802514575343622,68,40,30.0001337524292
"539",562,0.0121996133168677,34,19,26.0002033268886
"540",648,0.0206997957768567,30,17,56.0003449965963
"541",657,0.0075725702896219,67.5,39.5,62.0001262095048
"542",692,0.0239594808951855,70,39,60.0003993246816
"543",687,0.00398221190828532,72,42,26.0000663701985
"544",668,0.0145373250611363,31,18,38.000242288751
"545",350,0.125093244625329,40,21,36.0020848874104
"546",352,0.000160561143170496,41.5,23.5,14.0000026760191
"547",322,0.0223315737197,15.5,8.5,68.0003721928953
"548",300,0.0221178189718006,78,44,14.0003686303162
"549",305,0,15,8,32
"550",314,0.0368237775104283,32.5,16.5,20.0006137296252
"551",313,0,23,13,54
"552",315,0.000111194927084224,67,40,66.0000018532488
"553",317,0.00191028614819806,78.5,45.5,8.00003183810247
"554",316,0.00423790827339382,8,4,58.0000706318046
"555",318,0.00233016191186595,72,43,44.0000388360319
"556",240,0.0374462883068247,50.5,28.5,28.0006241048051
"557",258,0.102947847557307,30,16,66.0017157974593
"558",264,0.00649184498566317,80,47,80.0001081974164
"559",267,0,94,54,64
"560",266,0,73,41,32
"561",265,0,39,23,58
"562",259,0.0135093923386819,66,37,48.000225156539
"563",261,0,60,36,4
"564",263,0,4,2,82
"565",262,0,96,55,60
"566",238,0.0257546908837342,68.5,38.5,38.0004292448481
"567",224,0.0105281636753799,40.5,21.5,46.0001754693946
"568",196,0.0983530506305891,56.5,33.5,66.0016392175105
"569",204,0.0083498758598372,76.5,43.5,60.0001391645977
"570",214,0.00251954391727949,72,42,14.0000419923986
"571",218,0.0230554990068069,14,7,56.0003842583168
"572",220,0.00693222925016019,64,36,44.0001155371542
"573",222,0.00300260590151212,53,31,38.0000500434317
"574",226,0.00165823439531576,43.5,24.5,24.0000276372399
"575",232,0.00319266757498657,29,17,70.0000532111262
"576",235,0.00204591415941712,81,46,54.0000340985693
"577",233,0.00356785163638132,67,40,82.0000594641939
"578",221,0.0064873799711621,96.5,55.5,66.0001081229995
"579",254,0.0176778300516565,78.5,45.5,78.0002946305009
"580",215,0.0481334547626773,92,53,14.000802224246
"581",211,0.0104850529429067,16,9,62.0001747508824
"582",207,0.00461469858429078,73,42,68.0000769116431
"583",206,0.00145595781220742,81.5,47.5,52.0000242659635
"584",200,0.00626748044200683,59,33,28.0001044580074
"585",199,0.00677248480394796,34.5,20.5,56.0001128747467
"586",201,0.0129455553448491,64.5,36.5,88.0002157592558
"587",197,0.00769472372247114,102.5,58.5,52.0001282453954
"588",203,0.00532434388294047,57.5,31.5,42.0000887390647
"589",306,0.0838611592513911,51.5,30.5,72.0013976859875
"590",309,0,86,50,54
"591",311,0.000626791104372328,65.5,38.5,46.0000104465184
"592",338,0.027071363315607,53.5,30.5,18.0004511893886
"593",345,0.0616816046334115,19,10,86.0010280267439
"594",415,0.0499674075176721,101,58,34.0008327901253
"595",337,0.199727816055229,41,24,74.0033287969343
"596",312,0.027071363315607,86,49,30.0004511893886
"597",195,0.0976082971239768,36,21,66.0016268049521
"598",242,0.11654984578958,79.5,46.5,44.0019424974298
"599",194,0.0869303025536369,50.5,28.5,46.0014488383759
"600",184,0.0717359577444006,51,28,14.0011955992957
"601",191,0.0341953916800855,14.5,7.5,56.0005699231947
"602",166,0.114984705305112,65,37,68.0019164117551
"603",150,0.101506252775051,77.5,43.5,64.0016917708796
"604",135,0.0502347318971187,73,41,54.0008372455316
"605",157,0.0680863314073239,64.5,37.5,8.00113477219012
"606",133,0.264516279785309,9.5,5.5,66.0044086046631
"607",137,0.0349844179193512,77,44,28.000583073632
"608",114,0.105204374112409,34,20,40.0017534062352
"609",113,0.00223057289734611,46.5,26.5,20.000037176215
"610",112,0.0226829708443854,21.5,11.5,20.0003780495141
"611",115,0.00223057289734611,23,13,68.000037176215
"612",117,0.0135899894700318,79.5,45.5,14.0002264998245
"613",85,0.0633597870622347,14,7,76.001055996451
"614",105,0.021201059747545,88.5,50.5,32.0003533509958
"615",107,0.0011636126936843,38.5,22.5,40.0000193935449
"616",93,0.021294146549911,42.5,22.5,20.0003549024425
"617",104,0,24.5,14.5,60
"618",86,0.021201059747545,70.5,40.5,44.0003533509958
"619",83,0.0251472183988421,49.5,27.5,12.0004191203066
"620",80,0.00475033887516474,13,7,28.0000791723146
"621",82,0,32,18,62
"622",81,0,73,42,52
"623",59,0.0224880850172158,62,36,56.000374801417
"624",62,0,62.5,34.5,78
"625",68,0.0092511158488845,93,54,40.0001541852642
"626",75,0.000566726725561849,48.5,28.5,30.0000094454454
"627",61,0.00505801617645114,31.5,16.5,80.0000843002696
"628",60,0,94.5,54.5,64
"629",76,0.00505801617645114,79,47,28.0000843002696
"630",57,0.0353718634180758,31,17,42.000589531057
"631",71,0.00342874785089143,48.5,27.5,70.0000571457975
"632",64,0.00156380978481901,80,45,48.0000260634964
"633",66,0.00107976111030964,57,33,66.0000179960185
"634",52,0.00442096122723163,76,43,82.0000736826871
"635",55,0,95.5,54.5,72
"636",39,0.0275831752812719,83.5,47.5,64.000459719588
"637",50,0.0155896479092624,76.5,44.5,28.0002598274652
"638",67,0.00442096122723163,34.5,20.5,20.0000736826871
"639",72,0.00458247776224448,20.5,10.5,14.0000763746294
"640",70,0.000786937136167066,16.5,9.5,64.0000131156189
"641",58,0.00342874785089143,75.5,43.5,24.0000571457975
"642",79,0.013490548658661,26.5,14.5,40.0002248424776
"643",84,0.00475033887516474,49.5,29.5,46.0000791723146
"644",48,0.036979646955849,51.5,28.5,38.0006163274493
"645",69,0.00850240824398987,42,23,36.0001417068041
"646",73,0.000786937136167066,42.5,24.5,72.0000131156189
"647",45,0.0144432494400597,83,47,62.000240720824
"648",47,0.00377127517675579,70.5,39.5,34.0000628545863
"649",118,0.100229074625811,40.5,23.5,40.0016704845771
"650",123,0,45.5,25.5,32
"651",14,0.223396773009069,33.5,17.5,70.0037232795501
"652",12,0.0533272605331278,83,48,28.0008887876756
"653",16,0.21443225900579,32.5,18.5,26.0035738709834
"654",11,0.0241959885459719,29,16,48.0004032664758
"655",15,0.0533272605331278,53.5,29.5,30.0008887876756
"656",17,0.00534077894868394,31.5,16.5,30.0000890129825
"657",19,0.00272747547385671,32.5,17.5,28.0000454579246
"658",28,0.00638264096071089,31,17,58.0001063773493
"659",31,0.00256337907941831,70,41,60.0000427229847
"660",36,0.0248613849761635,71,41,62.0004143564163
"661",44,0.0269900806476955,75.5,44.5,52.0004498346775
"662",43,0.00419536928250441,58,32,76.0000699228214
"663",37,0.0269900806476955,89,51,20.0004498346775
"664",182,0.370114617916126,25,15,28.0061685769653
"665",180,0.00844668063857054,28,14,36.0001407780106
"666",179,0.112658697225864,44,26,78.0018776449538
"667",183,0.00844668063857054,92,53,30.0001407780106
"668",193,0.223599425816267,37,22,66.0037266570969
"669",405,0.20024720405475,79.5,46.5,10.0033374534009
"670",516,0.10315535333838,12,7,4.00171925588897
"671",497,0.00424870903089108,4.5,2.5,50.0000708118172
"672",456,0.0174668372292969,55,30,28.0002911139538
"673",453,0.00461339960404221,29,15,34.0000768899934
"674",551,0.0663526491161835,40.5,23.5,74.0011058774853
"675",466,0.0208272359987945,87.5,50.5,56.0003471206
"676",427,0.200841772158934,68.5,40.5,44.0033473628693
"677",430,0.000462131316491476,51.5,29.5,36.0000077021886
"678",421,0.00379107129680543,40,22,22.0000631845216
"679",408,0.0683802210283426,26,15,30.0011396703505
"680",440,0.0192286738432361,34.5,19.5,60.0003204778974
"681",433,0.00325076871579817,74,44,12.0000541794786
"682",435,0.00434624514084065,13,7,28.000072437419
"683",448,0.00231127897991745,28.5,14.5,64.0000385213163
"684",434,0.00715602806781061,77.5,45.5,38.0001192671345
"685",436,0.000626766788527071,47,28,68.0000104461132
"686",557,0.0353563452290626,82,48,28.0005892724205
"687",451,0.0320696791046719,34,20,24.0005344946517
"688",688,0.16124779381744,28,16,60.0026874632303
"689",685,0.00192328957271218,74,44,70.0000320548262
"690",678,0.00746896243702037,81,46,30.0001244827073
"691",772,0.0671245551757544,37,22,44.0011187425863
"692",696,0.0300214279876074,49,27,54.0005003571331
"693",672,0.0149650184023107,63.5,36.5,54.0002494169734
"694",629,0.0232429156748361,61,34,24.0003873819279
"695",640,0.015126967385128,26.5,14.5,44.0002521161231
"696",658,0.0204851489698485,47.5,25.5,62.0003414191495
"697",670,0.0155116731253452,74,43,22.0002585278854
"698",667,0.0870046537124064,26,15,56.0014500775619
"699",452,0.14715237960913,66,38,36.0024525396602
"700",462,0.0135226464416241,44.5,26.5,76.0002253774407
"701",454,0.0653205568144438,89,51,58.0010886759469
"702",447,0.00885747126311588,69.5,40.5,16.0001476245211
"703",438,0.0158979086172387,18.5,10.5,18.0002649651436
"704",674,0.0723521188382615,20,11,30.0012058686473
"705",755,0.0314610409569107,33,18,72.0005243506826
"706",761,0.0325917173585634,85,49,66.0005431952893
"707",763,0.00133559598257776,76.5,43.5,38.000022259933
"708",703,0.0571659010099577,44.5,25.5,38.0009527650168
"709",699,0.00179804922712199,41.5,22.5,68.0000299674871
"710",698,0.00658501278237064,82,48,40.000109750213
"711",729,0.0278857359746931,45,25,26.0004647622662
"712",807,0.0495194590387412,32.5,19.5,50.0008253243173
"713",805,0.00944538625123368,60,35,36.0001574231042
"714",814,0.04215326658533,44,26,52.0007025544431
"715",816,0.00324672682344927,58.5,32.5,74.0000541121137
"716",819,0.00278734694326855,86.5,49.5,60.0000464557824
"717",818,0.0064521980527596,74.5,44.5,60.0001075366342
"718",817,0.00278734694326855,69.5,39.5,40.0000464557824
"719",820,0.0064521980527596,45.5,25.5,42.0001075366342
"720",840,0.0284865743732261,50.5,29.5,34.0004747762396
"721",839,0.00308315431585098,41.5,24.5,44.0000513859053
"722",841,0.0233630951505343,55,33,46.0003893849192
"723",853,0.00409906158448373,57.5,34.5,32.0000683176931
"724",930,0.0626734715292559,37,21,34.0010445578588
"725",1005,0.0382172833007342,41,24,22.0006369547217
"726",996,0.0173739269219337,22.5,11.5,70.0002895654487
"727",1024,0.00836478345216516,84.5,49.5,56.0001394130575
"728",1026,0,62.5,34.5,16
"729",1028,0.000778364486760275,19,11,74.0000129727414
"730",1030,0.000338567342419482,87,50,34.000005642789
"731",1032,0.000257201656887854,38.5,21.5,8.00000428669428
"732",1041,0.00942706751735094,8.5,4.5,54.000157117792
"733",1043,0,62.5,35.5,58
"734",1036,0.00360881347787947,67.5,38.5,12.0000601468913
"735",1107,0.0410516607414182,15,9,36.0006841943457
"736",1100,0.00222857877228624,43.5,25.5,32.0000371429795
"737",1102,0.000282303783440663,34.5,18.5,42.0000047050631
"738",1093,0.00462835953493422,51.5,30.5,42.0000771393256
"739",1103,0.00862309268538511,50.5,29.5,46.0001437182114
"740",1112,0.0057214447220226,54.5,31.5,66.000095357412
"741",1101,0.00524368948541627,75,42,66.0000873948248
"742",1113,0.00519439289942372,76,43,66.000086573215
"743",1176,0.0426470889767605,75,42,34.0007107848163
"744",1244,0.214185518396576,42,25,68.0035697586399
"745",1267,0.00601289660412448,78,44,24.0001002149434
"746",1269,0.000250763536002787,27,15,44.0000041793923
"747",1262,0.00108064522271216,54.5,32.5,68.0000180107537
"748",1258,0.00429200244658453,81.5,47.5,78.0000715333741
"749",1254,0.0010061446590436,93,54,64.0000167690777
"750",1261,0.00112413679951217,79,47,28.0000187356133
"751",1257,0.000704037417956351,29.5,15.5,84.000011733957
"752",1263,0.00429200244658453,98,56,72.0000715333741
"753",1256,0.00120573139198387,84.5,48.5,28.0000200955232
"754",1260,0.0012715768847855,34.5,20.5,84.0000211929481
"755",1255,0.00112413679951217,97.5,55.5,74.0000187356133
"756",1264,0.00120573139198387,88,51,38.0000200955232
"757",1268,0.000582506896388284,41.5,22.5,38.0000097084483
"758",1265,0.000830516819845667,43,24,62.000013841947
"759",1273,0.00153101726840527,70.5,39.5,46.0000255169545
"760",1277,0.00135340621759671,55,32,56.0000225567703
"761",1271,0.00611261988729177,70,42,34.0001018769981
"762",1306,0.0302192292088666,37.5,20.5,32.0005036538201
"763",1305,0.00182849269199684,38.5,22.5,32.0000304748782
"764",1299,0.0104748412562308,38,22,32.0001745806876
"765",1292,0.00802168023945682,36,20,48.0001336946707
"766",1289,0.00138752203106233,56.5,32.5,38.0000231253672
"767",1293,0.00416733039871165,41,22,30.0000694555066
"768",1295,0.00189031375194393,37,22,38.0000315052292
"769",1297,0.000558984830540425,47.5,28.5,26.0000093164138
"770",1290,0.00445220453832295,30.5,17.5,54.000074203409
"771",1286,0.00240760724435838,66,39,10.0000401267874
"772",1283,0.00196707914641226,11.5,6.5,28.0000327846524
"773",1281,0.000936117511830556,33,19,68.0000156019585
"774",1279,0.00118643007358335,82,48,70.0000197738346
"775",1300,0.0121117075372536,80,45,44.0002018617923
"776",1302,0,54.5,32.5,14
"777",1304,0,15.5,8.5,22
"778",1303,0,25.5,14.5,82
"779",1307,0.00182849269199684,96.5,55.5,36.0000304748782
"780",1312,0.0285749205036489,37.5,19.5,58.0004762486751
"781",1333,0.0442371572402954,65,36,42.000737285954
"782",1355,0.039033364757281,47.5,26.5,24.0006505560793
"783",1432,0.0580485415472214,27.5,15.5,86.0009674756924
"784",1442,0.0197019249634478,100.5,57.5,72.0003283654161
"785",1441,0.0127980415164998,83,47,70.0002133006919
"786",1433,0.0197019249634478,80.5,45.5,24.0003283654161
"787",1430,0.00325064029182105,26.5,14.5,20.0000541773382
"788",1414,0.00369347976149655,24,14,46.000061557996
"789",1428,0.00416098918162666,57.5,34.5,76.0000693498197
"790",1419,0.00271994641711112,89.5,51.5,38.0000453324403
"791",1423,0.00635107129076469,45.5,26.5,64.0001058511882
"792",1425,0,78.5,46.5,64
"793",1435,0.00536842499755147,77,45,56.00008947375
"794",1456,0.0254410104583124,62.5,34.5,60.000424016841
"795",1461,0.00144669677100265,71.5,41.5,56.0000241116128
"796",1487,0.0126090839234076,63.5,35.5,60.0002101513987
"797",1489,0,74,44,76
"798",1491,0,88.5,50.5,2
"799",1493,0,2,1,64
"800",1514,0.0122900374793612,73,41,48.000204833958
"801",1518,0.00145596740850742,55,31,80.0000242661235
"802",1522,0.000724139512259286,93.5,53.5,48.0000120689919
"803",1574,0.137380452575407,54.5,30.5,40.0022896742096
"804",1586,0.00472894930512649,45.5,25.5,34.0000788158218
"805",1590,0.00188046987039082,42,25,48.0000313411645
"806",1585,0.00508909232649368,56.5,32.5,34.0000848182054
"807",1575,0.00472894930512649,37.5,20.5,2.00007881582175
"808",1557,0.0235904539172067,2.5,1.5,76.000393174232
"809",1555,0.010407150173848,90.5,52.5,26.0001734525029
"810",1510,0.155997833462925,29,16,68.002599963891
"811",1396,0.0408656367215135,77.5,43.5,64.0006810939454
"812",1391,0.00317877823602153,79,47,34.0000529796373
"813",1388,0.00727458850267952,37.5,20.5,52.0001212431417
"814",1353,0.0240687055159492,63,37,56.0004011450919
"815",1349,0.0129678443046825,63.5,35.5,12.0002161307384
"816",1380,0.0232470192727257,12,6,36.0003874503212
"817",1363,0.00388847215889313,42.5,24.5,22.0000648078693
"818",1365,0.000250820854773472,26.5,15.5,14.0000041803476
"819",1369,5.79953763684686e-05,16,9,38.0000009665896
"820",1371,0.000229827569974289,41,22,22.0000038304595
"821",1373,0,23,12,36
"822",1465,0.0511289028557612,42.5,24.5,60.0008521483809
"823",1481,0.00920523189170059,69.5,39.5,86.0001534205315
"824",1483,0,100,57,16
"825",1482,0.00035317169937156,19,11,22.000005886195
"826",1484,0.00035317169937156,26.5,15.5,36.000005886195
"827",1486,0,44,26,14
"828",1462,0.0126090839234076,15.5,8.5,54.0002101513987
"829",1464,0,65,38,72
"830",1374,0.0511289028557612,86,50,34.0008521483809
"831",1376,0,38.5,21.5,24
"832",1390,0.0107852323204075,27,15,44.000179753872
"833",1397,0.00317877823602153,53,31,22.0000529796373
"834",1402,0.00733037405125582,27,16,32.0001221729009
"835",1405,0.00794906819232672,35.5,19.5,50.0001324844699
"836",1389,0.0344117124602696,55,30,62.000573528541
"837",1377,0.0107852323204075,74,43,48.000179753872
"838",1394,0.0124856890864908,57.5,33.5,54.0002080948181
"839",1392,0.00793647838151346,67,40,36.0001322746397
"840",1509,0.0366357031763097,38,20,44.0006105950529
"841",1556,0.155997833462925,48.5,26.5,36.002599963891
"842",1576,0.0235904539172067,43.5,25.5,44.000393174232
"843",1582,0,48,26,62
"844",1628,0.0241973992352915,74,43,38.0004032899873
"845",1637,0.0375092844609005,42,23,50.000625154741
"846",1598,0.0279641570582065,55.5,30.5,64.0004660692843
"847",1591,0.00616211557818023,75.5,43.5,70.0001027019263
"848",1613,0.0219887300448149,82.5,47.5,54.0003664788341
"849",1621,0.00393735499095587,64.5,37.5,36.0000656225832
"850",1620,0.000406219561472332,41.5,23.5,48.000006770326
"851",1614,0.00393735499095587,53.5,29.5,80.0000656225832
"852",1619,0.00185607703672667,95,55,54.0000309346173
"853",1622,0.000406219561472332,61.5,34.5,34.000006770326
"854",1615,0.00248078757302283,37,20,32.0000413464596
"855",1612,0.0317839993799525,34,18,62.000529733323
"856",1609,0.00426301683030607,72.5,41.5,42.0000710502805
"857",1608,0.000906356297263527,48.5,27.5,42.0000151059383
"858",1592,0.0246317228838356,46.5,25.5,46.0004105287147
"859",1605,0.0121546585518822,53,30,50.0002025776425
"860",1595,0.00940551205574694,59,34,62.0001567585343
"861",1597,0.0150131049422297,71,40,42.0002502184157
"862",1606,0.0246671964234429,50.5,29.5,30.0004111199404
"863",1611,0.00896356146298908,31,16,28.000149392691
"864",1607,0.00925880246896503,29.5,15.5,72.0001543133745
"865",1610,0.000906356297263527,85,49,46.0000151059383
"866",1616,0.0319915009662946,54.5,31.5,20.0005331916828
"867",1618,0.000797507462790185,22,12,80.000013291791
"868",1623,0.000760808842107345,95,55,82.0000126801474
"869",1617,0.00849571177944452,95,54,52.0001415951963
"870",1624,0.00769853849974492,59.5,33.5,60.000128308975
"871",1651,0.0223891965065605,69.5,39.5,26.0003731532751
"872",1650,0.00703298439710837,26.5,13.5,86.0001172164066
"873",1625,0.0223891965065605,100,57,76.0003731532751
"874",1601,0.0181032258905405,88.5,50.5,24.0003017204315
"875",1600,0.0189073097802975,26.5,14.5,66.0003151218297
"876",1626,0.0181032258905405,77,44,52.0003017204315
"877",1639,0.0171705930076491,58.5,32.5,70.0002861765501
"878",1728,0.206218971393314,82,47,80.0034369828566
"879",1763,0.0233559424611679,93.5,53.5,76.0003892657077
"880",1749,0.00936190294187213,88.5,50.5,52.0001560317157
"881",1716,0.086498508442025,62.5,36.5,50.0014416418074
"882",1714,0.00141251574126676,60,35,70.000023541929
"883",1643,0.122840273075178,81.5,46.5,46.0020473378846
"884",1638,0.0393383477589241,55.5,32.5,40.0006556391293
"885",1666,0.0170827857910505,45.5,25.5,56.0002847130965
"886",1668,0.00189495696378282,69.5,41.5,58.0000315826161
"887",1667,0.00431877741332498,65,36,84.0000719796236
"888",1669,0.00278529345336636,99,57,72.0000464215576
"889",1665,0.00287867730665022,86,50,52.0000479779551
"890",1653,0.0122847983181388,60.5,34.5,58.0002047466386
"891",1661,0.00317208165886052,67.5,38.5,28.0000528680276
"892",1654,0.00317208265582272,28,14,82.0000528680443
"893",1659,0.00465025364942015,96.5,55.5,54.0000775042275
"894",1664,0.0023608826209361,61.5,34.5,54.0000393480437
"895",1670,0.00287867730665022,63,36,54.0000479779551
"896",1675,0.01769268660369,66.5,39.5,64.0002948781101
"897",1678,0.00175510085737612,78.5,46.5,70.000029251681
"898",1686,0.0317233035237497,81.5,46.5,62.0005287217254
"899",1685,0.000802703545278334,71,40,72.0000133783924
"900",1679,0.0317233035237497,87,51,76.0005287217254
"901",1694,0.00899861709372393,87.5,49.5,30.0001499769516
"902",1692,0.0109856311236286,33.5,18.5,70.0001830938521
"903",1680,0.00899861709372393,81.5,46.5,44.0001499769516
"904",1727,0.0584880410111175,53.5,31.5,30.0009748006835
"905",1691,0.0564208413972947,35.5,20.5,46.0009403473566
"906",1690,0.00934917038770775,52.5,29.5,70.0001558195065
"907",1647,0.116437929055094,83.5,48.5,72.0019406321509
"908",1649,0,83,47,8
"909",1652,0.00703298439710837,10,6,46.0001172164066
"910",1655,0.00181645642038979,53,30,20.0000302742737
"911",1631,0.0155721647966797,23,13,56.0002595360799
"912",1633,0,65.5,37.5,36
"913",1635,0.0144627704015606,40,22,6.00024104617336
"914",1629,0.0375092844609005,6.5,3.5,22.000625154741
"915",1688,0.0450578846297669,26.5,15.5,54.0007509647438
"916",1696,0.00693950887036024,63,36,14.0001156584812
"917",1699,0.00325950437499295,16,9,38.0000543250729
"918",1583,0.10074851326713,40,21,14.0016791418878
"919",1589,0.00752219385766061,15,8,56.0001253698976
"920",1588,0,64,36,34
"921",1587,0.00188046987039082,39,22,60.0000313411645
"922",1584,0.00752219385766061,71,41,30.0001253698976
"923",1594,0.0048333121326095,34,19,60.0000805552022
"924",1596,0.0236109794984406,74,44,36.000393516325
"925",1569,0.0330070110532669,43.5,25.5,42.0005501168509
"926",1572,0.00776851048023838,45.5,24.5,32.0001294751747
"927",1561,0.0699555081583687,36,20,42.001165925136
"928",1545,0.026292409576146,48,27,78.0004382068263
"929",1539,0.00792816189131433,91.5,52.5,64.0001321360315
"930",1541,0.00246335808186685,73,41,42.000041055968
"931",1543,0.00100292537861753,50.5,29.5,72.000016715423
"932",1530,0.0196575418288817,86,50,44.0003276256971
"933",1534,0.0142353614720641,54,32,18.0002372560245
"934",1526,0.0181147451820074,20,11,34.0003019124197
"935",1533,0.0073997380087386,37,20,10.0001233289668
"936",1540,0.0132099350427638,10,5,48.000220165584
"937",1547,0.00397980211065125,55,31,50.0000663300352
"938",1528,0.0268099275354109,56,31,6.00044683212559
"939",1532,0.00105944165334607,6,3,44.0000176573609
"940",1527,0.0073997380087386,52.5,30.5,50.0001233289668
"941",1548,0.0268099275354109,59.5,34.5,58.0004468321256
"942",1447,0.0439417585084083,66.5,37.5,52.0007323626418
"943",1449,0,61,35,62
"944",1451,0,73.5,42.5,46
"945",1453,0,55.5,32.5,74
"946",1452,0.000222389854168448,88.5,51.5,18.0000037064976
"947",1448,0.000111194927084224,21.5,12.5,48.0000018532488
"948",1454,0.000333584781252672,54.5,30.5,20.0000055597464
"949",1476,0.00297207230462382,21,11,74.0000495345384
"950",1471,0.00120682565775324,88.5,51.5,62.000020113761
"951",1474,0.000602170747764912,71,40,14.0000100361791
"952",1463,0.00185329958430237,15.5,8.5,58.0000308883264
"953",1469,0.00105951533036022,70,41,40.0000176585888
"954",1468,0.000173970868977785,46.5,26.5,24.0000028995145
"955",1470,0.000173970868977785,24.5,12.5,38.0000028995145
"956",1467,0.000406306262375719,44.5,25.5,14.000006771771
"957",1477,0.0013748595702272,15,8,66.0000229143262
"958",1479,0,78.5,45.5,52
"959",1473,0.00116603634663317,61.5,35.5,86.0000194339391
"960",1472,0.000602170747764912,101,58,66.0000100361791
"961",1480,0.00116603634663317,80,47,56.0000194339391
"962",1495,0.0025788325706172,66.5,38.5,54.0000429805428
"963",1497,0,63.5,36.5,42
"964",1443,0.0223004617197039,48.5,27.5,18.000371674362
"965",1466,0.00932238261184897,18.5,9.5,66.0001553730435
"966",1450,0.00140598316643441,79.5,46.5,58.0000234330528
"967",1457,0.00191242198782203,65,36,48.0000318736998
"968",1503,0.0204815065561285,53,29,40.0003413584426
"969",1505,0.000406310058938893,48.5,28.5,72.0000067718343
"970",1508,0.000564730665992304,83,47,42.0000094121778
"971",1393,0.0366357031763097,52,31,62.0006105950529
"972",1378,0.0124856890864908,71.5,40.5,40.0002080948181
"973",1386,0.0100709103265051,48,28,16.0001678485054
"974",1385,0.00535332300572405,17,9,20.0000892220501
"975",1401,0.00945201538794816,25,15,74.0001575335898
"976",1398,0.00733037405125582,88.5,51.5,50.0001221729009
"977",1420,0.0193717843093366,58.5,33.5,78.0003228630718
"978",1418,0.00368589758593917,93,54,36.0000614316264
"979",1417,0,38.5,20.5,54
"980",1429,0.00271994641711112,67.5,40.5,64.0000453324403
"981",1424,0.00217248272327419,76.5,44.5,86.0000362080454
"982",1434,0.00339871477990172,101,58,62.0000566452463
"983",1426,0.00536842499755147,70,39,42.00008947375
"984",1413,0.00382024970234065,50,29,34.0000636708284
"985",1431,0.00369347976149655,41,24,20.000061557996
"986",1511,0.0541118684928551,23.5,13.5,46.0009018644749
"987",1513,0.000338587749560621,56.5,33.5,2.00000564312916
"988",1494,0.0122900374793612,2.5,1.5,16.000204833958
"989",1444,0.0190314385726596,19.5,11.5,54.0003171906429
"990",1506,0.0112437218863243,65.5,38.5,66.0001873953648
"991",1512,0.0356696424237366,76,43,58.0005944940404
"992",1492,0.00701768332748509,66,37,32.0001169613888
"993",1488,0.000365415936161937,37.5,21.5,54.0000060902656
"994",1485,0.000448544144267912,63,36,40.0000074757357
"995",1490,0.000206470535331325,43.5,23.5,58.0000034411756
"996",1478,0.00319139877805681,72.5,43.5,24.0000531899796
"997",1460,0.00303747626766068,25.5,13.5,58.0000506246045
"998",1459,0,68.5,39.5,58
"999",1475,0.00681789925594752,65,36,34.0001136316543
"1000",1455,0.00297207230462382,36,19,80.0000495345384
"1001",1436,0.0254410104583124,95,55,58.000424016841
"1002",1421,0.00646132206455605,66.5,37.5,64.0001076887011
"1003",1409,0.00149342775594087,76,44,58.0000248904626
"1004",1408,0.00184524642116215,70.5,41.5,20.000030754107
"1005",1422,0.00149342775594087,22,12,42.0000248904626
"1006",1399,0.0138937911200293,51.5,30.5,46.0002315631853
"1007",1382,0.0305576305003999,50,27,36.0005092938417
"1008",1416,0.0824777615882222,45,27,22.0013746293598
"1009",1437,0.00706697377581345,23.5,12.5,46.0001177828963
"1010",1311,0.0904083640118984,55.5,32.5,0.00150680606686497
"1011",1319,0.0221073671967101,0,0,42.0003684561199
"1012",1324,0.00515014068173385,48,27,36.000085835678
"1013",1326,0,38,20,40
"1014",1330,0.00270870075882554,50,30,42.0000451450126
"1015",1357,0.0408755020263938,52,31,60.0006812583671
"1016",1438,0.108984742734588,71,41,68.0018164123789
"1017",1715,0.171860685666495,78.5,44.5,12.0028643447611
"1018",1602,0.0763700465492225,14.5,8.5,74.0012728341092
"1019",1604,0,89,52,22
"1020",1603,0,23,12,62
"1021",1593,0.0121546585518822,70,39,40.0002025776425
"1022",1581,0.00630967529304183,42.5,22.5,32.0001051612549
"1023",1580,0,40,24,50
"1024",1579,0,61.5,36.5,60
"1025",1578,0,72,42,46
"1026",1577,0,57.5,34.5,16
"1027",1599,0.0138787957814444,17.5,9.5,66.000231313263
"1028",1558,0.0376181495137667,81,48,26.0006269691586
"1029",1498,0.0495455938740786,27.5,14.5,52.0008257598979
"1030",1400,0.0393821717071102,58,32,52.0006563695284
"1031",1412,0.0115231122116913,65,39,64.0001920518702
"1032",1410,0.00269931556686344,78.5,46.5,42.0000449885928
"1033",1407,0.00745885102856594,50,29,26.0001243141838
"1034",1427,0.00816091598966857,28,15,70.0001360152665
"1035",1415,0.00416098918162666,83,48,28.0000693498197
"1036",1383,0.0824777615882222,28.5,14.5,18.0013746293598
"1037",1347,0.0471679268422972,18.5,9.5,58.000786132114
"1038",1406,0.05345623289093,68.5,39.5,52.0008909372148
"1039",1411,0.00745885102856594,65,39,42.0001243141838
"1040",1379,0.0208598868549768,49.5,28.5,24.0003476647809
"1041",1350,0.0232470192727257,28,16,26.0003874503212
"1042",1346,0.00648416116055418,28.5,15.5,36.0001080693527
"1043",1314,0.0358406823993505,39,21,46.0005973447067
"1044",1317,0.0052957580772688,53,30,28.0000882626346
"1045",1336,0.0120362032361949,32,18,34.0002006033873
"1046",1338,0.008525567517863,39,22,44.000142092792
"1047",1337,0.00917304675970474,48,26,26.0001528841127
"1048",1339,0.00468757974054225,26,13,62.000078126329
"1049",1341,0.00528604244724711,75.5,44.5,48.0000881007075
"1050",1344,0.00865219284542467,58.5,34.5,44.0001442032141
"1051",1342,0.0101646070752403,51.5,29.5,46.0001694101179
"1052",1340,0.014121321167957,53,30,58.0002353553528
"1053",1343,0.00886064993687966,70,41,64.0001476774989
"1054",1345,0.00151816638409122,79,47,26.0000253027731
"1055",1351,0.00648416116055418,28,15,40.0001080693527
"1056",1364,0.031490838884828,49,29,48.0005248473148
"1057",1366,5.79953767373835e-05,53,29,60.0000009665896
"1058",1370,0.000353175119279558,69.5,39.5,48.000005886252
"1059",1372,0.000231981532336272,56,32,40.0000038663589
"1060",1368,0.000564724440110171,43,23,2.000009412074
"1061",1367,0.00100243339418099,2.5,1.5,6.00001670722324
"1062",1381,0.00467690096324457,6,3,54.0000779483494
"1063",1499,0.0371411563700096,67,40,56.0006190192728
"1064",1501,0,68.5,40.5,50
"1065",1504,0.00144823196025173,60,35,74.0000241371993
"1066",1502,0.00185331993671945,87,50,60.0000308886656
"1067",1500,0.0054174088188586,72,42,12.000090290147
"1068",1458,0.0251203068270247,12.5,6.5,52.0004186717805
"1069",1546,0.0364835213768067,58.5,32.5,46.0006080586896
"1070",1542,0.00513431817219144,51,28,24.0000855719695
"1071",1531,0.0288341241553899,28,16,46.0004805687359
"1072",1529,0.00105944165334607,54.5,31.5,70.0000176573609
"1073",1544,0.0196575418288817,80,45,52.0003276256971
"1074",1562,0.026292409576146,64.5,38.5,38.0004382068263
"1075",1565,0.00443476552114147,46,27,56.0000739127587
"1076",1682,0.0830276828747303,65,37,52.0013837947146
"1077",1658,0.0269158173354651,60.5,34.5,30.0004485969556
"1078",1662,0.00490113242162495,37,22,78.0000816855404
"1079",1660,0.0023608826209361,92.5,53.5,52.0000393480437
"1080",1645,0.00780779136302641,59.5,33.5,34.0001301298561
"1081",1627,0.0416818027815094,35.5,18.5,46.000694696713
"1082",1700,0.0920314792782703,56,33,68.001533857988
"1083",1636,0.0971851827005018,81,47,78.001619753045
"1084",1701,0.0971851827005018,91.5,52.5,60.001619753045
"1085",1703,0.000115772741251013,73,43,36.0000019295457
"1086",1707,0.00281005698913163,45,27,56.0000468342832
"1087",1702,0.00256875260009886,62.5,34.5,62.0000428125433
"1088",1708,0.00245400627218555,73,42,70.0000409001045
"1089",1712,0.00331621419515771,80,45,28.0000552702366
"1090",1718,0.00359622499595369,35,21,68.0000599370833
"1091",1720,0.00269930636739203,81,47,60.0000449884395
"1092",1823,0.0498922987876124,68.5,38.5,4.00083153831313
"1093",1862,0.0227384271154032,5,3,18.0003789737853
"1094",1867,0.0015926998690012,18,9,56.0000265449978
"1095",1865,0.00185606172150113,70,42,24.000030934362
"1096",1861,0.00171185275404389,25,13,28.0000285308792
"1097",1824,0.0227384271154032,31,17,48.0003789737853
"1098",1876,0.130319342903229,58,34,50.0021719890484
"1099",1879,0.00189693734912624,60.5,35.5,54.0000316156225
"1100",1869,0.0395891511624971,62.5,35.5,22.000659819186
"1101",1873,0.00289463367010329,25.5,14.5,4.0000482438945
"1102",1864,0.0112778038484963,4.5,2.5,52.0001879633975
"1103",1868,0.00185606172150113,60,34,54.000030934362
"1104",1871,0.0215299063116305,67.5,40.5,76.0003588317719
"1105",1984,0.0860582586559501,87.5,49.5,52.0014343043109
"1106",1955,0.0396682416191139,59.5,33.5,36.0006611373603
"1107",1957,0,44,26,70
"1108",1966,0.0199717852399473,81.5,46.5,28.0003328630873
"1109",1952,0.0160956939460465,34,20,36.0002682615658
"1110",1954,0,40.5,22.5,52
"1111",1949,0.00236585092555541,62,36,14.0000394308488
"1112",1953,0.00215860922534631,17.5,10.5,22.0000359768204
"1113",1950,0.00215860922534631,26.5,15.5,32.0000359768204
"1114",1960,0.00395069623550939,39.5,23.5,22.0000658449373
"1115",1965,0.00829154778796005,27.5,16.5,28.0001381924631
"1116",1958,0.0199717852399473,33.5,19.5,20.0003328630873
"1117",1956,0.0104683492576772,23.5,13.5,54.0001744724876
"1118",1963,0.0092400253438482,60.5,33.5,22.0001540004224
"1119",1916,0.0201685258233537,26.5,15.5,76.0003361420971
"1120",1915,0.00146813669479326,87.5,49.5,48.0000244689449
"1121",1911,0.00458907578722726,60,36,20.0000764845965
"1122",1909,0.0024681357599649,22,12,16.000041135596
"1123",1943,0.0106896790225282,17,9,58.000178161317
"1124",1644,0.198265554846738,68.5,39.5,84.0033044259141
"1125",1646,0.000333584778423379,98.5,56.5,88.0000055597463
"1126",1648,0.00102728149074583,102.5,58.5,40.0000171213582
"1127",1857,0.136407424118888,48,28,18.0022734570686
"1128",1859,0.00414707918765771,18.5,9.5,50.0000691179865
"1129",1820,0.0461273801044251,60,35,28.0007687896684
"1130",1826,0.0135428797213249,34.5,20.5,58.000225714662
"1131",1818,0.0114214199019973,69,40,18.0001903569984
"1132",1840,0.0162250940331808,18,9,18.0002704182339
"1133",1835,0.00686876122712867,18,9,12.0001144793538
"1134",1834,0.000125365076866647,13,7,10.0000020894179
"1135",1841,0.00686876122712867,11.5,6.5,60.0001144793538
"1136",1817,0.0161147799636291,68,38,44.0002685796661
"1137",1827,0.0114214199019973,51,29,52.0001903569984
"1138",1837,0.0105559640388913,61,35,78.000175932734
"1139",1839,0.000333584781252672,93,54,36.0000055597464
"1140",1819,0.0162250940331808,41.5,23.5,32.0002704182339
"1141",1860,0.0461273801044251,37.5,21.5,72.0007687896684
"1142",1866,0.00171185275404389,83.5,47.5,64.0000285308792
"1143",1863,0.0015926998690012,77.5,45.5,58.0000265449978
"1144",1874,0.0112778038484963,72.5,43.5,80.0001879633975
"1145",1903,0.0285027188510129,94,54,56.0004750453142
"1146",1928,0.0151501812281646,69,41,68.0002525030205
"1147",1931,0.0016088012207215,78,44,50.0000268133537
"1148",1933,0,60.5,35.5,78
"1149",1945,0.00256106392829916,93,54,62.0000426843988
"1150",1948,0,73.5,42.5,8
"1151",1947,0.000602345342057071,8.5,4.5,50.000010039089
"1152",1946,0,61.5,36.5,26
"1153",1942,0.00195259411233802,32,19,88.0000325432352
"1154",1941,0,103,59,58
"1155",1940,0,68.5,39.5,38
"1156",1939,0,41,22,34
"1157",1938,0,36,19,44
"1158",1937,0,53.5,31.5,78
"1159",1936,0,92,53,50
"1160",1935,0,58,33,66
"1161",1910,0.0106896790225282,80.5,47.5,50.000178161317
"1162",1907,0.0125188022314154,56,31,48.0002086467039
"1163",1912,0.0024681357599649,53.5,29.5,28.000041135596
"1164",1914,0.00118112488562709,28,14,40.0000196854148
"1165",1913,0.00118112488562709,45.5,25.5,6.00001968541476
"1166",1917,0.00146813669479326,7,4,76.0000244689449
"1167",1919,0,88.5,50.5,50
"1168",1961,0.0150488988732214,55.5,30.5,22.0002508149812
"1169",1996,0.0758528636305831,23.5,12.5,46.0012642143938
"1170",2001,0.000160573694227012,51,28,32.0000026762282
"1171",2005,0.000206296924612069,34,18,32.0000034382821
"1172",2007,5.7921513558682e-05,33,17,66.0000009653586
"1173",2002,0.000618890761277746,80,47,50.000010314846
"1174",2004,0,58.5,33.5,16
"1175",2003,0.000353126619270867,20,12,52.0000058854437
"1176",2006,0.00031022065031197,62,36,26.0000051703442
"1177",2008,0.000677151996095717,27,14,64.0000112858666
"1178",2010,0.00064229480894451,77,45,24.0000107049135
"1179",2034,0.0264556852552975,25.5,13.5,34.0004409280876
"1180",2031,0.0584201719024603,39.5,22.5,56.0009736695317
"1181",1902,0.101335661676634,70,42,62.0016889276946
"1182",1920,0.0174680755663809,72,41,82.0002911345928
"1183",1925,0.000482061788992544,95.5,54.5,52.0000080343631
"1184",1923,0.00120487687998764,61.5,35.5,58.0000200812813
"1185",1921,0.000482061788992544,70.5,41.5,44.0000080343631
"1186",1924,0.00280157092647224,51.5,29.5,46.0000466928488
"1187",1926,0.00136548942827961,52,29,24.0000227581571
"1188",1929,0.0029903345126825,26,14,8.00004983890855
"1189",1932,0.00157107680762734,9,5,48.0000261846135
"1190",1930,0.00157107680762734,52.5,28.5,18.0000261846135
"1191",1927,0.00194168688468414,19.5,10.5,52.0000323614481
"1192",1904,0.0151501812281646,62,36,32.0002525030205
"1193",1906,0,38.5,22.5,20
"1194",1964,0.0287165075867226,22.5,12.5,26.0004786084598
"1195",1875,0.0516354207456407,32.5,19.5,34.0008605903458
"1196",1825,0.130319342903229,37.5,20.5,46.0021719890484
"1197",1821,0.0135428797213249,54,31,42.000225714662
"1198",1830,0.00702906364780187,51,30,56.0001171510608
"1199",1836,0.000889836466252837,65.5,37.5,74.0000148306078
"1200",1828,0.0105559640388913,85.5,48.5,54.000175932734
"1201",1831,0.00105933211180104,67.5,40.5,10.0000176555352
"1202",1833,0.00468308986832736,11,6,32.0000780514978
"1203",1829,0.00103924631798466,36,20,46.000017320772
"1204",1822,0.00702906364780187,55,32,44.0001171510608
"1205",1838,0.0145614802770584,50,28,22.000242691338
"1206",1858,0.0236878967627469,22,11,28.0003947982794
"1207",1856,0.00284266439803292,31.5,17.5,60.00004737774
"1208",1683,0.138273573622411,72.5,42.5,32.0023045595604
"1209",1687,0.00338628999550749,40,24,52.0000564381666
"1210",1657,0.0417685299127179,64.5,38.5,88.0006961421652
"1211",1630,0.0450724945881988,103,59,42.0007512082431
"1212",1656,0.0155721647966797,48.5,27.5,42.0002595360799
"1213",1507,0.126913236170276,49.5,28.5,56.0021152206028
"1214",1520,0.00614515019364239,67.5,39.5,38.0001024191699
"1215",1524,0.0135983198924374,47,28,60.0002266386649
"1216",1535,0.0181147451820074,74.5,44.5,24.0003019124197
"1217",1551,0.0265438326962805,28.5,16.5,38.0004423972116
"1218",1440,0.378663335689491,47.5,28.5,88.0063110555948
"1219",1559,0.06062816784784,102.5,58.5,52.0010104694641
"1220",1564,0.00221666447132086,60.5,34.5,66.0000369444079
"1221",1563,0.00443476552114147,80.5,47.5,60.0000739127587
"1222",1560,0.00221666447132086,73.5,43.5,52.0000369444079
"1223",1573,0.0699555081583687,63.5,37.5,10.001165925136
"1224",1634,0.0523506595800478,10.5,5.5,26.000872510993
"1225",1671,0.0392449384018435,26,13,64.0006540823067
"1226",1673,0.00745570214502031,72.5,40.5,58.0001242617024
"1227",1677,0.0112461235679187,72.5,43.5,44.0001874353928
"1228",1676,0.00175510085737612,54,32,54.000029251681
"1229",1674,0.0112461235679187,67.5,40.5,30.0001874353928
"1230",1781,0.0756936631791525,33,18,2.00126156105299
"1231",1783,0,2.5,1.5,38
"1232",1785,0.00011579837405114,41.5,22.5,38.0000019299729
"1233",1787,0,47,28,84
"1234",1790,0,98.5,56.5,74
"1235",1789,0.000229803310825444,86,49,40.0000038300552
"1236",1788,0,50,30,22
"1237",1793,0.000173697550951352,23.5,12.5,52.0000028949592
"1238",1795,0,64,38,24
"1239",1797,5.78992000963604e-05,28,16,54.0000009649867
"1240",1805,0.000111194927084224,66.5,39.5,66.0000018532488
"1241",1807,0,76.5,43.5,14
"1242",1810,0,16,9,50
"1243",1813,0,60,35,60
"1244",1806,0.000115798376996573,75,45,44.000001929973
"1245",1814,0.000115798376996573,50,28,38.000001929973
"1246",1812,0.000250731956511814,40,21,28.0000041788659
"1247",1811,0,34.5,20.5,58
"1248",1809,5.78991984394928e-05,71,42,56.0000009649866
"1249",1808,0,66.5,38.5,36
"1250",1796,0.000206240557475883,38.5,20.5,44.0000034373426
"1251",1815,0.000441686237204217,54,32,28.0000073614373
"1252",1798,0.000524921229603926,31,17,72.0000087486872
"1253",1804,0,82.5,46.5,70
"1254",1803,0,84.5,49.5,40
"1255",1802,0,49,29,60
"1256",1801,0,73,43,84
"1257",1800,0,99,57,36
"1258",1799,0,42.5,24.5,58
"1259",1816,0.000601741210699743,70,41,72.0000100290202
"1260",1794,0.000868487730272043,84.5,48.5,40.0000144747955
"1261",1792,0.000115798364109933,42.5,22.5,66.0000019299727
"1262",1791,0.000250731945628775,76.5,43.5,18.0000041788658
"1263",1784,0.000618721556941963,20,11,72.0000103120259
"1264",1782,0.000256907312227032,83,47,6.00000428178854
"1265",1786,0.00078062714266608,7.5,4.5,30.0000130104524
"1266",1776,0.00553415094043372,37,22,56.000092235849
"1267",1765,0.00457957930492439,66,38,56.0000763263217
"1268",1770,0.00289698029957614,68,40,68.000048283005
"1269",1774,0,83,49,48
"1270",1767,0.00411847697498258,56.5,32.5,48.0000686412829
"1271",1777,0.00480670500055768,59.5,35.5,42.00008011175
"1272",1844,0.022657862041463,45.5,24.5,54.000377631034
"1273",1778,0.0239693111632523,63.5,36.5,46.0003994885194
"1274",1780,0.0034330525645288,52.5,29.5,58.0000572175427
"1275",1755,0.0370410652240564,71,42,70.0006173510871
"1276",1758,0.000906359557885868,80,45,42.0000151059926
"1277",1705,0.039492540583443,45,24,24.0006582090097
"1278",1709,0.0103089341668325,25,13,14.0001718155694
"1279",1711,0.00148672779929092,15,8,4.00002477879665
"1280",1704,0.00762370862365144,5,3,56.0001270618104
"1281",1693,0.0139869106076412,68.5,40.5,26.0002331151768
"1282",1759,0.0482271223964099,27.5,14.5,30.0008037853733
"1283",1753,0.00694250111835357,33.5,18.5,52.000115708352
"1284",1742,0.0358598775435809,64.5,38.5,30.0005976646257
"1285",1741,0.00733977873297974,35,20,54.0001223296455
"1286",1754,0.0358598775435809,63.5,36.5,62.0005976646257
"1287",1848,0.0345394195035061,73,42,26.0005756569917
"1288",1769,0.0608652940430366,32,19,32.0010144215674
"1289",1773,0.00250769278331501,38.5,22.5,64.0000417948797
"1290",1772,0,78,46,20
"1291",1771,0,23.5,13.5,70
"1292",1766,0.00462547351087234,83.5,48.5,30.0000770912252
"1293",1762,0.00312597295538646,32,17,66.0000520995493
"1294",1757,0.00986135847234526,80,47,18.0001643559745
"1295",1756,0.000906359557885868,20.5,11.5,74.0000151059926
"1296",1746,0.0120040490522327,87,50,70.0002000674842
"1297",1752,0.00152295954625131,83.5,48.5,54.0000253826591
"1298",1747,0.00568500829183287,62,35,42.0000947501382
"1299",1764,0.00936190294187213,45,24,6.0001560317157
"1300",1768,0.00412887319883345,6.5,3.5,70.0000688145533
"1301",1779,0.01332918261056,84,49,66.0002221530435
"1302",1849,0.0678928531491937,79,46,32.0011315475525
"1303",1855,0.00533441316960234,34,18,10.0000889068862
"1304",1850,0.004422647545128,12,7,72.0000737107924
"1305",1843,0.0047302490843176,83,47,38.0000788374847
"1306",1845,0.00412071979478618,42.5,23.5,62.0000686786632
"1307",1737,0.0438771672664243,74.5,43.5,14.0007312861211
"1308",1734,0.0146518282881539,17,10,42.0002441971381
"1309",1736,0.0011027551953087,46.5,25.5,72.0000183792532
"1310",1846,0.0438771672664243,85,49,38.0007312861211
"1311",1851,0.00604669151105448,45,26,38.0001007781919
"1312",1853,0,45.5,26.5,62
"1313",1721,0.0718299380986404,73.5,42.5,40.001197165635
"1314",1725,0.00129519743635398,48.5,28.5,36.0000215866239
"1315",1732,0.00985100633518087,45,27,36.0001641834389
"1316",1730,0.00704563710064578,37.5,19.5,56.000117427285
"1317",1748,0.138233111479914,68,40,48.0023038851913
"1318",1739,0.0201389017210307,59,35,38.000335648362
"1319",1735,0.00342337482671188,47,28,28.0000570562471
"1320",1740,0.00305380011612197,28.5,14.5,70.0000508966686
"1321",1743,0.00733977873297974,81.5,46.5,48.0001223296455
"1322",1733,0.00951959453593959,55,31,82.0001586599089
"1323",1738,0.0146518282881539,96,55,34.0002441971381
"1324",1760,0.0180298941221769,35,18,22.0003004982354
"1325",1847,0.0787283206855754,23,12,22.0013121386781
"1326",1985,0.131109197943316,25.5,14.5,78.0021851532991
"1327",1975,0.0239860136594571,93,54,20.0003997668943
"1328",2016,0.131222024386691,23,13,64.0021870337398
"1329",2014,0.0120304697012486,76,44,50.0002005078284
"1330",1994,0.0116721897443143,62,37,52.0001945364957
"1331",1991,0.03248479291417,58.5,32.5,82.0005414132152
"1332",1990,0.00925703519316711,95.5,54.5,10.0001542839199
"1333",1988,0.0140853092765631,11.5,6.5,20.0002347551546
"1334",1992,0.00968790217852416,24,14,6.00016146503631
"1335",1918,0.0995651529646282,6.5,3.5,56.0016594192161
"1336",1908,0.00793632924710275,67,39,62.0001322721541
"1337",1922,0.0130160061605259,71.5,40.5,82.000216933436
"1338",1993,0.109212945537929,97,56,86.001820215759
"1339",2015,0.0116721897443143,101,58,14.0001945364957
"1340",1976,0.131222024386691,16.5,9.5,20.0021870337398
"1341",1974,0.084356596049691,20.5,10.5,14.0014059432675
"1342",1970,0.0166467972873652,15,8,86.0002774466215
"1343",1967,0.0476248938017389,101,58,76.00079374823
"1344",1969,0.0255960646460644,91,53,34.0004266010774
"1345",1986,0.0272438319484149,36,19,24.0004540638658
"1346",1995,0.0458027167724276,29,17,42.0007633786129
"1347",1997,0.00016057369449282,49,28,74.0000026762282
"1348",2000,0.000448535267940443,88,51,28.0000074755878
"1349",1999,0,35,21,32
"1350",1998,0.000448535267940443,39.5,23.5,76.0000074755878
"1351",2009,0.0014077924691539,89.5,51.5,54.0000234632078
"1352",2019,0.017889048159697,67,40,46.0002981508027
"1353",2021,0.000353126742711947,56.5,33.5,12.0000058854457
"1354",2023,0,13,7,40
"1355",2025,0.000111194927084224,45,25,22.0000018532488
"1356",2027,0.000555974635421119,23.5,12.5,72.0000092662439
"1357",2075,0.0917176214500871,83,47,54.0015286270242
"1358",2077,0.00124490623625135,65,38,58.0000207484373
"1359",2079,0,67,38,62
"1360",2081,0,71,40,74
"1361",2067,0.0102857945211481,86.5,49.5,84.0001714299087
"1362",2070,0,98.5,56.5,84
"1363",2073,0.018831330759793,99,57,56.0003138555127
"1364",2064,0.00796429559136959,66.5,38.5,58.0001327382599
"1365",2069,0.00414600223303579,65.5,36.5,70.0000691000372
"1366",2068,0,85,50,20
"1367",2065,0.00414600223303579,25,15,10.0000691000372
"1368",2042,0.0670884804607143,10,5,56.001118141341
"1369",2059,0.126181284154345,65,37,44.0021030214026
"1370",2118,0.0413892630074252,51,29,12.0006898210501
"1371",2120,0.00108150719997984,12.5,6.5,58.00001802512
"1372",2126,0.00359619299372785,72.5,43.5,2.0000599365499
"1373",2129,0.00131167659760556,2,1,46.0000218612766
"1374",2136,0.00501465909066535,52,29,54.0000835776515
"1375",2139,0.00131135691325186,67,40,66.0000218559485
"1376",2044,0.0927976044901092,75.5,42.5,28.0015466267415
"1377",2047,0.039604085525454,30.5,16.5,48.0006600680921
"1378",2049,0.00470999948965548,53,29,34.0000784999915
"1379",2048,0.0135287838563688,36.5,19.5,72.0002254797309
"1380",2050,0.0100254281677905,86.5,50.5,24.0001670904695
"1381",2053,0.00496575078538049,26.5,14.5,6.00008276251309
"1382",2051,0.0112954102396642,7.5,4.5,56.0001882568373
"1383",2164,0.114777365318459,69,41,18.0019129560886
"1384",2196,0.0863840891974788,19.5,10.5,28.00143973482
"1385",2195,0.00395538846420813,32,18,62.0000659231411
"1386",2165,0.0863840891974788,74.5,43.5,24.00143973482
"1387",2170,0.112686252118436,24.5,12.5,40.001878104202
"1388",2172,0.00235643410481068,49,29,62.0000392739017
"1389",2174,0.000564413692612879,72.5,41.5,30.0000094068949
"1390",2173,0.00157967357434066,35.5,20.5,18.0000263278929
"1391",2175,0.00104180238991131,22.5,13.5,6.00001736337317
"1392",2171,0.0132904919501801,6.5,3.5,10.0002215081992
"1393",2176,0.0117155408218842,12,7,22.0001952590137
"1394",2181,0.00470921898265614,23.5,12.5,56.000078486983
"1395",2140,0.167823731650196,68.5,40.5,34.0027970621942
"1396",2148,0.00635757850871856,38,21,16.0001059596418
"1397",2150,0.00167695436674376,18.5,10.5,40.0000279492394
"1398",2152,0,44,24,88
"1399",2116,0.0391343097608876,102.5,58.5,36.000652238496
"1400",2103,0.0186887026721099,42,24,32.0003114783779
"1401",2105,0,36,20,18
"1402",2104,0.000935526529353102,21.5,12.5,50.0000155921088
"1403",2106,0.000935526529353102,58,33,26.0000155921088
"1404",2098,0.004464926521482,26,13,46.000074415442
"1405",2102,0.00122799879962257,56,33,52.0000204666467
"1406",2101,0.00122861904897871,64.5,38.5,24.0000204769841
"1407",2099,0.00122799879962257,26,14,66.0000204666467
"1408",2097,0.00367557360951469,79.5,46.5,46.0000612595602
"1409",2107,0.004464926521482,50.5,27.5,24.000074415442
"1410",2111,0.000321315894936735,24.5,12.5,68.0000053552649
"1411",2110,0.000564667086958295,78.5,44.5,70.0000094111181
"1412",2108,0.000321315894936735,84,49,60.0000053552649
"1413",2121,0.0163176058391704,70.5,40.5,54.0002719600973
"1414",2123,0,67,40,34
"1415",2125,0.000257193848966069,39.5,22.5,34.0000042865641
"1416",2130,0.0078452805124604,37,20,16.0001307546752
"1417",2127,0.00171759349442866,17,9,66.0000286265582
"1418",2122,0.00390756136624355,78,45,46.0000651260228
"1419",2128,0.00390756136624355,56,33,32.0000651260228
"1420",2131,0.000406280336467602,38,22,20.0000067713389
"1421",2133,0,20.5,10.5,50
"1422",2132,0.000444779705507603,62.5,37.5,2.00000741299509
"1423",2134,0.000444779705507603,2.5,1.5,36.0000074129951
"1424",2137,0.00568542048072963,42,24,48.000094757008
"1425",2135,0.011462449564503,58.5,34.5,36.0001910408261
"1426",2115,0.0113534287992199,42,24,42.0001892238133
"1427",2112,0.00244632717371521,49,28,16.0000407721196
"1428",2114,0.000514396366868622,18.5,10.5,32.0000085732728
"1429",2089,0.0137151322943089,38.5,22.5,66.0002285855382
"1430",2093,0.000642171166372443,76,43,36.0000107028528
"1431",2092,0.000513821118428323,39,21,66.0000085636853
"1432",2090,0.000642171166372443,76.5,43.5,56.0000107028528
"1433",2096,0.000703642668041479,67,39,58.0000117273778
"1434",2100,0.00367557360951469,67,38,14.0000612595602
"1435",2084,0.0188935375844457,16,9,50.0003148922931
"1436",2054,0.0980355764262487,60,35,72.0016339262738
"1437",2057,0.00180882977024979,84.5,48.5,70.0000301471628
"1438",2013,0.115711435967735,83.5,48.5,42.0019285239328
"1439",2017,0.0120304697012486,46.5,25.5,46.0002005078284
"1440",2038,0.0681931879723218,55,32,44.0011365531329
"1441",2071,0.0665666871136164,53,31,14.0011094447852
"1442",2086,0.0274211893018764,16.5,9.5,22.0004570198217
"1443",2095,0.0116301320204252,26,15,58.0001938355337
"1444",2094,0.000567906220867197,65,36,14.0000094651037
"1445",2091,0.00166091763443606,17,10,70.0000276819606
"1446",2087,0.0132439762595485,84.5,49.5,52.0002207329377
"1447",2138,0.0226614707018595,62.5,36.5,68.0003776911784
"1448",2088,0.0243188752540763,79.5,45.5,36.0004053145876
"1449",2109,0.0298413949452917,41,23,48.0004973565824
"1450",2113,0.00150142937707342,60,36,56.0000250238229
"1451",2153,0.0419681434167659,66.5,38.5,28.0006994690569
"1452",2158,0.1121924314218,34,20,38.001869873857
"1453",2155,0.0462331735999627,45.5,26.5,14.0007705528933
"1454",2157,0.00234815596389654,14.5,7.5,20.0000391359327
"1455",2154,0.1121924314218,24.5,14.5,80.001869873857
"1456",2161,0.0175037089577559,93.5,53.5,32.0002917284826
"1457",2163,0.000655526018377679,35.5,19.5,26.0000109254336
"1458",2169,0.0152708158354554,30.5,17.5,68.0002545135973
"1459",2180,0.0412096752579225,81.5,47.5,64.000686827921
"1460",2177,0.00470921898265614,79,47,58.000078486983
"1461",2179,0.000229824115406743,72,43,32.0000038304019
"1462",2178,0.000448543048018489,39,23,62.0000074757175
"1463",2052,0.145521583528976,74.5,43.5,62.0024253597255
"1464",2039,0.0587373779392618,70,39,36.000978956299
"1465",2018,0.07108938580418,37.5,19.5,8.00118482309674
"1466",2020,0.000780708897762886,9.5,5.5,24.000013011815
"1467",2026,0.0023263589850817,29,17,4.00003877264975
"1468",1980,0.0575093674033307,4.5,2.5,56.0009584894567
"1469",1979,0.0101595148442515,70,42,46.0001693252474
"1470",1978,0.00385056291265092,50,27,4.00006417604854
"1471",1981,0.0101595148442515,5,3,70.0001693252474
"1472",1983,0,84,49,20
"1473",1982,0,23.5,13.5,62
"1474",1872,0.0860582586559501,76,45,28.0014343043109
"1475",1870,0.00289463367010329,30.5,16.5,42.0000482438945
"1476",1898,0.0244419223554004,52,31,14.0004073653726
"1477",1888,0.00600931788789933,15,8,44.0001001552981
"1478",1893,0.00127168052677033,55,33,72.0000211946754
"1479",1884,0.00413127628855168,86.5,50.5,62.0000688546048
"1480",1832,0.0431896168795986,73.5,42.5,24.000719826948
"1481",1842,0.027882356615404,28,16,38.0004647059436
"1482",1878,0.0321567026807942,42,23,34.0005359450447
"1483",1877,0.00189693734912624,38.5,21.5,82.0000316156225
"1484",1900,0.0832914486970289,96.5,55.5,60.0013881908116
"1485",1761,0.0797799463585152,71,41,24.0013296657726
"1486",1775,0.00654543360121145,26.5,14.5,62.00010909056
"1487",1729,0.0505263821528834,76.5,45.5,32.0008421063692
"1488",1744,0.00850446638385153,34.5,18.5,78.0001417411064
"1489",2011,0.169645314802649,91.5,52.5,56.0028274219134
"1490",2058,0.115711435967735,70,42,48.0019285239328
"1491",2085,0.0986755645220449,58,34,36.001644592742
"1492",2076,0.00949547239994063,39,21,42.0001582578733
"1493",2055,0.0252865167047369,50,29,52.0004214419451
"1494",2036,0.0556335429094282,59.5,33.5,36.0009272257152
"1495",2146,0.1203182478146,40.5,22.5,30.0020053041302
"1496",2143,0.00825099395104005,32,17,68.0001375165658
"1497",2124,0.0198118414631364,80.5,46.5,66.0003301973577
"1498",2119,0.00263685886042576,76,43,54.0000439476477
"1499",2144,0.0207586244672369,61.5,34.5,4.00034597707445
"1500",2159,0.118491871999893,4.5,2.5,26.0019748645333
"1501",1962,0.245512011990802,32.5,19.5,56.0040918668665
"1502",1951,0.0142626625034533,64,36,48.0002377110417
"1503",1934,0.026832726545466,55.5,31.5,32.0004472121091
"1504",1745,0.130160819773692,33,17,46.0021693469962
"1505",1724,0.0243883894904642,56.5,33.5,12.0004064731582
"1506",1722,0.00129519743635398,13,7,46.0000215866239
"1507",2046,0.319834850400088,57,34,10.00533058084
"1508",2045,0.039604085525454,11,6,22.0006600680921
"1509",2145,0.127175121742604,25,14,46.0021195853624
"1510",2149,0.083054844959993,50,27,44.001384247416
"1511",2037,0.130221452996778,48.5,26.5,40.0021703575499
"1512",2040,0.00867230493562417,48,28,32.0001445384156
"1513",2029,0.0640082583992684,32.5,16.5,50.0010668043067
"1514",1881,0.132726700975697,55,30,20.0022121116829
"1515",1889,0.021570160257216,24.5,14.5,56.000359502671
"1516",1968,0.039977337572126,69.5,41.5,26.0006662889595
"1517",1890,0.0520097542197897,26.5,13.5,64.000866829237
"1518",1892,0,74,42,22
"1519",1887,0.0145593211026047,25,14,50.0002426553517
"1520",1899,0.00600931788789933,57,32,40.0001001552981
"1521",1901,0.000111194927084224,42.5,22.5,22.0000018532488
"1522",2032,0.101335661676634,24.5,13.5,70.0016889276946
"1523",1989,0.0406911367614999,81,46,16.0006781856127
"1524",2033,0.040287536328199,18.5,10.5,20.0006714589388
"1525",2056,0.0568046172380282,21,11,18.0009467436206
"1526",2072,0.0380734421903328,20,11,48.0006345573698
"1527",2217,0.279000070108213,56.5,32.5,12.0046500011685
"1528",2220,0.000333584781252672,14,8,90.0000055597464
"1529",2216,0.037321230653217,105,60,18.0006220205109
"1530",2232,0.14083897013041,18.5,9.5,56.0023473161688
"1531",2234,0.000333584778423379,66,38,36.0000055597463
"1532",2236,0,45,27,48
"1533",2235,0.000441881394171384,54,30,52.0000073646899
"1534",2233,0.000365097283263858,62.5,36.5,60.0000060849547
"1535",2237,0.000845915313833183,70.5,40.5,20.0000140985886
"1536",2239,0.0258795425702853,25,15,36.0004313257095
"1537",2197,0.204932872269135,45,27,46.0034155478711
"1538",2199,0,54.5,31.5,22
"1539",2203,0.00598412680272939,25,14,42.0000997354467
"1540",2202,0.0093005432938432,51,30,34.0001550090549
"1541",2201,0.00570377814910011,40,23,50.0000950629692
"1542",2204,0.0093005432938432,56,31,76.0001550090549
"1543",2207,0.00935473877133548,90,52,60.0001559123129
"1544",2205,0.011545973078557,69.5,39.5,32.0001924328846
"1545",2184,0.0808101187556637,33,17,44.0013468353126
"1546",2183,0.104499914150326,50,28,58.0017416652358
"1547",2162,0.0566805820458943,68,39,24.0009446763674
"1548",2206,0.105923527225678,28.5,16.5,58.0017653921204
"1549",2208,0.0196281110039866,66,37,22.0003271351834
"1550",2210,0.00365652350957412,23.5,12.5,68.0000609420585
"1551",2213,0.0041139678229561,80.5,46.5,8.00006856613038
"1552",2274,0.449456283453804,8,4,38.0074909380576
"1553",2258,0.041836035893159,43.5,24.5,44.0006972672649
"1554",2253,0.0140082124535048,53.5,31.5,44.0002334702076
"1555",2259,0.0141522910005491,48,26,22.0002358715167
"1556",2249,0.0166338786349091,27,16,22.0002772313106
"1557",2246,0.0263458445455713,24.5,13.5,26.0004390974091
"1558",2260,0.0236661122783697,28.5,15.5,54.0003944352046
"1559",2265,0.00452957376758141,62,35,38.0000754928961
"1560",2267,0,46,27,10
"1561",2261,0.008501720189322,12.5,7.5,60.0001416953365
"1562",2286,0.142746658550858,70.5,40.5,58.0023791109759
"1563",2369,0.216333425812895,65,36,40.0036055570969
"1564",2371,0.0149608273476355,45.5,25.5,18.0002493471225
"1565",2373,0.014485017917377,21.5,12.5,74.0002414169653
"1566",2375,0.013436284551893,88.5,51.5,34.0002239380759
"1567",2377,0,35.5,18.5,50
"1568",2379,0,59.5,34.5,54
"1569",2283,0.202186523087156,60,33,38.0033697753848
"1570",2279,0.00862476691703213,44,25,68.0001437461153
"1571",2278,0.0362441284736938,79.5,45.5,66.0006040688079
"1572",2284,0.00862476691703213,79.5,46.5,62.0001437461153
"1573",2288,0.0538567036967186,75,44,8.00089761172828
"1574",2296,0.0667386403068769,9,5,28.0011123106718
"1575",2290,0.0360558627986907,34.5,20.5,34.0006009310466
"1576",2293,0.0160733160394393,40,23,60.0002678886007
"1577",2295,0,68,38,46
"1578",2301,0.0630852308855178,54.5,31.5,42.0010514205148
"1579",2300,0.00827218198534962,51.5,30.5,64.0001378696998
"1580",2302,0.0154780758704464,72.5,40.5,18.0002579679312
"1581",2312,0.00431326193353032,18.5,9.5,58.0000718876989
"1582",2304,0.0732460290333856,65.5,36.5,34.0012207671506
"1583",2306,0,38,21,2
"1584",2314,0.00273794376998605,2,1,70.0000456323962
"1585",2307,0.0208346524888493,81,46,28.0003472442081
"1586",2310,0.000823571443575616,31,17,50.0000137261907
"1587",2305,0.00411018308031775,60.5,35.5,16.0000685030513
"1588",2308,0.00379945214072197,17.5,9.5,34.0000633242023
"1589",2277,0.134755995839759,42.5,25.5,26.002245933264
"1590",2280,0.0362441284736938,30.5,17.5,66.0006040688079
"1591",2282,0.00258945520194194,76,43,60.0000431575867
"1592",2264,0.0827427912736642,72.5,42.5,10.0013790465212
"1593",2268,0.00460988873705907,12,7,90.0000768314789
"1594",2266,0.00256395445363579,105,60,46.0000427325742
"1595",2269,0.00256395445363579,50,27,80.0000427325742
"1596",2257,0.0205347015869916,93,53,50.0003422450264
"1597",2275,0.041836035893159,57.5,32.5,50.0006972672649
"1598",2273,0.0154929428750111,61.5,36.5,32.0002582157146
"1599",2384,0.264170725393624,34.5,18.5,30.0044028454232
"1600",2389,0.0897170969230149,31.5,16.5,34.0014952849487
"1601",2391,0,37,20,38
"1602",2390,0.0122979999474601,43,24,44.0002049666658
"1603",2392,0.0122979999474601,50,28,56.0002049666658
"1604",2386,0.0188032245681815,66,38,36.0003133870761
"1605",2351,0.144806200956704,44.5,26.5,44.0024134366826
"1606",2294,0.078063860635238,54,32,52.0013010643439
"1607",2352,0.078063860635238,59,33,60.0013010643439
"1608",2421,0.322857974493664,68.5,38.5,24.0053809662416
"1609",2423,0.00219080137005153,30,18,46.0000365133562
"1610",2414,0.0458886059902382,51,28,42.0007648100998
"1611",2417,0.00537985612042723,49.5,28.5,62.0000896642687
"1612",2416,0.00133559807187707,72,41,32.0000222599679
"1613",2418,0.00133559807187707,36.5,20.5,78.0000222599679
"1614",2415,0.00771413062472712,93,54,72.0001285688437
"1615",2419,0.00427420123364873,86.5,50.5,22.0000712366872
"1616",2401,0.133953500020069,24,13,64.0022325583337
"1617",2397,0.0430462758521821,78,46,26.0007174379309
"1618",2214,0.652787990542408,31,18,68.0108797998424
"1619",2221,0.037321230653217,78,44,58.0006220205109
"1620",2255,0.150627951299282,72.5,43.5,48.002510465855
"1621",2241,0.0461808144969483,59.5,35.5,50.0007696802416
"1622",2238,0.0638922446857563,60,35,68.0010648707448
"1623",2242,0.07362757175224,79.5,45.5,50.0012271261959
"1624",2270,0.363365189527825,59,34,54.0060560864921
"1625",2272,0,61,34,44
"1626",2271,0.00139184760295198,48.5,26.5,20.00002319746
"1627",2276,0.0156198101709994,24,14,20.0002603301695
"1628",2309,0.134755995839759,23.5,13.5,60.002245933264
"1629",2311,0.00646593092704276,73,43,18.0001077655155
"1630",2303,0.00431326193353032,22.5,13.5,24.0000718876989
"1631",2363,0.0610601426735688,26.5,14.5,52.0010176690446
"1632",2361,0.00649777659956737,62.5,36.5,54.0001082962767
"1633",2313,0.0747548079974861,64.5,37.5,46.0012459134666
"1634",2315,0.0213168123214936,55,32,62.0003552802054
"1635",2318,0.00634131536582644,73.5,42.5,62.0001056885894
"1636",2316,0.00746779639477767,71.5,40.5,54.0001244632732
"1637",2320,0.0105237914215315,60,33,64.0001753965237
"1638",2324,0.023481248395207,78.5,46.5,56.0003913541399
"1639",2326,0.000818409859560484,62.5,34.5,20.0000136401643
"1640",2328,0.000115831310471961,25,15,52.0000019305218
"1641",2331,0.00079752069620915,63,37,30.0000132920116
"1642",2333,0,33,18,60
"1643",2336,0.000688088704930205,70,40,42.0000114681451
"1644",2338,0,45,24,52
"1645",2376,0.0935155246710271,64.5,38.5,46.0015585920778
"1646",2339,0.0935155246710271,53,30,46.0015585920778
"1647",2335,0.00477284222791106,55.5,32.5,4.00007954737046
"1648",2334,0.000688088704930205,4,2,64.0000114681451
"1649",2332,0.00208038282503706,76.5,44.5,74.0000346730471
"1650",2337,0.00243777419408118,87,50,50.0000406295699
"1651",2340,0.0086965703924136,62.5,37.5,44.0001449428399
"1652",2344,0,51.5,29.5,50
"1653",2348,0.00696801171479655,56,31,26.0001161335286
"1654",2317,0.0979452032265837,31.5,18.5,46.0016324200538
"1655",2319,0.00151460149226143,55,32,40.0000252433582
"1656",2366,0.0580050747046343,48.5,28.5,2.00096675124508
"1657",2358,0.0269279583826411,2,1,68.0004487993064
"1658",2356,0.00293238165349612,78.5,44.5,10.0000488730276
"1659",2359,0.00300899969021341,11.5,6.5,54.0000501499948
"1660",2364,0.0399758792928996,67.5,40.5,44.0006662646549
"1661",2372,0.0378864252420955,54.5,32.5,22.0006314404207
"1662",2365,0.0486144089603005,22,11,60.0008102401493
"1663",2368,0.00772018567126205,74,44,20.0001286697612
"1664",2287,0.216333425812895,22,12,22.0036055570969
"1665",2285,0.0538567036967186,25,14,42.0008976117283
"1666",2262,0.142746658550858,50.5,29.5,20.0023791109758
"1667",2248,0.0446308962983571,22,12,72.0007438482716
"1668",2247,0.017372926018044,87,51,60.000289548767
"1669",2263,0.0446308962983571,72.5,42.5,30.0007438482716
"1670",2291,0.0714035110526398,32.5,17.5,18.0011900585175
"1671",2380,0.221320730163432,19,10,8.00368867883606
"1672",2382,0.000412577133873295,8.5,4.5,44.0000068762856
"1673",2381,0.000463345587010295,53,31,50.0000077224265
"1674",2383,0.000250749514134385,61.5,36.5,56.0000041791586
"1675",2402,0.185798512490391,68.5,40.5,62.0030966418748
"1676",2569,0.34061900154123,76.5,45.5,28.005676983359
"1677",2549,0.0670312285051534,29.5,15.5,42.0011171871418
"1678",2551,0,49.5,28.5,30
"1679",2559,0.0607558336156499,31.5,16.5,50.0010125972269
"1680",2562,0.00980545500206945,57,32,32.00016342425
"1681",2564,0,37.5,21.5,50
"1682",2563,0.00624366985993655,58.5,33.5,50.0001040611643
"1683",2565,0.00624366985993655,57.5,32.5,46.0001040611643
"1684",2567,0,54,31,26
"1685",2574,0.00359423008955929,30.5,17.5,28.0000599038348
"1686",2571,0.00657967512208951,30.5,16.5,86.000109661252
"1687",2573,0,101,58,50
"1688",2568,0.00359423008955929,56,31,72.0000599038348
"1689",2575,0.0085847876030242,84,48,20.0001430797934
"1690",2584,0.0644579984093615,21,11,52.0010742999735
"1691",2599,0.0703095774720932,65,39,52.0011718262912
"1692",2598,0.00746914681195395,63,37,42.0001244857802
"1693",2602,0.00299290779138371,51.5,30.5,68.0000498817965
"1694",2595,0.00594210747627811,82.5,48.5,64.0000990351246
"1695",2592,0.00133675102112325,72.5,40.5,48.0000222791837
"1696",2596,0.00180679698160071,52.5,28.5,76.000030113283
"1697",2605,0.00500807399577043,90.5,52.5,48.0000834678999
"1698",2603,0.0077063486484061,54,30,72.0001284391441
"1699",2601,0.00627047745188169,86.5,50.5,42.0001045079575
"1700",2585,0.0722887707589151,48,27,66.001204812846
"1701",2647,0.266640455075224,76.5,43.5,46.0044440075846
"1702",2646,0.0387212220339344,54,31,68.0006453537006
"1703",2737,0.12604870977852,83,49,58.0021008118296
"1704",2736,0.000963162845691549,68.5,39.5,58.0000160527141
"1705",2905,0.368041130648901,67,38,42.0061340188442
"1706",2915,0.0383048276853603,45,24,30.0006384137948
"1707",2917,0.00156350662425204,36,21,46.0000260584437
"1708",2916,0.00232363557210756,50.5,27.5,8.00003872725954
"1709",2918,0.00128364601486771,9,5,50.0000213941002
"1710",2920,0.00459581719651117,59.5,34.5,62.0000765969533
"1711",2919,0.0346437109735675,72,41,32.0005773951829
"1712",2904,0.0295638866029645,39.5,23.5,64.0004927314434
"1713",2975,0.173861549363176,76,44,30.0028976924894
"1714",2988,0.0364273899168277,34,19,62.0006071231653
"1715",2990,0.00844957530813295,71,40,44.0001408262551
"1716",2989,0.0159111346868565,52,30,42.0002651855781
"1717",2991,0.00750155763499139,49.5,28.5,32.0001250259606
"1718",2993,0.0116845835015835,33.5,17.5,26.0001947430584
"1719",2992,0.0216955454251632,30,17,44.0003615924238
"1720",2994,0.0101129054949659,54.5,32.5,62.0001685484249
"1721",2998,0.0157407094456045,77,46,86.0002623451574
"1722",2996,0.0089722021542899,101,58,40.0001495367026
"1723",3036,0.153278126328338,48.5,28.5,10.0025546354388
"1724",3034,0.0248477735280885,12.5,7.5,62.0004141295588
"1725",3026,0.0277952849716607,75.5,44.5,18.0004632547495
"1726",3035,0.104794054362105,20,11,58.0017465675727
"1727",3037,0.0427115455293383,72.5,43.5,36.0007118590922
"1728",3041,0.139719337849712,45,27,52.0023286556308
"1729",3044,0.0251258891685634,63.5,37.5,58.0004187648195
"1730",3039,0.0653231905655284,66,37,14.0010887198428
"1731",3042,0.0342307787406354,14.5,7.5,30.000570512979
"1732",3040,0.104949219998131,37,22,24.0017491536666
"1733",3030,0.0684866073627958,24,12,40.001141443456
"1734",3032,0.000160468203746059,48,28,52.0000026744701
"1735",3029,0.00673263922603373,64,38,26.0001122106538
"1736",3022,0.0208832202234163,29,16,60.0003480536704
"1737",3021,0.00720085885472305,72.5,42.5,56.0001200143142
"1738",3020,0.00608200917811416,68.5,40.5,34.0001013668196
"1739",3024,0.0060023588094114,40,23,64.0001000393135
"1740",3023,0.0181630442782015,73,41,70.0003027174046
"1741",3025,0.0307684321026459,83,48,78.0005128072017
"1742",3027,0.0958344479416303,90.5,51.5,64.001597240799
"1743",3033,0.043944805396909,78,46,66.0007324134233
"1744",3031,0.0820896102136959,78.5,45.5,36.0013681601702
"1745",3028,0.0557394938931325,41,23,34.0009289915649
"1746",3006,0.103625678278466,40,23,36.001727094638
"1747",3009,0.00780742679612472,38,20,48.0001301237799
"1748",3012,0.00523985264870907,56.5,32.5,34.0000873308775
"1749",3010,0.00821580014359144,37,20,58.0001369300024
"1750",3016,0.0223211956245202,67.5,38.5,74.0003720199271
"1751",3018,0.00545622642952107,87.5,50.5,60.0000909371072
"1752",3055,0.152916699542302,69.5,39.5,54.002548611659
"1753",2949,0.462209355716159,63.5,36.5,34.0077034892619
"1754",2951,0,39,22,64
"1755",2944,0.325427403168109,79,47,72.0054237900528
"1756",2942,0.0540924652332371,86,50,60.0009015410872
"1757",2936,0.0340014416146781,67.5,37.5,36.0005666906936
"1758",2938,0.00112957731377286,38.5,20.5,14.0000188262886
"1759",2940,0.00757526373134564,16.5,9.5,36.0001262543955
"1760",2746,0.418691962685672,42.5,24.5,66.0069781993781
"1761",2751,0.0267572993245332,81,48,38.0004459549887
"1762",2750,0.00162946201964565,43,24,62.0000271577003
"1763",2755,0.00149557804502331,73.5,42.5,66.0000249263008
"1764",2745,0.0234365696909122,76.5,43.5,64.0003906094948
"1765",2757,0.115712345575609,73.5,41.5,42.0019285390929
"1766",2760,0.00242969325048939,52.5,31.5,26.0000404948875
"1767",2754,0.00828916879414725,32.5,19.5,58.0001381528132
"1768",2752,0.00358458837874997,72.5,43.5,14.0000597431396
"1769",2632,0.333488904798667,14,7,66.0055581484133
"1770",2634,0.0194156790646707,77,44,58.0003235946511
"1771",2633,0.0294230747505226,69,40,74.0004903845792
"1772",2635,0.0117908047195219,85.5,48.5,30.000196513412
"1773",2631,0.0613031739796218,36.5,21.5,28.0010217195663
"1774",2566,0.191483609139695,34.5,20.5,30.0031913934857
"1775",2446,0.181185395939461,35,20,70.003019756599
"1776",2449,0.00338720224165957,80,45,78.0000564533707
"1777",2431,0.0910647000729604,92.5,53.5,54.0015177450012
"1778",2429,0.0228543866119375,64.5,37.5,46.0003809064435
"1779",2399,0.144687333386376,52,29,48.0024114555564
"1780",2420,0.133953500020069,56,32,8.00223255833367
"1781",2422,0.00240498996743594,8,4,24.0000400831661
"1782",2460,0.145187981101231,29.5,17.5,60.002419799685
"1783",2456,0.00622887912206261,67.5,37.5,30.000103814652
"1784",2458,0,33.5,18.5,40
"1785",2455,0.00469350172920371,42.5,22.5,54.0000782250288
"1786",2459,0.00429755174214222,63,36,36.0000716258624
"1787",2539,0.0831377637988319,40,22,36.0013856293967
"1788",2531,0.0123302647677501,43,25,52.0002055044128
"1789",2529,0.00116340456773166,61,35,54.0000193900761
"1790",2534,0.00238862900966422,66,39,42.0000398104835
"1791",2514,0.00850904900983093,48.5,27.5,80.0001418174835
"1792",2516,0.00145016652187002,93.5,53.5,82.000024169442
"1793",2523,0.0013267592065003,95.5,54.5,36.0000221126534
"1794",2520,0.00298105736694545,39,21,56.0000496842895
"1795",2609,0.162806399720772,67.5,39.5,24.0027134399953
"1796",2612,0.0175747665705137,28.5,16.5,26.0002929127762
"1797",2611,0.0214950192451422,30.5,17.5,70.0003582503207
"1798",2610,0.0175747665705137,80.5,45.5,28.0002929127762
"1799",2613,0.0214950192451422,30.5,16.5,42.0003582503208
"1800",2606,0.014998591607244,52.5,31.5,74.0002499765268
"1801",2608,0.00420483664640956,88.5,51.5,38.0000700806108
"1802",2521,0.162806399720772,42.5,23.5,26.0027134399953
"1803",2526,0.00138990312538261,32,19,10.0000231650521
"1804",2533,0.00511896946109926,10.5,5.5,34.0000853161577
"1805",2530,0.00238862900966422,35.5,18.5,48.0000398104835
"1806",2511,0.0105433414583064,59.5,35.5,38.0001757223576
"1807",2481,0.0251405039280117,43.5,24.5,20.0004190083988
"1808",2483,0.00200619002338182,22,12,38.0000334365004
"1809",2488,0.00538120388599994,40.5,21.5,50.0000896867314
"1810",2490,0,55.5,30.5,16
"1811",2501,0.00400229958644755,17.5,9.5,22.0000667049931
"1812",2491,0.00678597544237032,24,13,76.0001130995907
"1813",2486,0.0112312518724598,91,53,12.0001871875312
"1814",2485,0.0121103755978494,14.5,8.5,54.0002018395933
"1815",2482,0.003073067887672,67,40,18.0000512177981
"1816",2479,0.00745586476523072,22.5,13.5,58.0001242644128
"1817",2484,0.010893649503923,66,37,30.0001815608251
"1818",2492,0.0118346194630046,32.5,17.5,28.0001972436577
"1819",2504,0.00444998376083886,35,21,64.000074166396
"1820",2493,0.00714917837883747,78,46,32.000119152973
"1821",2509,0.00552093890845381,37,21,62.0000920156485
"1822",2480,0.0220924603964891,75.5,44.5,54.0003682076733
"1823",2487,0.0171085168307315,66,39,34.0002851419472
"1824",2503,0.0141280513652322,39.5,22.5,44.0002354675228
"1825",2505,0.00325003622323095,52,30,86.0000541672704
"1826",2508,0,101,58,26
"1827",2507,0,30,17,58
"1828",2506,0,72,43,66
"1829",2499,0.00331006069000459,78,45,40.0000551676782
"1830",2497,0.00386658624923913,49,29,48.0000644431042
"1831",2500,0.00534865508930889,53,29,34.0000891442515
"1832",2502,0.00535742828721472,35,18,56.0000892904715
"1833",2525,0.0187185675566645,62.5,34.5,34.0003119761259
"1834",2522,0.00138990312538261,36,19,10.0000231650521
"1835",2517,0.0013267592065003,11,6,50.0000221126534
"1836",2519,0,56.5,31.5,68
"1837",2518,0,77.5,43.5,22
"1838",2524,0.00298105736694545,22,11,50.0000496842895
"1839",2515,0.0446586442194902,59,34,72.000744310737
"1840",2462,0.0676786076271856,84.5,48.5,28.0011279767938
"1841",2477,0.0299394835356894,32,18,36.0004989913923
"1842",2474,0.0153647681860125,42.5,24.5,62.0002560794698
"1843",2463,0.115290646159988,76,45,54.0019215107693
"1844",2465,0,66,39,6
"1845",2467,0.00012538653432656,7,4,26.0000020897756
"1846",2469,0.000229814528875817,26.5,13.5,68.0000038302422
"1847",2468,0.000406199892725113,80.5,46.5,48.0000067699982
"1848",2470,0.000206352997260112,59.5,35.5,48.0000034392166
"1849",2473,0.000115887411328253,58,34,50.0000019314569
"1850",2472,0.00620295282934134,60.5,35.5,38.0001033825472
"1851",2471,0.000115887411328253,44,25,32.0000019314569
"1852",2464,0.00179947481249287,40,24,46.0000299912469
"1853",2466,0.000338579792385199,50,27,78.0000056429965
"1854",2451,0.0181517378486198,91.5,52.5,24.0003025289641
"1855",2476,0.0204327425485308,28.5,16.5,86.0003405457092
"1856",2478,0.00938755296911735,101,58,46.0001564592162
"1857",2512,0.0500332150350159,53,30,26.0008338869172
"1858",2494,0.0121253904010237,27.5,14.5,22.00020208984
"1859",2496,0,23.5,12.5,18
"1860",2495,0,22.5,13.5,24
"1861",2498,0.00912974673554862,29.5,17.5,54.0001521624456
"1862",2513,0.0154693883563126,60.5,33.5,86.0002578231393
"1863",2535,0.00850904900983093,100.5,57.5,64.0001418174835
"1864",2532,0.0049124034993092,74.5,42.5,28.0000818733917
"1865",2528,0.00176603193118956,31,17,66.0000294338655
"1866",2536,0.00589793812921998,80,47,40.0000982989688
"1867",2527,0.0300234502882077,48,28,40.0005003908381
"1868",2541,0.0109402038519223,49.5,29.5,30.0001823367309
"1869",2543,0.00564987354111905,30.5,15.5,24.000094164559
"1870",2545,0.0341030363835796,29,17,44.0005683839397
"1871",2544,0.0419595150501321,51,29,90.0006993252508
"1872",2546,0.00791710995389749,105,60,52.0001319518326
"1873",2570,0.0699880782774569,58,32,6.00116646797129
"1874",2577,0.017046807592482,6.5,3.5,58.0002841134599
"1875",2560,0.035833337608532,72.5,43.5,60.0005972222935
"1876",2552,0.0814209109258253,69.5,39.5,76.0013570151821
"1877",2558,0,88,50,36
"1878",2561,0.0207055951775423,41,23,20.000345093253
"1879",2578,0.0276837790111981,23,13,66.0004613963169
"1880",2581,0.0196235581116165,76.5,43.5,12.0003270593019
"1881",2579,0.152107160743439,12.5,6.5,64.0025351193457
"1882",2583,0.00684376384711061,79,47,24.0001140627308
"1883",2576,0.0644579984093615,28.5,16.5,28.0010742999735
"1884",2588,0.0435631437647198,34.5,20.5,22.0007260523961
"1885",2594,0.00705889030126978,25.5,14.5,68.0001176481717
"1886",2587,0.00169443502710862,82,48,26.0000282405838
"1887",2593,0.0183767273310894,28.5,15.5,42.0003062787889
"1888",2591,0.00109397821606062,49,28,30.0000182329703
"1889",2590,0,32.5,17.5,46
"1890",2589,0.00789823471537864,56,33,30.0001316372453
"1891",2604,0.00831834042634248,31.5,16.5,48.0001386390071
"1892",2597,0.00500807399577043,55.5,31.5,52.0000834678999
"1893",2600,0.00746914681195395,61.5,35.5,26.0001244857802
"1894",2614,0.0183233094984206,28.5,15.5,38.0003053884916
"1895",2619,0,47,28,50
"1896",2622,0.00930941298656408,61.5,36.5,8.00015515688311
"1897",2624,0.0037810705826377,9,5,28.000063017843
"1898",2627,0.0109316425202893,28.5,14.5,64.000182194042
"1899",2621,0.203106841169553,76,44,84.0033851140195
"1900",2623,0.00218789205381099,98,56,12.0000364648676
"1901",2620,0.00949047895068278,14,8,52.0001581746492
"1902",2630,0.155989966049183,60.5,34.5,30.0025998327675
"1903",2636,0.0613031739796218,30,15,12.0010217195663
"1904",2639,0.0347773403226398,14.5,8.5,16.0005796223387
"1905",2644,0.0352773699862792,18.5,10.5,24.0005879561664
"1906",2643,0.103336663258235,24.5,12.5,44.001722277721
"1907",2640,0.0352773699862792,48.5,26.5,40.0005879561664
"1908",2645,0.11414494869639,43,23,28.0019024158116
"1909",2648,0.0387212220339344,28,14,46.0006453537006
"1910",2739,0.0962695601144844,50,27,46.0016044926686
"1911",2742,0.00249828049354029,55,32,80.0000416380082
"1912",2741,0.00440935435453785,95,55,64.0000734892392
"1913",2740,0.00249828049354029,72.5,40.5,2.00004163800823
"1914",2743,0.00440935435453785,2,1,44.0000734892392
"1915",2756,0.0270812265325653,48,26,72.0004513537755
"1916",2765,0.209154241450878,84.5,48.5,34.0034859040242
"1917",2778,0.0276016391082109,35,18,44.0004600273185
"1918",2776,0.00331682250620076,51.5,29.5,52.0000552803751
"1919",2780,0.0161786776289485,64.5,38.5,54.0002696446271
"1920",2782,0.00623659791442125,64,37,14.0001039432986
"1921",2773,0.0161356946143131,14.5,7.5,22.0002689282436
"1922",2779,0.00795595970328319,25.5,14.5,46.0001325993284
"1923",2781,0.00990058145549294,51,28,74.0001650096909
"1924",2787,0.0194252819194127,89,52,78.0003237546987
"1925",2790,0.0122503148974453,93,54,38.000204171915
"1926",2792,0,41,22,32
"1927",2794,0.00397673989533611,36.5,20.5,22.0000662789983
"1928",2775,0.425582142375567,22.5,11.5,48.0070930357063
"1929",2774,0.00512197444944868,54,30,40.0000853662408
"1930",2783,0.0400061450879153,43,23,12.0006667690848
"1931",2785,0.00538230394419617,12,6,46.0000897050657
"1932",2784,0.0068946401129388,50,27,58.0001149106686
"1933",2786,0.0111055944681068,70,41,62.0001850932411
"1934",2777,0.039245476091312,70.5,39.5,20.0006540912682
"1935",2766,0.0276016391082109,23,13,58.0004600273185
"1936",2769,0.0147027292173637,71.5,42.5,44.000245045487
"1937",2771,0.00348242257214763,54.5,32.5,18.0000580403762
"1938",2788,0.036648175213071,20.5,11.5,8.00061080292022
"1939",2817,0.0846955538905559,8.5,4.5,36.0014115925648
"1940",2835,0.00631412574666229,41,23,68.0001052354291
"1941",2815,0.0407844545224148,80,46,40.0006797409087
"1942",2834,0.00521233718111007,48.5,28.5,18.0000868722864
"1943",2818,0.00631412574666229,18.5,9.5,52.0001052354291
"1944",2833,0.00257473701227796,60,34,70.0000429122835
"1945",2816,0.00521233718111007,83.5,48.5,48.0000868722864
"1946",2819,0.00420042764743795,58,34,68.0000700071274
"1947",2821,0.00122451112744672,81.5,47.5,72.0000204085188
"1948",2807,0.0197982404550897,85.5,49.5,38.0003299706743
"1949",2811,0.0100782168416378,41.5,22.5,24.0001679702807
"1950",2809,0.00492712183652225,30,18,18.0000821186973
"1951",2808,0.0144292350688175,22,13,38.0002404872511
"1952",2812,0.00492712183652225,40,21,30.0000821186973
"1953",2814,0.0149190774558418,35,20,40.0002486512909
"1954",2839,0.00908999670853623,49,29,22.0001514999451
"1955",2838,0.0343896409862887,24,13,74.0005731606831
"1956",2837,0.00872482332012707,88.5,51.5,46.000145413722
"1957",2840,0.0343896409862887,55.5,32.5,20.0005731606831
"1958",2848,0.0183402491894243,20,10,14.0003056708198
"1959",2854,0.00283152449822561,15,8,18.000047192075
"1960",2870,0.0262690384114951,18.5,9.5,16.0004378173069
"1961",2869,0.00360084690745685,16,8,22.0000600141151
"1962",2855,0.0262690384114951,24,13,26.0004378173069
"1963",2867,0.00471064594714972,30.5,17.5,54.0000785107658
"1964",2861,0.00392325510323525,63.5,36.5,38.0000653875851
"1965",2860,0.000669672339666257,45.5,26.5,40.0000111612057
"1966",2862,0.000669672339666257,43.5,23.5,38.0000111612057
"1967",2864,0,47.5,28.5,68
"1968",2879,0.0141348021689219,79,45,30.0002355800361
"1969",2884,0.00230321796504747,33.5,18.5,56.0000383869661
"1970",2895,0.00446524341505928,64,36,36.0000744207236
"1971",2888,0.027511703546079,44.5,26.5,74.0004585283924
"1972",2887,0.00219045392897746,86.5,49.5,32.0000365075655
"1973",2875,0.0188498625262096,34.5,18.5,42.0003141643754
"1974",2882,0.00711547734643198,48.5,27.5,68.0001185912891
"1975",2890,0.0127348946175582,83,49,54.0002122482436
"1976",2872,0.017667047886093,66,39,78.0002944507981
"1977",2871,0.00389291441972706,90,51,56.000064881907
"1978",2858,0.00446480415529894,69.5,41.5,16.0000744134026
"1979",2866,0.00224695146637092,19.5,11.5,60.0000374491911
"1980",2856,0.00471064594714972,73.5,43.5,74.0000785107658
"1981",2853,0.0015079909487769,87,50,54.0000251331825
"1982",2857,0.0015079909487769,61.5,34.5,58.0000251331825
"1983",2863,0.00373450542439598,67,38,28.0000622417571
"1984",2859,0.00601454753838526,31.5,17.5,50.000100242459
"1985",2852,0.00369564013309127,59.5,34.5,66.0000615940022
"1986",2849,0.00283152449822561,77,44,74.000047192075
"1987",2900,0.090630382189303,86,49,66.0015105063698
"1988",2947,0.152939469408502,77,44,40.0025489911568
"1989",2946,0.0669525766656764,50,30,76.0011158762778
"1990",2948,0.0428114547573711,91,53,20.000713524246
"1991",2925,0.122483491820952,25,15,28.0020413915303
"1992",2914,0.0569071627000766,29.5,15.5,54.0009484527117
"1993",2903,0.028052827542486,65,38,38.0004675471257
"1994",2921,0.0537848758175023,41.5,22.5,68.000896414597
"1995",2906,0.0550625771404184,82.5,48.5,24.000917709619
"1996",2910,0,29.5,17.5,24
"1997",2909,0.00667115036956606,26,14,50.0001111858395
"1998",2908,0,59.5,34.5,60
"1999",2907,0,73.5,43.5,52
"2000",2911,0.00667115036956606,63,37,34.0001111858395
"2001",2913,0,36,19,82
"2002",2912,0,95.5,54.5,10
"2003",2926,0.0569071627000766,11,6,36.0009484527117
"2004",2924,0.0326465152990055,43,25,40.0005441085883
"2005",2923,0.0183345787255637,44,24,48.0003055763121
"2006",2927,0.0326465152990055,53,29,42.0005441085883
"2007",2929,0,52.5,31.5,40
"2008",2937,0.0137908239903917,48,28,32.0002298470665
"2009",2930,0.0140938980561169,33.5,17.5,22.0002348983009
"2010",2902,0.0919167559958689,24.5,13.5,8.00153194593326
"2011",2922,0.0574418846719715,9.5,5.5,60.0009573647445
"2012",2931,0.167230698232101,72,42,60.0027871783039
"2013",2935,0,71,41,42
"2014",2943,0.0340014416146781,48,27,60.0005666906936
"2015",2952,0.325427403168109,75,45,70.0054237900528
"2016",2950,0.0909712786616158,81.5,46.5,20.0015161879777
"2017",2953,0.0909712786616158,20.5,10.5,74.0015161879777
"2018",2973,0.0259666157849846,85.5,48.5,26.0004327769297
"2019",2957,0.00363014253242677,27,14,52.0000605023755
"2020",2959,0.00277769886232035,61,35,4.00004629498104
"2021",2972,0.00197951241257293,4.5,2.5,34.0000329918735
"2022",2971,0,41,24,64
"2023",2970,0,74.5,42.5,78
"2024",2969,0,93,54,78
"2025",2968,0,90,51,30
"2026",2967,0,30,15,38
"2027",2966,0,46.5,27.5,10
"2028",2965,0,10,5,68
"2029",2964,0,80,46,68
"2030",2963,0,77.5,43.5,58
"2031",2962,0,68.5,39.5,88
"2032",2961,0,103,59,78
"2033",2960,0.00197951241257293,91,52,18.0000329918735
"2034",2958,0.01283976026724,20,11,60.0002139960045
"2035",2954,0.0402207807198111,71,41,28.0006703463453
"2036",2956,0.0184040955314801,32,18,26.0003067349255
"2037",2974,0.00363014253242677,32.5,19.5,10.0000605023755
"2038",2976,0.0307643830937303,11,6,44.0005127397182
"2039",2984,0.0105889971343571,55,33,8.00017648328557
"2040",2986,0,9.5,5.5,26
"2041",3001,0.0531525906382181,26.5,13.5,34.0008858765106
"2042",3000,0.0210716039688234,40.5,23.5,30.0003511933995
"2043",3002,0.0210716039688234,34,19,24.0003511933995
"2044",3004,0.00551258165916591,29,17,14.000091876361
"2045",2987,0.122831051577004,17.5,10.5,48.002047184193
"2046",2978,0.110152822719644,56,32,62.0018358803787
"2047",3015,0.71811050927408,74.5,43.5,58.0119685084879
"2048",3014,0,67.5,38.5,64
"2049",3011,0.0223211956245202,79,47,56.0003720199271
"2050",3013,0.00668430507774141,64,36,8.00011140508463
"2051",3085,0.477018530282467,10,6,10.007950308838
"2052",3087,0,12,7,50
"2053",3090,0,57.5,32.5,42
"2054",3092,0,49,28,34
"2055",3108,0.00225706868144316,38,21,16.0000376178114
"2056",3113,0,18.5,10.5,38
"2057",3115,0,41.5,22.5,36
"2058",3112,0.000461710899294181,40,22,56.0000076951817
"2059",3111,0,69.5,41.5,72
"2060",3110,0,87,51,26
"2061",3109,0,29,16,26
"2062",3116,0.000461710899294181,30.5,17.5,8.00000769518165
"2063",3123,0,10,6,56
"2064",3135,0,66.5,38.5,38
"2065",3148,0.000461711417979093,42.5,23.5,48.0000076951903
"2066",3151,0,53,29,50
"2067",3154,0,56,31,34
"2068",3147,0.000419624253002198,40,23,24.0000069937375
"2069",3146,0,26.5,14.5,44
"2070",3145,0,52.5,30.5,32
"2071",3155,0.000419624253002198,33.5,17.5,32.0000069937375
"2072",3160,0,37,21,22
"2073",3162,0.000115606684717295,24,13,36.0000019267781
"2074",3165,0,40,22,62
"2075",3171,0.00139173120374681,71,40,42.0000231955201
"2076",3166,0.00221754541330612,51.5,30.5,14.0000369590902
"2077",3164,0.00137853907537107,15,8,30.0000229756513
"2078",3163,0,30,15,36
"2079",3161,0.0011560668497468,43.5,25.5,22.0000192677808
"2080",3136,0.00166403680071235,25,14,48.0000277339467
"2081",3139,0,58,34,54
"2082",3144,0,60.5,33.5,66
"2083",3150,0.00266930417299566,81,48,22.0000444884029
"2084",3149,0,26,15,74
"2085",3167,0.00255305055008578,88.5,51.5,32.0000425508425
"2086",3176,0.0022209849350629,39.5,23.5,50.0000370164156
"2087",3181,0.00114780532982464,61,36,68.0000191300888
"2088",3185,0,82.5,48.5,48
"2089",3184,0.00245242693547144,53,29,34.0000408737823
"2090",3183,0,35,18,76
"2091",3182,0,90.5,52.5,16
"2092",3186,0.00245242693547144,17.5,9.5,34.0000408737823
"2093",3078,0.0803932900617657,40.5,23.5,64.0013398881677
"2094",3073,0.0710157296960263,77.5,45.5,74.0011835954949
"2095",3075,0.019444446804132,85.5,48.5,60.0003240741134
"2096",3077,0.0146695599422651,70.5,40.5,30.0002444926657
"2097",3187,0.0803932900617657,30,15,80.0013398881677
"2098",3192,0.271650828665672,94.5,54.5,54.0045275138111
"2099",3196,0.285640347681579,60.5,33.5,64.0047606724614
"2100",2941,0.795523425834125,74,42,42.0132587237639
"2101",2939,0.0300133121823431,49,28,44.0005002218697
"2102",2945,0.0760580555607267,47.5,25.5,86.0012676342593
"2103",2901,0.15718186717785,100,57,82.0026196977863
"2104",2899,0.0496271343147253,96,55,30.0008271189052
"2105",2878,0.0369967264866198,35,20,82.0006166121081
"2106",2892,0.0139308569772719,95.5,54.5,56.0002321809496
"2107",2894,0.0019097133719617,64,36,40.0000318285562
"2108",2885,0.00446524341505928,45,25,64.0000744207236
"2109",2865,0.0312430743294669,77.5,45.5,14.0005207179055
"2110",2868,0.00612009608675292,15.5,8.5,76.0001020016014
"2111",2873,0.00395278678415596,88.5,50.5,64.0000658797797
"2112",2881,0.00920865739864544,73.5,41.5,68.0001534776233
"2113",2880,0.00460317734545588,78,44,46.0000767196224
"2114",2889,0.00736852374746343,52.5,29.5,38.0001228087291
"2115",2876,0.0108028140326314,43.5,24.5,52.0001800469005
"2116",2893,0.0542128756273401,57.5,31.5,64.0009035479271
"2117",2877,0.052567066438468,78.5,46.5,52.000876117774
"2118",2850,0.094631588984628,61.5,35.5,30.0015771931497
"2119",2846,0.00414549937775268,34.5,19.5,26.0000690916563
"2120",2841,0.0201657614381203,26.5,13.5,48.000336096024
"2121",2845,0.00197940435172175,59,35,12.0000329900725
"2122",2842,0.00217054873584638,13.5,7.5,36.0000361758123
"2123",2830,0.00524439051975435,42,24,26.0000874065087
"2124",2823,0.00679176331729632,32,19,66.0001131960553
"2125",2828,0.000282079227918102,79.5,46.5,46.0000047013205
"2126",2843,0.0052813209485998,50,27,76.0000880220158
"2127",2851,0.0291363489824347,90,52,64.0004856058164
"2128",2827,0.0124420549296779,77,45,0.000207367582161298
"2129",2824,0.000282079227918102,0,0,44.0000047013205
"2130",2832,0.00196068589279141,53.5,31.5,20.0000326780982
"2131",2847,0.0281859680774831,23,13,56.0004697661346
"2132",2886,0.045860374481493,66.5,38.5,48.0007643395747
"2133",2874,0.0160530688394488,57.5,33.5,64.0002675511473
"2134",2844,0.0209657100948876,74,42,54.0003494285016
"2135",2831,0.00991089900423093,62.5,35.5,24.0001651816501
"2136",2825,0.00196068589279141,26.5,14.5,66.0000326780982
"2137",2829,0.0105660515921782,79.5,46.5,64.0001761008599
"2138",2820,0.0111489413331355,74.5,42.5,34.0001858156889
"2139",2826,0.0223549701208056,42,25,62.0003725828353
"2140",2891,0.0351938609177443,73,42,40.0005865643486
"2141",2883,0.0523448078344888,43.5,23.5,50.0008724134639
"2142",2896,0.0838099073834659,60,35,76.0013968317897
"2143",2898,0.00524580722449385,87.5,49.5,46.0000874301204
"2144",2735,0.290414751412307,51,28,24.0048402458569
"2145",2738,0.000963162845691549,24,12,26.0000160527141
"2146",2744,0.025916542395552,28,15,54.0004319423733
"2147",2772,0.0718677584625032,64,37,18.0011977959744
"2148",2791,0.0426927655441796,22,13,30.0007115460924
"2149",2764,0.0720743398182545,32.5,17.5,42.001201238997
"2150",2795,0.0889400295536465,52,31,14.0014823338259
"2151",2801,0.00809733647854905,15.5,8.5,52.000134955608
"2152",2727,0.227607085312598,60,34,28.0037934514219
"2153",2724,0.00103019115388585,31.5,17.5,62.0000171698526
"2154",2726,0.000501316100328741,71,40,70.0000083552683
"2155",2723,0.00109856466217158,81,46,42.000018309411
"2156",2728,0.00103019115388585,49,28,74.0000171698526
"2157",2720,0.00295086796722136,86.5,49.5,34.0000491811328
"2158",2722,0,42,25,68
"2159",2721,0,78.5,44.5,52
"2160",2718,0.00149942330438313,59,33,12.0000249903884
"2161",2693,0.00148346938832153,13,7,52.0000247244898
"2162",2697,0.000115638475105321,62.5,36.5,40.0000019273079
"2163",2699,0.000125329070327699,43,23,38.0000020888178
"2164",2705,0.000282036903440352,45.5,26.5,56.0000047006151
"2165",2692,0.000923616761088995,67,39,86.0000153936127
"2166",2690,0.000655329961572658,100.5,57.5,38.000010922166
"2167",2689,0.000751974120536012,45.5,26.5,32.000012532902
"2168",2687,0.00139210523804832,38.5,22.5,34.000023201754
"2169",2702,0.00189811215172635,36.5,19.5,68.0000316352025
"2170",2696,0.000250658149499682,77.5,43.5,70.0000041776358
"2171",2701,5.78192373687632e-05,80.5,45.5,56.000000963654
"2172",2713,0.00160848223008342,62.5,34.5,66.0000268080372
"2173",2715,0,79.5,46.5,62
"2174",2717,0.000222389854168448,70.5,39.5,28.0000037064976
"2175",2712,0.00105917868083231,33.5,19.5,78.000017652978
"2176",2709,0.000353059562684253,90,51,78.000005884326
"2177",2711,0,93,54,40
"2178",2700,0.000346915355324007,50,30,54.0000057819226
"2179",2694,0.000173457712474084,65,38,62.0000028909619
"2180",2707,0.000412077101520626,70.5,39.5,64.0000068679517
"2181",2710,0.000125329072073144,72.5,40.5,60.0000020888179
"2182",2708,0.000125329072073144,69.5,39.5,20.0000020888179
"2183",2695,0.000687690262396648,22,12,52.0000114615044
"2184",2704,0.000206038578582827,57.5,31.5,16.0000034339763
"2185",2698,0.000811997719933678,16.5,8.5,80.0000135332953
"2186",2703,0.000338558519839525,92.5,52.5,38.000005642642
"2187",2688,0.00277059561095385,42.5,23.5,12.0000461765935
"2188",2691,0.000751974120536012,15,9,6.00001253290201
"2189",2706,0.000923616761088995,6,3,58.0000153936127
"2190",2714,0.00556725747288764,70,41,54.0000927876245
"2191",2716,0.00155672897352055,63,36,50.0000259454829
"2192",2725,0.00194937504302154,59,34,34.0000324895841
"2193",2719,0.00480044880149388,42.5,25.5,58.00008000748
"2194",2729,0.00295086796722136,66,37,76.0000491811328
"2195",2733,0.0290724963299005,89,51,10.0004845416055
"2196",2625,0.350031942070168,11,6,40.0058338657012
"2197",2656,0.341794498613267,48,28,64.0056965749769
"2198",2663,0.00512068877219564,76,44,78.0000853448129
"2199",2667,0.000728598889909339,92,53,34.0000121433148
"2200",2675,0,39,22,42
"2201",2664,0.000867286648073082,49,28,82.0000144547775
"2202",2666,0.00040473366437021,97,56,56.0000067455611
"2203",2676,0.000282036683448998,67.5,39.5,28.0000047006114
"2204",2678,0.000444779705507603,30,16,22.0000074129951
"2205",2686,0.00668771085962226,27.5,16.5,12.0001114618477
"2206",2685,0,12,6,32
"2207",2684,0,37,21,10
"2208",2683,0,10.5,5.5,14
"2209",2682,0,15,8,8
"2210",2681,0,9.5,5.5,26
"2211",2680,0,32,19,66
"2212",2677,0.00205426187206522,76.5,43.5,60.0000342376979
"2213",2674,0.000173457264889997,71.5,41.5,64.0000028909544
"2214",2673,0,76,44,62
"2215",2672,0,74,43,24
"2216",2671,0,28,16,52
"2217",2670,0,61,35,34
"2218",2669,0,42.5,25.5,58
"2219",2668,0,69.5,40.5,38
"2220",2665,0.000873386506519023,42,23,54.0000145564418
"2221",2659,0.00753701683041438,62,35,18.0001256169472
"2222",2658,0.00285635417903351,19.5,10.5,36.000047605903
"2223",2660,0.0047331221664599,38,20,10.0000788853694
"2224",2662,0.00164172674782831,12,7,74.0000273621125
"2225",2657,0.00512068877219564,88.5,51.5,46.0000853448129
"2226",2661,0.00712327825030124,52,29,66.0001187213042
"2227",2679,0.0203661756860353,76,43,26.0003394362614
"2228",2651,0.147041157867835,26.5,13.5,44.0024506859645
"2229",2653,0.00291454248283473,54,32,30.000048575708
"2230",2655,0.0105440445450548,35.5,20.5,40.0001757340758
"2231",2731,0.0195753409690432,44,24,78.0003262556828
"2232",2767,0.257021978135695,92.5,53.5,28.0042836996356
"2233",2770,0.00406219449027649,33,19,20.0000677032415
"2234",2768,0.00723797491983913,21.5,11.5,40.0001206329153
"2235",2732,0.271603243373527,45,25,62.0045267207229
"2236",2730,0.0290724963299005,73.5,42.5,24.0004845416055
"2237",2650,0.293821973443411,27,15,64.0048970328907
"2238",2802,0.347062113653667,78.5,46.5,70.0057843685609
"2239",2806,0.00539138893047857,85,50,40.0000898564822
"2240",2803,0.00539138893047857,44.5,24.5,44.0000898564822
"2241",2805,0.063330780562474,53,31,50.0010555130094
"2242",2822,0.0197982404550897,56,31,28.0003299706743
"2243",2789,0.159190504095883,34.5,20.5,22.0026531750683
"2244",2763,0.0622097669595036,25,14,36.0010368294493
"2245",2649,0.178211720963801,44,26,70.0029701953494
"2246",2572,0.358773494433558,84.5,49.5,20.0059795582406
"2247",2548,0.0589231560815972,24,14,78.0009820526014
"2248",2547,0.0034848058703261,92,53,34.0000580800978
"2249",2537,0.16164797641205,39,22,42.0026941329402
"2250",2629,0.260655899642518,45,24,58.004344264994
"2251",2641,0.132409631820144,69.5,40.5,62.002206827197
"2252",2637,0.0787868699086582,73.5,42.5,62.0013131144985
"2253",2434,0.549169019102282,74.5,43.5,64.009152816985
"2254",2437,0.000476697676522706,78,46,36.0000079449613
"2255",2439,0.000991293936822827,42.5,24.5,22.0000165215656
"2256",2475,0.378913654372066,23,12,66.0063152275729
"2257",2452,0.0204327425485308,78,45,38.0003405457091
"2258",2457,0.00208773968242725,46.5,27.5,40.0000347956614
"2259",2453,0.00208773968242725,42.5,22.5,26.0000347956614
"2260",2461,0.0164515642981947,28.5,15.5,48.0002741927383
"2261",2454,0.00390054319602485,56,32,88.0000650090533
"2262",2444,0.0451942633588672,103,59,40.0007532377226
"2263",2432,0.0559499353823876,49,29,36.000932498923
"2264",2450,0.198289107673364,40.5,22.5,34.0033048184612
"2265",2448,0.00306157509394529,38.5,21.5,20.0000510262516
"2266",2447,0.00338720224165957,22,12,26.0000564533707
"2267",2435,0.0227335189913972,32.5,19.5,70.0003788919832
"2268",2438,0.00469313558049083,85,50,46.0000782189263
"2269",2436,0.0047835973613265,54.5,31.5,18.0000797266227
"2270",2378,0.520807909509226,18.5,9.5,42.0086801318252
"2271",2292,0.29022613871095,48.5,27.5,24.0048371023118
"2272",2211,0.291190826228698,28.5,16.5,8.00485318043714
"2273",2230,0.409794623347802,8,4,82.0068299103891
"2274",2298,0.196729663318984,95.5,54.5,34.003278827722
"2275",2325,0.0547875784248709,39,22,52.0009131263071
"2276",2327,0.00778450668317756,59.5,33.5,66.0001297417781
"2277",2329,0.00100242878709075,77.5,44.5,74.0000167071464
"2278",2321,0.0241559536422216,88.5,51.5,78.0004025992274
"2279",2347,0.122775774283372,90.5,51.5,38.0020462629047
"2280",2345,0.00696801171479655,42,23,70.0001161335286
"2281",2299,0.0618609993287347,85,50,52.0010310166555
"2282",2289,0.0679301893625667,62,36,48.0011321698227
"2283",2281,0.0251992422608679,60,36,44.000419987371
"2284",2297,0.0563966433151353,47.5,25.5,58.0009399440552
"2285",2231,0.196729663318984,65.5,36.5,64.003278827722
"2286",2226,0.291912994544864,72.5,40.5,56.0048652165757
"2287",2225,0.0647549133370819,69,41,70.0010792485556
"2288",2227,0.0089708076180266,83,48,34.0001495134603
"2289",2229,0.00467018691773236,40.5,23.5,20.0000778364486
"2290",2212,0.409794623347802,20.5,10.5,62.0068299103891
"2291",2209,0.00529942018915323,70,39,48.0000883236698
"2292",2142,0.194764901956229,55,31,48.0032460816993
"2293",2147,0.00825099395104005,55.5,31.5,14.0001375165659
"2294",2141,0.00635757850871856,16.5,9.5,22.0001059596418
"2295",2030,0.139739919663969,27,16,40.0023289986611
"2296",2035,0.0584201719024603,49.5,29.5,38.0009736695317
"2297",2167,0.287252090285159,46.5,27.5,48.0047875348381
"2298",2186,0.0399085477976464,59.5,35.5,48.0006651424633
"2299",2191,0.00645849904803913,57,33,66.0001076416508
"2300",2193,0.00196606323793377,80.5,47.5,22.0000327677206
"2301",2192,0.00354539598234393,27.5,16.5,36.000059089933
"2302",2194,0.00176558719384471,42,24,14.0000294264532
"2303",2190,0.00518834887837564,16,9,30.0000864724813
"2304",2189,0.00527123075844863,36.5,21.5,38.000087853846
"2305",2188,0.00326137625308406,41.5,22.5,82.0000543562709
"2306",2187,0.0102215598999977,96.5,55.5,20.0001703593317
"2307",2198,0.0255900876985718,25,15,62.0004265014616
"2308",2168,0.187337125608799,71,40,52.0031222854268
"2309",2166,0.136157625233831,58.5,32.5,62.0022692937539
"2310",1731,0.43259894698756,75.5,44.5,74.0072099824498
"2311",1726,0.00985100633518087,88,51,44.0001641834389
"2312",1681,0.0584880410111175,47.5,25.5,36.0009748006835
"2313",1695,0.0239399909734595,41.5,23.5,28.0003989998496
"2314",1697,0.0012607952663775,31.5,17.5,54.0000210132544
"2315",1706,0.0201581357665716,66,39,34.0003359689294
"2316",1698,0.0102304015433315,42,25,8.00017050669239
"2317",1689,0.0111566993894818,9.5,5.5,46.0001859449898
"2318",1713,0.0664581079921708,51.5,28.5,28.0011076351332
"2319",1717,0.00141251574126676,30,16,60.000023541929
"2320",1710,0.00265062413520669,69.5,39.5,46.0000441770689
"2321",1719,0.0176962201843022,57.5,34.5,72.0002949370031
"2322",1566,0.123063262574016,85,49,44.0020510543762
"2323",1571,0.00627051465483873,54.5,32.5,40.0001045085776
"2324",1567,0.00699634584869518,47,27,32.0001166057641
"2325",1554,0.0325113308928656,38.5,22.5,42.0005418555149
"2326",1537,0.0372826996713695,52.5,31.5,30.0006213783279
"2327",1570,0.0399994114363372,32,17,32.0006666568573
"2328",1538,0.0449198550665286,37,21,76.0007486642511
"2329",1361,0.0849978503539849,90,52,20.0014166308392
"2330",1331,0.102432902338403,24.5,14.5,68.001707215039
"2331",1237,0.0517467349462586,78,44,50.0008624455824
"2332",1332,0.057729285775198,58.5,33.5,50.0009621547629
"2333",1320,0.0169738032284423,62.5,37.5,10.0002828967205
"2334",1323,0,10,5,26
"2335",1243,0.043057962675885,31.5,18.5,50.0007176327113
"2336",1177,0.214185518396576,57,32,10.0035697586399
"2337",1272,0.109178524550065,12,7,40.0018196420758
"2338",1275,0.000564494860781308,45.5,25.5,56.0000094082477
"2339",1282,0.00145980567446713,66.5,38.5,42.0000243300946
"2340",1287,0.00196707914641226,51,30,26.0000327846524
"2341",1291,0.0038792140996526,26.5,13.5,68.0000646535683
"2342",1280,0.00902948855929172,78,44,36.000150491476
"2343",1284,0.000936117511830556,43.5,25.5,56.0000156019585
"2344",1274,0.00527553423760736,66.5,38.5,12.0000879255706
"2345",1266,0.00208767855681896,13.5,7.5,78.0000347946426
"2346",1276,0.00171476314566257,90.5,51.5,8.00002857938576
"2347",1285,0.00397143246233786,9,5,40.000066190541
"2348",1288,0.0056105246524075,48.5,28.5,60.0000935087442
"2349",1294,0.00317026349966927,69.5,39.5,36.000052837725
"2350",1296,0.000704034139986077,39.5,21.5,38.0000117339023
"2351",1298,0.00776830683074962,40.5,21.5,62.0001294717805
"2352",1242,0.0207355061767063,70.5,39.5,52.0003455917696
"2353",1225,0.0201970279187482,63.5,37.5,62.000336617132
"2354",1221,0.00907160966143759,74.5,43.5,30.0001511934944
"2355",1200,0.0235350626936315,33.5,18.5,74.0003922510449
"2356",1202,0.00171291416168168,85,48,18.0000285485694
"2357",1204,0.000125382520369902,19.5,10.5,56.0000020897087
"2358",1210,0.00959628293564053,69,41,32.0001599380489
"2359",1215,0.00816191852820521,35.5,19.5,34.0001360319755
"2360",1220,0.0160391323582801,37.5,20.5,42.0002673188726
"2361",1226,0.00907160966143759,51.5,30.5,66.0001511934944
"2362",1250,0.0388269799029254,77,44,68.0006471163317
"2363",1253,0.00652827566470475,79.5,45.5,36.0001088045944
"2364",1259,0.0010061446590436,43,25,32.0000167690777
"2365",1252,0.00169472333594948,40,24,40.0000282453889
"2366",1270,0.0027752202306491,44,24,54.0000462536705
"2367",1278,0.00611261988729177,60,33,66.0001018769981
"2368",1245,0.00828445002858287,76.5,43.5,58.0001380741671
"2369",1236,0.00563911486782886,69,40,30.0000939852478
"2370",1238,0.0162519275839313,33.5,18.5,24.0002708654597
"2371",1232,0.00924306615103521,28.5,16.5,42.0001540511025
"2372",1241,0.00947385946109926,49.5,28.5,86.0001578976577
"2373",1247,0.0207717909167762,100.5,57.5,4.00034619651528
"2374",1249,0,4.5,2.5,40
"2375",1248,0,42.5,22.5,60
"2376",1227,0.0388269799029254,71,41,66.0006471163317
"2377",1154,0.0738749745042795,81,48,60.0012312495751
"2378",1151,0.00123412073930216,69.5,39.5,82.000020568679
"2379",1147,0.00305170837982181,95,54,20.0000508618063
"2380",1155,0.00859794441157507,24,14,32.0001432990735
"2381",1153,0.00160603280364339,33.5,17.5,26.0000267672134
"2382",1152,0.00254321140629628,32.5,19.5,72.0000423868568
"2383",1156,0.00160603280364339,86,50,28.0000267672134
"2384",1162,0.000730823226695521,29.5,15.5,44.0000121803871
"2385",1123,0.0190158834100894,49.5,27.5,38.0003169313902
"2386",1161,0.0184316005471853,46,27,68.0003071933425
"2387",1157,0.000730823226695521,81,47,50.0000121803871
"2388",1159,0,58.5,33.5,52
"2389",1158,0.00111798128031626,62,36,48.0000186330213
"2390",1160,0.00111798128031626,53,29,80.0000186330213
"2391",1166,0.00362389011142636,94.5,54.5,80.0000603981685
"2392",1170,0.00804585941901574,92.5,52.5,36.000134097657
"2393",1149,0.0132759861292685,42.5,24.5,84.0002212664355
"2394",1148,0.00889396418182968,99,57,58.0001482327364
"2395",1145,0.00345275478681657,65.5,36.5,30.0000575459131
"2396",1144,0.00281525534642663,31.5,16.5,62.0000469209224
"2397",1171,0.0162334752634753,70.5,39.5,62.0002705579211
"2398",1168,0.0232862828218182,73,42,24.0003881047137
"2399",1167,0.0163328027563947,28.5,16.5,32.0002722133793
"2400",1172,0.0232862828218182,36.5,20.5,16.0003881047137
"2401",1223,0.0436813045649548,18,10,54.0007280217427
"2402",1194,0.0318431052139146,61.5,34.5,6.00053071842023
"2403",1208,0.0115848180155221,7,4,64.0001930803002
"2404",1205,0.0133773338210935,78,46,64.0002229555637
"2405",1201,0.0195195291577629,73.5,41.5,60.000325325486
"2406",1203,0.00604209603044069,73.5,43.5,60.0001007016005
"2407",1206,0.0253050627737699,67.5,37.5,68.0004217510462
"2408",1199,0.0185286547841153,77.5,43.5,74.0003088109131
"2409",1197,0.00634374137338229,87.5,50.5,24.0001057290229
"2410",1188,0.0170726129303852,25,13,70.0002845435488
"2411",1184,0.0110756708953348,82,47,90.0001845945149
"2412",1213,0.0246174268892013,105,60,62.0004102904482
"2413",1219,0.0140603262670799,71,40,54.0002343387711
"2414",1216,0.0160391323582801,66.5,39.5,30.0002673188726
"2415",1207,0.023134771010842,36.5,21.5,58.0003855795168
"2416",1195,0.0115848180155221,70.5,41.5,62.0001930803003
"2417",1193,0.00150709035529549,74.5,43.5,48.0000251181726
"2418",1189,0.00639230557957942,55.5,31.5,36.0001065384263
"2419",1191,0,39.5,21.5,80
"2420",1173,0.0925637033810252,92.5,52.5,26.0015427283897
"2421",1183,0.0165443713791306,30,17,62.000275739523
"2422",1179,0.00272314920501091,75,44,50.0000453858201
"2423",1181,0,57.5,32.5,30
"2424",1180,0.00604218558992511,31,16,34.0001007030932
"2425",1175,0.00169527725620782,35.5,18.5,8.00002825462094
"2426",1114,0.0426470889767605,9.5,5.5,50.0007107848163
"2427",1108,0.00447654615657197,59,34,60.0000746091026
"2428",1122,0.00417070713066432,71,41,50.0000695117855
"2429",1104,0.0182457125931306,57.5,32.5,44.0003040952099
"2430",982,0.0671752290896366,48.5,26.5,28.0011195871515
"2431",981,0.00336461726313415,33.5,19.5,58.0000560769544
"2432",1105,0.0671752290896366,69,40,38.0011195871515
"2433",1095,0.019994058202605,47.5,28.5,36.0003332343034
"2434",1097,0.00192206445496088,38.5,20.5,50.0000320344076
"2435",1096,0.00382070458092514,58,33,84.0000636784097
"2436",1098,0.00554762314930806,99,57,28.0000924603858
"2437",1111,0.00611432088454734,33.5,19.5,0.000101905348075789
"2438",1109,0.00473410926377627,0,0,54.0000789018211
"2439",1115,0.005616287694915,62.5,35.5,16.0000936047949
"2440",1118,0.000111194927084224,16.5,8.5,18.0000018532488
"2441",1116,0.000115903858513557,21.5,12.5,54.000001931731
"2442",1119,0.000160617607514406,62.5,35.5,52.0000026769601
"2443",1117,0.000365058418107923,60,34,56.000006084307
"2444",1120,0.000365058418107923,63.5,35.5,64.000006084307
"2445",1106,0.0312590342708604,73,41,78.0005209839045
"2446",1037,0.0410516607414182,90,51,76.0006841943457
"2447",989,0.0749358371956199,88,50,20.0012489306199
"2448",983,0.00437452331780954,21.5,11.5,56.000072908722
"2449",967,0.00699841844165792,63.5,35.5,88.0001166403074
"2450",971,0.00973003486531567,102.5,58.5,12.0001621672478
"2451",984,0.0313283634725655,15,9,50.0005221393912
"2452",1004,0.0141564686186432,56,31,56.0002359411436
"2453",1042,0.0242655316821904,68,40,16.000404425528
"2454",931,0.0582724913371264,16,8,54.000971208189
"2455",935,0.006650329597307,60,33,64.0001108388266
"2456",955,0.0126045472689683,78.5,46.5,66.0002100757878
"2457",914,0.0456736882411929,75,42,72.0007612281373
"2458",913,0.000830555645677712,83.5,47.5,34.0000138425941
"2459",956,0.0456736882411929,36,19,36.0007612281373
"2460",979,0.0416761411923811,43,25,40.0006946023532
"2461",998,0.015900758870456,45,25,54.0002650126478
"2462",1002,0.00659140706738167,60,33,18.0001098567845
"2463",1010,0.00249840149725147,21,12,30.000041640025
"2464",974,0.0253197901720142,36.5,21.5,82.0004219965029
"2465",973,0.000933998185912664,96.5,55.5,68.0000155666364
"2466",952,0.0214581847655371,79,45,68.0003576364128
"2467",954,0,82,48,62
"2468",936,0.0126045472689683,71,40,62.0002100757878
"2469",1138,0.0938082350669112,74.5,43.5,46.0015634705844
"2470",1135,0.00123404922490204,50.5,27.5,38.0000205674871
"2471",1143,0.00315937299821463,46,27,46.0000526562166
"2472",1146,0.00281525534642663,53.5,30.5,52.0000469209224
"2473",1141,0.00722921559384417,63,37,44.0001204869266
"2474",1136,0.00491789814361152,50,28,22.0000819649691
"2475",937,0.0938082350669112,26.5,15.5,40.0015634705844
"2476",951,0.0128043129346082,47,27,52.0002134052156
"2477",939,0.00876634962154212,58.5,32.5,32.000146105827
"2478",961,0.0120083432007182,33.5,17.5,26.0002001390533
"2479",960,0.000897079503980929,26.5,13.5,56.0000149513251
"2480",962,0.000160623767932495,63.5,35.5,38.0000026770628
"2481",976,0.0169005634150071,41,22,62.0002816760569
"2482",993,0.00643729725523358,73,42,14.0001072882876
"2483",1000,0.00687540620026293,17.5,10.5,6.00011459010334
"2484",999,0.00659140706738167,6,3,68.0001098567845
"2485",995,0.00521887078287313,80,46,52.0000869811797
"2486",994,0.0114084373270167,63.5,37.5,40.0001901406221
"2487",977,0.0126412320615042,46.5,26.5,44.000210687201
"2488",963,0.0760344920614017,47.5,25.5,44.0012672415344
"2489",969,0.00661007635251751,50.5,28.5,46.0001101679392
"2490",966,0.0099640079780899,56,33,54.0001660667996
"2491",972,0.03521029366612,63,36,34.0005868382278
"2492",975,0.000933998185912664,39.5,22.5,28.0000155666364
"2493",929,0.0374321778821201,33.5,19.5,40.0006238696314
"2494",854,0.0626734715292559,48,28,66.0010445578588
"2495",858,0.00196760324600681,76,43,60.0000327933874
"2496",850,0.0029973237535247,72.5,42.5,22.0000499553959
"2497",843,0.00225878850514434,24.5,13.5,50.0000376464751
"2498",845,0,60.5,35.5,26
"2499",849,0,32.5,19.5,66
"2500",848,0,81,48,62
"2501",847,0,76,45,72
"2502",846,0,86.5,50.5,20
"2503",852,0.00262240050550364,21,11,18.0000437066751
"2504",842,0.00409906158448373,22,13,18.0000683176931
"2505",851,0.00225878850514434,18,9,2.00003764647509
"2506",855,0.00213876638616143,2,1,60.0000356461064
"2507",859,0.00321848410901551,74.5,44.5,44.0000536414018
"2508",861,0.00122314419226788,54.5,32.5,42.0000203857365
"2509",860,0.00935835693367492,50,29,44.0001559726156
"2510",844,0.00465880989990693,54,32,38.0000776468317
"2511",864,0.00644440883290101,42.5,23.5,44.0001074068139
"2512",926,0.0392222353680531,48,26,56.0006537039228
"2513",933,0.00964581538748271,69,41,66.0001607635898
"2514",927,0.0141428014067835,75,42,30.0002357133568
"2515",911,0.010863062292022,36,21,6.0001810510382
"2516",907,0.00310878220942916,6,3,20.0000518130368
"2517",902,0.00346247073686833,21.5,11.5,24.0000577078456
"2518",904,0.000501568439160949,24.5,12.5,68.000008359474
"2519",903,0.000919270283882873,80,46,40.0000153211714
"2520",905,0.000444779705507603,46.5,26.5,50.0000074129951
"2521",912,0.00310878220942916,59,34,18.0000518130368
"2522",915,0.000830555645677712,18,9,26.0000138425941
"2523",826,0.229405317544857,31.5,18.5,16.0038234219591
"2524",829,0.00284493680413443,16,8,42.0000474156134
"2525",831,0.00268295882407698,52,31,58.0000447159804
"2526",833,0,65,36,56
"2527",837,0.0041408861188954,62.5,34.5,56.0000690147686
"2528",836,0.00677170946693647,66.5,38.5,56.0001128618244
"2529",834,0.0041408861188954,66,38,32.0000690147686
"2530",862,0.012305133092619,35,19,0.00020508555154365
"2531",857,0.0113137584564852,0,0,38.0001885626409
"2532",856,0.00704572487782675,46,27,64.000117428748
"2533",863,0.0113137584564852,79,47,84.0001885626409
"2534",835,0.0233335820480452,97.5,55.5,28.0003888930341
"2535",838,0.00677170946693647,33.5,19.5,34.0001128618244
"2536",821,0.0376501013995511,38,21,68.00062750169
"2537",1009,0.126253945822707,80.5,46.5,50.0021042324304
"2538",1003,0.00249840149725147,56.5,31.5,62.000041640025
"2539",985,0.0141564686186432,72,41,40.0002359411436
"2540",959,0.0118469306669462,44.5,24.5,26.0001974488444
"2541",958,0.000786947879866803,29.5,16.5,70.000013115798
"2542",986,0.0118469306669462,82,47,38.0001974488444
"2543",988,0,47,28,34
"2544",1038,0.0749358371956199,42,25,34.0012489306199
"2545",1034,0.0344296158195151,42,25,38.0005738269303
"2546",1014,0.00541539549195402,40,21,34.0000902565915
"2547",1013,0.000111194927084224,36,19,18.0000018532488
"2548",1015,0.000111194927084224,18.5,9.5,86.0000018532488
"2549",1017,0.000567906632364957,101,58,60.0000094651105
"2550",1050,0.012027434443782,75,45,86.0002004572407
"2551",1035,0.00853072962621823,100,57,62.0001421788271
"2552",1044,0.00360881347787947,76,45,30.0000601468913
"2553",1033,0.0100786907870892,30.5,15.5,54.0001679781798
"2554",1018,0.00652496423234853,62,35,48.0001087494039
"2555",1021,0.000786950688489752,55,31,60.0000131158448
"2556",1023,0,68.5,38.5,66
"2557",997,0.00836478345216516,80,47,24.0001394130575
"2558",990,0.0111077457936734,29.5,17.5,34.0001851290966
"2559",1127,0.0853051427354788,40,23,56.0014217523789
"2560",1129,0.001455963195844,68.5,40.5,30.0000242660533
"2561",1132,0,30.5,15.5,34
"2562",1128,0.00302235399907327,41.5,24.5,28.0000503725667
"2563",1131,0.00122314419509717,29,15,28.0000203857366
"2564",1130,0,31.5,17.5,60
"2565",1139,0.00328277862932399,73,43,52.0000547129772
"2566",1384,0.198707285184599,61,35,76.0033117880864
"2567",1387,0.00535332300572405,90,52,34.0000892220501
"2568",1395,0.0150319586907006,39.5,22.5,50.0002505326448
"2569",1356,0.0751463754508181,62.5,37.5,72.0012524395908
"2570",1403,0.0451603158054327,83.5,47.5,48.0007526719301
"2571",1212,0.146179444377403,56.5,32.5,52.002436324073
"2572",1218,0.00674455539346792,58.5,32.5,76.0001124092566
"2573",1214,0.0140603262670799,87.5,49.5,22.0002343387711
"2574",1211,0.00816191852820521,23.5,12.5,28.0001360319755
"2575",1134,0.0541135396824805,33.5,19.5,44.000901892328
"2576",1133,0.00619619464526972,52,30,54.0001032699108
"2577",1142,0.0193902675575662,60,33,22.000323171126
"2578",1125,0.0218134469050854,23.5,12.5,22.0003635574484
"2579",1099,0.022155619049037,25,14,70.0003692603175
"2580",1110,0.00795487302094229,81,46,54.000132581217
"2581",1126,0.0160712246197141,61.5,34.5,60.0002678537437
"2582",1174,0.0304005437341812,70.5,40.5,58.0005066757289
"2583",1182,0.00681787872974323,69.5,40.5,34.0001136313122
"2584",1198,0.028569516540293,40,23,50.000476158609
"2585",1224,0.0339500185943869,58.5,33.5,28.0005658336432
"2586",1222,0.0412858981060201,31,17,66.0006880983018
"2587",1233,0.0374698093966878,75,42,40.0006244968233
"2588",1230,0.00271601547154591,45,25,34.0000452669245
"2589",1235,0.0146808614620618,40.5,23.5,14.0002446810244
"2590",1246,0.00563911486782886,16.5,9.5,10.0000939852478
"2591",1240,0.00669941717966096,10,5,32.000111656953
"2592",1234,0.0155196375341054,36,20,46.0002586606256
"2593",1229,0.00617543639691455,55,32,10.0001029239399
"2594",1251,0.0117413118190566,10,5,24.0001956885303
"2595",1375,0.0918491637531658,29,17,36.0015308193959
"2596",1192,0.187107441997733,44.5,26.5,8.00311845736663
"2597",1196,0.00150709035529549,9,5,38.0000251181726
"2598",1217,0.0312479204820181,44,25,24.0005207986747
"2599",1185,0.0270879447116458,24,12,64.0004514657452
"2600",1169,0.0165389489970631,73.5,41.5,58.0002756491499
"2601",1186,0.021948102315357,72,43,56.0003658017053
"2602",1190,0.004932499925794,66.5,38.5,82.0000822083321
"2603",1187,0.004932499925794,96,55,48.0000822083321
"2604",1121,0.063902591620588,52.5,28.5,16.0010650431937
"2605",1092,0.0283773224957737,19.5,11.5,78.0004729553749
"2606",1094,0.0055706218337704,91,52,24.0000928436972
"2607",991,0.0802609009524867,27.5,15.5,48.0013376816825
"2608",918,0.044082097217791,58,34,64.0007347016203
"2609",900,0.00698878028884735,78.5,46.5,50.0001164796715
"2610",920,0.0116176235616523,61.5,36.5,36.0001936270594
"2611",923,0.00669207688193441,38,20,60.0001115346147
"2612",922,0.0058561010811131,68,38,2.00009760168469
"2613",924,0.00571347425084003,2,1,28.0000952245708
"2614",932,0.00688248755782319,33,19,54.000114708126
"2615",934,0.00523130128364158,65,38,14.0000871883547
"2616",941,0.00589254663548076,14.5,7.5,20.0000982091106
"2617",948,0.0033352243777489,20.5,10.5,30.000055587073
"2618",947,0.00073055858705407,35.5,20.5,20.0000121759765
"2619",942,0.0033352243777489,23.5,13.5,20.000055587073
"2620",946,0.0019801540507745,22.5,12.5,76.0000330025675
"2621",949,0.00073055858705407,90,52,76.0000121759765
"2622",1011,0.0739665485765484,91,53,46.0012327758096
"2623",1051,0.0139874050862753,52.5,29.5,76.0002331234181
"2624",1082,0.0134064806081166,88.5,50.5,20.0002234413435
"2625",1029,0.0282483973094492,20.5,10.5,18.0004708066218
"2626",1020,0.000883187007384996,22.5,13.5,46.0000147197835
"2627",1019,0.000786950688489752,54.5,31.5,24.0000131158448
"2628",1022,0.00133934948437354,27,15,34.0000223224914
"2629",1025,0.00033856734017142,41,24,36.000005642789
"2630",1027,0.00200234513201791,38.5,20.5,38.0000333724189
"2631",1008,0.00497266678427453,44.5,25.5,68.0000828777797
"2632",1083,0.0337081118436587,81.5,47.5,46.0005618018641
"2633",1085,0,54,31,60
"2634",1087,0,72,42,12
"2635",1090,0,12,6,80
"2636",1006,0.0330436464162483,95,55,62.0005507274403
"2637",965,0.039088697431931,76,45,46.0006514782905
"2638",970,0.0099640079780899,51,28,26.0001660667996
"2639",968,0.00973003486531567,31,18,30.0001621672478
"2640",964,0.00661007635251751,37.5,22.5,40.0001101679392
"2641",938,0.0175269388180308,44.5,24.5,32.000292115647
"2642",910,0.0164665499638516,37.5,21.5,48.0002744424994
"2643",894,0.00540741124687753,54,30,22.0000901235208
"2644",884,0.00347893388520834,27.5,16.5,78.0000579822314
"2645",881,0.00289637500590416,91,52,34.0000482729168
"2646",906,0.00820988663655594,35.5,18.5,64.0001368314439
"2647",897,0.00841040470496489,75,43,30.0001401734118
"2648",908,0.0068343280547111,33,18,26.0001139054676
"2649",919,0.00380483421951986,27.5,14.5,56.0000634139037
"2650",925,0.00803198052728667,62.5,34.5,24.0001338663421
"2651",901,0.0228900545787314,25.5,13.5,38.0003815009096
"2652",898,0.00338709721657738,47.5,28.5,64.0000564516203
"2653",878,0.0106818497369895,78.5,46.5,56.0001780308289
"2654",953,0.0497930072063941,66.5,38.5,52.0008298834534
"2655",1001,0.025979209252905,58.5,32.5,78.0004329868209
"2656",1007,0.0583983082161297,91.5,52.5,44.0009733051369
"2657",1078,0.0536660203036531,52.5,30.5,20.0008944336717
"2658",1080,0.00036513368624239,21,11,58.0000060855614
"2659",1084,0.00382564969294322,70.5,41.5,62.0000637608282
"2660",1086,0.00046269958644403,71,40,68.0000077116598
"2661",1089,0.000420711275698732,82,48,12.0000070118546
"2662",1088,0,14.5,8.5,64
"2663",1081,0.00463848419714954,73.5,41.5,12.00007730807
"2664",1052,0.0134064806081166,14.5,8.5,48.0002234413435
"2665",1049,0.00637411682321808,53,29,64.0001062352804
"2666",1039,0.0368098535719274,72.5,40.5,48.0006134975595
"2667",987,0.0256257397701471,52.5,28.5,76.0004270956628
"2668",1040,0.0256257397701471,87.5,49.5,38.0004270956628
"2669",1012,0.0103186372797873,47.5,28.5,54.000171977288
"2670",1045,0.0266890464734716,66,39,46.0004448174412
"2671",1048,0.053170926981083,54,31,66.0008861821163
"2672",1053,0.00637411682321808,79.5,46.5,52.0001062352804
"2673",943,0.0531041119193375,63,37,44.000885068532
"2674",945,0.00756679755178733,50.5,28.5,44.0001261132925
"2675",940,0.0223289631022357,52.5,30.5,18.000372149385
"2676",1054,0.0540357736772254,18.5,9.5,46.000900596228
"2677",1047,0.0189015400357709,50,27,28.0003150256673
"2678",1046,0.053170926981083,31.5,17.5,64.0008861821163
"2679",1055,0.0189015400357709,77.5,45.5,10.0003150256673
"2680",1066,0.000841727626622104,12.5,7.5,28.0000140287938
"2681",1069,0.000111194927084224,33,19,56.0000018532488
"2682",1072,0.000111194927084224,62.5,34.5,20.0000018532488
"2683",1075,0,25,15,78
"2684",1071,5.79869565487512e-05,92,53,18.0000009664493
"2685",1076,5.79869565487512e-05,19.5,10.5,76.0000009664493
"2686",1070,0.00102728235077055,89.5,51.5,62.0000171213725
"2687",1074,0.000889559413844498,75.5,44.5,30.0000148259902
"2688",1073,0,30,15,26
"2689",1067,0.00110304513648074,28,15,22.0000183840856
"2690",1065,0.000160668212332704,25.5,14.5,38.0000026778035
"2691",1064,0,46,27,48
"2692",1063,0,55,31,52
"2693",1068,0.000160668212332704,62.5,36.5,44.0000026778035
"2694",1056,0.000934431308998272,55,33,68.0000155738552
"2695",1062,0,77.5,43.5,24
"2696",1061,0.00141267844000362,30,18,44.0000235446407
"2697",1060,0,53.5,31.5,18
"2698",1059,0,20,11,46
"2699",1058,0,54,31,20
"2700",1057,0,24.5,14.5,88
"2701",1077,0.00452034986933778,103,59,62.0000753391645
"2702",822,0.177143318094653,74,43,26.0029523886349
"2703",877,0.121106770438177,29.5,16.5,52.002018446174
"2704",876,0.00358464437662501,63.5,37.5,76.0000597440729
"2705",823,0.121106770438177,90.5,52.5,76.002018446174
"2706",827,0.00678995194811985,89.5,51.5,60.0001131658658
"2707",944,0.0736188788467845,73,43,54.0012269813141
"2708",828,0.0760641745525124,65,38,72.0012677362425
"2709",830,0.00511553715302626,87,51,64.0000852589526
"2710",832,0.0057463407789002,78.5,46.5,54.0000957723463
"2711",824,0.0230611624852259,63,36,44.0003843527081
"2712",806,0.0665950590624459,51,29,34.001109917651
"2713",811,0.0683145746267378,40.5,23.5,56.0011385762438
"2714",1124,0.22099600076,68.5,40.5,26.0036832666793
"2715",1163,0.033770633782015,27.5,14.5,48.0005628438964
"2716",1301,0.10583145375728,57,33,70.0017638575626
"2717",1308,0.0568037351795611,84.5,49.5,32.0009467289197
"2718",1231,0.0371333012625506,39.5,23.5,48.0006188883544
"2719",1239,0.00924306615103521,53.5,29.5,58.0001540511025
"2720",1178,0.162378031789577,68.5,39.5,20.0027063005298
"2721",1165,0.0377078149057435,21,11,50.0006284635818
"2722",1228,0.0848853490067617,60.5,35.5,58.0014147558168
"2723",1309,0.0420611180119405,68,39,50.0007010186335
"2724",1315,0.0170295265644596,58,33,48.0002838254427
"2725",1322,0.00462616727625512,52.5,28.5,42.0000771027879
"2726",1321,0,50.5,29.5,44
"2727",1316,0.00462616727625512,47.5,25.5,62.0000771027879
"2728",1329,0.0128554173280233,77,46,16.0002142569555
"2729",1327,0.00270870075882554,16.5,8.5,14.0000451450126
"2730",1310,0.0335456859802737,17,10,76.0005590947663
"2731",1358,0.0982627634643492,91,53,70.0016377127244
"2732",916,0.505694086067611,81,46,8.00842823476779
"2733",921,0.0196752660539635,8.5,4.5,22.0003279211009
"2734",917,0.00273307339205089,26,15,72.0000455512232
"2735",992,0.044082097217791,86,50,72.0007347016203
"2736",1091,0.0456076458359183,83.5,47.5,38.0007601274306
"2737",893,0.0996431863777359,42,23,64.001660719773
"2738",899,0.00801541808489652,77.5,45.5,24.0001335903014
"2739",928,0.0157636396990747,24.5,12.5,16.0002627273283
"2740",978,0.0925230610258785,18,10,74.0015420510171
"2741",957,0.0416761411923811,85.5,48.5,18.0006946023532
"2742",865,0.0841684860100704,19.5,10.5,38.0014028081002
"2743",875,0.0139809919076885,47,28,36.0002330165318
"2744",1150,0.171833474941039,39,21,76.002863891249
"2745",1318,0.120498017516162,90.5,52.5,52.0020083002919
"2746",1352,0.0987573389903181,59.5,33.5,44.0016459556498
"2747",1348,0.00776447903654903,53.5,31.5,40.0001294079839
"2748",1354,0.0129678443046825,50,30,42.0002161307384
"2749",1334,0.039033364757281,48.5,27.5,30.0006505560793
"2750",669,0.442322422850085,33,18,78.0073720403808
"2751",644,0.137073035979467,91.5,52.5,74.0022845505997
"2752",406,0.126955444797696,89,52,30.00211592408
"2753",178,0.24536773660458,30,15,52.0040894622767
"2754",181,0.112658697225864,61,35,86.0018776449538
"2755",310,0.165617425195664,100.5,57.5,26.0027602904199
"2756",308,0.00281817649331951,32.5,19.5,44.0000469696082
"2757",307,0,54,32,52
"2758",304,0.00428211639503866,58,32,20.0000713686066
"2759",303,0,21.5,11.5,52
"2760",302,0,62,36,90
"2761",301,0,105,60,38
"2762",809,0.230154427357805,45,26,72.0038359071226
"2763",815,0.0267199049751946,82.5,46.5,2.00044533174959
"2764",810,0.0295988621617455,2.5,1.5,74.0004933143694
"2765",260,0.283567219627166,86,49,60.0047261203271
"2766",241,0.13969924320147,73,43,76.00232832072
"2767",363,0.0949162601991227,88.5,50.5,28.00158193767
"2768",753,0.158335085511493,29,15,22.0026389180919
"2769",797,0.0630397032424354,22,11,28.0010506617207
"2770",1140,0.306222072028714,33.5,19.5,44.0051037012005
"2771",812,0.217827162830657,47.5,25.5,60.0036304527138
"2772",1552,3.04568018782809,70.5,40.5,74.0507613364638
"2773",1521,0.0339591101735768,85,48,56.0005659851696
"2774",1519,0.000724139512259286,64,36,34.0000120689919
"2775",1445,0.0161467364282708,41.5,24.5,26.0002691122738
"2776",1550,0.0992965905775801,28,15,28.0016549431763
"2777",1536,0.0265438326962805,31,17,28.0004423972116
"2778",1362,0.0746996269430113,28.5,14.5,88.0012449937824
"2779",1515,0.0914545788822573,103,59,48.0015242429814
"2780",1517,0.0004485449724403,55,31,24.0000074757495
"2781",1516,0.0004485449724403,25,13,32.0000074757495
"2782",1496,0.0239246679256239,35.5,19.5,20.0003987444654
"2783",1525,0.0350385106709174,22.5,12.5,50.0005839751778
"2784",1553,0.0363419641579387,55,30,64.0006056994026
"2785",1568,0.0325113308928656,73.5,41.5,62.0005418555149
"2786",1446,0.115424429475864,75.5,44.5,48.0019237404913
"2787",1549,0.0439417585084083,54.5,30.5,54.0007323626418
"2788",1944,0.25435019242913,62.5,35.5,28.0042391698738
"2789",1959,0.0481060067204735,32.5,18.5,60.0008017667787
"2790",2022,0.0757675222165061,75,45,62.0012627920369
"2791",2024,0.000125368059852821,74.5,43.5,52.0000020894677
"2792",1971,0.110824989884589,59,33,64.0018470831647
"2793",1973,0.0379572604564183,78,46,56.0006326210076
"2794",1977,0.084356596049691,63,35,6.00140594326749
"2795",2160,0.217811616798016,6,3,72.0036301936133
"2796",1895,0.319709822381437,86,50,24.0053284970397
"2797",1897,0,27,15,54
"2798",1885,0.0277476104435397,62,35,48.0004624601741
"2799",1894,0.00579596404070246,54,30,30.0000965994007
"2800",1852,0.0655208376646547,37.5,22.5,64.0010920139611
"2801",1723,0.393873314377398,73,41,70.0065645552396
"2802",1751,0.0639356690611744,82,47,32.0010655944844
"2803",1523,0.30882249777755,33,17,42.0051470416296
"2804",1672,0.191277918525867,45.5,24.5,44.0031879653088
"2805",1663,0.0355045297797293,50.5,28.5,8.000591742163
"2806",1642,0.0113660265006999,9,5,20.000189433775
"2807",1439,0.193143461565811,20,10,58.0032190576928
"2808",1632,0.109318229547912,69,40,54.0018219704925
"2809",1641,0.00736000621203091,67.5,40.5,10.0001226667702
"2810",1886,0.269172484266809,12,7,32.0044862080711
"2811",1891,0.0105159395406847,39.5,23.5,58.000175265659
"2812",1896,0.00133855569596613,71.5,42.5,54.0000223092616
"2813",1883,0.00670563278481881,63,36,0.000111760546413647
"2814",1882,0.049153084877674,0,0,56.0008192180813
"2815",2060,0.196567000317206,64,36,42.003276116672
"2816",2012,0.220528999849163,48.5,27.5,70.0036754833308
"2817",2061,0.220528999849163,83,48,56.0036754833308
"2818",2063,0.00864800060987036,65.5,37.5,54.0001441333435
"2819",2062,0.00358395888112552,66,39,66.000059732648
"2820",2074,0.0138659996882941,79.5,46.5,22.0002310999948
"2821",2083,0.0494951842262644,23.5,12.5,70.0008249197371
"2822",2078,0.0025809401927502,85,50,62.0000430156699
"2823",2080,0.000812333241839802,73.5,42.5,32.0000135388874
"2824",2117,0.0250608513727502,39,23,48.0004176808562
"2825",1987,0.368502126365472,57.5,33.5,56.0061417021061
"2826",2041,0.0804375732395277,65,37,44.0013406262207
"2827",2066,0.0670884804607143,54,32,54.001118141341
"2828",2082,0.0102857945211481,62,35,32.0001714299087
"2829",2028,0.119498239224836,34,18,62.0019916373204
"2830",1360,0.427309480601986,77,46,50.0071218246767
"2831",1325,0.0564178426619827,61,36,52.0009402973777
"2832",1313,0.105673240047371,62.5,36.5,80.0017612206674
"2833",1750,0.485804674383896,94,54,36.0080967445731
"2834",1880,0.0688302227669069,42.5,24.5,24.0011471703794
"2835",397,0.877185248647891,26,14,72.0146197541441
"2836",296,0.0733288071347088,83,47,30.0012221467856
"2837",295,0,35,20,36
"2838",294,0,37.5,19.5,64
"2839",293,0,77,45,48
"2840",292,0,54.5,30.5,44
"2841",291,0,50,28,64
"2842",290,0,77.5,45.5,32
"2843",289,0,39.5,23.5,44
"2844",288,0,48,26,72
"2845",287,0,82.5,46.5,2
"2846",286,0,2.5,1.5,76
"2847",285,0,87.5,49.5,16
"2848",284,0,16,8,32
"2849",283,0,32.5,16.5,30
"2850",282,0,31,16,58
"2851",281,0,72.5,43.5,66
"2852",280,0,77,44,56
"2853",279,0,66,38,32
"2854",278,0,40,24,44
"2855",277,0,49,27,52
"2856",257,0.366095281233667,65,39,48.0061015880206
"2857",132,0.360303935945949,59,35,44.0060050655991
"2858",127,0.0460635156530356,51.5,29.5,22.0007677252609
"2859",92,0.0647289058398537,23.5,12.5,64.0010788150973
"2860",108,0.021294146549911,75.5,43.5,58.0003549024425
"2861",88,0.0625512516496469,69,40,12.0010425208608
"2862",87,0.0466463680398183,12.5,6.5,46.0007774394673
"2863",111,0.0232985442278177,54,31,38.0003883090705
"2864",74,0.0605402279346197,46.5,27.5,44.0010090037989
"2865",65,0.00309311156119086,51,29,6.00005155185935
"2866",49,0.00973536949204954,6.5,3.5,44.0001622561582
"2867",54,0.00275770187888796,49,27,40.000045961698
"2868",53,0,47.5,27.5,44
"2869",51,0.0115735515473431,48,26,70.0001928925258
"2870",78,0.0127496447498443,82,47,72.0002124940792
"2871",42,0.031200269077099,83.5,47.5,56.0005200044846
"2872",34,0.0216240630462553,69,41,32.0003604010508
"2873",26,0.00479697064395981,36,20,44.0000799495107
"2874",24,0.00270101852672531,51,29,14.0000450169754
"2875",20,0.00664143271988648,16,9,58.0001106905453
"2876",22,0.00154186612117026,66.5,37.5,28.0000256977687
"2877",110,0.118790750865088,28.5,14.5,56.0019798458478
"2878",103,0.0245011894267212,62.5,34.5,32.0004083531571
"2879",102,0,33,17,74
"2880",101,0,85.5,48.5,20
"2881",100,0,21,11,32
"2882",99,0,34,18,78
"2883",98,0,92,53,38
"2884",97,0,42,23,74
"2885",96,0,85.5,48.5,48
"2886",95,0,55.5,31.5,34
"2887",94,0,35.5,18.5,22
"2888",106,0.0060898014355622,22,11,52.0001014966906
"2889",116,0.0349474307592087,59,33,26.0005824571793
"2890",128,0.0772392942112946,28.5,15.5,42.0012873215702
"2891",126,0.0431602968965526,51,30,48.0007193382816
"2892",125,0.00779743646459815,59.5,35.5,78.0001299572744
"2893",129,0.0431602968965526,91,52,30.0007193382816
"2894",131,0.00337257168375832,35,20,54.0000562095281
"2895",130,0.00337257168375832,66,39,42.0000562095281
"2896",23,0.375991699439277,45.5,24.5,20.006266528324
"2897",21,0.00152221911684359,20,10,68.0000253703186
"2898",27,0.00315959749881716,82.5,48.5,64.0000526599583
"2899",35,0.00752249977288227,77,45,40.0001253749962
"2900",32,0.0248613849761635,45,25,62.0004143564163
"2901",18,0.0182577719697167,76,45,8.0003042961995
"2902",29,0.0126385267896036,9.5,5.5,38.0002106421132
"2903",25,0.0245893329612781,40,21,58.000409822216
"2904",30,0.00833450263429958,72.5,43.5,16.0001389083772
"2905",33,0.0258637167597864,20,12,28.000431061946
"2906",63,0.0422296943237174,31,17,54.0007038282387
"2907",40,0.0602105526321094,61,34,6.00100350921053
"2908",154,0.224118373350247,7.5,4.5,0.00373530622250412
"2909",158,0.0726472017901811,0,0,4.0012107866965
"2910",41,0.249602131079113,4.5,2.5,56.004160035518
"2911",91,0.0797919611209682,68.5,40.5,58.0013298660187
"2912",90,0.0387971532178729,70.5,41.5,70.0006466192203
"2913",46,0.0765379556451021,80,45,36.0012756325941
"2914",10,0.0715001519032562,43.5,25.5,62.0011916691984
"2915",6,0.0615950252697122,70,39,28.0010265837545
"2916",5,0.123334350397548,30.5,16.5,62.0020555725066
"2917",7,0.0606480950377827,71,40,56.001010801584
"2918",9,0.113223761255826,66,38,32.0018870626876
"2919",56,0.224417032821641,39,23,28.0037402838804
"2920",77,0.0353718634180758,30,16,42.000589531057
"2921",89,0.156696996316304,50,29,22.0026116166053
"2922",122,0.0595636334567642,25,14,44.0009927272243
"2923",121,0,50.5,28.5,58
"2924",120,0,69,40,50
"2925",119,0,55,30,62
"2926",109,0.253448994720783,72,41,52.004224149912
"2927",422,0.601476434164347,62.5,36.5,26.0100246072361
"2928",1016,0.325872472109819,26.5,13.5,32.0054312078685
"2929",1328,0.351185761732336,34.5,18.5,12.0058530960289
"2930",1905,0.388241933448577,13,7,42.0064706988908
"2931",1335,0.502696679297803,49.5,28.5,60.0083782779883
"2932",1404,0.243432576150674,73.5,43.5,18.0040572096025
"2933",416,0.912189266522295,20.5,11.5,62.015203154442
"2934",1359,0.570333383938707,71.5,40.5,72.009505556399
"2935",1164,0.346699193073509,83,47,8.00577831988456
"2936",1031,0.570273411232118,8,4,54.0095045568539
"2937",980,0.0592372928755525,60.5,33.5,32.0009872882146
"2938",1640,0.402088340368821,38.5,22.5,68.0067014723395
"2939",2243,0.949476863245311,83,49,28.0158246143874
"2940",2252,0.0422844891835794,30,16,2.00070474148639
"2941",2254,0.000762362190689718,2.5,1.5,84.0000127060365
"2942",2222,0.150627951299282,97.5,55.5,20.002510465855
"2943",2218,0.0228574235304592,22,12,18.0003809570588
"2944",2223,0.0231388689855317,19.5,10.5,24.0003856478164
"2945",2256,0.096522542728208,28.5,16.5,26.0016087090455
"2946",2412,0.471245040704038,31,18,30.0078540840117
"2947",2424,0.0536280566226686,37,22,50.0008938009437
"2948",2586,0.342881422338161,56,31,48.0057146903723
"2949",2580,0.0414463507538005,55,31,38.0006907725126
"2950",2582,0.133100780446622,45.5,26.5,14.0022183463408
"2951",2607,0.191768759069658,14,7,46.0031961459845
"2952",2441,0.342329502453461,55,32,24.0057054917076
"2953",2443,0,25.5,13.5,60
"2954",2442,0,69.5,39.5,80
"2955",2510,0.0741572618847823,94,54,38.0012359543647
"2956",2540,0.022418555117328,45.5,26.5,78.0003736425853
"2957",2542,0.209320118034372,92.5,53.5,20.0034886686339
"2958",2489,0.315340234871007,22.5,12.5,46.0052556705812
"2959",2400,0.373270369322049,57.5,34.5,28.006221172822
"2960",2387,0.191443786454331,31,17,70.0031907297742
"2961",2385,0.0897170969230149,81,46,28.0014952849487
"2962",2393,0.0188032245681815,31.5,17.5,10.0003133870761
"2963",2411,0.110800115789897,11.5,6.5,64.0018466685965
"2964",2413,0.00658322407937727,75.5,43.5,42.0001097204013
"2965",2430,0.321450799485468,49.5,28.5,42.0053575133248
"2966",2428,0.0210207840139952,50,29,16.0003503464002
"2967",2427,0.00112899308943279,16,8,62.0000188165515
"2968",2426,0.00112899308943279,71.5,40.5,50.0000188165515
"2969",2445,0.0798061292327827,55.5,30.5,72.0013301021539
"2970",2433,0.311777134781232,87,51,40.0051962855797
"2971",2638,0.549169019102282,46,26,60.009152816985
"2972",2642,0.0442562136381417,73,43,66.0007376035606
"2973",2628,0.4069647489094,78,45,78.0067827458152
"2974",2538,0.260655899642518,93,54,40.004344264994
"2975",2550,0.227114835699021,43,23,62.0037852472617
"2976",2554,0.0123142143823414,75,44,50.0002052369064
"2977",2557,0,61.5,36.5,64
"2978",2556,0,73.5,41.5,20
"2979",2555,0,25,15,82
"2980",2553,0,95,54,74
"2981",2406,0.312137828232979,89,52,18.0052022971372
"2982",2396,0.0778420213396649,18,9,66.0012973670223
"2983",2425,0.270577260437184,76,43,68.0045096210073
"2984",2753,0.69344702155002,77.5,43.5,74.0115574503592
"2985",2749,0.00427280629540389,87.5,50.5,54.0000712134383
"2986",2759,0.00783400483050735,64.5,37.5,38.0001305667472
"2987",2758,0.00242969325048939,44.5,25.5,52.0000404948875
"2988",2761,0.0178498745447982,61.5,35.5,66.0002974979091
"2989",2748,0.0259286882514279,78,45,44.0004321448042
"2990",2762,0.0228490665961058,50.5,28.5,34.0003808177766
"2991",2981,0.59820906340848,39.5,22.5,68.0099701510568
"2992",2983,0.0092337119937324,78,44,38.0001538951999
"2993",2977,0.0105889971343571,40.5,21.5,18.0001764832856
"2994",2980,0.00264604555505939,21.5,12.5,12.0000441007593
"2995",2985,0.0585903911381404,14.5,8.5,82.000976506519
"2996",2982,0.0436247899224071,96,55,72.000727079832
"2997",2955,0.0240330286706293,86.5,50.5,80.0004005504778
"2998",2999,0.0820809173328949,92.5,52.5,34.0013680152889
"2999",3005,0.121933721949138,36,19,74.0020322286992
"3000",3019,0.177246756509282,85.5,48.5,36.0029541126085
"3001",3043,0.142987147434168,40.5,22.5,46.0023831191239
"3002",3038,0.142249457980682,56,33,56.0023708242997
"3003",3045,0.0653231905655284,64.5,36.5,64.0010887198428
"3004",3050,0,77,45,40
"3005",3054,0,46.5,26.5,40
"3006",3053,0,48,28,20
"3007",3052,0,20,10,18
"3008",3051,0,20,11,36
"3009",3049,0.00443428841923575,40.5,22.5,84.000073904807
"3010",3048,0,98.5,56.5,60
"3011",3047,0,74.5,44.5,24
"3012",3046,0,24.5,12.5,24
"3013",3067,0.0425562831166307,25.5,13.5,30.0007092713853
"3014",3069,0,32,17,48
"3015",3066,0.0400038174510173,57,33,42.0006667302908
"3016",3065,0,49,28,42
"3017",3064,0,46,25,28
"3018",3063,0,33.5,19.5,54
"3019",3062,0,62,35,76
"3020",3068,0.0038387364226087,87.5,49.5,20.0000639789404
"3021",3070,0.0414455562226428,21,11,42.0006907592704
"3022",3072,0.0552981756752134,51.5,30.5,58.0009216362613
"3023",3076,0.0554722085406985,72.5,43.5,56.000924536809
"3024",3079,0.101222286158125,67.5,39.5,22.0016870381026
"3025",3082,0,24,13,64
"3026",3084,0,79,47,62
"3027",3083,0,75,44,46
"3028",3081,0.00484465478006318,54.5,31.5,24.0000807442463
"3029",3080,0,29,17,82
"3030",3086,0.0119796649962503,95,54,36.0001996610833
"3031",3089,0.00592753249645609,44.5,26.5,48.0000987922083
"3032",3088,0,58.5,34.5,28
"3033",3122,0.00456990944190408,32,18,4.00007616515737
"3034",3121,0,4.5,2.5,24
"3035",3120,0,30,18,74
"3036",3119,0,87,50,54
"3037",3118,0,67.5,40.5,60
"3038",3117,0,70,40,66
"3039",3134,0.000477388939959916,79,46,14.0000079564823
"3040",3133,0,17,10,26
"3041",3132,0,29.5,16.5,84
"3042",3131,0,97.5,55.5,60
"3043",3130,0,71.5,41.5,56
"3044",3129,0,63,35,74
"3045",3128,0,86,49,36
"3046",3127,0,42.5,24.5,86
"3047",3126,0,101,58,82
"3048",3125,0,95,54,46
"3049",3124,0,53,30,80
"3050",3159,0.00246590318192504,93,53,72.0000410983864
"3051",3158,0,87,51,26
"3052",3157,0,32.5,19.5,26
"3053",3156,0,30.5,17.5,32
"3054",3143,0.00121764032414417,39.5,23.5,12.0000202940054
"3055",3142,0,12,6,26
"3056",3141,0,29,16,48
"3057",3140,0,55.5,31.5,32
"3058",3172,0.0044300287537322,36,20,86.0000738338126
"3059",3174,0,101,58,72
"3060",3178,0.00129938825414849,84,48,42.0000216564709
"3061",3180,0,46,25,60
"3062",3179,0,71.5,41.5,20
"3063",3177,0.00114780532982464,21.5,11.5,10.0000191300888
"3064",3175,0.00129938825414849,10.5,5.5,52.0000216564709
"3065",3170,0.00176548964048394,64.5,38.5,82.0000294248273
"3066",3169,0.00113573364828384,96,55,78.0000189288941
"3067",3168,0.00311828341306846,90,51,10.0000519713902
"3068",3107,0.00951643025223016,11.5,6.5,84.0001586071709
"3069",3093,0.00225706868144316,99,57,40.0000376178114
"3070",3114,0.00262112339942464,43,23,68.00004368539
"3071",3106,0.00118774464923916,80,46,24.0000197957442
"3072",3153,0.00237548081026511,29,17,34.0000395913468
"3073",3152,0,41.5,24.5,30
"3074",3091,0.0055919642399815,35,20,50.000093199404
"3075",3173,0.00881144527587607,56,31,70.0001468574213
"3076",3105,0.0277042625192721,80,45,70.0004617377087
"3077",3104,0.000282008010038122,80.5,45.5,68.0000047001335
"3078",3103,0,82,48,60
"3079",3102,0,69.5,39.5,32
"3080",3101,0,37.5,21.5,28
"3081",3100,0,34,20,46
"3082",3099,0,57,34,32
"3083",3098,0,34,18,64
"3084",3097,0,72.5,40.5,42
"3085",3096,0,48.5,27.5,56
"3086",3095,0,69,41,24
"3087",3094,0.00312203146432364,26.5,14.5,12.0000520338577
"3088",3138,0.00506055151979461,12.5,6.5,78.0000843425253
"3089",3137,0,90,51,36
"3090",3191,0.11755251030353,45,27,50.0019592085051
"3091",3199,0.181742387811794,58,33,84.0030290397969
"3092",3201,0.0282269408800396,97.5,55.5,54.0004704490147
"3093",3203,0.0125093851935379,63.5,36.5,60.0002084897532
"3094",3202,0.22967141353534,70,40,64.0038278568923
"3095",3200,0.140539225611768,73,41,6.00234232042686
"3096",3198,0.156109378167943,6.5,3.5,56.0026018229695
"3097",3188,0.359358049773032,68,40,36.0059893008295
"3098",3193,0.347592882817676,37.5,19.5,78.0057932147136
"3099",3195,0.0204146105437554,91.5,52.5,26.0003402435091
"3100",3197,0.592299744902495,32,19,62.009871662415
"3101",3194,0.141651770706484,76.5,45.5,40.0023608628451
"3102",3057,0.311463531509687,45,25,72.0051910588585
"3103",3074,0.179832980088314,83,47,50.0029972163348
"3104",3060,0.155110186100997,58.5,33.5,64.0025851697684
"3105",2928,0.483477256503065,76.5,44.5,58.0080579542751
"3106",2813,0.39054211150403,70.5,41.5,52.0065090351917
"3107",2804,0.171838344096775,58,32,32.0028639724016
"3108",3061,0.660503063722834,37.5,21.5,40.0110083843954
"3109",3058,0.0439793246228452,44,24,34.0007329887437
"3110",3071,0.0903411758887445,38.5,21.5,52.0015056862648
"3111",3059,0.0672564065298124,60,34,24.0011209401088
"3112",2997,0.296131585310882,30,18,44.0049355264218
"3113",2995,0.0157407094456045,51,29,42.0002623451574
"3114",3003,0.0296331787941349,49,28,16.0004938863132
"3115",3007,0.00991284900707181,18.5,10.5,38.0001652141501
"3116",3017,0.0307299894233462,46.5,27.5,78.0005121664904
"3117",3008,0.0270169515269279,90.5,51.5,52.0004502825254
"3118",2934,0.360501684537971,65,39,54.006008361409
"3119",2933,0,61.5,34.5,16
"3120",2932,0,18.5,10.5,36
"3121",2810,0.314905061577208,44,26,60.005248417693
"3122",2793,0.0961521080439627,69.5,39.5,60.0016025351341
"3123",2836,0.0864181477136521,71,41,56.0014403024619
"3124",2897,0.041490494481249,70,42,6.00069150824135
"3125",2800,0.164612735300811,7.5,4.5,62.0027435455883
"3126",2798,0.00714060669434039,73.5,42.5,40.0001190101116
"3127",2797,0.0155360533448656,47.5,27.5,72.0002589342224
"3128",2796,0.00878972405064739,83.5,47.5,58.0001464954008
"3129",2799,0.0155360533448656,68,39,40.0002589342224
"3130",2747,0.171653026019993,48.5,28.5,38.002860883767
"3131",2398,0.851591255661843,46.5,27.5,44.0141931875944
"3132",2410,0.57920496489182,52,30,64.0096534160815
"3133",2394,0.110800115789897,73,41,66.0018466685965
"3134",2374,0.183797857037654,75.5,42.5,42.0030632976173
"3135",2395,0.171108629093095,52,31,20.0028518104849
"3136",2407,0.0778420213396649,22,12,44.0012973670223
"3137",2409,0,53,31,50
"3138",2370,0.228394668636914,61.5,36.5,80.0038065778106
"3139",2156,0.696283889774144,92.5,52.5,76.0116047314962
"3140",2151,0.00991897776882307,87.5,49.5,48.0001653162961
"3141",2353,0.614882157592705,56.5,32.5,82.0102480359599
"3142",2357,0.0390879049960515,95.5,54.5,48.0006514650833
"3143",2367,0.0269279583826411,58,34,70.0004487993064
"3144",2349,0.108669762371935,84,49,66.0018111627062
"3145",2343,0.0481033897927034,80.5,47.5,60.0008017231632
"3146",2342,0,72.5,42.5,12
"3147",2341,0,14,8,26
"3148",2323,0.00581807600259125,28,15,36.0000969679334
"3149",2330,0.00145940382485326,43.5,25.5,26.0000243233971
"3150",2346,0.0930743547904395,26.5,13.5,18.0015512392465
"3151",2350,0.00426906938215434,22.5,13.5,36.0000711511564
"3152",2322,0.131674895144245,41.5,23.5,36.0021945815857
"3153",2250,0.207478148638559,37.5,19.5,38.003457969144
"3154",2244,0.0422844891835794,46.5,27.5,38.0007047414864
"3155",2182,0.29480566577377,42,23,26.0049134277629
"3156",2185,0.104499914150326,27,14,62.0017416652358
"3157",2224,0.269857577241945,76,45,46.0044976262874
"3158",2219,0.0172724506184555,51,28,62.000287874177
"3159",2228,0.0674579151780846,76,45,32.0011242985863
"3160",2251,0.0856587507566748,32.5,16.5,84.001427645846
"3161",2215,0.171518860295541,97.5,55.5,36.0028586476716
"3162",2043,0.466918539710621,37.5,19.5,16.0077819756618
"3163",2200,0.330810029647039,19,11,62.0055135004941
"3164",1854,0.418980368904993,71,40,48.0069830061484
"3165",1684,0.108395406938446,53,29,26.0018065901156
"3166",1137,0.821476287619892,32.5,19.5,26.0136912714603
"3167",2245,1.05284233507104,29,16,2.01754737225118
"3168",2354,0.209933501007701,2,1,46.0034988916835
"3169",2360,0.0816560141854643,53.5,30.5,26.0013609335698
"3170",2355,0.0388737070154162,30.5,17.5,12.0006478951169
"3171",2362,0.353721289798589,12.5,6.5,38.00589535483
"3172",1972,0.799504217946414,46,27,72.0133250702991
"3173",2240,0.942880570124048,86.5,50.5,38.0157146761687
"3174",2388,0.562857502635862,40.5,21.5,56.0093809583773
"3175",2626,0.864211464810269,64.5,36.5,10.0144035244135
"3176",2734,0.344755545451422,10,5,54.0057459257575
"3177",2403,0.762132755010237,62.5,35.5,18.0127022125835
"3178",2405,0,20.5,11.5,24
"3179",2404,0.427879495084119,26.5,14.5,14.0071313249181
"3180",2408,0.0290614085662725,15.5,8.5,54.0004843568094
"3181",2440,0.637203144751899,62,35,26.0106200524125
"3182",3189,1.89063000901328,30.5,17.5,28.0315105001502
"3183",2979,1.24567476059153,35,21,12.0207612460099
"3184",3205,1.80202530549275,13,7,22.0300337550915
"3185",3207,0.0304292820408095,22,11,14.0005071547007
"3186",3209,0.0376000314689167,16.5,9.5,30.0006266671911
"3187",3211,0.0162456344416907,30.5,15.5,88.000270760574
"3188",3213,0.315939177671824,102.5,58.5,60.0052656529612
"3189",3215,0.00302726712977229,74,44,68.0000504544522
"3190",3214,0.0164035659592315,80,46,42.000273392766
"3191",3216,0.0134765225169489,51,30,68.0002246087086
"3192",3218,0.0141705759239275,78.5,44.5,40.0002361762654
"3193",3217,0.0348740784692371,46.5,26.5,50.0005812346412
"3194",3219,0.0207372930194905,61,36,50.0003456215503
"3195",3221,0.0277082383751055,62.5,37.5,70.0004618039729
"3196",3223,0.0479912221898727,84,49,58.0007998537032
"3197",3225,0.0957209118089568,70.5,41.5,66.0015953485301
"3198",3227,0.177030844763764,75.5,42.5,30.0029505140794
"3199",3229,0.116787498446341,33.5,18.5,10.0019464583074
"3200",3232,0.000125336587915188,10.5,5.5,54.0000020889431
"3201",3258,0.00358890203940608,61.5,34.5,56.000059815034
"3202",3257,0.00256588341276296,68,40,20.0000427647235
"3203",3259,0.00256588341276296,21.5,11.5,60.0000427647235
"3204",3261,0.000125336581201208,73.5,43.5,48.000002088943
"3205",3260,0.00245720287586167,53.5,29.5,50.0000409533813
"3206",3262,0.00256336212638394,60.5,35.5,74.0000427227021
"3207",3264,0,87.5,50.5,74
"3208",3263,0.469015773362048,89,52,64.007816929556
"3209",2618,16.1120970358106,76,44,52.2685349505968
"3210",2617,0,57.5,31.5,42
"3211",2616,0,47.5,26.5,68
"3212",2615,0,80,46,80
"3213",3190,1.65493847582484,94,54,40.0275823079304
"3214",2652,1.6407006887683,50,30,42.0273450114795
"3215",2654,0.0123561736674358,49,28,56.0002059362278
"3216",3204,2.09892032445301,68,40,60.0349820054075
"3217",3206,0.0320296624179473,74.5,44.5,80.000533827707
"3218",3208,0.0423950063091995,95,55,26.0007065834385
"3219",3210,0.0105411109072512,30,17,64.0001756851818
"3220",3212,0.454689460276144,78,46,68.0075781576713
"3221",3220,0.262183427279322,78,44,28.004369723788
"3222",3222,0.0425557219876179,30.5,16.5,68.0007092620331
"3223",3224,0.0510398870786278,82,48,40.0008506647846
"3224",3226,0.13441201148033,45.5,25.5,48.0022402001913
"3225",3228,0.162353563326187,54.5,30.5,14.0027058927221
"3226",3249,0.3968750323431,16.5,9.5,32.0066145838724
"3227",3251,0,33.5,17.5,26
"3228",3255,0,29.5,16.5,18
"3229",3254,0.00109364277495586,19,10,30.0000182273796
"3230",3253,0,37,22,28
"3231",3252,0,35,21,34
"3232",3256,0.00109364277495586,42.5,25.5,72.0000182273796
"3233",3233,0.00358890203940608,85,49,44.000059815034
"3234",3242,0,54,32,46
"3235",3245,0,54,31,50
"3236",3248,0,58,33,28
"3237",3250,0.000802249472197983,30.5,16.5,32.0000133708245
"3238",3230,0.00882713342419543,39.5,23.5,24.0001471188904
"3239",3244,5.78355285710325e-05,25,13,70.0000009639255
"3240",3243,0,81,46,64
"3241",3240,0,73,41,64
"3242",3239,0,79,47,56
"3243",3238,0,69,41,0
"3244",3241,0,0,0,20
"3245",3236,0,21.5,11.5,46
"3246",3235,0,52,29,42
"3247",3234,0,52,31,62
"3248",3237,0,72,41,44
"3249",3231,5.78355285710325e-05,55,33,78.0000009639255
"3250",3247,0.000160449696077241,93,54,52.0000026741616
"3251",3246,0,61,35,68
"3252",3056,5.29278542624568,83,49,56.0882130904374
"3253",38,4.93413459233134,65.5,37.5,56.0822355765389
"3254",4,0.4254682549927,66.5,38.5,22.0070911375832
"3255",13,0.267919181572425,26.5,15.5,60.0044653196929
"3256",124,0.223396773009069,74.5,44.5,44.0037232795502
"3257",272,0.678063654089873,48.5,26.5,74.0113010609015
"3258",950,1.03917244842288,88,51,26.017319540807
"3259",1209,0.244210801509973,32.5,19.5,26.0040701800252
"3260",1079,0.15844943122688,31.5,18.5,50.0026408238538
"3261",175,4.08368547584814,62,37,22.0680614245975
"3262",8,0.754046620739915,24,13,34.012567443679
"3263",3,0.265606023702015,35.5,18.5,30.0044267670617
"3264",2,11.4153175021792,37.5,22.5,72.190255291703
