"","total_route","single_distance","single_cargo_weight","single_cargo_volume","total_travel_time"
"1",1,0,0,0,0
"2",5,0,57.5,32.5,44
"3",75,1.97028484405301,52.5,30.5,12.0328380807342
"4",68,0.0565291981309542,12.5,6.5,36.0009421533022
"5",74,0.0755497082955385,42.5,24.5,14.0012591618049
"6",38,0.172120025620239,15,8,42.0028686670937
"7",46,0.00360192925615877,48.5,27.5,22.0000600321543
"8",45,0.00395631830299959,23,12,34.0000659386384
"9",44,0,38.5,21.5,60
"10",43,0,70,40,38
"11",42,0,44,25,28
"12",41,0,34,20,6
"13",40,0.0012860655209852,7,4,42.0000214344253
"14",39,0.00360192925615877,48.5,27.5,28.0000600321543
"15",47,0.00524058237672654,34,20,24.0000873430396
"16",36,0.100217027813015,27,15,24.0016702837969
"17",31,0.069999444329474,25,13,34.0011666574055
"18",35,0,37.5,20.5,22
"19",34,0,25,14,40
"20",33,0,45.5,25.5,20
"21",32,0,21,11,60
"22",48,0.100217027813015,70,40,54.0016702837969
"23",53,0,62.5,35.5,44
"24",57,0,54,32,48
"25",64,0,56.5,32.5,8
"26",66,0,8,4,42
"27",76,0.0578098585067805,50.5,29.5,50.0009634976418
"28",78,0.00796864588147723,59,34,28.0001328107647
"29",82,0,34,20,32
"30",100,0.00241881657479884,37,21,4.00004031360958
"31",112,0.00324902642116891,4.5,2.5,22.0000541504404
"32",117,0,27.5,16.5,36
"33",73,0.14640891875908,43.5,25.5,28.002440148646
"34",72,0,30.5,16.5,18
"35",71,0,18,9,26
"36",70,0,28.5,15.5,26
"37",69,0.0755497082955385,29,16,48.0012591618049
"38",118,0.14640891875908,57.5,33.5,28.002440148646
"39",125,0,30.5,16.5,22
"40",139,0,25.5,14.5,52
"41",147,0,60,34,18
"42",159,0,19.5,10.5,50
"43",161,0,58,33,34
"44",175,0,41,24,38
"45",182,0,45.5,26.5,18
"46",184,0,19,10,16
"47",186,0,19.5,11.5,38
"48",198,0,43.5,24.5,48
"49",210,0,58,34,32
"50",218,0,37,21,12
"51",222,0,13,7,44
"52",226,0,50.5,28.5,26
"53",231,0,30,17,22
"54",236,0,25.5,14.5,46
"55",241,0.00205990173011294,54,31,30.0000343316955
"56",240,0.00191247491477635,37.5,22.5,56.0000318745819
"57",239,0.000627201845404664,66,38,14.0000104533641
"58",242,0.00191247491477635,17.5,10.5,50.0000318745819
"59",244,0.00233509346028082,57.5,32.5,18.0000389182243
"60",238,0.00939210305830827,19,10,22.000156535051
"61",237,0.00213237184032042,24,13,22.0000355395307
"62",245,0.00939210305830827,23.5,12.5,10.000156535051
"63",248,0.00110329172739945,10.5,5.5,42.0000183881955
"64",250,0.013467107781137,49.5,28.5,44.0002244517963
"65",247,0.0107100761351071,52.5,30.5,38.0001785012689
"66",246,0.00110329172739945,45.5,26.5,34.0000183881955
"67",252,0.00571764190379866,42.5,25.5,30.0000952940317
"68",264,0,36,21,48
"69",270,0,57,33,50
"70",274,0,59.5,34.5,28
"71",277,0,35,21,6
"72",283,0,7,4,44
"73",273,0.000884473987785873,54,32,20.0000147412331
"74",272,0,20.5,10.5,4
"75",271,0,5,3,40
"76",276,0.00044855409443369,46,26,32.0000074759016
"77",275,0,40,24,24
"78",263,0.00104469553625638,29,17,22.0000174115923
"79",262,0,25.5,14.5,2
"80",261,0,2.5,1.5,46
"81",260,0,55,32,22
"82",259,0,23,12,40
"83",258,0,47,27,22
"84",257,0,26,15,44
"85",256,0,54,32,50
"86",255,0,58,33,32
"87",254,0,36.5,20.5,58
"88",253,0,68,39,42
"89",284,0.00224949884745197,51.5,30.5,52.0000374916475
"90",300,0,62,36,50
"91",302,0,57.5,32.5,4
"92",310,0,4,2,10
"93",317,0,12,7,32
"94",320,0,38.5,22.5,44
"95",325,0.00108013991268259,52,30,34.0000180023319
"96",335,0.00294963341622484,40.5,23.5,36.0000491605569
"97",344,0,43,25,12
"98",347,0,12,6,40
"99",352,0,46.5,26.5,18
"100",416,0.128883818559567,22.5,13.5,22.0021480636427
"101",419,0.00386343360481306,23.5,12.5,40.0000643905601
"102",418,0.0023530821809643,48.5,28.5,18.0000392180363
"103",420,0.0023530821809643,18,9,38.0000392180363
"104",422,0.00111800036220785,44.5,25.5,36.0000186333394
"105",424,0.00849670525909506,40.5,22.5,58.0001416117543
"106",433,0,67.5,38.5,8
"107",413,0.137112075447462,9.5,5.5,26.0022852012575
"108",415,0,32,19,28
"109",421,0.00609254917849518,30,16,42.0001015424863
"110",423,0.00874312704711,47.5,26.5,46.0001457187841
"111",412,0.017529303414367,52.5,29.5,28.0002921550569
"112",410,0.00466463896256028,35,21,14.0000777439827
"113",407,0.00503788894963488,15.5,8.5,48.0000839648158
"114",411,0.00862106672424317,58,34,24.0001436844454
"115",409,0.00244192805403414,29.5,17.5,60.0000406988009
"116",355,0.106902431766374,70,40,30.0017817071961
"117",358,0.00223599306803409,34,19,52.0000372665511
"118",360,0,60,34,10
"119",376,0.056891213462296,10.5,5.5,18.000948186891
"120",378,0.000935734380486679,18,9,10.000015595573
"121",384,0.000926428711297273,12,7,28.0000154404785
"122",380,0.0468560401875868,33,19,8.00078093400313
"123",383,0,8,4,44
"124",382,0,52.5,30.5,22
"125",381,0,24.5,13.5,14
"126",379,0.000926428711297273,15.5,8.5,28.0000154404785
"127",385,0.0468560401875868,34.5,20.5,34.0007809340031
"128",388,0,39,22,12
"129",390,0,13.5,7.5,24
"130",393,0,27,15,36
"131",406,0,40,22,24
"132",387,0.00262553996054015,28,16,40.0000437589993
"133",386,0,47.5,27.5,22
"134",389,0.00923575576970965,22.5,11.5,12.0001539292628
"135",417,0.00760939384502479,13,7,50.0001268232308
"136",408,0.0195090377891179,59,34,32.0003251506298
"137",353,0.133158361000502,35,19,36.0022193060167
"138",319,0.0444993818720212,41,23,20.0007416563645
"139",318,0,23.5,13.5,30
"140",299,0.00386037164930237,37.5,22.5,16.0000643395275
"141",298,0,18,10,52
"142",297,0,61.5,35.5,44
"143",296,0,54,32,38
"144",295,0,42.5,23.5,22
"145",294,0,26,15,42
"146",293,0,51,30,16
"147",292,0,18,10,42
"148",291,0,51.5,30.5,38
"149",290,0,43.5,24.5,38
"150",289,0,42.5,23.5,38
"151",288,0,47,28,34
"152",287,0,38.5,21.5,36
"153",286,0,44,26,26
"154",285,0,29.5,16.5,24
"155",269,0.00283977241372475,28.5,16.5,52.0000473295402
"156",268,0,60.5,34.5,44
"157",267,0,52,30,12
"158",266,0,12.5,6.5,18
"159",265,0,18,9,8
"160",282,0.00472188344477836,10,6,56.0000786980574
"161",281,0,65,37,14
"162",280,0,16,9,40
"163",279,0,46,26,50
"164",278,0,59,34,32
"165",309,0.00309558068048634,37.5,21.5,30.0000515930113
"166",308,0,36,21,10
"167",307,0,10.5,5.5,10
"168",306,0,11.5,6.5,46
"169",305,0,52.5,29.5,4
"170",304,0,4,2,32
"171",303,0,35.5,19.5,18
"172",316,0.000987145191718408,19,10,44.0000164524199
"173",315,0,50.5,28.5,44
"174",314,0,53.5,31.5,32
"175",313,0,38,22,40
"176",312,0,50,30,34
"177",311,0,42,25,28
"178",354,0.0473975454478783,33,19,50.0007899590908
"179",301,0.11562847146942,57.5,32.5,8.00192714119116
"180",361,0.158145357798468,8.5,4.5,48.0026357559633
"181",366,0.0039754235763881,56.5,32.5,36.0000662570596
"182",368,0,45,27,26
"183",371,0,31,18,30
"184",373,0,34,19,14
"185",375,0,16,9,12
"186",377,0.00281535170098986,14,8,46.0000469225283
"187",364,0.0228622218602267,55,32,18.000381037031
"188",367,0.00103326904061034,18,9,36.0000172211507
"189",372,0.0003656914880833,40.5,22.5,30.0000060948581
"190",370,0.000582622755355465,33,18,2.00000971037926
"191",369,0,2.5,1.5,50
"192",365,0.00105102691451743,58.5,33.5,28.0000175171152
"193",363,0.00124499885200569,30,16,18.0000207499809
"194",374,0.00387621906480734,19,10,16.0000646036511
"195",362,0.00542837388414871,18,10,32.0000904728981
"196",357,0.0623955385570386,40,24,24.0010399256426
"197",356,0.00223599306803409,28.5,16.5,38.0000372665511
"198",346,0.00627541587840536,46,27,38.0001045902646
"199",345,0,47.5,28.5,22
"200",343,0.00228446890624254,24,13,8.00003807448177
"201",342,0,9,5,16
"202",341,0,19,11,16
"203",340,0,17.5,9.5,18
"204",339,0,20,11,28
"205",338,0,30,16,28
"206",337,0,31,17,16
"207",336,0,18,10,26
"208",324,0.00500873297686633,31.5,18.5,18.0000834788829
"209",323,0,18,9,28
"210",322,0,30,16,30
"211",321,0.00108013991268259,34,19,30.0000180023319
"212",332,0.00526873810052642,32.5,17.5,38.0000878123017
"213",334,0,44.5,25.5,40
"214",333,0,47.5,27.5,42
"215",326,0.00294963341622484,50,29,18.0000491605569
"216",331,0,19.5,10.5,30
"217",330,0,32.5,17.5,34
"218",329,0,41,24,16
"219",328,0,19,11,58
"220",327,0,68,39,2
"221",351,0.0020811864068012,2.5,1.5,28.0000346864401
"222",350,0,33.5,19.5,14
"223",349,0,14,7,22
"224",348,0,27,16,42
"225",249,0.185519382964876,51.5,30.5,14.0030919897161
"226",251,0.00847948652339514,14,7,32.0001413247754
"227",243,0.00647045687053844,36,20,28.0001078409478
"228",37,0.373667321040818,30.5,16.5,14.006227788684
"229",6,2.05178667943936,17.5,10.5,38.0341964446573
"230",17,0.660301495979874,46.5,27.5,26.011005024933
"231",19,0,28.5,15.5,26
"232",21,0,29,16,26
"233",23,0,32.5,19.5,32
"234",25,0,36.5,20.5,26
"235",27,0,30.5,17.5,18
"236",29,0,22.5,13.5,18
"237",18,0.209074388216804,21.5,12.5,36.0034845731369
"238",15,0.135594202937904,40,22,28.0022599033823
"239",14,0.207531928261741,32.5,18.5,24.003458865471
"240",13,0,27,15,26
"241",12,0.00401934305872694,32,19,46.000066989051
"242",11,0.00401934305872694,54.5,31.5,42.000066989051
"243",10,0,51,30,14
"244",9,0,15,8,56
"245",16,0.210499102213862,66,38,6.00350831837023
"246",30,0.261251464673243,7,4,8.00435419107789
"247",434,0.718492000460937,10,6,42.0119748666744
"248",436,0,51.5,30.5,44
"249",533,0.133555763176833,53,31,56.0022259293863
"250",535,0,66,38,34
"251",534,0.0393386901359308,40.5,23.5,36.0006556448356
"252",536,0.0393386901359308,43,25,26.0006556448356
"253",543,0,29.5,16.5,50
"254",552,0,57.5,32.5,50
"255",555,0,58,33,2
"256",563,0.000125445118695375,2.5,1.5,14.000002090752
"257",565,0,16.5,9.5,46
"258",574,0.000160788601394037,55,32,24.00000267981
"259",576,0,28.5,16.5,28
"260",580,0,33.5,19.5,40
"261",579,0.000111194924254931,50,30,26.0000018532487
"262",578,0,27.5,14.5,24
"263",577,0,26.5,14.5,4
"264",575,5.80703447383718e-05,5,3,18.0000009678391
"265",581,0.000125445112356768,18.5,9.5,58.0000020907519
"266",584,5.80703434527215e-05,67.5,38.5,32.0000009678391
"267",586,0,36,20,40
"268",588,0,47.5,27.5,50
"269",587,0.000111194927084224,60,35,22.0000018532488
"270",585,0.000111194924254931,26.5,15.5,38.0000018532487
"271",604,0.00011614069315622,43.5,24.5,44.0000019356782
"272",606,0,50,28,26
"273",610,0,29.5,16.5,50
"274",612,0,59,34,10
"275",614,0,11,6,18
"276",618,0.000125445113332376,20.5,11.5,50.0000020907519
"277",621,0.0002508901249388,60,35,44.0000041815021
"278",620,0.00016078842446468,52.5,30.5,22.0000026798071
"279",622,0.00012544505889779,26,15,40.000002090751
"280",619,0.000878115421284918,50,30,20.000014635257
"281",623,0.000482365258781599,21,11,24.000008039421
"282",616,0.0053470990198998,27,15,12.000089118317
"283",611,0.00011614069315622,15,9,36.0000019356782
"284",607,5.8070346393414e-05,43.5,25.5,38.0000009678391
"285",609,0,46,27,42
"286",603,5.8070346393414e-05,51,30,28.0000009678391
"287",602,0,31,17,34
"288",597,0.000111194929913516,42,25,48.0000018532488
"289",601,0,57,33,52
"290",596,0.000111194929913516,62,36,40.0000018532488
"291",595,0,45.5,25.5,10
"292",590,5.8070348417848e-05,12.5,7.5,18.0000009678391
"293",600,5.807035007289e-05,22,13,22.0000009678392
"294",599,0,25.5,14.5,40
"295",598,0,49,29,20
"296",608,5.80703497034982e-05,20.5,10.5,22.0000009678392
"297",591,0.000116140699776388,26,15,32.0000019356783
"298",594,0,36,20,12
"299",613,0.00017421104451476,14,8,32.0000029035174
"300",617,0.000125445118138697,37,21,22.000002090752
"301",615,0.000125445113332376,26.5,15.5,38.0000020907519
"302",593,0.000310915507024282,46,27,26.0000051819251
"303",592,0,31.5,18.5,26
"304",573,0.000232281405803553,29,16,6.00000387135676
"305",572,0,6,3,38
"306",571,0,44.5,25.5,38
"307",570,0,44,25,40
"308",569,0,45,25,56
"309",568,0,65,37,38
"310",567,0,45,26,32
"311",566,0.000160788601394037,37,21,12.00000267981
"312",564,0.000160788603784974,15,9,48.0000026798101
"313",556,0.000174211059410139,58,34,6.00000290351766
"314",562,0,7,4,40
"315",554,0.00016078860856685,45.5,25.5,20.0000026798101
"316",553,0,24.5,14.5,26
"317",551,0.000125445120227661,31,18,26.000002090752
"318",550,0,27.5,14.5,32
"319",549,0,36,20,32
"320",548,0,39,23,48
"321",547,0,55,31,26
"322",546,0,32.5,19.5,18
"323",545,0,21,12,2
"324",544,0,2.5,1.5,18
"325",561,0.0001607886113921,21,12,10.0000026798102
"326",560,0,12.5,7.5,32
"327",559,0,37.5,21.5,4
"328",558,0,4,2,28
"329",557,0,34.5,20.5,16
"330",542,0.000257524717994427,20,12,46.0000042920786
"331",541,0,56,33,48
"332",540,0,58,34,6
"333",539,0,7.5,4.5,34
"334",538,0,39,22,50
"335",537,0,59,34,50
"336",582,0.00135399346272277,60,35,40.0000225665577
"337",650,0.238722097377131,46.5,26.5,6.00397870162295
"338",678,0.0630815180997408,7.5,4.5,14.001051358635
"339",701,0.0927374150756292,15,8,44.0015456235846
"340",705,0,51,29,50
"341",707,0.00531358995343925,58,33,30.0000885598326
"342",709,0.000338604239761359,35.5,20.5,24.000005643404
"343",716,0.000459701105517406,28,16,20.0000076616851
"344",711,0.000567982308976626,20.5,10.5,28.0000094663718
"345",708,0.000477697827136499,34.5,20.5,24.0000079616305
"346",712,0.000160811731652335,29.5,17.5,58.0000026801955
"347",670,0.0322877886746925,68,39,38.0005381298112
"348",669,0.000937848415359611,46,27,24.0000156308069
"349",659,0.0268453949050956,25.5,13.5,42.0004474232484
"350",661,0.00478475122841714,48.5,27.5,42.0000797458538
"351",664,0,48.5,27.5,8
"352",666,0,8,4,52
"353",668,0,60,34,30
"354",671,0.000937848415359611,34,19,56.0000156308069
"355",675,0.00261691019769302,66,38,42.00004361517
"356",660,0.0174795815540493,51.5,30.5,30.0002913263592
"357",665,0.00149350055383778,32.5,17.5,30.0000248916759
"358",663,0.00180267616448849,32.5,17.5,22.0000300446027
"359",662,0,24,13,26
"360",656,0.0105514707367838,29,16,16.0001758578456
"361",655,0.00193839705758651,19.5,11.5,26.0000323066176
"362",658,0.00404495493750037,30.5,17.5,24.0000674159156
"363",713,0.0406199825706642,27,15,38.0006769997095
"364",715,0,46,27,48
"365",714,0,58,34,24
"366",710,0.000459701105517406,29.5,17.5,26.0000076616851
"367",717,0.000567982308976626,31,18,52.0000094663718
"368",721,0.000525933437072729,61.5,35.5,26.0000087655573
"369",719,0.000884599937772768,27.5,14.5,6.0000147433323
"370",718,0.000955395649004345,7.5,4.5,22.0000159232608
"371",722,0.000884599937772768,27.5,16.5,32.0000147433323
"372",725,0.00256341315827519,36.5,20.5,38.0000427235526
"373",704,0.0198559955011864,47,28,56.0003309332584
"374",703,0,65.5,37.5,38
"375",702,0,46.5,27.5,34
"376",726,0.0198559955011864,38,21,40.0003309332584
"377",1039,0.0987147498491653,50,30,22.0016452458308
"378",1052,0,27,16,54
"379",1061,0,62.5,35.5,40
"380",1073,0.000656055945795234,49,29,8.00001093426576
"381",1086,0,9,5,28
"382",1092,0,34.5,20.5,12
"383",1104,0,14.5,8.5,54
"384",1068,0.00112891018572364,64,37,16.0000188151698
"385",1072,0,18,10,30
"386",1071,0,35,20,12
"387",1070,0,12.5,6.5,26
"388",1069,0,31.5,18.5,36
"389",1110,0.000464378373600437,43.5,25.5,20.0000077396396
"390",1113,0,24,14,30
"391",1117,0,33.5,18.5,56
"392",1119,0,66,38,22
"393",1121,0,26.5,15.5,36
"394",1123,0,41,23,30
"395",1125,0,34,19,22
"396",1129,0,27.5,16.5,32
"397",1122,0.000376303270310299,38.5,22.5,24.0000062717212
"398",1130,0.000376303270310299,27.5,15.5,12.0000062717212
"399",1133,0,15,9,42
"400",1135,0,48,27,26
"401",1138,0,30,17,12
"402",1141,0,14,8,16
"403",1105,0.00148667927883606,18.5,10.5,14.000024777988
"404",1108,0,16.5,9.5,40
"405",1107,0.000333584781252672,46,26,14.0000055597464
"406",1106,0,17.5,10.5,2
"407",1109,0.000333584781252672,2.5,1.5,4.00000555974635
"408",1120,0.000935709990519374,4,2,32.0000155951665
"409",1116,0.000501737815727816,38,22,46.0000083622969
"410",1115,0,54.5,31.5,26
"411",1114,0,28,15,32
"412",1124,0.000977967816761828,35,19,12.0000162994636
"413",1205,0.00113264789871234,13,7,44.000018877465
"414",1238,0.00110289719053244,51,29,8.00001838161984
"415",1261,0,9.5,5.5,56
"416",1263,0,66,38,44
"417",1209,0.00224926924688045,50.5,28.5,8.00003748782078
"418",1211,0,8,4,30
"419",1224,0,35,20,48
"420",1227,0,56.5,32.5,22
"421",1208,0.000602439941834308,25.5,14.5,50.0000100406657
"422",1264,0.00224926924688045,57.5,32.5,12.0000374878208
"423",1271,0,12.5,6.5,16
"424",1275,0,19,11,38
"425",1278,0,44,25,26
"426",1281,0,29,16,40
"427",1289,0,49.5,29.5,46
"428",1291,0,55.5,32.5,40
"429",1277,0.00141283701026612,47,27,24.0000235472835
"430",1276,0,29.5,17.5,54
"431",1292,0.00141283701026612,63,36,20.0000235472835
"432",1298,0,20,10,28
"433",1304,0.000567966304766717,34,20,56.0000094661051
"434",1306,0,66,38,28
"435",1315,0,32.5,18.5,22
"436",1318,0,23.5,12.5,14
"437",1324,0.000222389854168448,17,10,12.0000037064976
"438",1326,0,12,6,54
"439",1328,0,64,37,12
"440",1333,0,15,9,28
"441",1336,0,32.5,18.5,0
"442",1340,0,0,0,26
"443",1342,0,31,18,34
"444",1344,0,39.5,22.5,26
"445",1346,0,28.5,15.5,26
"446",1357,0,28.5,15.5,30
"447",1373,0.00116789717953251,33,18,30.000019464953
"448",1390,0,33,18,34
"449",1402,0,37.5,20.5,38
"450",1339,0.00198807645248567,46,27,4.00003313460754
"451",1338,0,4,2,50
"452",1337,0,60,35,16
"453",1372,0.00170213188975016,20,12,32.0000283688648
"454",1369,0.00104199144055953,35,19,56.000017366524
"455",1371,0,65,37,30
"456",1370,0,36.5,21.5,32
"457",1389,0.000448551540548845,40,24,34.000007475859
"458",1388,0,41,24,52
"459",1387,0,60,34,26
"460",1386,0,28,15,34
"461",1385,0,42,25,40
"462",1384,0,47.5,27.5,46
"463",1383,0,53,30,4
"464",1382,0,5,3,26
"465",1381,0,29.5,16.5,42
"466",1380,0,48,27,18
"467",1379,0,21,12,2
"468",1378,0,2.5,1.5,20
"469",1377,0,20.5,10.5,30
"470",1376,0,37.5,22.5,12
"471",1375,0,13,7,16
"472",1374,0,18,10,24
"473",1458,0.000567790933449238,26,14,6.00000946318222
"474",1463,0,6.5,3.5,42
"475",1467,0,48.5,27.5,44
"476",1481,0,52,30,28
"477",1506,0,34,20,44
"478",1509,0,50,28,34
"479",1511,0,39.5,22.5,26
"480",1514,0,30.5,17.5,36
"481",1520,0.000229840681114548,44.5,26.5,34.000003830678
"482",1530,0.000638520500360675,40.5,23.5,32.0000106420083
"483",1543,0,37,21,10
"484",1549,0,10.5,5.5,22
"485",1551,0,23,12,34
"486",1553,0,42.5,25.5,22
"487",1555,0,22.5,11.5,18
"488",1568,0,19,10,6
"489",1571,0,6.5,3.5,40
"490",1573,0,47.5,27.5,14
"491",1585,0,15.5,8.5,12
"492",1584,0.000250868927502392,13.5,7.5,30.0000041811488
"493",1583,0,34,19,36
"494",1582,0,43.5,25.5,42
"495",1581,0,50,29,14
"496",1580,0,16.5,9.5,30
"497",1579,0,35.5,20.5,32
"498",1578,0,38.5,22.5,50
"499",1577,0,59.5,34.5,8
"500",1576,0,9,5,30
"501",1575,0,33.5,18.5,36
"502",1574,0,45,27,46
"503",1586,0.000250868927502392,56,33,18.0000041811488
"504",1610,0.00163064832721921,19,10,38.0000271774721
"505",1613,0,44.5,25.5,14
"506",1620,0,16.5,9.5,16
"507",724,0.127328507135701,16.5,8.5,4.00212214178559
"508",723,0.00256341315827519,4.5,2.5,26.0000427235526
"509",720,0.00826300066948573,27.5,14.5,14.0001377166778
"510",1621,0.130276189208593,14,7,22.0021712698201
"511",1625,0.00146876335817797,24,13,14.0000244793893
"512",1627,0,16,9,50
"513",1626,0.000250883232905293,58.5,33.5,20.0000041813872
"514",1628,0.000250883232905293,23,13,54.0000041813872
"515",1635,0.00122861935113237,63.5,36.5,56.0000204769892
"516",1623,0.00637253156891495,65.5,37.5,18.0001062088595
"517",1634,0.00280932148778054,21,12,20.0000468220248
"518",1629,0.00122861935113237,24,14,20.0000204769892
"519",1622,0.0124498943728494,24.5,14.5,30.0002074982395
"520",1636,0.00637253156891495,32.5,17.5,26.0001062088595
"521",1643,0,31,18,42
"522",1648,0.0329988950782047,50,29,36.0005499815846
"523",1677,0.025079605224615,43.5,25.5,14.0004179934204
"524",1684,0,15,8,26
"525",1646,0.0414573711475836,31.5,18.5,46.0006909561858
"526",1768,0.13227751308871,54.5,31.5,32.0022046252181
"527",1777,0.0220717127820407,40,24,36.0003678618797
"528",1782,0,42.5,24.5,6
"529",1787,0,6.5,3.5,16
"530",1789,0,19,11,26
"531",1794,0.0279471142776912,29,16,56.000465785238
"532",1796,0,65.5,37.5,26
"533",1803,0,32.5,19.5,54
"534",1805,0,63.5,36.5,0
"535",1810,0.00547194136550745,0,0,48.0000911990228
"536",1806,0.00602177129338925,57,33,42.0001003628549
"537",1802,0.0030654191966986,51,30,26.0000510903199
"538",1801,0,31,18,16
"539",1800,0,18.5,10.5,44
"540",1799,0,52.5,30.5,36
"541",1798,0,43,25,46
"542",1797,0,54.5,31.5,14
"543",1795,0.00270776990530036,14.5,7.5,8.00004512949842
"544",1807,0.00564908059003449,9,5,16.0000941513432
"545",1819,0.0163882698137709,16,8,24.0002731378302
"546",1817,0.0182983394079942,29,17,36.0003049723235
"547",1823,0.00308669974272782,43,25,42.0000514449957
"548",1728,0.132430422575963,50,29,28.0022071737096
"549",1748,0.0535357840210763,30,16,34.000892263067
"550",1885,0.212471179366969,42,25,22.0035411863228
"551",2205,0.125414571476454,23,12,50.0020902428579
"552",2244,0.0276218995467318,60,35,14.0004603649924
"553",2239,0.00884941672175098,15.5,8.5,46.0001474902787
"554",2241,0,54,31,38
"555",2243,0,45.5,26.5,44
"556",2206,0.0276218995467318,54,32,46.0004603649924
"557",2203,0.000531153318818809,53,30,20.0000088525553
"558",2201,0.00108229151765158,20,10,42.000018038192
"559",2208,0.00213229548784126,49.5,28.5,26.0000355382581
"560",2212,0.00152568473526457,28.5,15.5,42.0000254280789
"561",2215,0.000602493373856327,51.5,30.5,58.0000100415562
"562",2217,0,68,39,42
"563",2219,0,51.5,30.5,18
"564",2221,0.000311006267376115,21,12,2.00000518343779
"565",2229,0.00284062883616125,2,1,32.0000473438139
"566",2225,0.00365527960425814,36,20,28.0000609213267
"567",2227,0,31.5,17.5,30
"568",2245,0.0228845806107732,36.5,21.5,22.0003814096768
"569",2247,0,25,14,46
"570",2251,0.0353810302638053,54,31,16.0005896838377
"571",2170,0.0442201712607416,16,8,12.0007370028543
"572",2164,0.0029585287423976,12,6,14.0000493088124
"573",2157,0.00252331179909503,15,8,48.0000420551967
"574",2184,0.0469556634457877,55.5,31.5,14.0007825943908
"575",2181,0.00440175430959665,17,10,50.0000733625718
"576",2185,0.00493405818227765,57.5,32.5,50.000082234303
"577",2187,0.00411789462070683,58,33,34.000068631577
"578",2190,0,38.5,21.5,42
"579",2198,0.00289846659764524,48,27,44.0000483077766
"580",2191,0.00340642676070037,51,29,14.0000567737793
"581",2189,0.00409348144990071,17,10,24.0000682246908
"582",2188,0,25.5,13.5,44
"583",2183,0.00125754646456513,50,28,24.0000209591077
"584",2180,0.00155770524430153,27.5,15.5,26.0000259617541
"585",2179,0,29.5,16.5,40
"586",2178,0,50,30,42
"587",2177,0,49.5,28.5,24
"588",2176,0,28.5,16.5,48
"589",2182,0.00922990891016603,57.5,33.5,16.0001538318152
"590",2192,0.00416332653824329,19.5,11.5,14.0000693887756
"591",2166,0.00709513721195636,17,10,28.0001182522869
"592",2154,0.00244828172407305,32,18,38.0000408046954
"593",2156,0,43,24,46
"594",2165,0.00252331179909503,55.5,32.5,36.0000420551967
"595",2162,0.00158355733524412,43,25,48.0000263926223
"596",2168,0.000812262507802443,58,34,20.0000135377085
"597",2172,0.00128259326916279,24.5,14.5,36.0000213765545
"598",2139,0.00764853594723745,43,25,28.0001274755991
"599",2143,0.000406445492092893,31,17,16.0000067740915
"600",2145,0,17.5,9.5,18
"601",2148,0.000125436274174369,22.5,13.5,38.0000020906046
"602",2147,0.00037630877881982,44.5,25.5,40.000006271813
"603",2146,0.000125436274174369,45,25,50.0000020906046
"604",2149,0.00037630877881982,57.5,32.5,42.000006271813
"605",2141,0.000643043900883964,48.5,27.5,16.0000107173983
"606",2153,0.0190752198945388,18.5,10.5,48.0003179203316
"607",2167,0.00244828172407305,57,33,44.0000408046954
"608",2163,0.000812262507802443,52,30,40.0000135377085
"609",2174,0.00283725785281844,48.5,28.5,16.0000472876309
"610",2055,0.0137352478435334,20,12,34.0002289207974
"611",2058,0.000353211785032429,38,21,18.0000058868631
"612",2057,0.000111194927084224,22,13,44.0000018532488
"613",2059,0.000111194927084224,52.5,30.5,14.0000018532488
"614",2066,0.000257455562568086,17,10,42.000004290926
"615",2065,0.000160760931546069,49,28,20.0000026793489
"616",2067,0.000229841659182591,23,13,12.0000038306943
"617",2071,0.000222389854168448,12.5,6.5,50.0000037064976
"618",2070,0,57.5,32.5,4
"619",2073,0.000125436244088893,4,2,12.0000020906041
"620",2075,5.80512000518105e-05,12.5,6.5,12.00000096752
"621",2091,0.000310826021088163,12.5,6.5,48.0000051804337
"622",2094,0,56.5,32.5,8
"623",2096,5.80511930615534e-05,9.5,5.5,28.0000009675199
"624",2106,0.000160760955454628,32.5,18.5,24.0000026793493
"625",2108,0,26,14,50
"626",2115,0.000111194927084224,59,34,46.0000018532488
"627",2113,0,54,31,18
"628",2109,0.000111194927084224,19,10,26.0000018532488
"629",2116,0,32,19,56
"630",2103,0.000174153609348372,66,38,42.0000029025602
"631",2090,0.000321521841574434,51,30,36.0000053586974
"632",2076,0.000310826021088163,45,27,5.18043368480272e-06
"633",2068,0.000232204759742779,0,0,18.0000038700793
"634",2072,0,21,12,36
"635",2077,0.000376308739922728,43,25,38.0000062718123
"636",2084,0.000125436254047399,47,28,42.0000020906042
"637",2086,0,50.5,29.5,58
"638",2093,0.000125436254047399,67.5,38.5,38.0000020906042
"639",2092,0,43.5,24.5,26
"640",2101,0.000116102416286818,30.5,17.5,6.00000193504027
"641",2117,0.000174153609348372,7,4,40.0000029025602
"642",2119,0,47,27,40
"643",2112,5.80512063035273e-05,47.5,27.5,24.0000009675201
"644",2110,0,28.5,16.5,24
"645",2118,0.000125436259619626,26,14,14.0000020906043
"646",2111,0.000125436259619626,17.5,10.5,20.0000020906043
"647",2120,5.80512063035273e-05,22.5,12.5,28.0000009675201
"648",2114,0.000160760953063772,32,18,22.0000026793492
"649",2121,0.000160760953063772,24.5,13.5,46.0000026793492
"650",2107,0.000232204825583379,55,32,50.0000038700804
"651",2099,0.000116102412976325,58,33,26.0000019350402
"652",2087,0.00020662476897297,29.5,16.5,10.0000034437461
"653",2089,0,10,5,38
"654",2104,0.000321521841574434,45.5,26.5,40.0000053586974
"655",2102,0.000229841661272923,46,26,38.0000038306944
"656",2105,0.000229841661272923,46.5,27.5,34.0000038306944
"657",2097,0.000160760955454628,37.5,20.5,28.0000026793493
"658",2081,0.000232204865678568,34.5,20.5,40.0000038700811
"659",2083,0,48.5,28.5,22
"660",2078,0.000125436254047399,25,14,40.0000020906042
"661",2080,0,49,29,38
"662",2098,0.000232204865678568,43,24,50.0000038700811
"663",2100,0.000111194924254931,58.5,33.5,24.0000018532487
"664",2122,0.000365625829328772,26.5,14.5,34.0000060937638
"665",2129,0.000250872527836578,38,21,52.0000041812088
"666",2131,0,61,35,2
"667",2134,0.000125436259619626,2,1,28.0000020906043
"668",2132,0.000229841662204691,34,20,48.0000038306944
"669",2135,0.000333584778423379,56.5,32.5,52.0000055597463
"670",2138,0,60.5,34.5,8
"671",2137,0,9,5,6
"672",2136,0,7,4,32
"673",2173,0.00764853594723745,40,24,34.0001274755991
"674",2171,0.00374009529445854,41,24,42.0000623349216
"675",2169,0.00128259326916279,48,27,6.00002137655449
"676",2160,0.0335244339313988,7,4,16.0005587405655
"677",2128,0.00498170484433444,18.5,10.5,50.0000830284141
"678",2123,0.000250872527836578,58,33,24.0000041812088
"679",2125,0.000558997085136347,28.5,16.5,32.0000093166181
"680",2088,0.000705433161032167,35,19,22.0000117572194
"681",2085,0.000111194927084224,25,14,28.0000018532488
"682",2082,0.000338598210578463,30.5,16.5,16.0000056433035
"683",2079,0.000229841657187894,17.5,9.5,12.0000038306943
"684",2095,0.000206624737012572,12.5,6.5,36.0000034437456
"685",2069,0.000567822583424183,44.5,26.5,16.0000094637097
"686",2074,0.00025087250217644,16,8,10.0000041812084
"687",2060,0.000778197852570403,12.5,7.5,20.0000129699642
"688",2062,0,20.5,10.5,38
"689",1881,0.076971998212325,44,25,4.00128286663687
"690",1879,0.0518091414596066,4.5,2.5,56.000863485691
"691",1883,0.00536567472937399,66,38,6.00008942791216
"692",1888,0.00214733238975144,7,4,20.0000357888732
"693",1909,0.0327708364754214,24,14,42.0005461806079
"694",1911,0,47.5,26.5,38
"695",1922,0.00197321360796301,43.5,24.5,36.0000328868935
"696",1871,0.080049051475036,42.5,24.5,14.0013341508579
"697",1877,0.000731180730124949,16,9,34.0000121863455
"698",1876,0.00542224139945111,41.5,24.5,18.00009037069
"699",1875,0,18.5,9.5,40
"700",1874,0,46,26,20
"701",1873,0,22,12,20
"702",1872,0.000731180730124949,24,14,42.0000121863455
"703",1878,0.00542224139945111,47.5,26.5,20.00009037069
"704",1870,0.0411124289463151,22.5,12.5,32.0006852071491
"705",1867,0.00922186136851297,35.5,19.5,56.0001536976895
"706",1850,0.0158162709766165,66,38,14.0002636045163
"707",1865,0.00862545820051343,15,8,26.0001437576367
"708",1851,0.0134825509088066,28.5,15.5,32.0002247091818
"709",1857,0,38,22,4
"710",1866,0.0357920661708681,4,2,42.0005965344362
"711",1860,0.00560583894276324,49.5,28.5,38.000093430649
"712",1864,0,45.5,26.5,8
"713",1858,0.0222658142549853,9,5,26.0003710969042
"714",1923,0.0963271567239567,28.5,15.5,50.0016054526121
"715",1892,0.0227391706174777,57.5,32.5,8.00037898617696
"716",1930,0.0193856187034885,8,4,32.0003230936451
"717",1921,0.00396599316043549,37.5,21.5,36.000066099886
"718",1920,0,42.5,24.5,46
"719",1919,0,56,33,28
"720",1918,0,35,21,50
"721",1917,0,58,33,48
"722",1916,0,57.5,33.5,56
"723",1912,0.00197321360796301,66,38,36.0000328868935
"724",1914,0,42,24,38
"725",1929,0.00767194709193218,45.5,26.5,48.0001278657849
"726",1893,0.0193856187034885,55,31,46.0003230936451
"727",1898,0.0127499180874172,55,32,34.0002124986348
"728",1897,0.00433120440485933,39,22,46.0000721867401
"729",1894,0.0127499180874172,54,31,40.0002124986348
"730",1896,0.00100667685112429,45,25,26.0000167779475
"731",1895,0.00100667685112429,28,15,34.0000167779475
"732",1899,0.00433120440485933,38,21,18.0000721867401
"733",1928,0.0335653878127529,22.5,13.5,26.0005594231302
"734",1967,0.00381538977547647,32.5,19.5,24.0000635898296
"735",1970,0,25,13,8
"736",1973,0,8.5,4.5,20
"737",1975,0.000567967802181707,24,14,40.00000946613
"738",1980,0.000889559411015206,47.5,27.5,32.0000148259902
"739",1984,0.00334550091578841,38.5,22.5,24.0000557583486
"740",1991,0.000257450894312467,27.5,15.5,24.0000042908482
"741",2007,0.000116099820849204,28.5,16.5,12.000001934997
"742",2009,0,14,8,18
"743",1995,0.000464399256543387,21,12,26.0000077399876
"744",2004,0,29.5,16.5,42
"745",2006,0,48.5,27.5,20
"746",1992,0.000116099820849204,23,13,6.00000193499701
"747",1989,0.000160759061898929,7,4,20.0000026793177
"748",1993,0.00022984132984402,23.5,13.5,26.0000038306888
"749",2010,0.000464399256543387,32,19,38.0000077399876
"750",2008,0.000229841334576294,43.5,24.5,2.00000383068891
"751",2011,0.000229841334576294,2,1,14.0000038306889
"752",1955,0.00723785841196176,16.5,9.5,46.0001206309735
"753",1969,0,55.5,32.5,24
"754",1968,0,25.5,13.5,18
"755",1965,0,22.5,13.5,54
"756",1931,0.00427796768947015,62.5,35.5,22.0000712994615
"757",1933,0,27,16,14
"758",1936,0,16,9,22
"759",1938,0,26,15,52
"760",1941,0,62,36,42
"761",1937,0.000125436081898808,50,29,12.0000020906014
"762",1935,0.000111194927084224,12.5,6.5,22.0000018532488
"763",1934,0,27.5,16.5,18
"764",1940,0.000111194927084224,21.5,12.5,4.00000185324878
"765",1939,0,4,2,14
"766",1932,0.000229841563216408,16,9,28.0000038306927
"767",1942,0.000567967768421217,30,16,26.0000094661295
"768",1924,0.0494812275653902,32,19,34.0008246871261
"769",1887,0.0296686696034225,39.5,22.5,14.0004944778267
"770",1884,0.00214733238975144,17,10,50.0000357888732
"771",2036,0.0642005880089576,59,34,8.00107000980015
"772",2045,0.00336827890163249,9,5,44.0000561379817
"773",2043,0.00205087772188697,51,29,42.0000341812954
"774",2047,0.0014108653220817,49.5,28.5,16.000023514422
"775",2049,0,18.5,10.5,18
"776",2152,0.0271048294081212,22,13,20.0004517471568
"777",2142,0.0190752198945388,23.5,13.5,4.00031792033158
"778",2150,0.00031082623077042,4.5,2.5,28.0000051804372
"779",2140,0.000686144770244955,31,17,16.0000114357462
"780",2130,0.000525743377228794,16,8,2.00000876238962
"781",2124,0.000797609422148933,2.5,1.5,56.0000132934904
"782",2133,0.00124499029125288,65,37,46.0000207498382
"783",2126,0.000906446597361168,55,32,48.0000151074433
"784",2161,0.00498170484433444,56,32,4.00008302841407
"785",2151,0.0045372094757781,4.5,2.5,46.0000756201579
"786",2056,0.00460750318193965,54,31,56.0000767917197
"787",2061,0.000602517072268334,65,37,10.0000100419512
"788",2064,0.000116102350076945,10.5,5.5,16.0000019350392
"789",2052,0.00180755124252308,17,9,26.000030125854
"790",2051,0.000250872468641626,31.5,18.5,26.0000041812078
"791",2053,0.000558997078050285,28.5,15.5,14.000009316618
"792",2044,0.00171621552825937,15,8,34.0000286035921
"793",2048,0.000482407002942011,41,24,20.0000080401167
"794",2037,0.00350140893725059,20.5,10.5,36.0000583568156
"795",2039,0,42.5,24.5,20
"796",2054,0.0029793427436185,22.5,12.5,36.0000496557124
"797",2175,0.0137352478435334,44,26,20.0002289207974
"798",2159,0.0228468199801257,22.5,12.5,36.000380780333
"799",2252,0.0531288281656023,44.5,26.5,14.0008854804694
"800",2267,0.0376079353632417,15,8,44.0006267989227
"801",2269,0,50.5,28.5,28
"802",2258,0.00576029535425431,31.5,17.5,12.0000960049226
"803",2260,0,14.5,8.5,4
"804",2262,0,5,3,44
"805",2259,0.00134384309931861,54,32,18.000022397385
"806",2263,0.00134384309931861,20.5,11.5,28.000022397385
"807",2265,0.0247997983763475,34,20,44.0004133299729
"808",2271,0.0124803092297299,50.5,28.5,26.0002080051538
"809",2273,0,29.5,16.5,22
"810",2275,0,25.5,14.5,48
"811",2274,0.000602514319238272,57,33,46.0000100419053
"812",2276,0.000602514319238272,52.5,29.5,52.0000100419053
"813",2254,0.00957504987422239,62,36,32.0001595841646
"814",2256,0.00547944182631926,35,19,10.0000913240304
"815",2255,0.0198302684542269,12.5,7.5,20.0003305044742
"816",2270,0.0059508023178832,24,14,26.0000991800386
"817",2266,0.0124803092297299,32.5,19.5,40.0002080051538
"818",2324,0.0306725156486735,45.5,25.5,30.0005112085941
"819",2312,0.000955073246658188,32.5,17.5,40.0000159178874
"820",2314,0,45.5,25.5,40
"821",2321,0.000348307973488932,48.5,28.5,22.0000058051329
"822",2320,5.80513291610026e-05,27,16,9.67522152683377e-07
"823",2322,5.80513291610026e-05,0,0,12.0000009675222
"824",2342,0.00789743914855424,15,9,44.0001316239858
"825",2352,0.00205964887187408,52.5,30.5,12.0000343274812
"826",2359,0,14.5,8.5,54
"827",2349,0.00168643431407655,63,36,38.0000281072386
"828",2339,0.00271938763310749,47,28,46.0000453231272
"829",2341,0,55,32,48
"830",2323,0.00789743914855424,56,32,14.0001316239858
"831",2362,0.0187389114361793,15,8,40.0003123151906
"832",2364,0,47,27,56
"833",2383,0.00341902792081286,65.5,37.5,28.0000569837987
"834",2403,0.00790742910497677,33,19,50.0001317904851
"835",2411,0.000937327823612391,59,34,38.0000156221304
"836",2400,0.00252855715612632,46,27,30.0000421426193
"837",2376,0.00382469654455267,32.5,17.5,28.0000637449424
"838",2382,0,35,21,14
"839",2365,0.00341902792081286,15,8,34.0000569837987
"840",2363,0.00174780191443899,42.5,25.5,16.0000291300319
"841",2366,0.00174780191443899,16,8,10.0000291300319
"842",2351,0.002058436388693,11,6,12.0000343072731
"843",2367,0.002058436388693,14.5,8.5,44.0000343072731
"844",2406,0.00485007295930063,50,28,14.0000808345493
"845",2421,0.00274124555985457,17,10,20.000045687426
"846",2451,0.00160243202184435,24.5,14.5,50.0000267072004
"847",2399,0.00451846747584049,57.5,32.5,30.0000753077913
"848",2412,0.00252855715612632,36,21,6.00004214261927
"849",2426,0.00187488513306435,6.5,3.5,38.0000312480855
"850",2418,0.000898686522403025,43,24,20.0000149781087
"851",2429,0.00136533837914479,20,10,2.00002275563965
"852",2442,0.000643030856133161,2,1,6.00001071718094
"853",2449,0.000365649118036552,7,4,58.000006094152
"854",2432,0.00112530312146482,68,39,12.000018755052
"855",2440,0.000752611375963124,13,7,44.0000125435229
"856",2444,0.000282461311598201,54,32,38.0000047076885
"857",2439,0.000706420699390955,44.5,25.5,38.0000117736783
"858",2445,0.000174146980407323,44,25,34.0000029024497
"859",2431,0.000731297354025925,38.5,21.5,50.0000121882892
"860",2425,0.000830718438555755,59.5,34.5,32.0000138453073
"861",2438,0.000477520982580587,36.5,20.5,28.000007958683
"862",2454,0.00062163167843555,31.5,17.5,26.000010360528
"863",2434,0.00124478858793993,29,16,38.0000207464765
"864",2456,0.00103309505585659,47,28,42.0000172182509
"865",2465,0.000964546873593156,50.5,29.5,14.0000160757812
"866",2467,0,16.5,9.5,48
"867",2489,0.00103310154472555,58,34,24.0000172183591
"868",2485,0.000906445297950575,27.5,15.5,56.0000151074216
"869",2487,0,66,38,44
"870",2468,0.00103310154472555,53.5,31.5,20.0000172183591
"871",2460,0.000676157834915885,20,10,12.0000112692972
"872",2497,0.00390033686115227,12,6,18.0000650056144
"873",2499,0.000448550323884911,20,11,6.00000747583873
"874",2507,0.000932294941587794,7,4,16.000015538249
"875",2496,0.00146259604997102,17,9,36.0000243766008
"876",2461,0.00390033686115227,43.5,25.5,16.0000650056144
"877",2477,0.000705406406467454,19.5,11.5,56.0000117567734
"878",2494,0.00190908916557826,65,37,34.0000318181528
"879",2486,0.00118208663307204,38,21,26.0000197014439
"880",2495,0.00118208663307204,28.5,15.5,20.0000197014439
"881",2508,0.00146259604997102,21.5,11.5,32.0000243766008
"882",2510,0,38.5,22.5,12
"883",2512,0.000111194927084224,15,9,20.0000018532488
"884",2500,0.00185437165447269,23,13,54.0000309061942
"885",2518,0.0022146473269142,63.5,36.5,20.0000369107888
"886",2520,0,21,11,8
"887",2522,0.000333584781252672,10,6,26.0000055597464
"888",2553,0.00337250382420041,28,15,24.0000562083971
"889",2552,0.000338595918308133,29,17,52.0000056432653
"890",2537,0.00119104356950918,61.5,35.5,20.0000198507262
"891",2544,0.000257407454219911,21,11,18.0000042901242
"892",2542,0.000116075686211259,22.5,13.5,46.0000019345948
"893",2513,0.00288394398340666,52.5,29.5,30.0000480657331
"894",2490,0.00361446205737651,33.5,18.5,48.0000602410343
"895",2482,0.000762923596431632,56.5,32.5,32.0000127153933
"896",2492,0.000762923443155007,39,23,40.0000127153907
"897",2466,0.00283315306290262,49,29,20.0000472192177
"898",2457,0.00108412600780148,24,14,46.0000180687668
"899",2459,0,53.5,30.5,16
"900",2469,0.000676157834915885,19.5,11.5,20.0000112692973
"901",2471,0,20.5,10.5,48
"902",2446,0.00165295029875191,57.5,33.5,34.0000275491716
"903",2448,0,39.5,22.5,8
"904",2443,0.000365649118036552,8.5,4.5,20.000006094152
"905",2447,0.000160757713193781,24.5,14.5,24.0000026792952
"906",2458,0.00036561302966275,25.5,13.5,8.00000609355049
"907",2441,0.000676157438850101,10,6,34.0000112692907
"908",2430,0.000643030856133161,39.5,22.5,44.0000107171809
"909",2472,0.00202315711094783,51,29,36.0000337192852
"910",2476,0,42.5,24.5,28
"911",2462,0.000705406406467454,35,21,54.0000117567734
"912",2450,0.00125435181246104,62.5,35.5,24.0000209058635
"913",2422,0.00160243202184435,26,14,36.0000267072004
"914",2424,0,44.5,26.5,20
"915",2428,0.000669690149692502,22.5,12.5,36.0000111615025
"916",2433,0.000477656940372884,44,26,54.000007960949
"917",2455,0.00124478858793993,63.5,36.5,32.0000207464765
"918",2436,0.000984664874085625,36,20,42.0000164110812
"919",2423,0.00121181380156465,49,28,20.0000201968967
"920",2417,0.000621632234549487,22.5,12.5,48.0000103605372
"921",2427,0.000898686522403025,58,34,18.0000149781087
"922",2435,0.00114920541872141,20.5,11.5,24.0000191534236
"923",2416,0.0017021651583645,28,16,10.0000283694193
"924",2437,0.00181091740890443,11.5,6.5,26.0000301819568
"925",2453,0.0010445529350926,31.5,18.5,32.0000174092156
"926",2479,0.00139775744385154,35.5,19.5,38.0000232959574
"927",2478,0.00300282416262742,46,27,14.0000500470694
"928",2491,0.00104455068321003,17,10,22.0000174091781
"929",2483,0.000762923443155007,27.5,16.5,28.0000127153907
"930",2505,0.00340433462101887,30,16,44.0000567389103
"931",2493,0.00297148565410763,51,29,8.0000495247609
"932",2488,0.0024798072274824,8,4,26.0000413301205
"933",2509,0.00344804307139035,32.5,19.5,50.0000574673845
"934",2408,0.00786729295705968,59.5,34.5,52.0001311215493
"935",2414,0.00226071672289705,61.5,35.5,36.000037678612
"936",2410,0.000482273183416597,40.5,22.5,50.0000080378864
"937",2404,0.000937327823612391,60,35,40.0000156221304
"938",2344,0.0110012420483847,45.5,25.5,50.0001833540341
"939",2548,0.0357495969358151,58.5,33.5,30.0005958266156
"940",2558,0.000955077186657483,35.5,20.5,14.0000159179531
"941",2560,0,16,9,28
"942",2595,0.0139059936361975,32,18,44.0002317665606
"943",2608,0.00540719104680965,51,29,40.0000901198508
"944",2610,0,49.5,29.5,38
"945",2617,0.023196213538253,44,25,34.000386603559
"946",2606,0.00540369103728966,40,23,36.0000900615173
"947",2612,0.0142405252189351,43,25,18.000237342087
"948",2580,0.0139893707168919,21.5,12.5,14.0002331561786
"949",2596,0.00847238677880148,15.5,8.5,20.0001412064463
"950",2584,0.00947165292851833,24,14,30.0001578608821
"951",2571,0.00427236467291013,34.5,19.5,38.0000712060779
"952",2573,0,44,25,20
"953",2579,0,25,15,10
"954",2578,0,12.5,7.5,26
"955",2577,0,32.5,19.5,12
"956",2576,0,12.5,6.5,46
"957",2575,0,52.5,29.5,58
"958",2574,0,68,39,32
"959",2530,0.00737970446167068,37.5,21.5,22.0001229950744
"960",2521,0.000820102567176951,27,16,32.0000136683761
"961",2519,0.000232151259486844,39,23,42.0000038691877
"962",2517,0.000442140826704784,47.5,26.5,22.0000073690138
"963",2501,0.0022146473269142,27,16,50.0000369107888
"964",2498,0.000898525794043478,58,33,30.0000149754299
"965",2502,0.00105134336777268,33,18,20.0000175223895
"966",2481,0.00329456753439966,22,12,20.0000549094589
"967",2464,0.00147925412856561,23,13,12.0000246542355
"968",2484,0.000772343326119096,15,9,44.0000128723888
"969",2463,0.0037084808931053,52.5,30.5,48.0000618080149
"970",2415,0.0029045781625213,58,34,52.000048409636
"971",2419,0.00334391917954947,61.5,35.5,36.0000557319863
"972",2514,0.00970797308656748,45,27,8.00016179955144
"973",2516,0,10,6,40
"974",2531,0.00154522763852707,48,28,10.000025753794
"975",2525,0.000482225111312269,12,7,22.0000080370852
"976",2529,0,25.5,14.5,26
"977",2528,0,28.5,15.5,24
"978",2527,0,25.5,13.5,16
"979",2526,0,17.5,9.5,46
"980",2515,0.00313566941012243,55,32,20.0000522611568
"981",2470,0.00429427179192339,20,10,12.0000715711965
"982",2588,0.0185940351582041,14.5,8.5,40.000309900586
"983",2590,0,47.5,27.5,26
"984",2594,0,29,16,24
"985",2603,0.00517129802671593,25.5,13.5,8.00008618830045
"986",2605,0,10,6,48
"987",2601,0.000705427885048867,55.5,31.5,18.0000117571314
"988",2613,0.0221044236899458,19.5,10.5,36.0003684070615
"989",2622,0.00441815547131524,41,23,40.0000736359245
"990",2624,0,45,25,16
"991",2626,0,17.5,9.5,30
"992",2628,0,34,19,50
"993",2630,0,59.5,34.5,38
"994",2632,0,44.5,25.5,38
"995",2634,0,47.5,28.5,50
"996",2747,0.0278728177813759,58,33,44.000464546963
"997",2233,0.114399655342577,50.5,28.5,18.0019066609224
"998",2220,0.0210016831574055,18.5,9.5,44.0003500280526
"999",2199,0.0150476566956679,50,28,38.0002507942783
"1000",2204,0.00212777344236831,46.5,27.5,28.0000354628907
"1001",2207,0.000160783989288651,35,21,28.0000026797332
"1002",2209,0.000310754321907588,33,19,26.0000051792387
"1003",2211,0,30,17,38
"1004",2213,0.000977934323057276,43,24,26.0000162989054
"1005",2230,0.00607009075684287,31.5,18.5,34.0001011681793
"1006",2232,0,39.5,22.5,12
"1007",2222,0.00516265874537958,13,7,46.0000860443124
"1008",2224,0,54,31,14
"1009",2214,0.00328546310787617,14.5,7.5,54.0000547577185
"1010",2200,0.0040183409204018,63,36,48.0000669723487
"1011",2202,0.00423177936818608,55,31,40.0000705296561
"1012",2195,0.00593610940973766,49,29,24.0000989351568
"1013",2194,0.00893262082307941,25.5,13.5,20.0001488770137
"1014",2249,0.0386859037558193,24,14,32.0006447650626
"1015",2277,0.00972759697492569,38,22,56.0001621266162
"1016",2279,0,65.5,37.5,22
"1017",2281,0,25.5,14.5,32
"1018",2283,0,38,22,44
"1019",2286,0.00167699069998761,54,32,36.000027949845
"1020",2361,0.0102720221495547,44.5,26.5,10.0001712003692
"1021",2358,0.00403695289229839,12.5,7.5,10.0000672825482
"1022",2357,0,11.5,6.5,36
"1023",2356,0,42.5,24.5,20
"1024",2355,0,22,12,26
"1025",2354,0,31,18,30
"1026",2353,0,36,21,0
"1027",2401,0.00934164505926673,0,0,22.0001556940843
"1028",2384,0.0175042848105736,25,14,18.0002917380802
"1029",2397,0,21.5,12.5,20
"1030",2396,0.037139286938881,23.5,13.5,36.0006189881156
"1031",2395,0,40,22,42
"1032",2394,0,52,31,28
"1033",2393,0,33,19,40
"1034",2392,0,47.5,27.5,44
"1035",2391,0,53,31,56
"1036",2390,0,66,38,34
"1037",2389,0,42.5,25.5,32
"1038",2388,0,39.5,23.5,22
"1039",2387,0,26.5,15.5,16
"1040",2386,0,17,9,38
"1041",2385,0,46.5,27.5,46
"1042",2407,0.0059192976246415,53.5,30.5,16.0000986549604
"1043",2368,0.00499521673776851,19,11,18.0000832536123
"1044",2381,0.00290590709094629,19.5,10.5,60.0000484317848
"1045",2380,0,70,40,26
"1046",2379,0,28.5,15.5,48
"1047",2378,0,57.5,33.5,40
"1048",2377,0,45.5,25.5,46
"1049",2369,0.00290590709094629,52.5,29.5,12.0000484317848
"1050",2347,0.00303485754804781,12.5,6.5,16.0000505809591
"1051",2360,0.00168643431407655,19,11,22.0000281072386
"1052",2287,0.0102720221495547,22.5,11.5,18.0001712003692
"1053",2326,0.00812719927447619,21.5,12.5,8.00013545332124
"1054",2328,0,8,4,20
"1055",2330,0,23,13,32
"1056",2332,0,37.5,21.5,18
"1057",2334,0,21.5,12.5,22
"1058",2336,0.000290256388134128,26,15,36.0000048376065
"1059",2319,0.00301229170131608,41.5,23.5,6.00005020486169
"1060",2315,0.000348307973488932,6,3,18.0000058051329
"1061",2317,0,19.5,10.5,34
"1062",2337,0.00301229170131608,41.5,24.5,46.0000502048617
"1063",2340,0.00102734045964908,53.5,30.5,16.000017122341
"1064",2338,0.00102734045964908,16.5,8.5,38.000017122341
"1065",2350,0.00271938763310749,47.5,28.5,2.00004532312722
"1066",2343,0.00205964887187408,2.5,1.5,36.0000343274812
"1067",2318,0.00516762765831955,42,24,36.0000861271276
"1068",2309,0.00726696005148339,41.5,23.5,12.0001211160009
"1069",2261,0.0102196576578177,12.5,6.5,12.0001703276276
"1070",2310,0.0102196576578177,15,9,40.0001703276276
"1071",2325,0.000955073246658188,49,29,28.0000159178874
"1072",2288,0.00812719927447619,31.5,17.5,24.0001354533212
"1073",2290,0,29.5,17.5,8
"1074",2292,0,9,5,36
"1075",2294,0,44,26,46
"1076",2285,0.00203448300597582,52.5,29.5,12.0000339080501
"1077",2284,0.00167699069998761,12.5,6.5,32.000027949845
"1078",2295,0.00203448300597582,37,21,42.0000339080501
"1079",2304,0.00137904728284317,50,29,24.0000229841214
"1080",2302,0.000567807408818898,27.5,15.5,22.0000094634568
"1081",2296,0.00137904728284317,25,14,26.0000229841214
"1082",2298,0,30.5,17.5,32
"1083",2301,0,39,23,34
"1084",2300,0,40.5,23.5,12
"1085",2299,0,12.5,6.5,30
"1086",2305,0.000567807408818898,33.5,18.5,50.0000094634568
"1087",2307,0,60,35,32
"1088",2333,0.00777063673890125,38,22,54.0001295106123
"1089",2308,0.00777063673890125,62.5,35.5,40.0001295106123
"1090",2405,0.0128871541137317,49.5,29.5,12.0002147859019
"1091",2480,0.00656884234054449,14,8,24.0001094807057
"1092",2503,0.00329456753439966,30,18,40.0000549094589
"1093",2543,0.00489983914701112,49.5,29.5,6.00008166398578
"1094",2538,0.000257407454219911,7,4,30.0000042901242
"1095",2540,0.000333584781252672,36,21,50.0000055597464
"1096",2599,0.0152310210795486,59,34,44.0002538503513
"1097",2598,0.0022316263350724,53,31,36.0000371937723
"1098",2618,0.00601633776622625,41.5,23.5,24.0001002722961
"1099",2581,0.0201990426915107,26.5,14.5,14.0003366507115
"1100",2559,0.00712103117026217,14,7,54.0001186838528
"1101",2582,0.00712103117026217,64,37,6.00011868385284
"1102",2597,0.00947165292851833,6.5,3.5,40.0001578608821
"1103",2600,0.0022316263350724,46,26,36.0000371937723
"1104",2678,0.0112130631939417,40,22,30.0001868843866
"1105",2682,0.000727570060745929,33.5,18.5,22.0000121261677
"1106",2688,0.00266649871176363,25.5,14.5,46.0000444416452
"1107",2690,0,54.5,31.5,16
"1108",2692,0,17,9,56
"1109",2694,0,66,38,30
"1110",2709,0.00522765297631102,37,22,34.0000871275496
"1111",2700,0.00546125466812453,37.5,20.5,22.0000910209111
"1112",2717,0.00638940090026835,27,16,42.000106490015
"1113",2719,0,49,28,28
"1114",2703,0.0120615440844322,30,16,58.0002010257347
"1115",2607,0.0217261537982782,67.5,38.5,12.0003621025633
"1116",2619,0.00753831468670786,13,7,24.0001256385781
"1117",2621,0,28.5,16.5,2
"1118",2654,0.00440558025241335,2,1,52.0000734263375
"1119",2656,0,61.5,35.5,24
"1120",2658,0,26.5,14.5,52
"1121",2631,0.00216251296657043,61.5,35.5,12.0000360418828
"1122",2659,0.00216251296657043,13,7,26.0000360418828
"1123",2662,0.000111194927084224,29,16,40.0000018532488
"1124",2666,0.000558996884644491,50,30,32.0000093166147
"1125",2668,0,37,21,16
"1126",2670,0,18,10,28
"1127",2672,0,34.5,20.5,22
"1128",2677,0.000125435387873003,24,13,18.0000020905898
"1129",2699,0.00924982661854364,19.5,10.5,24.000154163777
"1130",2701,0.00157395122326321,27.5,15.5,4.00002623252039
"1131",2683,0.0069111627621194,4.5,2.5,18.000115186046
"1132",2685,0,19,10,28
"1133",2684,0.000477657264446429,34,20,44.0000079609544
"1134",2686,0.000477657264446429,52,30,58.0000079609544
"1135",2681,0.00150522428704581,68,39,46.0000250870714
"1136",2679,0.000727570060745929,54,31,32.0000121261677
"1137",2675,5.80493375187776e-05,36,20,26.000000967489
"1138",2673,0.000125435387873003,31,18,52.0000020905898
"1139",2680,5.80493375187776e-05,61.5,35.5,26.000000967489
"1140",2687,0.00150522428704581,29,16,12.0000250870715
"1141",2702,0.00557722717533882,12.5,6.5,58.0000929537863
"1142",2645,0.00997342306260912,67.5,38.5,26.0001662237177
"1143",2647,0,29,16,22
"1144",2649,0,26.5,15.5,12
"1145",2651,0,15,9,42
"1146",2655,0.000406441151136271,51.5,30.5,44.0000067740192
"1147",2657,0.000174148012925591,54,32,46.0000029024669
"1148",2661,0.000174148012925591,53,30,56.0000029024669
"1149",2660,0.000111194927084224,66,38,42.0000018532488
"1150",2669,0.000290246688332404,52,31,28.0000048374448
"1151",2674,0.000580493376664808,35,21,44.0000096748896
"1152",2676,0.000444779705507603,50,28,14.0000074129951
"1153",2663,0.000842569449621644,14.5,7.5,18.0000140428242
"1154",2665,0,18,9,46
"1155",2652,0.000731230249051126,54.5,31.5,24.0000121871708
"1156",2611,0.0683838674002002,29.5,17.5,42.0011397311233
"1157",2704,0.0175175886493727,47.5,26.5,50.0002919598108
"1158",2708,0,59.5,34.5,48
"1159",2707,0,55,31,8
"1160",2706,0,8,4,36
"1161",2705,0,45,27,24
"1162",2695,0.00522765297631102,26,14,52.0000871275496
"1163",2769,0.0507189662928503,61,35,34.0008453161049
"1164",2780,0.00360206922447968,38.5,21.5,16.0000600344871
"1165",2774,0.00288795944083542,17,9,24.0000481326573
"1166",2771,0.00302968154988347,26,14,8.0000504946925
"1167",2844,0.0305454207821312,8.5,4.5,38.0005090903464
"1168",2839,0.00380919685321624,47,28,42.0000634866142
"1169",2764,0.0240634148683448,49.5,28.5,4.00040105691447
"1170",2766,0.000448551215593584,4,2,12.0000074758536
"1171",2773,0.0054246549419226,14.5,8.5,32.0000904109157
"1172",2776,0.000463513216855172,40,24,44.0000077252203
"1173",2779,0,52,30,20
"1174",2785,0.00315380388941326,22,12,52.0000525633982
"1175",2770,0.00713567403005762,62,36,44.0001189279005
"1176",2775,0.00302968154988347,53,31,18.0000504946925
"1177",2781,0.00297393864517519,19.5,10.5,18.0000495656441
"1178",2788,0.00401798610421091,20.5,11.5,34.0000669664351
"1179",2778,0.0101585285529755,41.5,24.5,12.0001693088092
"1180",2777,0,12.5,6.5,30
"1181",2783,0.00271941902682902,33,18,16.0000453236504
"1182",2787,0.00150143318384727,20,12,10.0000250238864
"1183",2784,0.00150143318384727,12.5,7.5,28.0000250238864
"1184",2768,0.00720799370090258,31.5,17.5,16.0001201332284
"1185",2846,0.0239613205160247,19,11,52.0003993553419
"1186",2849,0,60,34,50
"1187",2858,0.0702676657524585,58,33,28.0011711277625
"1188",2861,0.0281338532598646,32,18,26.0004688975543
"1189",2867,0.00915947001860785,28,15,46.0001526578336
"1190",2869,0.00053437317868549,53,30,12.0000089062196
"1191",2860,0.00877858386899565,12,6,16.0001463097312
"1192",2868,0.0173383483148605,18,10,26.0002889724719
"1193",2888,0.00768291216376315,31.5,18.5,30.0001280485361
"1194",2902,0.00872467105066034,34,19,46.0001454111842
"1195",2899,0.00108284075267279,52.5,29.5,12.0000180473459
"1196",2901,0,13.5,7.5,12
"1197",2904,0.00560318074718902,12.5,6.5,32.0000933863458
"1198",2910,0,39.5,23.5,36
"1199",2912,0,40,22,48
"1200",2914,0,58,34,18
"1201",2923,0.0176992278099996,22,13,24.0002949871302
"1202",2925,0.00192227113734276,27.5,15.5,32.0000320378523
"1203",2929,0.00653878908046815,36.5,20.5,20.000108979818
"1204",2971,0.0423638510828368,20,10,40.0007060641847
"1205",2961,0.00934749531449386,47.5,27.5,4.00015579158858
"1206",2947,0.0126943985735637,4.5,2.5,16.0002115733096
"1207",2931,0.0211442006478324,17.5,9.5,20.0003524033441
"1208",2935,0,20,10,30
"1209",2962,0.0293106289026051,34.5,19.5,20.0004885104817
"1210",3022,0.0276728133730625,24.5,14.5,52.0004612135562
"1211",3016,0.00783112219840159,62,36,28.0001305187033
"1212",3019,0.000937590528022788,35,21,38.0000156265088
"1213",3023,0.0106160533521813,47.5,28.5,22.0001769342225
"1214",3021,0.00254196704961579,24.5,13.5,52.0000423661175
"1215",3029,0.00486651356552116,60.5,34.5,34.0000811085594
"1216",3031,0,38,21,50
"1217",3038,0.00465772862368258,59,34,2.00007762881039
"1218",3061,0.0096595969319201,2.5,1.5,2.0001609932822
"1219",3063,0,2.5,1.5,44
"1220",3050,0.00292627452571162,53.5,31.5,18.0000487712421
"1221",3043,0.00284473932692389,21,12,30.0000474123221
"1222",3049,0,37.5,22.5,22
"1223",3064,0.00292627452571162,27,16,60.0000487712421
"1224",3039,0.0159502356757714,70,40,20.0002658372613
"1225",3041,0,21,11,28
"1226",3033,0.00655060190735775,31.5,17.5,22.0001091766985
"1227",2955,0.0434885116839236,24.5,13.5,54.0007248085281
"1228",2957,0.00127180598317592,63.5,36.5,26.0000211967664
"1229",2966,0.0084533917396352,28,15,20.0001408898623
"1230",2969,0.000111194927084224,21.5,11.5,44.0000018532488
"1231",3011,0.0222027880096121,51,29,44.0003700464668
"1232",2996,0.0232638612064763,51.5,29.5,56.0003877310201
"1233",2998,0,65,37,14
"1234",3003,0,16,9,12
"1235",2956,0.0282616317990954,12,6,34.0004710271967
"1236",3004,0.027392229293699,39.5,22.5,20.0004565371549
"1237",3006,0,25,15,38
"1238",2911,0.0673694782451661,44.5,25.5,4.00112282463742
"1239",2913,0.00455603282626488,4,2,26.0000759338804
"1240",2909,0.00146292631631291,27.5,14.5,20.0000243821053
"1241",2908,0,20,10,16
"1242",2907,0,18.5,10.5,12
"1243",2906,0,14,8,26
"1244",2905,0,28,15,56
"1245",2900,0.00306616646315972,65,37,48.0000511027744
"1246",2892,0.00255748457861852,55.5,31.5,18.000042624743
"1247",2890,0.00390264012123444,19.5,10.5,12.000065044002
"1248",2896,0.00197749709819798,13,7,44.000032958285
"1249",2895,0.0101613048797437,50.5,28.5,12.0001693550813
"1250",2891,0.00197749709819798,13.5,7.5,44.000032958285
"1251",2897,0.0121035885849194,50,28,48.0002017264764
"1252",2886,0.00489072809715165,56.5,32.5,40.000081512135
"1253",2791,0.0398803475420417,48,28,38.000664672459
"1254",2796,0.000582631318378629,47.5,28.5,26.000009710522
"1255",2802,0.00100693149682006,30,17,10.0000167821916
"1256",2813,0.00775148910773997,10,5,14.0001291914851
"1257",2799,0.0131802735856435,17,10,18.0002196712264
"1258",2804,0.000964748211230155,22.5,13.5,20.0000160791369
"1259",2810,0.000571937174552461,24,14,38.0000095322862
"1260",2807,0.000522650620609625,43,24,10.0000087108437
"1261",2809,0.00114923497378157,12.5,7.5,28.0000191539162
"1262",2805,0.000571937174552461,34,20,10.0000095322862
"1263",2797,0.00169502724969726,12,7,28.0000282504542
"1264",2794,0.00357006773968803,33,19,24.000059501129
"1265",2792,0.000786982089310785,26,14,48.0000131163682
"1266",2798,0.00357006773968803,56.5,32.5,4.00005950112899
"1267",2806,0.0101513475469219,4.5,2.5,18.0001691891258
"1268",2811,0.000522650620609625,21,12,22.0000087108437
"1269",2795,0.00284237272641751,27.5,16.5,10.0000473728788
"1270",2800,0.0014744077918986,10.5,5.5,36.0000245734632
"1271",2808,0.00219106268187329,44,26,22.0000365177114
"1272",2801,0.00334023568634805,22.5,11.5,8.00005567059477
"1273",2812,0.00593981445603079,9.5,5.5,16.0000989969076
"1274",2819,0.00405359384451345,18.5,10.5,54.0000675598974
"1275",2821,0,62.5,35.5,34
"1276",2829,0,42.5,25.5,34
"1277",2831,0,38.5,21.5,8
"1278",2833,0,9,5,42
"1279",2835,0,52,31,42
"1280",2838,0.000111194927084224,47.5,26.5,1.85324878473707e-06
"1281",2845,0.00380919685321624,0,0,48.0000634866142
"1282",2866,0.0708356813530949,55.5,31.5,20.0011805946892
"1283",2862,0.00915947001860785,21.5,11.5,4.00015265783364
"1284",2865,0,5,3,46
"1285",2864,0,53.5,30.5,52
"1286",2863,0,60.5,34.5,22
"1287",2856,0.0390723482656853,24.5,13.5,6.00065120580443
"1288",2872,0.0193231783566243,6.5,3.5,52.0003220529726
"1289",2874,0.000406500473647325,60.5,34.5,34.0000067750079
"1290",2878,0.00103174972140881,39.5,22.5,30.0000171958287
"1291",2876,0.000820622331511331,36,21,8.00001367703886
"1292",2883,0.015934968265072,10,6,54.0002655828044
"1293",2881,0.0009328162568435,62.5,35.5,44.0000155469376
"1294",2889,0.00880484275535458,51.5,29.5,52.0001467473793
"1295",2893,0.00390264012123444,61,35,52.000065044002
"1296",2857,0.0281551401919067,62,36,32.0004692523365
"1297",2793,0.023840962850595,36,20,10.0003973493808
"1298",2850,0.0772440785376398,11.5,6.5,28.001287401309
"1299",2814,0.0367856515403419,30,16,28.0006130941923
"1300",2816,0,33.5,19.5,14
"1301",2818,0,14.5,7.5,32
"1302",2803,0.0117668232916075,37,21,14.0001961137215
"1303",2790,0.00475349578222611,15,8,42.0000792249297
"1304",2842,0.0283749984892376,52,31,14.0004729166415
"1305",2848,0.0035056812784799,14.5,7.5,34.0000584280213
"1306",2847,0,41,24,40
"1307",2843,0.0035056812784799,49.5,29.5,32.0000584280213
"1308",2772,0.0305454207821312,36,20,46.0005090903464
"1309",2767,0.0054246549419226,56,33,28.0000904109157
"1310",2786,0.0137279670655658,34.5,20.5,14.0002287994511
"1311",2782,0.00401798610421091,16,9,36.0000669664351
"1312",2789,0.0125716469896476,45,27,6.00020952744983
"1313",2852,0.0229012309802366,7,4,22.000381687183
"1314",2928,0.0541030159497573,26.5,15.5,42.0009017169325
"1315",2926,0.00653878908046815,51,30,52.000108979818
"1316",2940,0.00727279764152833,61.5,35.5,20.000121213294
"1317",2870,0.0386979861645637,25,15,8.00064496643608
"1318",2854,0.0522484823164474,8.5,4.5,36.0008708080386
"1319",2927,0.0506594356354781,40,22,48.0008443239273
"1320",2939,0.0119636458754539,56,32,16.0001993940979
"1321",2938,0,19.5,11.5,38
"1322",2964,0.0388369817148335,44,25,14.0006472830286
"1323",2978,0.0299950511549622,14.5,7.5,22.0004999175192
"1324",3020,0.0279851160186656,26.5,15.5,16.0004664186003
"1325",3024,0.00254196704961579,19.5,11.5,28.0000423661175
"1326",3037,0.00929630425562204,34.5,20.5,14.0001549384043
"1327",3036,0.00390264150966008,16.5,9.5,44.0000650440252
"1328",3025,0.00929630425562204,52.5,30.5,36.0001549384043
"1329",3027,0,45,27,16
"1330",3010,0.0131819551345212,20,12,24.0002196992522
"1331",3018,0.0152030082675234,30,18,38.0002533834711
"1332",3017,0.000937590528022788,45,26,24.0000156265088
"1333",2985,0.0187527295615458,26.5,14.5,14.0003125454927
"1334",2990,0,16.5,9.5,34
"1335",2992,0,40.5,23.5,32
"1336",2977,0.00964255741683695,38.5,22.5,34.0001607092903
"1337",2993,0.0156083724643864,41,24,32.0002601395411
"1338",2995,0,35,19,52
"1339",3012,0.0232638612064763,60.5,34.5,22.0003877310201
"1340",3014,0,23.5,12.5,6
"1341",3013,0.000727619451486138,6.5,3.5,22.0000121269909
"1342",3015,0.000727619451486138,23.5,12.5,30.0000121269909
"1343",2979,0.0152680836907496,34,19,26.0002544680615
"1344",2984,0.00463322817885094,27.5,14.5,28.0000772204696
"1345",3028,0.01778182081267,32.5,18.5,54.0002963636802
"1346",3032,0.00741295150393784,62.5,35.5,10.0001235491917
"1347",3042,0.00655060190735775,10,5,38.0001091766985
"1348",3051,0.00284473932692389,43,24,24.0000474123221
"1349",3059,0,28.5,16.5,40
"1350",3075,0.00219447120430464,45,25,58.0000365745201
"1351",3060,0.00227597350877952,67.5,38.5,34.0000379328918
"1352",3065,0.00645439722281694,42,25,18.000107573287
"1353",3077,0.00169482370298825,19.5,10.5,14.0000282470617
"1354",3083,0,14,7,46
"1355",3095,0.0012118749821955,54.5,31.5,8.00002019791637
"1356",3076,0.00973077911386211,10,6,34.0001621796519
"1357",3066,0.00169482370298825,39.5,22.5,44.0000282470617
"1358",3074,0,51,29,34
"1359",3096,0.00909972375173678,40,23,4.00015166206253
"1360",3082,0.00190475477254865,4.5,2.5,20.0000317459129
"1361",3081,0,25,15,26
"1362",3080,0,30.5,17.5,14
"1363",3079,0,17,10,36
"1364",3078,0,44.5,26.5,38
"1365",3097,0.00190475477254865,46.5,27.5,30.0000317459129
"1366",3114,0.00512707430562581,36.5,21.5,42.0000854512384
"1367",3117,0,48,27,42
"1368",3140,0.00184325296175068,50,29,36.0000307208827
"1369",3161,0.0112955066914149,40,22,34.0001882584449
"1370",3163,0,42.5,25.5,22
"1371",3165,0,24,13,4
"1372",3174,0.00635961368303945,4.5,2.5,22.0001059935614
"1373",3164,0.00313588966752566,24.5,13.5,30.0000522648278
"1374",3175,0.00313588966752566,37.5,22.5,20.0000522648278
"1375",3182,0.00356048825084575,21.5,11.5,6.00005934147085
"1376",3184,0,6.5,3.5,42
"1377",3186,0,50.5,29.5,26
"1378",3188,0,27.5,14.5,18
"1379",3194,0.0010842166745394,19,10,14.0000180702779
"1380",3196,0.00135394558753709,15.5,8.5,20.0000225657598
"1381",3222,0.0141035577841544,25,15,24.0002350592964
"1382",3214,0.001490041292902,29,17,34.0000248340215
"1383",3221,0.000290285635407805,41,24,46.0000048380939
"1384",3224,0.00112591223318398,56,33,52.0000187652039
"1385",3226,0,62,36,58
"1386",3246,0.00164076707999481,68,39,32.000027346118
"1387",3250,0,39.5,23.5,42
"1388",3257,0,48,27,50
"1389",3262,0.001224522842568,59,34,16.000020408714
"1390",3258,0.00598618278209004,17.5,9.5,8.00009976971304
"1391",3261,0,8.5,4.5,40
"1392",3238,0.00466472196270794,46,26,42.000077745366
"1393",3245,0,47.5,26.5,6
"1394",3244,0,6.5,3.5,30
"1395",3243,0,37.5,22.5,20
"1396",3242,0,24.5,14.5,14
"1397",3241,0,17,10,44
"1398",3240,0,50,28,18
"1399",3239,0,20,11,48
"1400",3249,0.000338599387759724,57,33,24.0000056433231
"1401",3248,0,27.5,15.5,52
"1402",3247,0,60,34,28
"1403",3227,0.0016873517839049,33.5,19.5,46.0000281225297
"1404",3229,0,53,30,32
"1405",3212,0.0459227008776053,39,23,40.000765378348
"1406",3216,0.00626581070418781,45,25,22.0001044301784
"1407",3220,0,23.5,12.5,20
"1408",3219,0,20,10,46
"1409",3218,0,55.5,32.5,12
"1410",3217,0,14.5,8.5,42
"1411",3215,0.000290285635407805,47.5,26.5,26.0000048380939
"1412",3223,0.00291323108465433,30,17,40.0000485538514
"1413",3197,0.0147116013137049,46,26,42.0002451933552
"1414",3154,0.0361595865531351,50.5,29.5,48.0006026597759
"1415",3176,0.00665688251574671,58,34,16.0001109480419
"1416",3178,0,18.5,10.5,28
"1417",3180,0,34.5,20.5,20
"1418",3193,0.00234362668262891,20.5,10.5,16.0000390604447
"1419",3190,0.000602495594313558,17,9,42.0000100415932
"1420",3192,0,49.5,28.5,26
"1421",3191,0,32,19,48
"1422",3189,0.00194654074799423,57,33,4.0000324423458
"1423",3183,0.00275812373930761,4,2,28.000045968729
"1424",3181,0.00535280731682043,31,17,36.0000892134553
"1425",3155,0.00933834290531661,42.5,24.5,38.0001556390484
"1426",3158,0,45.5,26.5,14
"1427",3142,0.00878439557733916,17.5,10.5,10.000146406593
"1428",3147,0,12,7,40
"1429",3201,0.0242247001142834,48,28,36.0004037450019
"1430",3203,0,41.5,23.5,36
"1431",3210,0.00761121762683045,41,23,36.0001268536271
"1432",3269,0.0122725222715384,43,25,26.0002045420379
"1433",3285,0.00762985258089791,28.5,15.5,32.0001271642097
"1434",3291,0.00597302224234813,36,20,54.0000995503707
"1435",3290,0.00687209173379586,63.5,36.5,10.0001145348622
"1436",3296,0.00467736647878763,10.5,5.5,50.000077956108
"1437",3298,0,58,33,42
"1438",3294,0.00124034380189827,52,31,24.0000206723967
"1439",3305,0.00242464728088047,28.5,16.5,40.000040410788
"1440",3311,0,45.5,25.5,28
"1441",3317,0,32,18,26
"1442",3421,0.0648263276061892,29,16,40.0010804387934
"1443",3423,0,48.5,28.5,14
"1444",3425,0,15,8,14
"1445",3541,0.0411451891981692,16.5,9.5,42.0006857531533
"1446",3540,0.00703876642712843,49,28,38.0001173127738
"1447",3657,0.0348925043365076,45,26,26.0005815417389
"1448",3656,0.00109742670897087,31.5,18.5,46.0000182904451
"1449",3638,0.0426879603363471,53.5,30.5,48.0007114660056
"1450",3626,0.0554575763597211,55,31,54.0009242929393
"1451",3654,0.0121322572439153,64,37,22.0002022042874
"1452",3718,0.0526538799414814,27,16,28.0008775646657
"1453",3731,0.0480825357207205,31.5,17.5,26.0008013755953
"1454",3733,0,32.5,19.5,28
"1455",3732,0.000229843767482775,33.5,19.5,36.0000038307295
"1456",3730,0.000160772981549493,42.5,24.5,36.0000026795497
"1457",3812,0.0343719226720755,45,27,30.0005728653779
"1458",3820,0.000376317125930089,34.5,19.5,28.0000062719521
"1459",3817,0.000353215798825962,33,19,24.00000588693
"1460",3826,0.000125439033886618,25,13,16.0000020906506
"1461",3828,0,16,8,48
"1462",3832,0.000514954591189316,57.5,33.5,38.0000085825765
"1463",3835,0.000786977644580709,46.5,27.5,18.0000131162941
"1464",3842,0.00272881023361039,22,13,38.0000454801706
"1465",3845,5.80581664593896e-05,45,26,26.0000009676361
"1466",3847,0,32.5,19.5,22
"1467",3837,0.00654895376346174,24,13,48.0001091492294
"1468",3814,0.00236742369237507,56.5,32.5,52.0000394570615
"1469",3831,0.00196825668208233,62,36,40.000032804278
"1470",3829,0.000514954591189316,47.5,27.5,42.0000085825765
"1471",3840,0.00135004676528336,51.5,30.5,38.0000225007794
"1472",3836,0.00272881023361039,43,24,34.0000454801706
"1473",3848,0.00654895376346174,42,25,54.0001091492294
"1474",3850,0.000482312818925463,64,37,44.000008038547
"1475",3855,0.000778259841118917,52.5,30.5,44.0000129709974
"1476",3862,0.00566944640946884,53,31,26.0000944907735
"1477",3856,0.00962562108265905,28,15,8.00016042701805
"1478",3854,0.000365685445896204,8,4,22.0000060947574
"1479",3851,0.000778259841118917,24,13,46.0000129709974
"1480",3853,0,52.5,29.5,56
"1481",3852,0,65,37,28
"1482",3857,0.000365685445896204,31.5,17.5,46.0000060947574
"1483",3849,0.00249318064703502,54,31,28.0000415530108
"1484",3858,0.00201366463648952,32,18,40.0000335610773
"1485",3860,0,45.5,25.5,10
"1486",3864,0.0112160210412451,11,6,56.000186933684
"1487",3880,0.0073290654044163,65,37,12.0001221510901
"1488",3588,0.160848514802191,13,7,42.00268080858
"1489",3596,0.0010951854854146,52,31,34.0000182530914
"1490",3594,0.00108017564301409,42.5,25.5,16.0000180029274
"1491",3586,0.000820638331533345,18.5,10.5,6.00001367730553
"1492",3590,0.000257546470679311,6.5,3.5,4.29244117798852e-06
"1493",3482,0.0391106932035324,0,0,50.0006518448867
"1494",3481,0.000797614581075369,57.5,32.5,2.00001329357635
"1495",3470,0.00219417492406017,2,1,30.0000365695821
"1496",3477,0.00185418306843421,35,20,44.0000309030511
"1497",3495,0.00720499303494572,52.5,30.5,14.0001200832172
"1498",3503,0,15.5,8.5,32
"1499",3486,0.00205102333640265,35,19,20.0000341837223
"1500",3489,0.000891451415088084,22.5,12.5,58.0000148575236
"1501",3514,0.0546044731547487,67.5,38.5,38.0009100745526
"1502",3516,0.00448552375592906,44,25,20.0000747587293
"1503",3519,0.00210088732487495,24.5,14.5,6.00003501478875
"1504",3522,0,6.5,3.5,28
"1505",3526,0,34,20,30
"1506",3525,0.000250879530177823,33.5,18.5,22.0000041813255
"1507",3524,0,24,13,44
"1508",3523,0.000222389854168448,51.5,29.5,46.0000037064976
"1509",3529,0.000206643931023681,52.5,29.5,36.0000034440655
"1510",3515,0.0141147717245248,40,22,48.0002352461954
"1511",3530,0.00965337644268783,58,34,34.0001608896074
"1512",3528,0.000250879546475267,42.5,25.5,44.0000041813258
"1513",3521,0.000310861495448876,53,31,46.0000051810249
"1514",3520,0,53.5,30.5,20
"1515",3532,0.000705523013691134,24.5,14.5,42.0000117587169
"1516",3535,0,52,31,4
"1517",3600,0.0211187098990334,5,3,28.0003519784983
"1518",3593,0.00285441887509526,32.5,18.5,28.0000475736479
"1519",3597,0.00108017564301409,33.5,19.5,38.0000180029274
"1520",3585,0.00143319395467242,43,24,28.0000238865659
"1521",3579,0.000413377121644006,31.5,17.5,38.0000068896187
"1522",3587,0.000482391968786185,44.5,25.5,26.0000080398661
"1523",3509,0.0322716432193444,31.5,18.5,58.0005378607203
"1524",3449,0.0133052608376735,68,39,42.0002217543473
"1525",3451,0,47.5,26.5,20
"1526",3455,0.00135012418413793,21,11,34.0000225020697
"1527",3457,0,38,21,50
"1528",3461,0,60,35,42
"1529",3473,0.00205102226846304,48,27,24.0000341837045
"1530",3469,0.000923593493157701,26,14,52.0000153932249
"1531",3468,0.0022510180856796,61.5,35.5,24.0000375169681
"1532",3474,0.000923593493157701,28,16,48.0000153932249
"1533",3494,0.00362536367346682,57,33,30.0000604227279
"1534",3478,0.00720499303494572,35.5,20.5,34.0001200832173
"1535",3480,0.00278047946664033,39.5,22.5,42.0000463413244
"1536",3483,0.000797614581075369,48.5,27.5,26.0000132935764
"1537",3491,0.000984802869552899,29,16,10.0000164133812
"1538",3493,0.00611599672706438,10.5,5.5,24.0001019332788
"1539",3475,0.00362536367346682,25.5,13.5,38.0000604227279
"1540",3472,0.00314270973922683,46,27,36.0000523784957
"1541",3462,0.00205102226846304,44.5,26.5,10.0000341837045
"1542",3471,0.00750775532139237,12,7,18.0001251292554
"1543",3476,0.00314270973922683,20,11,12.0000523784957
"1544",3484,0.00100738531089926,12,6,46.0000167897552
"1545",3492,0.00637631269250602,53.5,30.5,52.0001062718782
"1546",3485,0.000787082227967916,61,35,36.0000131180371
"1547",3504,0.00205102333640265,44,26,32.0000341837223
"1548",3507,0.00550187821519359,37.5,21.5,10.0000916979703
"1549",3488,0.00357920848518631,11,6,34.0000596534748
"1550",3487,0.000891451415088084,42.5,25.5,42.0000148575236
"1551",3508,0.00357920848518631,49.5,28.5,10.0000596534748
"1552",3387,0.0806950999806116,11.5,6.5,40.001344918333
"1553",3389,0,48,28,32
"1554",3415,0.0157026008441164,36.5,20.5,38.0002617100141
"1555",3422,0.00179773273024443,44,25,12.0000299622122
"1556",3416,0.00179773273024443,15,9,20.0000299622122
"1557",3418,0,21.5,11.5,56
"1558",3432,0.00650288727381232,66,38,26.0001083814546
"1559",3440,0,31.5,18.5,22
"1560",3448,0.000571867448978692,23.5,12.5,40.0000095311241
"1561",3419,0.0040356136963326,48,28,16.0000672602283
"1562",3431,0.00150930155769168,18.5,10.5,40.000025155026
"1563",3430,0.000812937629007776,49,29,50.0000135489605
"1564",3446,0.00115250249861632,59.5,34.5,36.000019208375
"1565",3441,0.000571867448978692,40,22,34.0000095311241
"1566",3453,0.00182849753046978,38.5,21.5,22.0000304749588
"1567",3543,0.0226672435593808,26,15,38.0003777873927
"1568",3548,0.00307215518924871,44,25,38.0000512025865
"1569",3550,0.000365757582003676,43.5,24.5,12.0000060959597
"1570",3552,0,14,8,18
"1571",3559,0.000686317112267973,18,9,26.0000114386185
"1572",3564,0.000406535012569783,30.5,17.5,48.0000067755835
"1573",3566,0,55,31,22
"1574",3572,0.000627239504589502,27.5,16.5,32.0000104539917
"1575",3570,0.000257546590101786,37,21,24.0000042924432
"1576",3565,0.000321594769100929,25,13,60.0000053599128
"1577",3571,0.000321594769100929,70,40,38.0000053599128
"1578",3567,0.000627239504589502,45.5,26.5,50.0000104539917
"1579",3561,0.00046338736565724,57.5,32.5,10.0000077231228
"1580",3563,0.000116152883587247,12,7,32.0000019358814
"1581",3560,0.000406535012569783,37,21,42.0000067755835
"1582",3557,0.000321594711717809,49,28,48.0000053599119
"1583",3555,0.000688750882784603,57.5,33.5,44.0000114791814
"1584",3576,0.00122466448065909,54,32,48.0000204110747
"1585",3578,0,57.5,33.5,28
"1586",3573,0.000847536313549492,33.5,19.5,26.0000141256052
"1587",3575,0,27.5,14.5,28
"1588",3574,0,30,16,8
"1589",3584,0.00066975109588261,10,6,44.0000111625183
"1590",3598,0.00143319395467242,54,32,42.0000238865659
"1591",3602,0.00238826463432663,52,31,16.0000398044106
"1592",3691,0.0440213756700463,16,8,54.0007336895945
"1593",3686,0.00404601995354855,64,37,34.0000674336659
"1594",3591,0.0463527419363212,38.5,21.5,38.0007725456989
"1595",3580,0.00150537487222429,46,27,36.0000250895812
"1596",3583,0,44.5,26.5,28
"1597",3582,0,31.5,17.5,28
"1598",3581,0,34,20,22
"1599",3569,0.00144909888411798,26,15,20.0000241516481
"1600",3568,0.000797625919284807,24.5,14.5,2.00001329376532
"1601",3556,0.00124507555412085,2.5,1.5,46.0000207512592
"1602",3554,0.00068875132019475,55,32,32.0000114791887
"1603",3558,0.000688750882784603,38.5,22.5,22.0000114791814
"1604",3553,0.000686317112267973,26.5,15.5,20.0000114386185
"1605",3562,0.00263606492099011,24,14,48.0000439344154
"1606",3595,0.00244518029581537,57.5,33.5,6.00004075300493
"1607",3589,0.0010951854854146,6,3,22.0000182530914
"1608",3592,0.00156105622917722,23,12,16.0000260176038
"1609",3601,0.00285441887509526,18,10,14.0000475736479
"1610",3599,0.00238826463432663,16.5,9.5,42.0000398044106
"1611",3619,0.00534118507374149,51.5,30.5,6.00008901975123
"1612",3536,0.0265313020539276,6,3,20.0004421883676
"1613",3538,0.000160771908039925,24,14,36.0000026795318
"1614",3534,0.0110268076766041,42,24,36.0001837801279
"1615",3533,0,42.5,24.5,38
"1616",3537,0.000442209662901489,46.5,27.5,20.0000073701611
"1617",3527,0.000955190073240926,22,12,34.0000159198346
"1618",3531,0.000250879546475267,39,22,18.0000041813258
"1619",3539,0.0106974246351673,19,10,46.0001782904106
"1620",3542,0.00703876642712843,53,30,30.0001173127738
"1621",3454,0.0226672435593808,37.5,22.5,8.00037778739266
"1622",3452,0.00135012418413793,10,6,34.0000225020697
"1623",3460,0.00157739934315993,37.5,20.5,22.0000262899891
"1624",3459,0,27,16,18
"1625",3458,0,19,10,42
"1626",3442,0.00267314996149807,48,27,22.0000445524994
"1627",3427,0.00149279759955246,25.5,14.5,14.00002487996
"1628",3429,0,16.5,9.5,16
"1629",3443,0.00139796424888284,19,11,50.0000232994041
"1630",3445,0,60,35,34
"1631",3444,0,41.5,24.5,18
"1632",3439,0.00173139350437697,20.5,11.5,30.0000288565584
"1633",3438,0,35.5,20.5,22
"1634",3437,0,24,13,28
"1635",3436,0,32.5,18.5,12
"1636",3435,0,12,6,22
"1637",3434,0,26,15,46
"1638",3433,0,55.5,32.5,18
"1639",3447,0.00162454873590816,21,12,32.0000270758123
"1640",3420,0.00306592140519479,38,22,20.0000510986901
"1641",3318,0.0648263276061892,24,14,40.0010804387934
"1642",3331,0.0107573342103114,46,26,38.0001792889035
"1643",3333,0.010947131051888,44.5,25.5,2.0001824521842
"1644",3330,0.00655345563618586,2,1,22.0001092242606
"1645",3329,0.00618592098763412,27.5,16.5,10.0001030986831
"1646",3334,0.00655345563618586,12.5,7.5,42.0001092242606
"1647",3278,0.0229783527978978,51,30,20.0003829725466
"1648",3271,0.0106181068557671,23.5,13.5,16.0001769684476
"1649",3228,0.0196509354207684,17,9,40.0003275155903
"1650",3256,0.000825435140938934,46.5,26.5,50.0000137572523
"1651",3255,0,59.5,34.5,46
"1652",3254,0,54,31,46
"1653",3253,0,56,33,26
"1654",3252,0,30.5,17.5,46
"1655",3251,0,55,32,46
"1656",3236,0.00199535433406297,53.5,30.5,2.00003325590557
"1657",3343,0.056465323322535,2,1,20.000941088722
"1658",3345,0,24,14,18
"1659",3361,0.0150207189326976,18,9,20.0002503453155
"1660",3364,0.00496835292810064,24,14,36.0000828058821
"1661",3386,0.0300783776849926,45,27,28.0005013062948
"1662",3397,0.0148842290657997,33.5,19.5,26.0002480704844
"1663",3505,0.0371849454773918,28,15,18.0006197490913
"1664",3408,0.0222438728972554,21,12,46.000370731215
"1665",3382,0.0201241578724641,54,31,38.0003354026312
"1666",3384,0.000778243154120643,43,24,14.0000129707192
"1667",3411,0.0147821941684509,17.5,10.5,16.0002463699028
"1668",3464,0.0102982860626942,17,9,46.000171638101
"1669",3413,0.039486744637215,56,33,32.0006581124106
"1670",3417,0.00299076480822248,36,20,52.0000498460801
"1671",3414,0.00299076480822248,62,36,32.0000498460801
"1672",3428,0.00313729149229549,39,23,58.0000522881915
"1673",3450,0.0020088635672161,67.5,38.5,32.0000334810595
"1674",3456,0.00294827529138178,37,21,50.0000491379215
"1675",3424,0.00400624613220057,58,33,6.00006677076887
"1676",3390,0.0193623021315234,7.5,4.5,22.0003227050355
"1677",3393,0,26.5,15.5,14
"1678",3396,0.00196120586951827,17,10,54.0000326867645
"1679",3479,0.022521760210547,63.5,36.5,46.0003753626702
"1680",3363,0.0467926580063349,54,31,28.0007798776334
"1681",3367,0.00286647107760771,31,17,34.000047774518
"1682",3369,0,40,23,26
"1683",3373,5.80778700321722e-05,29.5,16.5,50.0000009679645
"1684",3371,0.000463396238061099,60,35,52.0000077232706
"1685",3374,0.000525887447139894,61,35,28.0000087647908
"1686",3383,0.0202532406618179,34.5,20.5,58.000337554011
"1687",3375,0.0198944160095797,67.5,38.5,12.0003315736002
"1688",3379,0.00241023511314146,12.5,6.5,60.0000401705852
"1689",3378,0.00163083313236465,70,40,50.0000271805522
"1690",3376,0.00241023511314146,60,35,54.0000401705852
"1691",3372,0.00137751447712618,63.5,36.5,36.0000229585746
"1692",3370,5.80778700321722e-05,41,23,2.0000009679645
"1693",3377,0.00185555522400024,2.5,1.5,46.0000309259204
"1694",3380,0.00163083313236465,53.5,30.5,12.0000271805522
"1695",3409,0.0201241578724641,14,8,30.0003354026312
"1696",3385,0.0151072333344858,36.5,21.5,50.0002517872222
"1697",3365,0.0300783776849926,60,35,34.0005013062948
"1698",3268,0.0556780017496634,39,22,22.0009279666958
"1699",3276,0.00578061242310747,24,13,40.0000963435404
"1700",3211,0.0152038154177561,48.5,28.5,30.0002533969236
"1701",3213,0.000365807898418497,34.5,19.5,18.0000060967983
"1702",3273,0.0209353673621205,22.5,13.5,56.0003489227894
"1703",3283,0.00738688217228604,66,38,34.0001231147029
"1704",3287,0.00725159460275161,38.5,21.5,50.00012085991
"1705",3281,0.0392060642218161,59,34,30.0006534344037
"1706",3280,0.0010318259165698,36,21,38.0000171970986
"1707",3289,0.0158024387141303,45.5,26.5,32.0002633739786
"1708",3292,0.00687209173379586,38,22,28.0001145348622
"1709",3299,0.00124034380189827,34,20,20.0000206723967
"1710",3301,0.00166893517766751,24,14,16.0000278155863
"1711",3304,0,18,10,40
"1712",3303,0,45,25,2
"1713",3302,0,2,1,20
"1714",3295,0.00242464728088047,21,11,32.000040410788
"1715",3286,0.0101250188220079,37,21,40.0001687503137
"1716",3284,0.00725159460275161,47.5,27.5,26.00012085991
"1717",3270,0.00762985258089791,30.5,17.5,36.0001271642097
"1718",3279,0.0106181068557671,41,23,42.0001769684476
"1719",3282,0.0010318259165698,52,31,14.0000171970986
"1720",3274,0.00738688217228604,15.5,8.5,42.0001231147029
"1721",3332,0.0164410084825448,52,31,10.000274016808
"1722",3275,0.0236150372723254,11,6,24.0003935839545
"1723",3277,0.00255748331444927,29.5,17.5,20.0000426247219
"1724",3265,0.00421836853244762,23,13,54.0000703061422
"1725",3260,0.0263550496969938,62.5,35.5,10.0004392508283
"1726",3259,0,10,5,34
"1727",3173,0.0260858210671703,38.5,21.5,14.0004347636845
"1728",3166,0.00635961368303945,14,7,44.0001059935614
"1729",3168,0,52,30,46
"1730",3172,0,55,32,52
"1731",3171,0,60.5,34.5,22
"1732",3170,0,26,15,36
"1733",3169,0,43.5,25.5,44
"1734",3159,0.0224670942083562,51.5,29.5,50.0003744515701
"1735",3162,0.0093712130101447,58.5,33.5,34.0001561868835
"1736",3160,0.0093712130101447,39,22,16.0001561868835
"1737",3141,0.0112955066914149,18.5,10.5,28.0001882584449
"1738",3152,0.011360215330611,31,17,14.0001893369222
"1739",3100,0.0168979656250874,14,7,34.0002816327604
"1740",3102,0,41.5,24.5,60
"1741",3107,0,70,40,32
"1742",3111,0,39.5,23.5,20
"1743",3101,0.00619693509975611,20,10,10.0001032822517
"1744",3112,0.00619693509975611,10,5,8.00010328225166
"1745",3121,0.00761482535683666,8.5,4.5,36.0001269137559
"1746",3123,0,42,24,8
"1747",3129,0,9.5,5.5,34
"1748",3134,0,40.5,23.5,2
"1749",3139,0,2,1,24
"1750",3138,0,29,17,36
"1751",3137,0,43,25,10
"1752",3136,0,10.5,5.5,22
"1753",3135,0,23,12,42
"1754",3118,0.00184325296175068,51.5,30.5,16.0000307208827
"1755",3150,0.0105084401476959,16,8,28.0001751406691
"1756",2930,0.0953737450836082,30,16,30.0015895624181
"1757",2918,0.0187887604931529,34.5,19.5,22.0003131460082
"1758",2922,0,24.5,13.5,18
"1759",2934,0.0123147914760481,18.5,9.5,16.0002052465246
"1760",2933,0,19,11,8
"1761",2932,0,8.5,4.5,30
"1762",2915,0.0242385512781484,34,19,16.0004039758546
"1763",2917,0,20,12,28
"1764",2948,0.0320625608977548,33.5,19.5,34.000534376015
"1765",2945,0.00358509971696388,41,24,26.000059751662
"1766",2958,0.0185599345090765,32,19,54.0003093322418
"1767",2980,0.0401755297515041,62.5,35.5,38.0006695921625
"1768",2968,0.0129587371441617,46,27,32.0002159789524
"1769",2967,0.000111194927084224,37.5,21.5,42.0000018532488
"1770",2981,0.0129587371441617,50.5,29.5,14.0002159789524
"1771",2973,0.00867243139423289,15.5,8.5,28.0001445405232
"1772",2976,0,34,20,14
"1773",2975,0,16,9,12
"1774",2974,0,14,8,50
"1775",2982,0.018025782498662,58,33,46.0003004297083
"1776",3148,0.0395753773241107,55.5,32.5,30.0006595896221
"1777",3119,0.0105084401476959,36,21,38.0001751406691
"1778",3122,0.00136555191815643,45,26,8.00002275919864
"1779",3120,0.00136555191815643,10,6,2.27591986359405e-05
"1780",3113,0.00761482535683666,0,0,14.0001269137559
"1781",3098,0.00512707430562581,16,9,26.0000854512384
"1782",3035,0.0266560568511167,29,16,30.0004442676142
"1783",3099,0.0253009640895565,37,22,52.0004216827348
"1784",3153,0.0168979656250874,60.5,34.5,14.0002816327604
"1785",3198,0.0361595865531351,17,10,30.0006026597759
"1786",3195,0.00244101950381004,37.5,22.5,14.0000406836584
"1787",3199,0.00216522551257764,15,8,18.0000360870919
"1788",3116,0.0246383053073817,19,10,40.0004106384218
"1789",3115,0,48,28,40
"1790",3146,0.0184663517219759,45.5,25.5,12.0003077725287
"1791",3145,0,14.5,8.5,52
"1792",3144,0,61.5,35.5,34
"1793",3143,0,38.5,21.5,36
"1794",3200,0.0324919789573376,41.5,23.5,28.0005415329826
"1795",3316,0.036544299277999,34.5,20.5,28.0006090716546
"1796",3315,0,32,18,30
"1797",3314,0,35.5,20.5,30
"1798",3313,0,34,19,48
"1799",3312,0,57.5,33.5,44
"1800",3327,0.000727582574289085,53.5,31.5,8.00001212637624
"1801",3293,0.0027971950424709,8.5,4.5,36.0000466199174
"1802",3328,0.0027971950424709,42.5,24.5,10.0000466199174
"1803",3319,0.0167157047909076,11,6,8.00027859507985
"1804",3326,0,9.5,5.5,34
"1805",3325,0,41.5,24.5,22
"1806",3324,0,27,16,30
"1807",3323,0,37,22,42
"1808",3322,0,49,28,42
"1809",3321,0,51.5,30.5,24
"1810",3320,0,30,18,48
"1811",3310,0.000567858619488498,56,32,36.0000094643103
"1812",3309,0,41.5,23.5,28
"1813",3308,0,33.5,19.5,26
"1814",3307,0,32.5,19.5,26
"1815",3306,0,28.5,15.5,36
"1816",3297,0.00225788862141785,42,24,18.000037631477
"1817",3340,0.0340710978793921,18.5,9.5,32.0005678516313
"1818",3353,0.0610124690880704,35.5,19.5,10.0010168744848
"1819",3352,0.000787112978985794,12,7,10.0000131185496
"1820",3358,0.00565394365971815,10.5,5.5,34.0000942323943
"1821",3362,0.00716419603692642,40,23,26.0001194032673
"1822",3342,0.0163118358900802,31.5,18.5,46.0002718639315
"1823",3237,0.056465323322535,53,30,26.000941088722
"1824",3263,0.00944586526132845,31.5,18.5,28.0001574310877
"1825",2012,0.460432017687527,34,20,36.0076738669615
"1826",2016,0.00153716902692584,41.5,23.5,48.0000256194838
"1827",2018,0,58,34,56
"1828",2020,0,66,38,36
"1829",2026,0.0113476086120942,41.5,23.5,34.0001891268102
"1830",2029,0,39.5,22.5,18
"1831",2041,0.00829814120985684,22,13,52.0001383023535
"1832",2228,0.0437457129968111,61,35,6.00072909521661
"1833",2197,0.0175827973343817,6,3,34.0002930466222
"1834",2234,0.0362378392792983,39,22,24.000603963988
"1835",2193,0.0199060933915047,28,16,34.0003317682232
"1836",2196,0.00893262082307941,42.5,25.5,18.0001488770137
"1837",1915,0.052208744479427,20.5,11.5,40.0008701457413
"1838",1966,0.00763167262524097,45.5,25.5,38.0001271945438
"1839",1925,0.0313352031656816,42.5,23.5,30.0005222533861
"1840",1927,0,33.5,18.5,28
"1841",1982,0.0171963912778965,33.5,19.5,30.0002866065213
"1842",1981,0.00334550091578841,37,22,20.0000557583486
"1843",1988,0.0077884794680522,20.5,10.5,30.0001298079911
"1844",1990,0.000125435649050258,32.5,17.5,56.0000020905942
"1845",1998,0.00025087130298489,65.5,37.5,32.0000041811884
"1846",2002,0,38,22,40
"1847",1996,0,47.5,27.5,46
"1848",2003,0.000111194924254931,52.5,29.5,44.0000018532487
"1849",1997,0.000111194924254931,53.5,31.5,20.0000018532487
"1850",2001,0.000333584778423379,25,15,36.0000055597463
"1851",2000,0,42.5,24.5,18
"1852",1999,0,20,11,50
"1853",2005,0.000125435646962149,58.5,33.5,44.0000020905941
"1854",1987,0.000365618299164651,54,32,52.0000060936383
"1855",1900,0.0584550902179383,61,35,36.0009742515036
"1856",1906,0.00357435509877728,41,23,30.000059572585
"1857",1908,0,33,18,28
"1858",1889,0.0327708364754214,32,18,32.0005461806079
"1859",1891,0.00894418217176582,36.5,20.5,32.0001490697029
"1860",1943,0.0454640172954343,35.5,19.5,30.0007577336216
"1861",2257,0.0790628998219552,34.5,19.5,26.001317714997
"1862",2248,0.0590100743974202,32.5,19.5,28.00098350124
"1863",2753,0.106339627891546,32.5,18.5,46.0017723271315
"1864",2402,0.185502990863372,55.5,32.5,30.0030917165144
"1865",1886,0.141652858755636,36,21,16.0023608809793
"1866",1869,0.0355526049457032,17.5,9.5,12.0005925434158
"1867",1822,0.0255777355413812,13,7,6.00042629559236
"1868",1818,0.00308669974272782,7,4,8.00005144499571
"1869",1808,0.0163882698137709,9.5,5.5,52.0002731378302
"1870",1813,0.00235956089532612,62,36,40.0000393260149
"1871",1793,0.0372629774637188,46.5,26.5,44.0006210496244
"1872",1792,0.00614555619185559,51.5,29.5,24.0001024259365
"1873",1788,0.00474856009747928,30,18,40.0000791426683
"1874",1781,0.00325169353875881,49,29,24.0000541948923
"1875",1780,0,26.5,14.5,18
"1876",1779,0,21,12,40
"1877",1778,0,48,28,28
"1878",1769,0.0257254931175574,33.5,19.5,32.0004287582186
"1879",1771,0,39,23,38
"1880",1763,0.0228013096353843,45.5,26.5,20.0003800218273
"1881",1767,0,24,14,26
"1882",1766,0,31,18,48
"1883",1765,0,56.5,32.5,50
"1884",1764,0,59.5,34.5,26
"1885",1811,0.061531325625153,29.5,16.5,42.0010255220938
"1886",1791,0.0608731286819037,51,30,20.0010145521447
"1887",1790,0.0316539595353837,24.5,14.5,30.0005275659923
"1888",1786,0.0124640312626407,36.5,21.5,40.0002077338544
"1889",1785,0,49.5,29.5,38
"1890",1784,0,46.5,27.5,36
"1891",1783,0,42,24,18
"1892",1812,0.0733329866893029,20,11,38.0012222164448
"1893",1809,0.00235956089532612,46.5,27.5,34.0000393260149
"1894",1863,0.0341504120771186,39.5,22.5,28.0005691735346
"1895",1862,0,33.5,19.5,14
"1896",1861,0,14.5,7.5,44
"1897",1904,0.0628390961645475,50,28,10.0010473182694
"1898",2635,0.143816968770061,12.5,7.5,22.0023969494795
"1899",2637,0,23,12,6
"1900",2667,0.00165295528773214,6,3,38.0000275492548
"1901",2638,0.00165295528773214,43.5,24.5,32.0000275492548
"1902",2614,0.00540363250770927,36,20,22.0000900605418
"1903",2761,0.0812946400762019,24,13,30.0013549106679
"1904",2763,0,36,21,24
"1905",2760,0.00155683890145222,30,18,20.000025947315
"1906",2762,0.000669694406862752,24,14,18.0000111615734
"1907",2755,0.0236031618702164,21,12,18.0003933860312
"1908",2744,0.0502314809199437,22.5,13.5,2.00083719134867
"1909",2727,0.0262677203828696,2.5,1.5,28.0004377953397
"1910",2731,0,31,17,22
"1911",2746,0.00169792371090569,23.5,12.5,8.00002829872852
"1912",2749,0.00160487891614365,9,5,24.0000267479819
"1913",2615,0.126322727525936,27,15,56.0021053787921
"1914",2398,0.0485485596786734,66,38,42.0008091426613
"1915",2375,0.00241549336715391,50,29,32.0000402582228
"1916",2374,0.00511792921495031,39,23,40.0000852988203
"1917",2373,0,45.5,25.5,44
"1918",2372,0,52.5,30.5,2
"1919",2371,0,2,1,8
"1920",2452,0.00692032758749476,10,6,34.0001153387931
"1921",2413,0.00230455885114562,39.5,22.5,18.0000384093142
"1922",2409,0.00226071672289705,18,9,24.000037678612
"1923",2420,0.00725582165814892,26.5,14.5,42.000120930361
"1924",2475,0.00299352479675678,48.5,27.5,46.0000498920799
"1925",2474,0,55.5,32.5,16
"1926",2473,0,19,11,4
"1927",2724,0.0506020214086341,4,2,36.0008433670235
"1928",2757,0.0257755113604666,42,24,38.000429591856
"1929",2942,0.112132954107238,43.5,24.5,36.0018688825685
"1930",2989,0.0591865964317694,40.5,22.5,20.0009864432739
"1931",2988,0,23,13,32
"1932",2987,0,35.5,19.5,14
"1933",2986,0,16,9,20
"1934",2994,0.001189436833559,24,14,12.0000198239472
"1935",2943,0.0601851097879353,15,9,32.0010030851631
"1936",3149,0.0669250017598091,37,21,50.001115416696
"1937",2944,0.0669250017598091,57.5,32.5,12.001115416696
"1938",2949,0.00358509971696388,13.5,7.5,30.000059751662
"1939",2954,0,37,22,38
"1940",2953,0,47,28,42
"1941",2952,0,48,27,36
"1942",2951,0,41.5,23.5,56
"1943",2950,0,65.5,37.5,36
"1944",3034,0.0434885116839236,44,26,30.0007248085281
"1945",3093,0.0388122158385545,37.5,22.5,50.000646870264
"1946",3084,0.0012118749821955,59.5,34.5,50.0000201979164
"1947",3088,0,57.5,32.5,54
"1948",3092,0,64,37,36
"1949",3091,0,43.5,25.5,34
"1950",3090,0,40,23,8
"1951",3089,0,8.5,4.5,30
"1952",3087,0.000406507309725133,36.5,21.5,18.0000067751218
"1953",3086,0,20,11,38
"1954",3085,0,44.5,25.5,44
"1955",3106,0.00524373036206846,51,29,44.000087395506
"1956",3105,0,53,31,22
"1957",3104,0,27.5,16.5,48
"1958",3103,0,57.5,33.5,12
"1959",3272,0.0542240772263326,13,7,36.0009037346204
"1960",3360,0.0506152040689733,41.5,23.5,36.0008435867345
"1961",3346,0.0150207189326976,41,23,40.0002503453155
"1962",3348,0.0111269173290786,48.5,28.5,36.0001854486221
"1963",3344,0.00281554136699778,40.5,22.5,48.0000469256895
"1964",3350,0.00242436142815253,56.5,32.5,36.0000404060238
"1965",3341,0.0689903490913515,43,25,40.0011498391515
"1966",3401,0.0418176922210978,45.5,25.5,36.000696961537
"1967",3405,0.00205860364772597,43,25,32.0000343100608
"1968",3518,0.0494399281420082,38,22,20.0008239988024
"1969",3517,0.00210088732487495,22,12,28.0000350147887
"1970",3410,0.0260752378938205,35,21,26.0004345872982
"1971",3465,0.0501939561100199,32.5,19.5,18.0008365659352
"1972",3463,0.0104602218291428,21,12,44.0001743370305
"1973",3467,0.000321595383144174,53.5,31.5,8.00000535992305
"1974",3466,0.00656075758809847,8.5,4.5,32.0001093459598
"1975",3412,0.010412526416909,39.5,23.5,10.0001735421069
"1976",3406,0.0615770726693126,10.5,5.5,10.0010262845445
"1977",3402,0.00370821851372566,10,5,60.0000618036419
"1978",3407,0.00398754144926099,70,40,16.0000664590242
"1979",3403,0.00398754144926099,19.5,11.5,12.0000664590242
"1980",3368,0.0172732543180614,14.5,8.5,30.000287887572
"1981",3359,0.0123896507022042,37,22,22.0002064941784
"1982",3230,0.0594388684858003,27.5,16.5,24.0009906478081
"1983",3235,0,29,17,20
"1984",3234,0,24,14,14
"1985",3233,0,17.5,10.5,30
"1986",3232,0,35.5,20.5,30
"1987",3231,0,34.5,19.5,24
"1988",3225,0.00282516758816857,25.5,13.5,18.0000470861265
"1989",3349,0.0362389858497371,21.5,12.5,18.0006039830975
"1990",3355,0.00697572913743758,18,9,58.0001162621523
"1991",3490,0.0629575602147216,68,39,36.0010492926702
"1992",3510,0.0249548108611005,41,23,56.0004159135144
"1993",3547,0.0246123810603237,65.5,37.5,10.000410206351
"1994",3549,0.00301123711402654,12,7,44.0000501872852
"1995",3544,0.00615055696879633,51,29,10.0001025092828
"1996",3660,0.0345368776492986,11,6,30.0005756146275
"1997",3664,0.00444761788217756,33.5,18.5,16.0000741269647
"1998",3676,0.0133127698264179,18.5,10.5,38.0002218794971
"1999",3620,0.0289238698077354,47,28,30.0004820644968
"2000",3622,0,35,20,22
"2001",3616,0.00217338121924315,23.5,12.5,42.0000362230203
"2002",3625,0.00275967510448463,49.5,28.5,44.0000459945851
"2003",3667,0.040003229776863,51.5,29.5,26.0006667204963
"2004",3669,0,29.5,16.5,28
"2005",3672,0.000232244073549356,33,19,4.00000387073456
"2006",3674,0.000555974632591827,4.5,2.5,36.0000092662439
"2007",3636,0.0309661813335153,40.5,22.5,34.0005161030222
"2008",3678,0.0247458941911177,41.5,24.5,40.0004124315698
"2009",3684,0.00594969335385567,49.5,29.5,22.0000991615559
"2010",3703,0.00944652815565825,25.5,14.5,32.0001574421359
"2011",3701,0.00895680710579085,39.5,23.5,2.00014928011843
"2012",3697,0.00292289969574973,2.5,1.5,6.00004871499493
"2013",3699,0,6,3,50
"2014",3721,0.0446324065890599,60,35,36.0007438734432
"2015",3723,0,43,25,18
"2016",3722,0.000797614793704228,19,10,20.0000132935799
"2017",3724,0.000797614793704228,23.5,13.5,32.0000132935799
"2018",3758,0.0232352002710156,37.5,21.5,40.0003872533378
"2019",3761,0,47,27,34
"2020",3717,0.0159454264177591,38,21,10.000265757107
"2021",3765,0.0394680341328909,11.5,6.5,44.0006578005689
"2022",3770,0,51,29,52
"2023",3777,0,61,35,38
"2024",3779,0.00116673021549561,44.5,25.5,24.0000194455036
"2025",3782,0,28,16,22
"2026",3752,0.0167751417567816,24,13,18.0002795856959
"2027",3794,0.039464222246543,20,11,20.0006577370374
"2028",3796,0.00506938423301662,20.5,10.5,36.0000844897372
"2029",3863,0.0321777348595771,44.5,26.5,44.000536295581
"2030",3861,0.0112160210412451,52,30,32.000186933684
"2031",3877,0.00957862164041634,35,19,20.000159643694
"2032",3871,0.00351246864597841,23,13,42.0000585411441
"2033",3879,0.004265142504245,47.5,26.5,52.0000710857084
"2034",3865,0.0073290654044163,60.5,34.5,18.0001221510901
"2035",3698,0.0763571413962353,19,10,16.0012726190233
"2036",3690,0.0210032560652678,19,11,12.0003500542678
"2037",3706,0.00922833111894786,14,8,40.0001538055187
"2038",3683,0.015626842737202,48.5,28.5,12.000260447379
"2039",3679,0.00594969335385567,15,9,26.0000991615559
"2040",3666,0.0150704626803007,30.5,17.5,24.000251174378
"2041",3618,0.0590252700982204,28,16,20.0009837545016
"2042",3677,0.0289782543056281,20,10,20.0004829709051
"2043",3680,0.00763099341202942,23.5,13.5,38.0001271832235
"2044",3637,0.0279622019208934,42.5,23.5,32.0004660366987
"2045",3643,0.0288289623819396,36,20,28.0004804827064
"2046",3645,0.000116118501186901,33,19,42.0000019353084
"2047",3650,0.000116118547531398,49,28,34.0000019353091
"2048",3644,0.000971050393241911,38.5,21.5,18.0000161841732
"2049",3651,0.000906414548268877,18.5,9.5,24.0000151069091
"2050",3649,0.000229843698267413,28,16,32.0000038307283
"2051",3646,0.000116118547531398,38,22,18.0000019353091
"2052",3545,0.043637428047368,18.5,9.5,14.0007272904675
"2053",3577,0.0178250752261833,16.5,9.5,26.0002970845871
"2054",3551,0.00660643349918299,31,18,14.000110107225
"2055",3546,0.0237254977930719,16,9,30.0003954249632
"2056",3511,0.0246123810603237,36.5,21.5,22.000410206351
"2057",3513,0,23,12,14
"2058",3512,0,16,9,4
"2059",3381,0.0454641879817443,4,2,14.0007577364664
"2060",3336,0.0382911510398506,16.5,9.5,22.0006381858507
"2061",3339,0,24.5,13.5,48
"2062",3128,0.0736881749698713,57,33,48.0012281362495
"2063",3127,0,57.5,33.5,20
"2064",3126,0,23,13,18
"2065",3125,0,18,9,38
"2066",3124,0,47.5,28.5,56
"2067",3133,0.0127874165637585,65.5,37.5,44.0002131236094
"2068",3132,0,53,31,40
"2069",3131,0,45.5,25.5,38
"2070",3130,0,44,25,34
"2071",3110,0.0108795372788166,39,22,52.0001813256213
"2072",3109,0,61.5,35.5,26
"2073",3108,0,31,18,38
"2074",3094,0.00775181176950053,43,24,16.0001291968628
"2075",3058,0.0114402706886546,19,11,42.0001906711781
"2076",3057,0,51.5,30.5,48
"2077",3056,0,57,33,10
"2078",3055,0,12.5,7.5,38
"2079",3054,0,47.5,28.5,30
"2080",3053,0,37.5,22.5,26
"2081",3052,0,29,16,40
"2082",3073,0.00277530677174759,45,25,16.0000462551129
"2083",3072,0,19.5,11.5,40
"2084",3071,0,49,29,38
"2085",3070,0,43,24,42
"2086",3069,0,49,28,22
"2087",3068,0,24.5,13.5,30
"2088",3067,0,33,18,26
"2089",3062,0.00633423862858436,27.5,14.5,12.0001055706438
"2090",3048,0.018988994903119,12,6,16.0003164832484
"2091",3047,0,17,9,16
"2092",3046,0,17.5,9.5,32
"2093",3045,0,40,24,36
"2094",3044,0,41.5,23.5,42
"2095",3177,0.0273713133451831,50.5,29.5,24.0004561885558
"2096",3187,0.00940300449676444,30,18,22.0001567167416
"2097",3167,0.0100140820285208,26.5,15.5,6.00016690136714
"2098",3185,0.0136119699960255,7,4,34.0002268661666
"2099",3426,0.128492697621828,41.5,24.5,44.0021415449604
"2100",3671,0.0712261966750879,53,31,30.0011871032779
"2101",3670,0.000232244073549356,32.5,17.5,36.0000038707346
"2102",3673,0.00122864399168702,43,25,36.0000204773999
"2103",3668,0.00439780759975915,42.5,24.5,34.0000732967933
"2104",3685,0.0189609824806191,37.5,20.5,10.0003160163747
"2105",3692,0.00404601995354855,11,6,58.0000674336659
"2106",3696,0.000111194927084224,67.5,38.5,46.0000018532488
"2107",3695,0,55,32,32
"2108",3694,0,39,23,8
"2109",3693,0.000111194927084224,9,5,44.0000018532488
"2110",3702,0.00292289969574973,50,28,32.0000487149949
"2111",3687,0.0589534118728332,37.5,21.5,22.0009825568645
"2112",3689,0,24,13,36
"2113",3688,0.000477772831348628,41,23,58.0000079628805
"2114",3866,0.0856082981575941,68,39,12.0014268049693
"2115",3868,0.000282477942243818,14,8,24.0000047079657
"2116",3867,0.00197746267333605,29.5,17.5,28.0000329577112
"2117",3869,0.00171672236405287,35,21,2.0000286120394
"2118",3878,0.00510904182809621,2,1,12.0000851506971
"2119",3872,0.004265142504245,13,7,12.0000710857084
"2120",3876,0.00106233232205859,12,6,48.0000177055387
"2121",3897,0.0241815443519789,55,31,26.0004030257392
"2122",3893,0.0238161847036903,31,18,46.0003969364117
"2123",3901,0.0161191101157431,54,31,6.00026865183526
"2124",3870,0.0303288514349191,6.5,3.5,54.0005054808572
"2125",3902,0.031367428254757,64,37,18.0005227904709
"2126",3896,0.0100359001533204,20,11,40.0001672650026
"2127",3892,0.00518692878441003,49.5,29.5,38.0000864488131
"2128",3898,0.0238161847036903,44,25,22.0003969364117
"2129",3894,0.0464954779265587,26.5,15.5,30.0007749246321
"2130",3900,0.0106336940203114,37.5,22.5,28.0001772282337
"2131",3899,0.0310537683348917,34.5,20.5,10.0005175628056
"2132",3895,0.0106336940203114,10.5,5.5,14.0001772282337
"2133",3903,0.0100359001533204,15.5,8.5,26.0001672650026
"2134",3927,0.021358469407154,29.5,16.5,46.0003559744901
"2135",3926,0.00128910858512125,52.5,29.5,6.00002148514309
"2136",3904,0.021358469407154,6,3,44.0003559744901
"2137",3923,0.0148315590811517,51.5,29.5,18.0002471926514
"2138",3914,0.0113135588510344,22,13,24.0001885593142
"2139",3917,0,25.5,13.5,14
"2140",3916,0.000421525248462155,14.5,7.5,26.0000070254208
"2141",3915,0,29,16,40
"2142",3918,0.000421525248462155,46,26,36.0000070254208
"2143",3922,0.00490944448500336,44,26,22.0000818240748
"2144",3932,0.00404328925325726,23,12,54.0000673881542
"2145",3949,0.0175098587502454,64,37,42.0002918309792
"2146",3952,0,48.5,27.5,28
"2147",3964,0.00483115884915143,34,20,10.0000805193142
"2148",3966,0.00144553404643633,11.5,6.5,34.0000240922341
"2149",3956,0.00315212528235924,39,22,34.0000525354214
"2150",3959,0.000229840051862595,41,24,14.0000038306675
"2151",3953,0.00570190353380875,14.5,7.5,56.0000950317256
"2152",3946,0.00370554563088197,65,37,44.0000617590938
"2153",4017,0.0382762321118102,54,32,26.0006379372019
"2154",3963,0.0383571845718476,28.5,15.5,40.0006392864095
"2155",3960,0.00367595868346332,48,28,18.0000612659781
"2156",3939,0.0246980857590635,22,13,14.0004116347627
"2157",3941,0.00116520869700879,14.5,7.5,24.000019420145
"2158",3967,0.0291847433045232,28.5,16.5,8.00048641238841
"2159",3969,0,8,4,6
"2160",3972,0.000567744314348695,6.5,3.5,36.0000094624052
"2161",3976,0.00176607020392708,43,25,40.0000294345034
"2162",3983,0.0025180137614737,50,30,22.000041966896
"2163",3985,0,23,12,34
"2164",3991,0,37.5,20.5,6
"2165",3998,0.000826556429715675,7.5,4.5,8.0000137759405
"2166",3978,0.00720407954367298,10,6,26.0001200679924
"2167",3982,0,29,16,38
"2168",3977,0.0025180137614737,45.5,26.5,54.000041966896
"2169",3999,0.00720407954367298,63,36,26.0001200679924
"2170",4020,0.0184213915832883,28,15,38.0003070231931
"2171",4023,0.0133479396617629,43,24,26.000222465661
"2172",4055,0.0430204724113578,30.5,17.5,34.0007170078735
"2173",4032,0.00589825706482842,42.5,25.5,10.0000983042844
"2174",4266,0.108888400397819,10,5,10.0018148066733
"2175",4268,0,10.5,5.5,28
"2176",4273,0,32.5,18.5,50
"2177",4261,0.00442160935935162,58,33,18.0000736934893
"2178",4274,0.0107070834753955,18,9,6.00017845139126
"2179",4272,0.000413216656364017,6,3,24.0000068869443
"2180",4271,0,27,15,40
"2181",4270,0,47.5,27.5,44
"2182",4269,0,54,32,28
"2183",4275,0.000413216656364017,31.5,17.5,16.0000068869443
"2184",4277,0,17.5,9.5,26
"2185",4284,0,32,19,6
"2186",4287,0,6,3,26
"2187",4263,0.00325239558498403,32.5,19.5,32.0000542065931
"2188",4312,0.0144687283269801,36,20,22.0002411454721
"2189",4235,0.0427761301894851,23.5,12.5,40.0007129355032
"2190",4205,0.00542021558526601,49,29,18.0000903369264
"2191",4233,0.00546096412144548,22,13,26.0000910160687
"2192",4232,0.00128892134492919,31.5,18.5,16.0000214820224
"2193",4206,0.00546096412144548,18,10,40.0000910160687
"2194",4208,0,49.5,29.5,40
"2195",4212,0,48,28,10
"2196",4216,0,12,7,20
"2197",4201,0.00576271101612615,21.5,11.5,18.0000960451836
"2198",4182,0.00608971884651744,22.5,13.5,46.0001014953141
"2199",4150,0.023805253145739,54,31,14.0003967542191
"2200",4161,0.00553059437450311,14.5,7.5,52.0000921765729
"2201",4168,0.00501413847093459,62,36,50.0000835689745
"2202",4171,0.000282450908210966,57.5,32.5,50.0000047075151
"2203",4173,0,59,34,16
"2204",4162,0.00639781786798519,19.5,11.5,26.0001066302978
"2205",4169,0.00605573411314778,31.5,18.5,30.0001009289019
"2206",4185,0.00509363050171321,36,21,50.0000848938417
"2207",4184,0.000501730069143033,59.5,34.5,10.0000083621678
"2208",4192,0.00171524159522178,11,6,12.0000285873599
"2209",4195,0,12.5,6.5,14
"2210",4199,0.000321498480857904,16.5,9.5,5.3583080142984e-06
"2211",4204,0.00200905872937504,0,0,36.0000334843122
"2212",4236,0.00542021558526601,42,24,48.0000903369264
"2213",4238,0,58,34,42
"2214",4240,0,51,30,34
"2215",4183,0.0336469313708622,37.5,20.5,4.00056078218951
"2216",4186,0.000501730069143033,5,3,14.0000083621678
"2217",4180,0.00278440028435386,16.5,9.5,50.0000464066714
"2218",4178,0.00144073438921544,59,34,8.00002401223982
"2219",4175,0.00243856352129668,9,5,36.0000406427254
"2220",4243,0.0224875866930366,42.5,24.5,38.0003747931115
"2221",4245,0,44.5,25.5,50
"2222",4249,0.000706442311087399,58.5,33.5,18.0000117740385
"2223",4257,0.00217552649814603,20.5,11.5,36.000036258775
"2224",4265,0.00454937157732797,40.5,22.5,6.00007582285962
"2225",4353,0.0961539711146064,7.5,4.5,28.0016025661852
"2226",4356,0.000582606139296455,31.5,17.5,28.0000097101023
"2227",4355,0.000669689737773815,32,18,34.0000111614956
"2228",4361,0.000571754114695075,39,22,14.0000095292352
"2229",4369,0.00109675714337589,16.5,9.5,50.0000182792857
"2230",4381,0.00128726658597504,59.5,34.5,42.0000214544431
"2231",4383,0,48.5,27.5,34
"2232",4387,0,42.5,25.5,14
"2233",4323,0.0622569722577124,16,9,40.0010376162043
"2234",4321,0.00245352582881799,49.5,29.5,8.00004089209715
"2235",4388,0.0622569722577124,8.5,4.5,34.0010376162043
"2236",4351,0.0133757566701122,41,24,22.0002229292778
"2237",4466,0.0226106383019558,22.5,11.5,24.0003768439717
"2238",4465,5.80439793280739e-05,28.5,16.5,52.0000009673997
"2239",4490,0.0116038482526662,61.5,35.5,30.0001933974709
"2240",4519,0.00610507542537442,35,20,32.0001017512571
"2241",4522,0,35.5,19.5,8
"2242",4521,0.000891451690660371,8.5,4.5,32.0000148575282
"2243",4520,0,37.5,21.5,8
"2244",4523,0.000891451690660371,9.5,5.5,32.0000148575282
"2245",4537,0.00177293278786591,37.5,21.5,40.0000295488798
"2246",4567,0.00702594175898984,48,28,30.0001170990293
"2247",4533,0.00824097022123741,37,22,16.0001373495037
"2248",4528,0.00262252427164688,18.5,10.5,36.0000437087379
"2249",4526,0.00269943944153564,42.5,24.5,38.0000449906574
"2250",4699,0.0224020466756224,42.5,23.5,8.00037336744459
"2251",4648,0.00345364088580161,10,6,34.0000575606814
"2252",4718,0.00580923133708698,40,23,32.0000968205223
"2253",4722,0,39,23,22
"2254",4725,0,26,15,18
"2255",4737,0.0017153702698956,22,13,48.0000285895045
"2256",4751,0.00522579658917344,57.5,33.5,32.0000870966098
"2257",4753,0.00233797825408883,37,21,44.0000389663042
"2258",4744,0.00455566627462885,53,31,32.0000759277712
"2259",4746,0.00189831869742739,37,21,20.000031638645
"2260",4598,0.0239734697385425,23,13,12.000399557829
"2261",4604,0.000125434085041831,14.5,8.5,22.0000020905681
"2262",4738,0.0141013775547553,23,12,54.0002350229592
"2263",4732,0.00137983150714762,62.5,35.5,46.0000229971918
"2264",4734,0,54.5,31.5,12
"2265",4646,0.0102445173152012,13,7,20.0001707419553
"2266",4616,0.00320523205789446,23.5,13.5,20.0000534205343
"2267",4618,0,23.5,13.5,52
"2268",4572,0.00574265903551186,60,34,44.0000957109839
"2269",4575,0,51,29,54
"2270",4545,0.0103622830776902,62.5,35.5,22.000172704718
"2271",4549,0,25.5,14.5,32
"2272",4553,0,36.5,20.5,24
"2273",4489,0.0125193837880443,26,14,22.0002086563965
"2274",4462,0.0270529278404089,26,15,54.0004508821307
"2275",4470,0.00173110544660812,63,36,36.0000288517574
"2276",4468,0.00238322548394569,44.5,26.5,16.0000397204247
"2277",4463,0.00173110544660812,20,12,50.0000288517574
"2278",4461,0.000812858312047152,57.5,32.5,22.0000135476385
"2279",4476,0.00542088720670339,23.5,12.5,24.0000903481201
"2280",4481,0.00180727274903915,25,13,12.0000301212125
"2281",4485,0.00646105979234404,13,7,54.0001076843299
"2282",4488,0.00302965252254495,64,37,14.0000504942087
"2283",4469,0.0101042818103894,15.5,8.5,6.00016840469684
"2284",4474,0.00912293678203921,6.5,3.5,32.0001520489464
"2285",4479,0.00128714634601916,37,21,46.0000214524391
"2286",4475,0.0024112556350805,54,31,18.0000401875939
"2287",4347,0.0147641053526953,21,12,16.0002460684225
"2288",4349,0,17,9,18
"2289",4337,0.017730028079761,20.5,11.5,14.000295500468
"2290",4346,0.0106659250024053,16.5,9.5,8.00017776541671
"2291",4335,0.00630550738864206,10,6,24.0001050917898
"2292",4345,0.0107790870199249,27,15,24.0001796514503
"2293",4342,0.00302963306150252,27.5,15.5,44.0000504938844
"2294",4308,0.026377343405993,50,28,28.0004396223901
"2295",4310,0.00228450193314163,32.5,18.5,12.0000380750322
"2296",4164,0.041970514669253,13,7,50.0006995085778
"2297",4172,0.00144708086043955,58.5,33.5,18.0000241180143
"2298",4165,0.00144708086043955,20,11,38.0000241180143
"2299",4167,0,47.5,28.5,44
"2300",4174,0.00170272766555083,51.5,29.5,34.0000283787944
"2301",4179,0.00243856352129668,38.5,21.5,34.0000406427254
"2302",4187,0.00278440028435386,41,24,24.0000464066714
"2303",4190,0,28.5,16.5,44
"2304",4194,0.000421377196760915,52.5,30.5,14.0000070229533
"2305",4193,0,14,7,42
"2306",4191,0.000421377196760915,50,29,38.0000070229533
"2307",4196,0.0012817804376323,44,25,20.0000213630073
"2308",4159,0.015820408385453,24,14,28.0002636734731
"2309",4158,0.0418125570898958,33,19,54.0006968759515
"2310",4170,0.0106179319662234,63.5,36.5,40.0001769655328
"2311",4163,0.00588350246953221,48,28,32.0000980583745
"2312",4311,0.041970514669253,38,22,6.00069950857782
"2313",4316,0.00338236635604392,6,3,18.0000563727726
"2314",4318,0.00499680821366485,21,12,42.0000832801369
"2315",4324,0.00286948041394941,51,30,8.00004782467357
"2316",4326,0,10,6,42
"2317",4331,0.00824370448596151,51.5,30.5,36.0001373950748
"2318",4325,0.00733926973462472,43,25,14.0001223211622
"2319",4332,0.00733926973462472,15.5,8.5,22.0001223211622
"2320",4341,0.0047851143521383,25.5,14.5,2.00007975190587
"2321",4348,0.00931710607543798,2.5,1.5,48.0001552851013
"2322",4334,0.0157893876652323,57.5,33.5,28.0002631564611
"2323",4333,0.00594909525098076,34.5,20.5,28.0000991515875
"2324",4320,0.0159826605456156,34,20,10.0002663776758
"2325",4319,0.00121176374506477,10.5,5.5,38.0000201960624
"2326",4352,0.0408922998483742,44,25,40.0006815383308
"2327",4322,0.0628843250303351,46,26,34.0010480720838
"2328",4870,0.113929343099084,40.5,23.5,8.00189882238499
"2329",4849,0.00585716591620347,8,4,8.00009761943194
"2330",4845,0.00399955586815577,8,4,60.0000666592645
"2331",4830,0.00244830747864531,70,40,38.0000408051246
"2332",4832,0,45,26,16
"2333",4834,0,20,12,26
"2334",4836,0,31,18,20
"2335",4822,0.00247254826667955,21.5,11.5,36.0000412091378
"2336",4829,0.000116104177094971,41,23,56.0000019350696
"2337",4817,0.00088437514372575,66,38,22.0000147395857
"2338",4821,0.000257458732600833,26.5,15.5,30.0000042909789
"2339",4815,0.00200708598510514,36,21,22.0000334514331
"2340",4818,0.000444779705507603,23.5,12.5,30.0000074129951
"2341",4809,0.00137217753791577,34,19,48.0000228696256
"2342",4802,0.00165843575792624,57.5,33.5,22.000027640596
"2343",4779,0.00569052170234932,26.5,15.5,22.0000948420284
"2344",4752,0.00883103978928425,24.5,13.5,34.0001471839965
"2345",4756,0.00295855172220428,39.5,22.5,46.0000493091954
"2346",4759,0,53,30,32
"2347",4763,0,35,19,8
"2348",4767,0.000762935248732614,9.5,5.5,28.0000127155875
"2349",4765,0.000459683775316042,34,20,36.0000076613963
"2350",4764,0.000762935248732614,44.5,26.5,36.0000127155875
"2351",4768,0.000459683775316042,44.5,26.5,38.0000076613963
"2352",4775,0.00704863998101378,47.5,28.5,36.000117477333
"2353",4777,0,41.5,23.5,24
"2354",4837,0.00563673828731788,25,13,8.00009394563812
"2355",4820,0.00144117412238135,9,5,34.0000240195687
"2356",4816,0.000406447398744293,41.5,24.5,60.0000067741233
"2357",4826,0.00128888084794041,70,40,14.0000214813475
"2358",4743,0.0151653167790903,14,7,12.0002527552797
"2359",4739,0.00215995136830257,15,9,30.0000359991895
"2360",4766,0.00964002604933959,37.5,22.5,34.0001606671008
"2361",4794,0.00940789150820511,38.5,21.5,10.0001567981918
"2362",4793,0.00111346431950237,10,5,44.0000185577387
"2363",4740,0.0130076558733992,51.5,29.5,42.0002167942646
"2364",4742,0.00226072255859283,48.5,27.5,22.0000376787093
"2365",4745,0.00900978163056462,25.5,14.5,46.0001501630272
"2366",4736,0.0064980856213507,53,30,8.00010830142702
"2367",4726,0.0017153702698956,9,5,10.0000285895045
"2368",4721,0.000847357569583663,10.5,5.5,28.0000141226262
"2369",4720,0,33,19,42
"2370",4719,0,52,31,40
"2371",4727,0.000847357569583663,47.5,27.5,30.0000141226262
"2372",4700,0.0165953415884733,33.5,18.5,28.0002765890265
"2373",4711,0.00217507879955735,33,19,40.0000362513133
"2374",4527,0.0277708266698588,48,28,20.0004628471112
"2375",4534,0.00262252427164688,22,12,46.0000437087379
"2376",4544,0.00728710852438551,53,30,44.0001214518087
"2377",4530,0.00667377123207575,50.5,28.5,26.0001112295205
"2378",4532,0.00322465287129603,30,17,6.00005374421452
"2379",4517,0.00216499985576952,6,3,4.00003608333093
"2380",4524,0.00185424779072516,4.5,2.5,46.0000309041298
"2381",4498,0.00528349137342787,52.5,29.5,40.0000880581896
"2382",4518,0.003057514904066,46,26,18.0000509585817
"2383",4491,0.00610507542537442,21,12,40.0001017512571
"2384",4495,0.00266144968471866,47.5,27.5,38.0000443574947
"2385",4486,0.00400809599454941,42.5,23.5,24.0000668015999
"2386",4496,0.00475965000459351,27.5,15.5,32.0000793275001
"2387",4330,0.0349620559814745,38,22,26.000582700933
"2388",4327,0.00824370448596151,30,17,36.0001373950748
"2389",4329,0,41.5,23.5,20
"2390",4317,0.0102961554446599,24.5,14.5,32.0001716025907
"2391",4211,0.041119614502964,39.5,23.5,42.0006853269084
"2392",4210,0,51,30,38
"2393",4209,0,46,27,18
"2394",4157,0.0182885242644842,18.5,9.5,12.0003048087377
"2395",4156,0.00416251017926085,13.5,7.5,12.0000693751697
"2396",4155,0,14,8,36
"2397",4106,0.027432339010965,42,24,14.0004572056502
"2398",4219,0.0426939187465757,15,8,44.0007115653124
"2399",4221,0,51.5,29.5,24
"2400",4223,0,28.5,16.5,38
"2401",4225,0,47.5,28.5,20
"2402",4227,0,25,15,24
"2403",4229,0,30,18,22
"2404",4217,0.00604481721933521,23.5,12.5,44.0001007469537
"2405",4137,0.0343688331573468,50,28,28.000572813886
"2406",4146,0.00227498171774794,31.5,17.5,30.000037916362
"2407",4149,0.000116106954939888,37.5,22.5,44.0000019351159
"2408",4230,0.0274069071899056,51,29,56.0004567817865
"2409",4228,0.000376335429597385,65,37,14.0000062722572
"2410",4226,0.000338601503312017,17,10,30.0000056433584
"2411",4224,0.000116140802388982,35,20,1.93568003981637e-06
"2412",4222,0.000206673309096995,0,0,44.0000034445552
"2413",4220,0.000174211208363901,53,31,32.0000029035201
"2414",4215,0.000656129528683538,36.5,20.5,34.0000109354921
"2415",4214,0,39.5,22.5,0
"2416",4213,0,0,0,16
"2417",4231,0.00152611100272831,16,8,10.0000254351834
"2418",4234,0.00128892134492919,11.5,6.5,28.0000214820224
"2419",4313,0.0427761301894851,31,17,52.0007129355032
"2420",4264,0.0159131076727448,62,36,50.0002652184612
"2421",4288,0.00414628700233807,58.5,33.5,60.0000691047834
"2422",4304,0.00350115654169984,70,40,42.000058352609
"2423",4302,0.00238312376288583,48,27,42.0000397187294
"2424",4301,0.00120485684674367,52,31,38.0000200809475
"2425",4305,0.00238312376288583,42.5,23.5,46.0000397187294
"2426",4289,0.00473496966262188,52.5,29.5,36.000078916161
"2427",4294,0,43,25,40
"2428",4307,0.00930827158605704,45.5,25.5,22.0001551378598
"2429",4309,0.0223501802562209,23.5,12.5,56.0003725030043
"2430",4343,0.033907135086277,66,38,4.0005651189181
"2431",4357,0.00637042933492835,4,2,14.0001061738222
"2432",4359,0,17.5,10.5,12
"2433",4354,0.000676107503800584,12,6,20.0000112684584
"2434",4360,0.000571754114695075,24.5,14.5,6.00000952923525
"2435",4367,0.00190904837305194,7.5,4.5,30.0000318174729
"2436",4378,0.000656046036444453,34.5,19.5,32.0000109341006
"2437",4112,0.104909473055727,39,23,28.0017484912176
"2438",4118,0,30,16,30
"2439",4126,0.00619276027642501,32.5,17.5,16.0001032126713
"2440",4128,0,19,11,22
"2441",4130,0,26.5,15.5,44
"2442",4132,0,52,30,44
"2443",4134,0,52.5,30.5,42
"2444",4129,0.000971012164887994,51.5,30.5,22.0000161835361
"2445",4135,0.000971012164887994,26,15,46.0000161835361
"2446",4138,0.0127673788998882,56,33,34.0002127896483
"2447",4119,0.0148823596149835,38.5,21.5,22.0002480393269
"2448",4121,0.00217632656086992,27,16,14.0000362721093
"2449",4098,0.0325225227231843,16.5,9.5,32.0005420420454
"2450",4105,0.00240583632008595,35.5,19.5,4.000040097272
"2451",4103,0.000884396559335083,5,3,30.0000147399427
"2452",4124,0.0117825303051422,37,22,20.0001963755051
"2453",4127,0.000116084022640221,20,10,52.0000019347337
"2454",4125,0.000116084022640221,60,34,42.0000019347337
"2455",4133,0.000321495334540176,49.5,28.5,28.0000053582556
"2456",4131,0.000222389854168448,33,19,44.0000037064976
"2457",4123,0.000567746603519284,50,28,54.0000094624434
"2458",4104,0.0117825303051422,63,36,30.0001963755051
"2459",4099,0.00240583632008595,34.5,19.5,14.000040097272
"2460",4101,0,14.5,7.5,12
"2461",4160,0.0685858511983644,12.5,6.5,44.00114309752
"2462",4151,0.00553059437450311,53,31,10.0000921765729
"2463",4110,0.0153036535246952,11.5,6.5,22.0002550608921
"2464",4117,0.00941249871746323,23.5,12.5,44.0001568749786
"2465",4116,0,52,30,16
"2466",4115,0,19.5,11.5,58
"2467",4114,0,68,39,44
"2468",4113,0,53.5,31.5,20
"2469",4111,0.00941249871746323,24.5,14.5,26.0001568749786
"2470",4030,0.0595602698267439,28,15,4.00099267116378
"2471",4074,0.0151555512969889,5,3,42.0002525925216
"2472",4076,0,50.5,29.5,2
"2473",4031,0.0161271830688405,2,1,38.0002687863845
"2474",4056,0.00589825706482842,46.5,27.5,58.0000983042844
"2475",4054,0.000282444551713395,67.5,38.5,44.0000047074092
"2476",4079,0.0287370879564695,52.5,30.5,12.0004789514659
"2477",4085,0.00508026100628206,12,6,44.0000846710168
"2478",4069,0.0190790075276139,52,30,38.0003179834588
"2479",4071,0,45,26,24
"2480",4073,0,25.5,13.5,58
"2481",4077,0.00128611046907965,67.5,38.5,30.0000214351745
"2482",4200,0.0655907416219474,36,21,0.00109317902703246
"2483",4177,0.0110529496314718,0,0,30.0001842158272
"2484",4181,0.00144073438921544,35.5,20.5,24.0000240122398
"2485",4166,0.0049449695268291,29,17,54.0000824161588
"2486",4154,0.00833623167481882,64,37,42.0001389371946
"2487",4102,0.0283097770082772,51.5,30.5,46.0004718296168
"2488",4014,0.0811261827070474,53,30,32.0013521030451
"2489",4005,0.0108681392124854,39.5,23.5,40.0001811356535
"2490",4007,0.000257475961742039,45.5,25.5,24.000004291266
"2491",3951,0.0299857136869351,26,14,26.0004997618948
"2492",3950,0,30,17,10
"2493",3955,0.00467345130267361,11.5,6.5,26.000077890855
"2494",3958,0.00322935117580827,31.5,18.5,30.0000538225196
"2495",3957,0.000229840051862595,33.5,18.5,22.0000038306675
"2496",3962,0.00131983833961323,23.5,12.5,14.0000219973057
"2497",3954,0.00538019738763906,15,8,6.00008966995646
"2498",3948,0.0103324403325828,6.5,3.5,50.0001722073389
"2499",3944,0.0146021754133849,59.5,34.5,30.0002433695902
"2500",3968,0.0143373267082985,35.5,20.5,28.0002389554451
"2501",3970,0.0123043921478608,35,21,14.0002050732025
"2502",3996,0.00943527660411532,15.5,8.5,34.0001572546101
"2503",4012,0.0157066726716228,37.5,20.5,12.0002617778779
"2504",4015,0.0209642251994512,13.5,7.5,4.00034940375332
"2505",4065,0.0408064555919147,4.5,2.5,8.0006801075932
"2506",4067,0,9,5,14
"2507",4047,0.00621944034594297,15,8,26.0001036573391
"2508",4066,0.00392840570987502,31.5,18.5,34.0000654734285
"2509",4048,0.00392840570987502,40.5,23.5,26.0000654734285
"2510",4050,0,28,15,38
"2511",4052,0,46,27,40
"2512",4051,0.000250862110675885,45.5,25.5,36.0000041810352
"2513",4053,0.000250862110675885,42.5,24.5,36.0000041810352
"2514",4057,0.000282444551713395,41,23,42.0000047074092
"2515",4059,0.000444779708336895,52,31,46.0000074129951
"2516",4062,0,52.5,29.5,34
"2517",4064,0,37.5,20.5,58
"2518",4063,0,67.5,38.5,48
"2519",4016,0.0408064555919147,56,32,56.0006801075932
"2520",3947,0.0382762321118102,65,37,18.0006379372019
"2521",4008,0.0395006314091723,20.5,11.5,24.0006583438568
"2522",4003,0.00146827528159477,25,13,14.0000244712547
"2523",4006,0.00104200489962591,15,8,10.0000173667483
"2524",4004,0.00122859661291449,10,5,38.0000204766102
"2525",4013,0.0164910076407105,42.5,23.5,20.0002748501273
"2526",3975,0.0139621097431942,23.5,13.5,30.0002327018291
"2527",3974,0.00111799487371341,36.5,21.5,14.0000186332479
"2528",3973,0.00176607020392708,15.5,8.5,26.0000294345034
"2529",3997,0.0201573708135979,32.5,19.5,60.0003359561802
"2530",3992,0.000826556429715675,70,40,52.0000137759405
"2531",3995,0,61,35,42
"2532",3994,0,48,27,22
"2533",3993,0,25,14,36
"2534",3990,0.000656038570957052,40.5,22.5,34.0000109339762
"2535",3989,0,38.5,21.5,60
"2536",3988,0,70,40,20
"2537",3987,0,22.5,12.5,24
"2538",3986,0,25.5,13.5,22
"2539",3981,0.000706411306251989,27.5,16.5,26.0000117735218
"2540",3980,0,32.5,19.5,26
"2541",3979,0,28,15,34
"2542",3971,0.00999183309834323,41.5,24.5,46.0001665305516
"2543",3945,0.0267818737731403,54.5,31.5,14.0004463645629
"2544",3942,0.0311862232056541,15,8,18.0005197703868
"2545",3907,0.0360585210478535,22.5,13.5,24.0006009753508
"2546",3911,0.00463094874548401,28,16,20.0000771824791
"2547",3935,0.0260860627078313,21.5,11.5,18.0004347677118
"2548",3938,0.00108012416179256,18.5,9.5,30.0000180020694
"2549",3936,0.00166869764706531,37,22,48.0000278116275
"2550",3934,0.0415099044798708,57,33,34.0006918317413
"2551",3912,0.0260860627078313,41,24,20.0004347677118
"2552",3921,0.0119792538082603,22.5,12.5,16.0001996542301
"2553",3919,0.00490944448500336,16.5,8.5,28.0000818240748
"2554",3925,0.00387088682445787,35,21,38.0000645147804
"2555",3928,0.00128910858512125,45,26,34.0000214851431
"2556",3931,0.0131230551897425,40,23,20.0002187175865
"2557",3930,0.00522906149867942,21.5,11.5,28.000087151025
"2558",3920,0.00609539134890372,33.5,19.5,26.0001015898558
"2559",3913,0.0119792538082603,29.5,16.5,38.0001996542301
"2560",3924,0.0113135588510344,44,25,24.0001885593142
"2561",3929,0.0137170415176339,28.5,16.5,18.0002286173586
"2562",3905,0.0217477675848492,21.5,12.5,16.0003624627931
"2563",3910,0.00525926714748244,18,10,24.0000876544525
"2564",3909,0.00243690365728668,28.5,16.5,48.000040615061
"2565",3906,0.00525926714748244,56,32,42.0000876544525
"2566",3943,0.0360585210478535,49.5,28.5,14.0006009753508
"2567",3965,0.00986734959541381,14.5,7.5,22.0001644558266
"2568",3933,0.0318391244421127,27.5,16.5,30.000530652074
"2569",3937,0.0415099044798708,35,20,44.0006918317413
"2570",3961,0.0253595734886931,54,32,38.0004226595581
"2571",4018,0.0383571845718476,45,26,50.0006392864095
"2572",4022,0.0101796766893745,57.5,32.5,38.0001696612782
"2573",4021,0.0133479396617629,45,26,42.000222465661
"2574",4019,0.0101796766893745,50.5,29.5,22.0001696612782
"2575",4040,0.0155847497762532,26,15,54.0002597458296
"2576",4042,0,62.5,35.5,16
"2577",4034,0.00210621744815334,20,12,48.0000351036241
"2578",4039,0,56,32,52
"2579",4038,0,61,35,26
"2580",4037,0,28,15,22
"2581",4036,0,25.5,14.5,38
"2582",4035,0,44,25,18
"2583",4041,0.00368592130812881,22.5,13.5,26.0000614320218
"2584",4044,0.00956910288659221,30,17,10.0001594850481
"2585",4082,0.0195191187967076,11,6,14.0003253186466
"2586",4092,0.0110370856839151,14.5,7.5,36.0001839514281
"2587",4094,0.000206604856379111,44,26,8.00000344341427
"2588",4097,0.000534087077587249,8.5,4.5,22.0000089014513
"2589",4084,0.018348205405819,25,14,28.0003058034234
"2590",4080,0.00508026100628206,31.5,17.5,16.0000846710168
"2591",4087,0.00668323661500482,19,11,48.0001113872769
"2592",4072,0.0195219870247255,55.5,31.5,4.00032536645041
"2593",4070,0.00101146641480468,4.5,2.5,28.0000168577736
"2594",4068,0.00967470569757643,33,19,48.000161245095
"2595",4086,0.0190790075276139,57.5,33.5,24.0003179834588
"2596",4089,0.00627236492497693,29.5,17.5,30.0001045394154
"2597",4083,0.0140152911180483,32.5,17.5,28.0002335881853
"2598",4122,0.0404168834066519,30.5,16.5,28.0006736147234
"2599",4120,0.0118328747797038,35,21,36.0001972145797
"2600",4088,0.0277711477767943,41,23,38.0004628524629
"2601",4081,0.0103288500298068,44.5,25.5,40.0001721475005
"2602",4091,0.00823399007555376,49,29,50.0001372331679
"2603",4090,0.00717060331452204,59.5,34.5,42.0001195100552
"2604",4045,0.0276052592778693,50.5,29.5,24.0004600876546
"2605",4152,0.0671152523010906,29,17,36.0011185875384
"2606",4148,0.00184706287697194,45,27,18.0000307843813
"2607",4147,0.000116106954939888,21.5,12.5,44.0000019351159
"2608",4145,0.000977816689046815,50.5,28.5,30.0000162969448
"2609",4144,0,33.5,18.5,18
"2610",4143,0,19,10,40
"2611",4142,0,47,27,48
"2612",4141,0,56,32,10
"2613",4140,0,11,6,4
"2614",4153,0.00232489363298584,4.5,2.5,16.0000387482272
"2615",4202,0.0179954128768876,16,8,40.0002999235479
"2616",4207,0.00436397993734587,46,26,52.000072732999
"2617",4203,0.00436397993734587,61.5,35.5,60.000072732999
"2618",4189,0.00690334526660092,70,40,18.0001150557544
"2619",4188,0,22,13,56
"2620",4328,0.060606905409085,66,38,18.0010101150902
"2621",4493,0.0338355849505944,19.5,10.5,48.0005639264158
"2622",4569,0.0194339467936908,55,31,28.0003238991132
"2623",4480,0.028290304345478,35,21,46.0004715050724
"2624",4483,0.00162908044520849,52.5,29.5,42.0000271513408
"2625",4477,0.00522422344666449,48,27,42.0000870703908
"2626",4399,0.00814033798811334,49,28,36.0001356722998
"2627",4406,0,42,24,40
"2628",4408,0,48,28,26
"2629",4410,0,28.5,15.5,38
"2630",4409,0.00244697706333495,46.5,27.5,24.0000407829511
"2631",4411,0.00244697706333495,26.5,14.5,16.0000407829511
"2632",4415,0,20,12,58
"2633",4421,0.00133003017344743,67.5,38.5,32.0000221671696
"2634",4423,0,37.5,21.5,16
"2635",4427,0,19.5,11.5,8
"2636",4429,0,10,6,22
"2637",4433,0,22.5,11.5,44
"2638",4437,0,52,30,32
"2639",4445,0,37,21,28
"2640",4447,0,30,16,30
"2641",4451,0,35,20,34
"2642",4453,0,40.5,23.5,30
"2643",4455,0,37,22,36
"2644",4457,0,45,27,16
"2645",4459,0,18,10,50
"2646",4458,0.00012543296360761,57.5,32.5,54.0000020905494
"2647",4460,0.00012543296360761,64,37,26.0000020905494
"2648",4464,0.000812858312047152,30,17,10.0000135476385
"2649",4467,5.80439793280739e-05,11,6,36.0000009673997
"2650",4471,0.00238322548394569,45,27,10.0000397204247
"2651",4473,0.0186839938037579,10,5,22.0003113998967
"2652",4472,0.0186839938037579,25,14,30.0003113998967
"2653",4364,0.0214627295328681,32.5,17.5,18.0003577121589
"2654",4376,0.00118712351699368,20.5,11.5,18.0000197853919
"2655",4368,0.000656046036444453,18,9,60.0000109341006
"2656",4377,0.000656046036444453,70,40,14.0000109341006
"2657",4362,0.00141070024168031,17.5,10.5,42.0000235116707
"2658",4358,0.00317825196740171,51,30,28.0000529708661
"2659",4363,0.00317825196740171,30.5,16.5,24.0000529708661
"2660",4340,0.00506294149422244,27,15,46.0000843823582
"2661",4338,0.0424421812887261,53.5,30.5,16.0007073696881
"2662",4366,0.00861482880107512,16.5,8.5,44.00014358048
"2663",4382,0.00201739025029306,51.5,29.5,16.0000336231708
"2664",4391,0.000482252268382544,17.5,9.5,24.0000080375378
"2665",4390,0.00173135609229364,27,15,38.0000288559349
"2666",4394,0.000986750521122617,43,24,48.000016445842
"2667",4405,0.000627179698915216,55.5,31.5,20.000010452995
"2668",4404,0,20.5,10.5,56
"2669",4403,0,65,37,34
"2670",4402,0,40.5,23.5,32
"2671",4401,0,37.5,21.5,20
"2672",4400,0,20.5,10.5,10
"2673",4395,0.000627179698915216,11,6,46.000010452995
"2674",4397,0,54.5,31.5,20
"2675",4407,0.00183873182998308,21.5,11.5,42.0000306455305
"2676",4398,0.00183873182998308,48.5,27.5,30.0000306455305
"2677",4375,0.00309132918548948,34.5,19.5,18.0000515221531
"2678",4374,0,20.5,11.5,48
"2679",4373,0,56,32,6
"2680",4372,0,7.5,4.5,6
"2681",4371,0,6,3,54
"2682",4365,0.00118712351699368,63.5,36.5,40.0000197853919
"2683",4392,0.0026496831408543,46,26,58.0000441613857
"2684",4419,0.00263101845690683,67.5,38.5,46.0000438503076
"2685",4393,0.00325200702059561,53,30,42.000054200117
"2686",4396,5.80441481710158e-05,48.5,27.5,24.0000009674025
"2687",4422,0.00197133511511806,26.5,14.5,20.0000328555853
"2688",4428,0.000229839874518543,24.5,14.5,32.0000038306646
"2689",4426,0.000111194924254931,39.5,23.5,22.0000018532487
"2690",4425,0,25,14,34
"2691",4424,0,39.5,22.5,36
"2692",4432,0.0002066068596717,42.5,24.5,36.0000034434477
"2693",4431,0,41.5,23.5,12
"2694",4430,0,13,7,44
"2695",4446,0.000376298931635004,52.5,30.5,28.0000062716489
"2696",4443,0,31,17,36
"2697",4441,0,41.5,23.5,22
"2698",4450,5.80441200305383e-05,26,15,28.000000967402
"2699",4449,0,30.5,16.5,20
"2700",4448,0,22,12,40
"2701",4442,5.80441200305383e-05,45,25,8.000000967402
"2702",4444,0.000111194927084224,9.5,5.5,52.0000018532488
"2703",4440,0,61.5,35.5,20
"2704",4439,0,25,15,24
"2705",4438,0,25.5,13.5,28
"2706",4452,5.80441183752159e-05,31,17,12.000000967402
"2707",4436,0.000116088237119657,12.5,6.5,32.000001934804
"2708",4435,0,35.5,19.5,36
"2709",4434,0,44.5,26.5,16
"2710",4454,0.00020660684445275,16,8,34.0000034434474
"2711",4456,0.000125432975097617,40.5,23.5,46.0000020905496
"2712",4416,0.00181819148909464,54,31,18.0000303031915
"2713",4418,0,22.5,13.5,30
"2714",4420,0.000627237465246286,34,19,38.0000104539578
"2715",4417,0.00834688812850958,44,25,34.0001391148021
"2716",4344,0.00979148837067696,40,23,20.0001631914728
"2717",4336,0.0107790870199249,21,11,26.0001796514503
"2718",4350,0.017730028079761,30,17,50.000295500468
"2719",4389,0.0133757566701122,58.5,33.5,14.0002229292778
"2720",4339,0.00944488018999345,14.5,7.5,34.0001574146698
"2721",4492,0.0258045921844215,42,25,20.0004300765364
"2722",4571,0.016269977186127,25,15,34.0002711662864
"2723",4603,0.00384268183582336,40.5,23.5,36.0000640446973
"2724",4600,0,42,24,32
"2725",4602,0,37.5,21.5,40
"2726",4601,0,49,29,42
"2727",4606,0.00012543738877094,51.5,30.5,28.0000020906231
"2728",4599,0.000250868172210832,32,18,24.0000041811362
"2729",4607,0.000338597407423197,27,15,38.0000056432901
"2730",4609,0,46.5,27.5,12
"2731",4615,0,12.5,6.5,42
"2732",4614,0,50.5,29.5,46
"2733",4613,0,54.5,31.5,24
"2734",4612,0,27.5,15.5,36
"2735",4611,0,40,22,20
"2736",4610,0,21.5,11.5,40
"2737",4624,0.00171671921529432,50,30,30.0000286119869
"2738",4623,0.000116093030526961,34,19,28.0000019348838
"2739",4647,0.00359139352088189,30,16,44.0000598565587
"2740",4705,0.0180753485435011,53,31,46.0003012558091
"2741",4771,0.0204841477078559,56,33,36.0003414024618
"2742",4717,0.0130751712829094,41,23,44.0002179195214
"2743",4649,0.00580923133708698,52,30,34.0000968205223
"2744",4651,0,39,22,28
"2745",4653,0,31.5,17.5,6
"2746",4671,5.80764533784622e-05,7.5,4.5,22.0000009679409
"2747",4689,0,26.5,15.5,20
"2748",4686,0,21.5,11.5,48
"2749",4688,0,55.5,31.5,36
"2750",4687,0,42,24,24
"2751",4682,0,27,15,34
"2752",4690,0,41.5,24.5,40
"2753",4693,0,45.5,25.5,16
"2754",4698,0,18.5,10.5,14
"2755",4712,0.00591698319205107,14.5,7.5,10.0000986163865
"2756",4710,0.000977958838167551,11.5,6.5,42.000016299314
"2757",4713,0.000206607129061,48.5,27.5,24.0000034434522
"2758",4715,0,27,15,18
"2759",4625,0.0227222188125997,21.5,12.5,24.0003787036469
"2760",4782,0.026550124981206,28.5,16.5,28.000442502083
"2761",4795,0.00165843465602563,33,19,30.0000276405776
"2762",4797,0,37,22,46
"2763",4874,0.0170481367811513,55,32,10.000284135613
"2764",5259,0.218280597621512,11,6,42.0036380099604
"2765",5262,0.00168400832712692,52,31,16.0000280668055
"2766",5264,0,17.5,9.5,46
"2767",5269,0.00853435645509937,53.5,30.5,34.0001422392743
"2768",5254,0.0199815469563707,41,24,40.0003330257826
"2769",5258,0.00068622237081326,48.5,28.5,46.0000114370395
"2770",5675,0.137623857616345,55,32,50.0022937309603
"2771",5677,0.011174088329319,58.5,33.5,22.0001862348055
"2772",5679,0.00270794434411549,22.5,11.5,26.0000451324057
"2773",5678,0.00511666131962736,30.5,17.5,42.0000852776887
"2774",5680,0.00241015570209387,50,29,12.0000401692617
"2775",5683,0.0401687598128467,15,9,26.0006694793302
"2776",5691,0.060623822173464,29,16,10.0010103970362
"2777",5693,0,12.5,7.5,32
"2778",5695,0.000338600614630019,38,22,40.0000056433436
"2779",5697,0.00035322100776903,46,26,46.0000058870168
"2780",5703,0.0242382912251463,54,31,18.0004039715204
"2781",5702,0.000365754376046478,19,10,12.0000060959063
"2782",5704,0.000116150944317573,13.5,7.5,30.0000019358491
"2783",5706,0.000206667092460875,36,21,52.0000034444515
"2784",5708,0,62,36,22
"2785",5713,5.80679412291413e-05,22.5,11.5,44.000000967799
"2786",5715,0,51.5,29.5,54
"2787",5718,0,63.5,36.5,14
"2788",5721,5.80679432535857e-05,17.5,10.5,42.0000009677991
"2789",5725,5.806793994345e-05,47.5,26.5,6.000000967799
"2790",5727,0,7,4,20
"2791",5729,0.000111194927084224,20,10,52.0000018532488
"2792",5809,0.0181492297541473,60,34,42.0003024871626
"2793",5815,0,51.5,30.5,16
"2794",5699,0.0662447928267002,16.5,8.5,20.0011040798804
"2795",5698,0.0252630134211385,24,14,44.0004210502237
"2796",5696,0.00430796710076052,50,28,20.0000717994517
"2797",5694,0.000919380803776979,25,15,48.0000153230134
"2798",5690,0.0119903312222969,57,33,56.0001998388537
"2799",5701,0.024237830255881,65.5,37.5,12.0004039638376
"2800",5700,0.00171842828646925,12.5,6.5,44.0000286404714
"2801",5730,0.0194698172853336,54,32,32.0003244969548
"2802",5684,0.106628877128049,35.5,19.5,14.0017771479521
"2803",5688,0.000558998552679803,15.5,8.5,12.0000093166425
"2804",5687,0.000772520071681355,14.5,8.5,32.0000128753345
"2805",5686,0,36,20,28
"2806",5685,0.000558998552679803,31.5,17.5,22.0000093166425
"2807",5689,0.000772520071681355,22.5,11.5,24.0000128753345
"2808",5682,0.02798361302018,28.5,16.5,20.0004663935503
"2809",5681,0.0401687598128467,21,11,22.0006694793302
"2810",5676,0.0605578629773535,26.5,15.5,32.0010092977163
"2811",5670,0.0305298386255746,38,22,36.0005088306438
"2812",5650,0.00471029363764879,40.5,22.5,18.000078504894
"2813",5669,0,18,9,22
"2814",5668,0,26.5,15.5,8
"2815",5667,0,8,4,24
"2816",5666,0,26,14,48
"2817",5665,0,57,33,20
"2818",5664,0,25,15,12
"2819",5663,0,13.5,7.5,40
"2820",5662,0,49,29,22
"2821",5661,0,23,12,46
"2822",5660,0,54,31,22
"2823",5659,0,26.5,15.5,46
"2824",5658,0,53.5,30.5,28
"2825",5657,0,33,19,30
"2826",5656,0,36.5,21.5,20
"2827",5655,0,22.5,12.5,44
"2828",5654,0,50,28,12
"2829",5653,0,13.5,7.5,56
"2830",5652,0,65.5,37.5,32
"2831",5651,0,38.5,22.5,42
"2832",5624,0.0381336848898256,50,29,30.0006355614148
"2833",5612,0.00853095342006585,36,21,24.000142182557
"2834",5605,0.00192207857133037,29,17,42.0000320346429
"2835",5625,0.0195671050335363,51.5,30.5,34.0003261184172
"2836",5614,0.00633826597744874,37.5,20.5,30.0001056377663
"2837",5594,0.0054222774082563,34.5,19.5,52.0000903712901
"2838",5596,0.000555974632591827,60.5,34.5,54.0000092662439
"2839",5592,0.000955301898076616,63.5,36.5,32.0000159216983
"2840",5590,0.00418462588465212,35,19,28.0000697437647
"2841",5589,0.00139358369051921,35,21,20.0000232263948
"2842",5593,0.00418462588465212,21.5,11.5,10.0000697437647
"2843",5615,0.0054222774082563,12,7,18.0000903712901
"2844",5604,0.00215991905565261,19.5,10.5,46.0000359986509
"2845",5613,0.00192207857133037,54,31,32.0000320346429
"2846",5626,0.00633826597744874,35.5,19.5,28.0001056377663
"2847",5623,0.000580659656195928,35,21,8.00000967766094
"2848",5583,0.0130734094461789,8.5,4.5,18.0002178901574
"2849",5588,0.000686245863241532,20.5,11.5,24.0000114374311
"2850",5584,0.000686245863241532,28.5,16.5,24.0000114374311
"2851",5587,0.00601154096043221,26.5,14.5,12.0001001923493
"2852",5591,0.00139358369051921,13,7,12.0000232263948
"2853",5597,0.000955301898076616,13.5,7.5,18.0000159216983
"2854",5599,0.00055899862039214,22,13,14.0000093166437
"2855",5603,0.0018129102125532,16,9,40.0000302151702
"2856",5602,0.00105966447526376,48,28,26.0000176610746
"2857",5600,0.0018129102125532,31.5,18.5,48.0000302151702
"2858",5598,0.00187505309888784,57.5,33.5,40.000031250885
"2859",5595,0.00154505484919686,48.5,28.5,46.0000257509142
"2860",5586,0.00230784142608723,53,30,36.0000384640238
"2861",5601,0.00489918896687949,44,26,50.0000816531495
"2862",5611,0.00265063435550545,59.5,34.5,32.0000441772393
"2863",5606,0.0113954621658286,36,20,48.0001899243694
"2864",5610,0,56,32,20
"2865",5609,0.000482346882376034,24.5,14.5,44.0000080391147
"2866",5608,0,52,30,30
"2867",5607,0,35.5,20.5,50
"2868",5617,0.0024330249159853,57.5,32.5,34.0000405504153
"2869",5643,0.0222679514586027,42,25,56.0003711325243
"2870",5645,0.00211686753596616,66,38,30.0000352811256
"2871",5648,0.0017736673577519,37,22,44.0000295611226
"2872",5672,0.0074176641106289,51.5,29.5,34.0001236277352
"2873",5671,0.00591046158381337,39.5,22.5,24.0000985076931
"2874",5673,0.00357006265285342,26.5,14.5,36.0000595010442
"2875",5447,0.0938930230393864,40,22,12.0015648837173
"2876",5225,0.0553681076440865,12,6,34.0009228017941
"2877",5221,0.00975442393627858,39,22,38.0001625737323
"2878",5224,0.00102999352420699,46.5,27.5,42.0000171665587
"2879",5219,0.0227847033460448,48,27,22.0003797450558
"2880",5197,0.0181913568828635,26,15,46.0003031892814
"2881",5200,0.00178604643387059,56,33,16.0000297674406
"2882",5203,0.00357204480121528,19,11,54.00005953408
"2883",5208,0.00257782947190138,63,36,20.0000429638245
"2884",5215,0.00171765045961165,21,11,48.0000286275077
"2885",5202,0.0180072588295438,56.5,32.5,28.0003001209805
"2886",5201,0.00357204480121528,33.5,19.5,56.00005953408
"2887",5216,0.0180072588295438,66,38,32.0003001209805
"2888",5211,0.0108937776197212,39.5,23.5,22.0001815629603
"2889",5214,0,23.5,12.5,4
"2890",5213,0,4,2,40
"2891",5212,0,45,25,30
"2892",5209,0.00171765045961165,35,20,52.0000286275077
"2893",5122,0.0224586652003401,61,35,48.0003743110867
"2894",5185,0.0103189601713924,55.5,31.5,26.0001719826695
"2895",5193,0.00256463229692465,31.5,18.5,26.0000427438716
"2896",5199,0.00133934752903663,31,18,10.0000223224588
"2897",5198,0.00178604643387059,12,7,40.0000297674406
"2898",5194,0.00133934752903663,50,30,34.0000223224588
"2899",5220,0.0185538159282275,41.5,24.5,44.0003092302655
"2900",5226,0.00975442393627858,51.5,29.5,34.0001625737323
"2901",5237,0.0106479328840389,42,25,24.0001774655481
"2902",5241,0,26,14,6
"2903",5244,0,6,3,38
"2904",5255,0.00320117542075875,47.5,28.5,16.0000533529237
"2905",5257,0,19,11,40
"2906",5245,0.00377542074727861,49.5,29.5,28.0000629236791
"2907",5250,0.0202475525107076,32,18,42.0003374592085
"2908",5295,0.0413994823651768,51.5,30.5,32.0006899913728
"2909",5298,0,35.5,19.5,34
"2910",5310,0.000229845654436424,41,24,20.0000038307609
"2911",5297,0.000477671935511173,21,11,46.0000079611989
"2912",5296,0,56,33,50
"2913",5283,0.000353219348235126,59,34,38.0000058869891
"2914",5286,0,47.5,28.5,12
"2915",5311,0.000797616933615578,14.5,8.5,42.0000132936156
"2916",5313,0,50,29,44
"2917",5272,0.00642747893871011,50,28,10.000107124649
"2918",5268,0.00321902527684655,11,6,16.0000536504213
"2919",5271,0.000778330719194493,19.5,11.5,56.0000129721787
"2920",5314,0.00642747893871011,65,37,32.000107124649
"2921",5300,0.000206653780589533,36.5,20.5,30.0000034442297
"2922",5306,0,35.5,20.5,38
"2923",5317,0.000365703617685217,46.5,27.5,12.0000060950603
"2924",5322,0.00016077750512882,14.5,8.5,50.0000026796251
"2925",5321,0.000125443564976166,59.5,34.5,30.0000020907261
"2926",5318,0.00016077750512882,33,18,16.0000026796251
"2927",5307,0.000514994062426064,18,10,44.0000085832344
"2928",5309,0,50,28,16
"2929",5299,0.000229845654436424,16,8,18.0000038307609
"2930",5315,0.000206653780589533,20.5,11.5,36.0000034442297
"2931",5285,0.000365691166425324,41.5,23.5,10.0000060948528
"2932",5284,0,12,7,22
"2933",5316,0.000365691166425324,25.5,14.5,58.0000060948528
"2934",5319,0.000174188065341654,68,39,34.0000029031344
"2935",5328,0.000365691289412208,39,22,18.0000060948548
"2936",5330,0.000250883116457868,20.5,11.5,34.0000041813853
"2937",5337,0.000257496955793205,38.5,21.5,30.0000042916159
"2938",5336,0.000376324680137421,35,20,20.000006272078
"2939",5335,0,25,15,18
"2940",5331,0.000257496955793205,20,11,42.0000042916159
"2941",5334,0.000206653770696562,49.5,28.5,18.0000034442295
"2942",5338,0.000376324680137421,20.5,11.5,36.000006272078
"2943",5356,0.0108828294496601,44.5,26.5,8.00018138049083
"2944",5359,0.000696803860795588,8.5,4.5,22.0000116133977
"2945",5364,0.00383898619469982,23,12,34.0000639831032
"2946",5378,0.0082312747415664,41,24,58.0001371879124
"2947",5373,0.000413305863397971,67.5,38.5,26.0000068884311
"2948",5375,0,30,17,28
"2949",5377,0,33.5,19.5,44
"2950",5381,0.000376324184085111,54,32,34.0000062720697
"2951",5380,0.000413305678933277,40.5,23.5,26.000006888428
"2952",5382,0.000413305678933277,31.5,18.5,32.000006888428
"2953",5387,0.00446632847352136,37.5,21.5,40.0000744388079
"2954",5389,0.00035321910265685,45,25,42.000005886985
"2955",5397,0.000365689160791252,48,27,30.0000060948193
"2956",5400,0,37.5,22.5,36
"2957",5403,0.000160776974515493,44,26,20.0000026796162
"2958",5405,0,23.5,13.5,34
"2959",5414,0,39,22,36
"2960",5416,0,40.5,22.5,52
"2961",5401,0.000531140051553712,60.5,34.5,32.0000088523342
"2962",5399,0.000160776978863162,35.5,19.5,28.0000026796163
"2963",5398,0,30.5,16.5,42
"2964",5402,0.000160776978863162,49.5,28.5,20.0000026796163
"2965",5394,0.000406436131082733,22.5,12.5,52.0000067739355
"2966",5393,0.000229844468874826,60,34,36.0000038307412
"2967",5392,0,40.5,22.5,32
"2968",5391,0,37.5,21.5,22
"2969",5395,0.000229844468874826,24.5,13.5,4.00000383074115
"2970",5413,0.00159523329577152,4,2,32.0000265872216
"2971",5412,0,39,23,58
"2972",5411,0,67.5,38.5,24
"2973",5410,0,28.5,16.5,48
"2974",5409,0,56,32,32
"2975",5408,0,39,23,22
"2976",5407,0,26.5,15.5,48
"2977",5406,0,55.5,31.5,46
"2978",5404,0.000444779705507603,56,33,28.0000074129951
"2979",5390,0.000464498289766318,34.5,20.5,14.0000077416382
"2980",5385,0.000567914569202987,15.5,8.5,26.0000094652428
"2981",5417,0.00137244099827057,31.5,18.5,20.0000228740166
"2982",5362,0.0254483588581657,25,15,44.0004241393143
"2983",5457,0.0221310450888461,53,31,0.000368850751480768
"2984",5460,0.0129134110556519,0,0,28.0002152235176
"2985",5462,0,33,19,38
"2986",5466,0.0257756656238593,46.5,27.5,48.0004295944271
"2987",5512,0.00233188404143876,57,33,34.000038864734
"2988",5515,0.000406473830934765,38,21,42.0000067745639
"2989",5523,0.00134397798525608,50.5,29.5,40.0000223996331
"2990",5519,0.000534308228883505,49.5,29.5,58.0000089051372
"2991",5517,0.000688715490116538,67.5,38.5,30.0000114785915
"2992",5520,0.00070644533445175,37,22,42.0000117740889
"2993",5529,0.00129800797999491,48.5,27.5,36.0000216334663
"2994",5531,0.000421409950778471,42,24,44.0000070234992
"2995",5528,0.00170556565319243,50.5,28.5,42.0000284260942
"2996",5525,0.00037633185348335,51,30,20.0000062721976
"2997",5522,0.00121204260977403,20.5,10.5,28.0000202007102
"2998",5527,0.00112549441628343,32.5,18.5,22.0000187582403
"2999",5521,0.00156642159911781,25,14,14.0000261070267
"3000",5526,0.00121204260977403,17.5,10.5,22.0000202007102
"3001",5532,0.00170556565319243,26,15,40.0000284260942
"3002",5530,0.0119441713108333,46,26,42.0001990695218
"3003",5481,0.00607993677252317,51.5,30.5,22.0001013322795
"3004",5483,0,27.5,16.5,8
"3005",5534,0.0144312704913029,8,4,60.0002405211749
"3006",5538,0.0037958160417343,70,40,24.0000632636007
"3007",5541,0,28.5,16.5,36
"3008",5543,0.000116132864338587,41,23,14.0000019355477
"3009",5546,0,15.5,8.5,20
"3010",5545,0.000724498914315083,24.5,14.5,18.0000120749819
"3011",5544,0,22.5,13.5,42
"3012",5547,0.000724498914315083,49.5,28.5,14.0000120749819
"3013",5550,0,17.5,10.5,50
"3014",5555,0.000582626116341227,58.5,33.5,44.0000097104353
"3015",5557,0,50.5,28.5,8
"3016",5566,0.000501773336301933,10,6,34.0000083628889
"3017",5551,0.000820499581578627,37.5,20.5,38.000013674993
"3018",5553,0,44.5,25.5,10
"3019",5567,0.000923629929225844,12,7,34.0000153938322
"3020",5569,0,40,23,34
"3021",5578,0.00240395198879597,38,21,42.0000400658665
"3022",5580,0,49,28,28
"3023",5582,0.0026360362850555,31,17,52.0000439339381
"3024",5581,0.0058681268977223,61.5,35.5,26.000097802115
"3025",5570,0.00574273864964612,30.5,17.5,20.0000957123108
"3026",5576,0.000206663355011185,20.5,10.5,6.00000344438925
"3027",5579,0.00082665335992854,7,4,34.000013777556
"3028",5577,0.00082665335992854,41,24,42.000013777556
"3029",5536,0.00777234439424306,48.5,27.5,6.00012953907324
"3030",5484,0.015422586650483,7,4,50.0002570431108
"3031",5486,0,60,35,10
"3032",5488,0.000125443367872869,10.5,5.5,8.0000020907228
"3033",5491,0.000125443294325162,9,5,12.0000020907216
"3034",5489,0.000677201635468046,13.5,7.5,42.0000112866939
"3035",5011,0.129002764859869,49,28,48.002150046081
"3036",5016,0.0024060010218639,55.5,31.5,34.000040100017
"3037",5015,0.000787031954425363,37.5,20.5,6.00001311719924
"3038",5012,0.0024060010218639,6.5,3.5,60.000040100017
"3039",5023,0.00331697863498889,70,40,54.0000552829773
"3040",5022,0.000365642535003962,64,37,18.0000060940422
"3041",5013,0.00331697863498889,18.5,9.5,16.0000552829773
"3042",4985,0.0142761413031383,16.5,8.5,42.0002379356884
"3043",4999,0.00670686688932092,49,28,48.0001117811148
"3044",4946,0.0140129419261613,57.5,33.5,38.0002335490321
"3045",4955,0,43.5,24.5,36
"3046",4957,0,44,26,20
"3047",4960,0,24,14,8
"3048",4780,0.0298261900699833,9.5,5.5,52.0004971031678
"3049",4787,0.00414728179718063,61,35,40.0000691213633
"3050",4791,0,49.5,29.5,20
"3051",4626,0.0273689911938362,24,14,34.0004561498532
"3052",4631,0.00355174779409642,40.5,23.5,16.0000591957966
"3053",4636,0.000174227404318046,16.5,8.5,34.0000029037901
"3054",4635,0.000111194927084224,40,23,38.0000018532488
"3055",4637,0.000111194927084224,47,28,20.0000018532488
"3056",4644,0,22.5,12.5,36
"3057",4643,0.0199042305469509,44,26,50.0003317371758
"3058",4642,0,58.5,33.5,32
"3059",4641,0,36,20,44
"3060",4640,0,53.5,31.5,50
"3061",4639,0,57.5,32.5,14
"3062",4638,0,14,7,4
"3063",4645,0.0199042305469509,4.5,2.5,44.0003317371758
"3064",4735,0.0102445173152012,52.5,30.5,16.0001707419553
"3065",4582,0.0147198766636815,17,9,52.0002453312777
"3066",4574,0.000621639375757661,60.5,34.5,16.0000103606563
"3067",4573,0,16,8,32
"3068",4583,0.000621639375757661,36.5,20.5,46.0000103606563
"3069",4591,0,54,31,50
"3070",4605,0.0162519911871904,58.5,33.5,14.0002708665198
"3071",4617,0.000282469977983808,15,8,30.000004707833
"3072",4595,0.000781189039708726,33,18,18.0000130198173
"3073",4597,0,18.5,9.5,14
"3074",4596,0,14.5,7.5,48
"3075",4529,0.0140015354334646,56,32,32.0002333589239
"3076",4536,0.004959620317112,36,20,20.0000826603386
"3077",4499,0.00417973227045815,24,14,46.0000696622045
"3078",4539,0.00444683864525958,52.5,29.5,22.0000741139774
"3079",4543,0.00100243653334502,22.5,11.5,24.0000167072756
"3080",4535,0.00728710852438551,26,14,32.0001214518087
"3081",4500,0.00401616220685247,39.5,23.5,12.0000669360368
"3082",4503,0,13.5,7.5,12
"3083",4525,0.0105870304599672,14.5,8.5,28.0001764505077
"3084",4504,0.00191015736165936,31,17,34.000031835956
"3085",4512,0.000669690515318006,41.5,24.5,28.0000111615086
"3086",4511,0.000229842141731251,31,17,38.0000038307024
"3087",4510,0,44,25,42
"3088",4509,0,47.5,26.5,20
"3089",4508,0,25,15,14
"3090",4507,0,14,7,36
"3091",4506,0,42.5,24.5,26
"3092",4513,0.000229842141731251,29.5,16.5,34.0000038307024
"3093",4515,0,38.5,21.5,28
"3094",4502,0.00134387080773461,33,19,22.0000223978468
"3095",4501,0,24,13,42
"3096",4505,0.000878059992722652,50.5,29.5,38.0000146343332
"3097",4516,0.0012571140748144,43.5,24.5,48.0000209519012
"3098",4514,0.00778559303467092,55.5,31.5,28.0001297598839
"3099",4568,0.0149644621309883,30.5,16.5,18.0002494077022
"3100",4494,0.0194339467936908,21,12,34.0003238991132
"3101",4484,0.00921089861012739,42,25,18.0001535149768
"3102",4482,0.00646105979234404,19,10,46.0001076843299
"3103",4594,0.0242167029980716,53.5,30.5,48.0004036117166
"3104",4608,0.000482293402622267,56.5,32.5,38.0000080382234
"3105",4622,0.000688657251388669,42.5,23.5,44.0000114776209
"3106",4716,0.0227622211705826,52,30,42.0003793703528
"3107",4772,0.0130751712829094,49,28,38.0002179195214
"3108",4851,0.0158468332279764,46,27,30.0002641138871
"3109",4871,0.0103218212026821,36,21,30.0001720303534
"3110",4928,0.00974226798475674,36.5,21.5,46.0001623711331
"3111",4930,0,53,30,20
"3112",4932,0.000125434779819823,21.5,11.5,46.0000020905797
"3113",5124,0.049773473325387,55,32,36.0008295578888
"3114",5207,0.0189416793773776,40,22,54.0003156946563
"3115",5204,0.00257782947190138,63,36,46.0000429638245
"3116",5206,0,53.5,30.5,48
"3117",5205,0,55,31,52
"3118",5125,0.0189416793773776,60,34,24.0003156946563
"3119",5139,0.00498045899059545,27.5,15.5,24.0000830076498
"3120",5142,0,29.5,17.5,60
"3121",5144,0.000365705458891543,70,40,42.000006095091
"3122",5147,0.000125441775333489,50,29,52.0000020906963
"3123",5160,0.00124348649186187,60,34,32.0000207247749
"3124",5175,0.00640865931058033,38.5,22.5,18.0001068109885
"3125",5177,0.00133560172459648,19.5,10.5,42.0000222600287
"3126",5188,0.00288167477191784,50.5,29.5,14.0000480279129
"3127",5187,0.00316035232453745,14.5,7.5,18.0000526725387
"3128",5178,0.00288167477191784,22.5,13.5,22.0000480279129
"3129",5066,0.0255374138783917,25,14,18.0004256235646
"3130",5112,0.00643559706728724,19,10,28.0001072599511
"3131",5108,0.00276268463955234,34.5,20.5,56.000046044744
"3132",5107,0.000558996831421835,65.5,37.5,50.0000093166139
"3133",5105,0.000677194991119127,59.5,34.5,26.0000112865832
"3134",5102,0.00047751718323048,29,16,30.0000079586197
"3135",5104,0,36,21,28
"3136",5103,0,31,17,18
"3137",5110,0.000477654797787092,19.5,10.5,20.0000079609133
"3138",5251,0.0485637990513769,20.5,10.5,48.0008093966509
"3139",5249,0.0011662813707651,57,33,2.00001943802285
"3140",5282,0.011067708784906,2.5,1.5,24.0001844618131
"3141",5305,0.00101580053331407,26.5,14.5,10.0000169300089
"3142",5304,0,12,7,26
"3143",5303,0,30,17,54
"3144",5302,0,63,36,18
"3145",5301,0,18.5,9.5,38
"3146",5312,0.000376324684943689,42.5,23.5,54.0000062720781
"3147",5326,0.000621759242917895,63.5,36.5,34.000010362654
"3148",5329,0.000353219327557688,42.5,25.5,42.0000058869888
"3149",5325,0.000290313318224896,51,30,38.0000048385553
"3150",5320,0.000406471608012678,44,25,26.0000067745268
"3151",5323,0.000125443564976166,28,15,42.0000020907261
"3152",5287,0.000891387645640098,49.5,28.5,18.0000148564608
"3153",5277,0.0117727416965637,19,10,42.0001962123616
"3154",5280,0.00213255973619292,49,28,3.5542662269882e-05
"3155",5333,0.00168761002973929,0,0,28.0000281268338
"3156",5332,0.000206653770696562,35,21,20.0000034442295
"3157",5281,0.00168761002973929,22.5,12.5,26.0000281268338
"3158",5308,0.000257496891329685,28.5,15.5,20.0000042916149
"3159",5327,0.000937471425280927,23,13,22.0000156245238
"3160",5324,0.00389874624341302,27.5,16.5,38.0000649791041
"3161",5253,0.0145540803618982,42.5,23.5,42.000242568006
"3162",5261,0.00205900856747161,49.5,28.5,16.0000343168095
"3163",5263,0.00108010208241786,18.5,10.5,36.0000180017014
"3164",5260,0.00274400572779495,45,27,8.0000457334288
"3165",5270,0.0205975960572229,9.5,5.5,22.0003432932676
"3166",5265,0.00914623316776701,27.5,16.5,36.0001524372195
"3167",5288,0.0349376346031595,41.5,23.5,32.0005822939101
"3168",5294,0,37,21,8
"3169",5293,0,9.5,5.5,38
"3170",5292,0,45.5,26.5,30
"3171",5291,0,34.5,19.5,16
"3172",5290,0,20,12,42
"3173",5289,0,51,30,16
"3174",5121,0.0671823301856653,17,9,46.0011197055031
"3175",5210,0.0224586652003401,54.5,31.5,32.0003743110867
"3176",5217,0.0108937776197212,36,20,20.0001815629603
"3177",5256,0.019704072033287,24.5,14.5,28.0003284012006
"3178",5227,0.0192521214462234,31,17,44.0003208686908
"3179",5240,0.00203473527516302,54,32,12.0000339122546
"3180",5239,0,12,6,14
"3181",5238,0,16.5,9.5,42
"3182",5236,0.00114920477635805,48,27,22.0000191534129
"3183",5218,0.022898464201026,25.5,14.5,18.00038164107
"3184",5174,0.0248542403315389,18.5,9.5,18.0004142373389
"3185",5161,0.00640865931058033,18.5,9.5,48.0001068109885
"3186",5060,0.0271234576964656,57,33,46.0004520576283
"3187",5063,0.00100243807988079,54.5,31.5,20.0000167073013
"3188",5073,0.00610370913882272,23,13,52.0001017284856
"3189",5065,0.0110709571572093,60,34,52.0001845159526
"3190",5029,0.00725682886210309,60.5,34.5,38.0001209471477
"3191",5027,0.00113303953813303,43.5,24.5,26.0000188839923
"3192",5034,0.00180755889772705,32,19,26.0000301259816
"3193",5037,0.000477650375685407,32,19,58.0000079608396
"3194",5039,5.8065854543911e-05,67.5,38.5,20.0000009677642
"3195",5038,0.000116131709457185,20,10,36.0000019355285
"3196",5040,5.80658549132742e-05,44,26,46.0000009677643
"3197",5042,0,55.5,32.5,8
"3198",5119,0.0254375376473422,9,5,46.0004239589608
"3199",5233,0.13014763531697,52.5,29.5,36.0021691272553
"3200",5229,0.000686225569681989,45,27,30.0000114370928
"3201",5223,0.00329356014803633,33,18,18.0000548926691
"3202",5222,0.00102999352420699,18,9,36.0000171665587
"3203",5230,0.00329356014803633,43.5,25.5,40.0000548926691
"3204",5232,0,47,27,42
"3205",5231,0,50,29,32
"3206",4792,0.10097037583781,38.5,22.5,12.0016828395973
"3207",4783,0.000825277014773504,12,6,24.0000137546169
"3208",4786,0.000477650778685347,29,17,34.0000079608463
"3209",4781,0.00414728179718063,39.5,22.5,16.0000691213633
"3210",4861,0.0632553858095833,20,12,56.0010542564302
"3211",4860,0.00545022935812631,65,37,30.000090837156
"3212",4855,0.00346299802272282,34,19,14.0000577166337
"3213",4847,0.00466196484193503,17.5,10.5,24.000077699414
"3214",4862,0.0169482987052418,29,17,52.0002824716451
"3215",4869,0.00301626453964793,60.5,34.5,38.0000502710757
"3216",4868,0,43,24,18
"3217",4867,0,22,13,14
"3218",4866,0,14,7,42
"3219",4865,0,50,29,34
"3220",4864,0,42,25,52
"3221",4863,0.00301626453964793,61,35,38.0000502710757
"3222",4754,0.0340263167391767,47.5,28.5,22.000567105279
"3223",4749,0.0163611149180678,24,13,22.0002726852486
"3224",4592,0.0165088742601504,27,16,38.0002751479043
"3225",4681,0.0106919493383808,46.5,27.5,46.0001781991556
"3226",4680,0,54,31,36
"3227",4704,0.00205895596337185,42.5,24.5,24.0000343159327
"3228",4703,0,25.5,13.5,16
"3229",4702,0,17.5,9.5,32
"3230",4593,0.0125082396162251,39,23,34.0002084706603
"3231",4714,0.0139635157689924,40,23,60.0002327252628
"3232",4724,0.00252826306699215,70,40,28.0000421377178
"3233",4723,0,33.5,19.5,4
"3234",4731,0.00189783770380542,5,3,32.0000316306284
"3235",4954,0.074416709428232,38,22,4.00124027849047
"3236",4953,0,4,2,56
"3237",4952,0,65,37,36
"3238",4951,0,45,27,46
"3239",4950,0,54,31,46
"3240",4949,0,54,31,40
"3241",4948,0,48,28,44
"3242",4947,0,54,32,38
"3243",5002,0.0418907126759119,47,28,26.0006981785446
"3244",5004,0.0019952263956462,28.5,15.5,22.0000332537733
"3245",5009,0.00732181469117069,27,16,42.0001220302449
"3246",5008,0.000406472676445147,49,28,36.0000067745446
"3247",5005,0.00732181469117069,45,27,40.0001220302449
"3248",5028,0.00747829243034476,49.5,29.5,42.0001246382072
"3249",5007,0.0133418025164727,51,30,18.0002223633753
"3250",5010,0.000406472676445147,18,9,50.0000067745446
"3251",5490,0.129002764859869,57.5,32.5,32.002150046081
"3252",5492,0.000558998661506543,39.5,23.5,58.0000093166444
"3253",5494,0,67.5,38.5,26
"3254",5496,0,29,16,22
"3255",5498,0,24,13,20
"3256",5501,0,23.5,13.5,60
"3257",5503,0,70,40,46
"3258",5509,0.000125443363485696,56,33,6.00000209072272
"3259",5516,0.0020149049809318,6,3,34.0000335817497
"3260",5518,0.00020666655256103,42,25,40.0000034444425
"3261",5524,0.000534308228883505,45.5,25.5,38.0000089051372
"3262",5510,0.00593973208220883,46,27,30.0000989955347
"3263",5476,0.00132032352435973,37,22,24.0000220053921
"3264",5478,0,26,14,44
"3265",5480,0,54,32,24
"3266",5505,0.0064933342715066,28.5,16.5,28.0001082222379
"3267",5507,0,35,21,16
"3268",5502,0.000116133125841744,19.5,11.5,4.0000019355521
"3269",5508,0.000116133125841744,4.5,2.5,26.0000019355521
"3270",5504,0.000125443363485696,27.5,14.5,46.0000020907227
"3271",5514,0.00184333187161834,56,33,36.0000307221979
"3272",5513,0.000406473830934765,44.5,26.5,24.0000067745639
"3273",5511,0.00438339052044049,25.5,13.5,46.0000730565087
"3274",5467,0.00233188404143876,52.5,29.5,26.000038864734
"3275",5471,5.80665943674377e-05,28.5,15.5,18.0000009677766
"3276",5475,0,20,11,14
"3277",5533,0.0289518305817549,15.5,8.5,6.0004825305097
"3278",5537,0.0117389694965726,7,4,28.0001956494916
"3279",5535,0.0037958160417343,33.5,19.5,36.0000632636007
"3280",5616,0.0267916694353053,42,24,22.0004465278239
"3281",5621,0.00144117957723793,22.5,11.5,22.0000240196596
"3282",5627,0.000580659656195928,25.5,14.5,46.0000096776609
"3283",5630,0.00112900112236453,56,33,12.0000188166854
"3284",5629,0.00181382891264826,12.5,6.5,42.0000302304819
"3285",5628,0.00112900112236453,49,28,22.0000188166854
"3286",5631,0.00181382891264826,23,12,40.0000302304819
"3287",5633,0.00116668077404634,50,30,32.0000194446796
"3288",5632,0.00260637875807437,39.5,23.5,18.000043439646
"3289",5634,0.00149290909363025,18,9,26.0000248818182
"3290",5360,0.14920036462145,29,16,6.00248667274369
"3291",5340,0.00999325086023678,7,4,34.000166554181
"3292",5343,0,41,24,36
"3293",5348,0,45,27,10
"3294",5365,0.0152495212563918,11,6,28.0002541586876
"3295",5384,0.012375958125714,30.5,16.5,20.0002062659688
"3296",5388,0.000919377863670705,21,11,32.0000153229644
"3297",5415,0.000648292656838688,37.5,21.5,16.0000108048776
"3298",5419,0.000477622394482112,19.5,11.5,52.0000079603732
"3299",5423,0.000564971942450158,61,35,32.000009416199
"3300",5425,0.000125441375985018,39,23,16.0000020906896
"3301",5422,0.000812941530554786,18,10,18.0000135490255
"3302",5426,0.000348373787024794,22,13,40.0000058062298
"3303",5428,0.000338600096706862,48,28,26.0000056433349
"3304",5424,0.000602510680256257,31,18,56.0000100418447
"3305",5421,0.000564971859175947,66,38,38.0000094161977
"3306",5420,0.00113594491595884,43.5,24.5,44.0000189324153
"3307",5429,0.00121941216659115,52,30,10.0000203235361
"3308",5431,0.000955342891612133,11,6,44.0000159223815
"3309",5440,0.00401345107511984,53.5,31.5,20.0000668908513
"3310",5442,0,24.5,14.5,54
"3311",5446,0,62.5,35.5,14
"3312",5445,0,16,9,24
"3313",5444,0,25.5,13.5,28
"3314",5443,0,31,17,4
"3315",5437,0.00353960595412129,5,3,8.00005899343257
"3316",5433,0.00249000201842518,10,6,34.0000415000336
"3317",5441,0.00122852484759789,42.5,25.5,36.0000204754141
"3318",5434,0.00122852484759789,43.5,25.5,20.0000204754141
"3319",5436,0,23,13,18
"3320",5435,0,21.5,12.5,32
"3321",5427,0.00439649007946658,37.5,21.5,34.0000732748347
"3322",5430,0.00193351389752501,40.5,23.5,38.0000322252316
"3323",5396,0.0024386147720274,44,25,22.0000406435795
"3324",5386,0.00082523724095,23.5,12.5,24.000013753954
"3325",5432,0.00339985741867098,29,17,30.0000566642903
"3326",5438,0.00249000201842518,34.5,19.5,22.0000415000336
"3327",5449,0.00600686469957408,22.5,11.5,28.0001001144117
"3328",5451,0.00022984523482638,34.5,20.5,36.0000038307539
"3329",5450,0.000619981677728495,43,25,22.000010333028
"3330",5452,0.000477646140484076,24,13,56.000007960769
"3331",5076,0.0981404217864255,65.5,37.5,34.0016356736964
"3332",5079,0.00112550384914805,42,25,28.0000187583975
"3333",5097,0.00219099554589977,32.5,18.5,22.0000365165924
"3334",5100,0,24,13,34
"3335",5080,0.00396430562238246,39.5,22.5,36.0000660717604
"3336",5082,0,44,26,0
"3337",5084,0,0,0,34
"3338",5088,0,40.5,23.5,32
"3339",5096,0.000955314942666518,35.5,19.5,52.0000159219157
"3340",5101,0.00178762100825361,60.5,34.5,54.0000297936835
"3341",5095,0.000406341505305841,63,36,10.0000067723584
"3342",5089,0.000955314942666518,12,7,4.00001592191571
"3343",5091,0,5,3,20
"3344",5087,0.00478701649050996,23,13,40.0000797836082
"3345",5086,0,47.5,27.5,38
"3346",5085,0,46,27,32
"3347",5094,0.000564921933049576,36,20,50.0000094153656
"3348",5090,0.000482272363523588,58,33,48.0000080378727
"3349",5083,0.000250870278594242,56,32,10.0000041811713
"3350",5081,5.80487949596282e-05,12,7,50.0000009674799
"3351",5078,0.000582610298157078,60,35,22.0000097101716
"3352",5077,0.00112550384914805,24.5,13.5,14.0000187583975
"3353",5099,0.00108247010714436,17.5,10.5,44.0000180411685
"3354",5098,0,51.5,29.5,22
"3355",5109,0.000705404661103709,23.5,12.5,22.0000117567444
"3356",5113,0.00379980388192295,22.5,11.5,32.0000633300647
"3357",5116,0.0015015587296745,36,20,30.0000250259788
"3358",5114,0.00537965663217925,33.5,18.5,22.0000896609439
"3359",5031,0.0306901148633181,24.5,13.5,40.0005115019144
"3360",5035,0.00204236327360831,50,30,48.0000340393879
"3361",4922,0.0272115066941946,57.5,33.5,20.0004535251116
"3362",4917,0.00118196954730997,24.5,14.5,56.0000196994925
"3363",4919,0.0013393835854246,66,38,48.0000223230598
"3364",4921,0.000229840544548362,56.5,32.5,42.0000038306757
"3365",4918,0.00211933646057772,48,27,32.0000353222743
"3366",5036,0.0280681668006633,36.5,20.5,22.00046780278
"3367",5032,0.00228519961569596,25,14,46.0000380866603
"3368",5054,0.00475271160580933,55,32,32.0000792118601
"3369",5058,0,36,20,22
"3370",5052,0.000206661793901572,27,16,40.0000034443632
"3371",5051,0.000160782100460933,45,25,32.0000026797017
"3372",5053,0.000125443034224919,39,23,48.0000020907172
"3373",5033,0.00475271160580933,55.5,31.5,26.0000792118601
"3374",5006,0.00742339017035173,32,19,40.0001237231695
"3375",5026,0.0102419446195674,48,28,40.000170699077
"3376",5030,0.00113303953813303,47,27,26.0000188839923
"3377",5115,0.0306901148633181,28.5,15.5,16.0005115019144
"3378",5117,0.0039399923351852,19.5,11.5,28.0000656665389
"3379",5067,0.00964133588660535,34.5,20.5,44.0001606889314
"3380",5070,0.00200907759929882,51,29,40.0000334846267
"3381",5075,0.00250720981021567,45.5,25.5,42.0000417868302
"3382",5071,0.00250720981021567,50,29,26.0000417868302
"3383",4100,0.378610525499457,32,19,40.006310175425
"3384",4061,0.0399125490934146,46,26,28.0006652091516
"3385",4060,0,32,18,28
"3386",4049,0.00169795318216,32.5,18.5,56.0000282992197
"3387",4058,0.00188146547019361,65,37,14.0000313577578
"3388",4139,0.136499746191678,17.5,10.5,52.0022749957699
"3389",4136,0.0135654817281843,60,34,16.0002260913621
"3390",4218,0.0343688331573468,17,9,38.000572813886
"3391",4107,0.0426939187465757,44.5,25.5,32.0007115653124
"3392",4109,0.00421772643329436,40,24,8.00007029544055
"3393",4046,0.0550582087690872,10,6,44.0009176368128
"3394",4029,0.00775616000758679,51,29,24.0001292693335
"3395",4025,0.0067892840177684,28.5,16.5,48.0001131547336
"3396",3884,0.123168632528728,57.5,33.5,36.0020528105421
"3397",3764,0.0777534291126308,44.5,26.5,30.0012958904852
"3398",3749,0.0232978109201173,32.5,17.5,22.0003882968487
"3399",3778,0.0108598406081943,23.5,12.5,12.0001809973435
"3400",3750,0.012022747885765,14,8,54.0002003791314
"3401",3727,0.00373246692017329,62.5,35.5,22.000062207782
"3402",3734,0.00062720055838067,27,16,28.0000104533426
"3403",3736,0.000206645879861983,31,17,18.000003444098
"3404",3740,0.000348357361757138,22.5,13.5,20.000005805956
"3405",3681,0.0369502292366299,22.5,12.5,20.0006158371539
"3406",3802,0.0709604738990028,21,11,36.001182674565
"3407",3804,0.00400470104241099,40,22,38.0000667450174
"3408",3809,0.00202873018555923,45,26,6.00003381216976
"3409",3819,0.0050520384020721,6,3,32.00008420064
"3410",3813,0.000376317125930089,39,23,38.0000062719521
"3411",3838,0.00236742369237507,47,28,40.0000394570615
"3412",3830,0.00135004676528336,50,30,10.0000225007794
"3413",3839,0.00135004676528336,10.5,5.5,16.0000225007794
"3414",3815,0.00232500006221743,19.5,11.5,22.000038750001
"3415",3821,0.000353215798825962,23.5,12.5,18.00000588693
"3416",3825,0,22,13,38
"3417",3824,0,47.5,28.5,40
"3418",3823,0,45.5,25.5,50
"3419",3822,0,59,34,12
"3420",3818,0.000125439033886618,12.5,6.5,40.0000020906506
"3421",3807,0.00273287548996237,46.5,26.5,38.0000455479248
"3422",3816,0.00369161279767012,43.5,24.5,30.00006152688
"3423",3811,0.00282855390542012,33,18,30.0000471425651
"3424",3882,0.0333191169215083,37.5,22.5,56.0005553186154
"3425",3874,0.0048124473219361,65.5,37.5,44.0000802074554
"3426",3859,0.0252990492076955,53.5,31.5,26.0004216508201
"3427",3875,0.0252990492076955,28.5,15.5,42.0004216508201
"3428",3873,0.00106233232205859,51,30,18.0000177055387
"3429",3883,0.0048124473219361,18,9,34.0000802074554
"3430",3729,0.0627823770890555,41.5,24.5,46.0010463729515
"3431",3728,0.000250880219480843,53,30,20.000004181337
"3432",3707,0.0414802653846127,21.5,11.5,22.0006913377564
"3433",3710,0.012088251676741,27,16,16.0002014708613
"3434",3712,0,17.5,9.5,2
"3435",3748,0.00916055696521284,2.5,1.5,20.0001526759494
"3436",3747,0,23,13,34
"3437",3746,0,40,23,34
"3438",3745,0,42.5,25.5,20
"3439",3744,0,20,10,22
"3440",3713,0.00916055696521284,27,16,14.0001526759494
"3441",3716,0.0190144210645198,16.5,9.5,42.0003169070177
"3442",3762,0.0159454264177591,52,31,24.000265757107
"3443",3885,0.0777534291126308,26.5,14.5,40.0012958904852
"3444",3887,0.00125451171436329,47,27,18.0000209085286
"3445",3846,0.0266492707846005,22,13,44.0004441545131
"3446",3844,0.000477666975343963,50,28,34.0000079611163
"3447",3843,5.80581664593896e-05,38.5,21.5,34.0000009676361
"3448",3888,0.0269659212597998,38.5,21.5,36.000449432021
"3449",3890,0,44.5,26.5,14
"3450",3751,0.101469541746303,14.5,7.5,18.0016911590291
"3451",3720,0.00705137904995788,18.5,9.5,36.0001175229842
"3452",3711,0.00911595413189407,40.5,22.5,40.0001519325689
"3453",3709,0.00500605583568793,49,29,26.0000834342639
"3454",3704,0.0112882384405703,31.5,18.5,12.0001881373073
"3455",3756,0.0397911726413356,13,7,54.0006631862107
"3456",3725,0.0232352002710156,64,37,44.0003872533378
"3457",3603,0.0685076685298204,51,29,36.0011417944755
"3458",3640,0.0181545408845166,44.5,26.5,6.00030257568141
"3459",3609,0.00944224689863404,7.5,4.5,26.0001573707816
"3460",3614,5.80590652153398e-05,28,15,18.0000009676511
"3461",3612,0.000762985339062699,19,10,32.0000127164223
"3462",3605,0.000619933789471074,35,19,34.0000103322298
"3463",3608,0.000564959848799771,40,23,16.0000094159975
"3464",3611,0.000444779708336895,17.5,9.5,36.0000074129951
"3465",3615,0.000762985339062699,43,25,28.0000127164223
"3466",3623,0.00217338121924315,34,20,34.0000362230203
"3467",3617,0.00275967510448463,40.5,23.5,54.0000459945851
"3468",3708,0.123027782798792,63,36,20.0020504630466
"3469",3783,0.032577115617328,21,11,34.000542951927
"3470",3793,0,37.5,20.5,22
"3471",3792,0,27,16,50
"3472",3791,0,60,35,44
"3473",3790,0,50.5,28.5,42
"3474",3789,0,47.5,26.5,34
"3475",3788,0,39.5,22.5,38
"3476",3787,0,46,27,26
"3477",3786,0,29,16,8
"3478",3785,0,10,6,48
"3479",3784,0,56,32,32
"3480",3781,0.00365621344480259,35,19,30.0000609368907
"3481",3780,0,35,20,38
"3482",3776,0.00361455745516608,47.5,28.5,50.0000602426243
"3483",3775,0,60,35,28
"3484",3774,0,31,17,28
"3485",3773,0,31.5,17.5,40
"3486",3772,0,49,29,40
"3487",3771,0,45.5,25.5,52
"3488",3769,0.000448551156425003,61,35,12.0000074758526
"3489",3768,0,15,9,36
"3490",3767,0,40.5,22.5,18
"3491",3766,0,20.5,11.5,40
"3492",3760,0.00491054933889668,49.5,29.5,10.000081842489
"3493",3759,0,12.5,7.5,42
"3494",3755,0.00166142147371737,48,27,22.0000276903579
"3495",3705,0.0397911726413356,25.5,14.5,20.0006631862107
"3496",3726,0.0215239457105108,24,14,38.0003587324285
"3497",3810,0.0385595538807472,45,26,12.0006426592313
"3498",3805,0.00226696141278397,15,9,20.0000377826902
"3499",3754,0.0663062221195122,24.5,14.5,46.001105103702
"3500",3753,0.0501011289847448,53.5,30.5,18.0008350188164
"3501",3741,0.0506033142141502,18,9,12.0008433885702
"3502",3743,0.000906416025021443,12,6,34.0000151069338
"3503",3841,0.0570217318385199,42,25,36.0009503621973
"3504",3801,0.0218063570880048,42,24,30.0003634392848
"3505",3806,0.00718721474040545,35,20,46.0001197869123
"3506",3800,0.0262354856488178,52.5,29.5,42.0004372580942
"3507",3803,0.00635656034865,48.5,27.5,48.0001059426725
"3508",3834,0.0140355134674296,56.5,32.5,48.0002339252245
"3509",3833,0.000786977644580709,56.5,32.5,34.0000131162941
"3510",3827,0.0023833413707959,40.5,23.5,10.0000397223562
"3511",3808,0.00982163116441308,11.5,6.5,20.0001636938527
"3512",3700,0.0611539218726793,23.5,13.5,48.0010192320312
"3513",3675,0.0442061452209623,57.5,33.5,24.000736769087
"3514",3665,0.0133127698264179,25,13,2.00022187949711
"3515",3661,0.00444964332691371,2.5,1.5,18.0000741607221
"3516",3663,0.00115703637611278,18.5,9.5,46.0000192839396
"3517",3658,0.00324634968212102,55.5,32.5,14.000054105828
"3518",3662,0.0330708113326126,16,9,32.0005511801889
"3519",3659,0.0321082700822763,38,22,40.0005351378347
"3520",3647,0.0224076813052462,49,29,14.0003734613551
"3521",3652,0.000448553080352621,15,8,14.0000074758847
"3522",3648,0.000797614689016211,14,7,22.0000132935781
"3523",3653,0.000582619697315678,26.5,15.5,12.0000097103283
"3524",3642,0.00591946808653383,14,8,12.0000986578014
"3525",3714,0.0801616074075191,13,7,20.0013360267901
"3526",3502,0.0911492380365178,24.5,14.5,18.0015191539673
"3527",3501,0,22.5,13.5,22
"3528",3500,0,26.5,15.5,46
"3529",3499,0,52.5,29.5,52
"3530",3498,0,60.5,34.5,48
"3531",3497,0,56,32,14
"3532",3496,0,14,7,18
"3533",3715,0.0911492380365178,22.5,13.5,40.0015191539673
"3534",3763,0.144496156836599,46.5,26.5,24.0024082692806
"3535",4176,0.266302175592669,25.5,13.5,36.0044383695932
"3536",4241,0.0864230002982909,41,23,22.0014403833383
"3537",4259,0.00661800476258221,27.5,16.5,32.0001103000794
"3538",4276,0.00503620510193443,36.5,20.5,52.0000839367517
"3539",4260,0.00503620510193443,60,34,28.0000839367517
"3540",4267,0.00527940247913972,33,19,50.0000879900413
"3541",4247,0.0134908882232275,59,34,34.0002248481371
"3542",4244,0.000482344472064139,39.5,22.5,48.0000080390745
"3543",4248,0.000482344472064139,56,32,24.0000080390745
"3544",4246,0.000706442311087399,28.5,16.5,22.0000117740385
"3545",4262,0.0111480633157277,24.5,13.5,36.0001858010553
"3546",4258,0.00567868485777178,40,22,14.0000946447476
"3547",4242,0.00661800476258221,15.5,8.5,38.0001103000794
"3548",4286,0.0130211929405733,44,25,22.0002170198823
"3549",4285,0,27.5,16.5,10
"3550",4296,0.00374003315469545,12.5,7.5,20.0000623338859
"3551",4300,0,21.5,11.5,34
"3552",4303,0.00120485684674367,39,22,24.0000200809474
"3553",4306,0.00133571675019326,29.5,17.5,36.0000222619458
"3554",4295,0.00930827158605704,41,23,26.0001551378598
"3555",4293,0.000669476094696198,32,19,38.0000111579349
"3556",4292,0,44,25,48
"3557",4291,0,56,32,42
"3558",4290,0,49,28,16
"3559",4283,0.00114351615479569,19.5,11.5,14.0000190586026
"3560",4282,0,16.5,9.5,30
"3561",4281,0,35,20,42
"3562",4280,0,50.5,29.5,48
"3563",4279,0,56.5,32.5,38
"3564",4278,0,43,24,44
"3565",4299,0.0027703958366144,52,30,26.0000461732639
"3566",4298,0,32,19,22
"3567",4297,0,23,12,38
"3568",4554,0.0709333432242334,44.5,25.5,26.0011822223871
"3569",4562,0.00500915623473901,29,16,46.0000834859372
"3570",4561,0.000935713697551734,55,32,34.0000155952283
"3571",4555,0.00500915623473901,42.5,25.5,52.0000834859372
"3572",4560,0,61.5,35.5,18
"3573",4563,0.000935713697551734,21,12,32.0000155952283
"3574",4559,0.00402965037886503,36,20,32.0000671608396
"3575",4558,0,39,23,26
"3576",4557,0,30,17,36
"3577",4556,0,44.5,26.5,8
"3578",4552,0.00217634258167025,9,5,26.0000362723764
"3579",4551,0,28.5,15.5,30
"3580",4550,0,32.5,17.5,46
"3581",4548,0.0018073533310568,56,33,12.0000301225555
"3582",4547,0,14.5,8.5,28
"3583",4546,0,30.5,16.5,18
"3584",4542,0.00268350407020885,22.5,13.5,14.0000447250678
"3585",4541,0,15,8,44
"3586",4540,0.00100243653334502,51.5,29.5,18.0000167072756
"3587",4566,0.00534049331412798,21.5,12.5,20.0000890082219
"3588",4538,0.00702594175898984,20.5,10.5,12.0001170990293
"3589",4576,0.0205273532997814,13.5,7.5,18.000342122555
"3590",4581,0,21.5,12.5,28
"3591",4580,0.000125435592573909,31,17,42.0000020905932
"3592",4579,0,48.5,27.5,24
"3593",4578,0,26,14,34
"3594",4577,0,41.5,24.5,14
"3595",4590,0.00336050586920756,17,10,16.0000560084312
"3596",4589,0,18.5,10.5,20
"3597",4588,0,20.5,10.5,40
"3598",4587,0,48.5,28.5,28
"3599",4586,0,30,16,38
"3600",4585,0,46,27,30
"3601",4584,0,37,22,52
"3602",4565,0.0112228341165255,60.5,34.5,22.0001870472353
"3603",4564,0.0086733985390326,26.5,15.5,40.0001445566423
"3604",4729,0.0265052746488455,47.5,27.5,30.0004417545775
"3605",4741,0.00554785269585594,36.5,21.5,40.0000924642116
"3606",4730,0.003536210361311,45,25,54.0000589368394
"3607",4709,0.00486446979179333,63,36,58.0000810744965
"3608",4708,0,67.5,38.5,12
"3609",4707,0.0017038952457288,12.5,6.5,28.0000283982541
"3610",4701,0.00262418460419669,33,19,38.0000437364101
"3611",4841,0.0297602757520829,46.5,27.5,22.0004960045959
"3612",4839,0.000376300158771768,25,14,20.0000062716693
"3613",4805,0.0153004502916511,21.5,11.5,42.0002550075049
"3614",4808,0,52,31,36
"3615",4819,0.00137217753791577,43.5,25.5,36.0000228696256
"3616",4807,0.00135390121981368,44.5,26.5,20.0000225650203
"3617",4806,0,22.5,12.5,52
"3618",4799,0.00137741428980348,60,34,34.0000229569048
"3619",4811,0.00423097392529475,37.5,20.5,34.0000705162321
"3620",4814,0.000669691594318847,39.5,22.5,32.0000111615266
"3621",4813,0.000786980108010694,39,23,30.0000131163351
"3622",4812,0.000669691594318847,35.5,20.5,34.0000111615266
"3623",4801,0.00187504821897026,42.5,25.5,28.0000312508036
"3624",4810,0.00165843575792624,34.5,20.5,34.000027640596
"3625",4790,0.00268792387298449,41.5,24.5,48.0000447987312
"3626",4789,0,55,31,28
"3627",4788,0,30.5,16.5,36
"3628",4796,0.00062721451307314,44.5,26.5,22.0000104535752
"3629",4804,0.000638721197202936,26,15,10.0000106453533
"3630",4840,0.0153004502916511,11,6,18.0002550075049
"3631",4842,0.000459680190070959,22,13,24.0000076613365
"3632",4778,0.00731097484715763,30,18,16.0001218495808
"3633",4803,0.00569052170234932,17.5,9.5,28.0000948420284
"3634",4843,0.00505989315924314,35,21,16.0000843315527
"3635",4850,0.00399955586815577,16,8,22.0000666592645
"3636",4773,0.0158468332279764,25,14,18.0002641138871
"3637",4798,0.0173028933395596,22.5,13.5,22.0002883815557
"3638",4800,0.00278955924857647,26,15,58.0000464926541
"3639",4838,0.0110190539606155,68,39,42.0001836508993
"3640",4828,0.00196814600474692,48,27,18.0000328024334
"3641",4823,0.000116104177094971,20.5,11.5,32.0000019350696
"3642",4825,0,38.5,22.5,6
"3643",4824,0,6,3,26
"3644",4846,0.00335973998839078,31.5,18.5,20.0000559956665
"3645",4856,0.00466196484193503,22.5,12.5,48.000077699414
"3646",4634,0.0344173818051747,57,33,50.0005736230301
"3647",4632,0.000174227404318046,59,34,46.0000029037901
"3648",4630,0.000353227977168423,56,33,40.000005887133
"3649",4627,0.00355174779409642,50,30,26.0000591957966
"3650",4629,0.000125447642209167,29,16,48.000002090794
"3651",4628,0.000257544379562367,57,33,34.0000042924063
"3652",4633,0.00044226552092099,40.5,23.5,50.000007371092
"3653",4857,0.0344173818051747,58.5,33.5,34.0005736230301
"3654",4854,0.0885221324165595,40,23,38.0014753688736
"3655",4893,0.0154112398117803,45.5,26.5,38.0002568539969
"3656",4895,0,45.5,26.5,20
"3657",4890,0.00163062127111893,21.5,11.5,18.0000271770212
"3658",4892,0.000797621054415889,21.5,12.5,26.0000132936842
"3659",4848,0.0174125795538366,30.5,17.5,22.0002902096592
"3660",4852,0.00916504037964576,24,13,30.000152750673
"3661",4878,0.00896348221035972,32.5,17.5,42.0001493913702
"3662",4762,0.0315367312472975,51.5,30.5,10.0005256121875
"3663",4761,0,10.5,5.5,42
"3664",4760,0,48,27,56
"3665",4758,0.0014123353888237,66,38,40.0000235389231
"3666",4757,0,46,26,26
"3667",4770,0.0043801216916005,29.5,16.5,22.0000730020282
"3668",4774,0.0193521844866803,25.5,14.5,48.0003225364081
"3669",4769,0.00704863998101378,56,32,50.000117477333
"3670",4879,0.0318463873148868,60,35,26.0005307731219
"3671",4877,0.00335397735566,28.5,15.5,22.0000558996226
"3672",4880,0.00225100161483471,23,12,16.0000375166936
"3673",4889,0.00118248045500496,18,10,16.0000197080076
"3674",4896,0.00163062127111893,19,11,54.0000271770212
"3675",4894,0.000812282888840593,62.5,35.5,32.0000135380482
"3676",4897,0.000812282888840593,39,23,36.0000135380481
"3677",4923,0.00409581781176458,44.5,26.5,20.0000682636302
"3678",4934,0.00101154553133181,21,11,42.0000168590922
"3679",4924,0.00278689069363501,51.5,30.5,46.0000464481782
"3680",4968,0.00297892455749776,55,32,22.0000496487426
"3681",4970,0,24,13,46
"3682",4962,0.00123968427146217,55.5,32.5,26.0000206614045
"3683",4964,0,31,18,38
"3684",4959,0.000970952948724187,42.5,23.5,46.0000161825491
"3685",4958,0,54.5,31.5,42
"3686",4965,0.000970952948724187,49.5,28.5,38.0000161825491
"3687",4967,0,46,27,58
"3688",4980,0.00165283032830236,68,39,38.0000275471721
"3689",4983,0.00283982250268841,43.5,24.5,50.000047330375
"3690",4972,0.00590449580845301,57.5,32.5,18.0000984082635
"3691",4969,0.000676164764471009,21,12,46.0000112694127
"3692",4973,0.000676164764471009,53,30,30.0000112694127
"3693",4747,0.043981763018162,35,20,20.0007330293836
"3694",4883,0.0382455043442211,25,15,22.0006374250724
"3695",4886,0,27,16,28
"3696",4888,0,31.5,17.5,42
"3697",4891,0.000955357647991799,51,30,20.0000159226275
"3698",4881,0.00171672267191296,23.5,13.5,30.0000286120445
"3699",4887,0.0118279296975539,33.5,18.5,54.0001971321616
"3700",4885,0.000229846164560295,64,37,26.0000038307694
"3701",4884,0,29.5,16.5,28
"3702",4882,0.0120449395835911,35,21,24.0002007489931
"3703",4977,0.0322030431726108,28,16,48.0005367173862
"3704",4981,0.00296972072615728,56,32,26.0000494953454
"3705",5014,0.0164725445677558,31,18,32.0002745424095
"3706",5017,0.000787031954425363,37.5,21.5,54.0000131171992
"3707",5021,0,64,37,36
"3708",5020,5.80472985861214e-05,40,22,18.000000967455
"3709",5019,0,22,13,60
"3710",5018,0,70,40,38
"3711",5024,0.000413229765050139,44.5,25.5,40.0000068871627
"3712",4984,0.0205653704254634,48,28,32.0003427561738
"3713",4982,0.00222470733062133,38,22,8.00003707845551
"3714",4978,0.00162519986141725,10,6,38.0000270866644
"3715",4963,0.0027704426697046,47.5,28.5,10.0000461740445
"3716",4979,0.0027704426697046,12.5,7.5,44.0000461740445
"3717",4925,0.00452179049894079,51.5,29.5,48.000075363175
"3718",4927,0,57,33,46
"3719",4872,0.00974226798475674,55,32,36.0001623711331
"3720",4926,0.0091634201411008,44,26,14.000152723669
"3721",4929,0.000282459544002628,15.5,8.5,28.0000047076591
"3722",4931,0.000250869557170702,34,20,14.0000041811593
"3723",4943,0.00120488670033654,17.5,10.5,44.000020081445
"3724",4956,0.00128223696038771,51,29,32.000021370616
"3725",4944,0.00128223696038771,39,23,54.000021370616
"3726",4938,0.000310811121061813,64,37,8.00000518018535
"3727",4940,0,8.5,4.5,2
"3728",4942,0,2,1,32
"3729",4941,0.000160756319598227,40,24,42.000002679272
"3730",4939,0.000125434770246649,51,30,54.0000020905795
"3731",4936,0,62.5,35.5,32
"3732",4945,0.000310811121061813,39.5,23.5,26.0000051801854
"3733",4937,0.000413233289152038,27.5,14.5,46.0000068872215
"3734",4873,0.0106617814484482,56,33,28.0001776963575
"3735",4961,0.0278697985795717,32.5,18.5,40.000464496643
"3736",4971,0.00123968427146217,45,25,18.0000206614045
"3737",4935,0.00808639212091121,20.5,11.5,26.000134773202
"3738",5000,0.0146559575247226,28,15,36.0002442659587
"3739",5111,0.0660362124271178,44,26,46.0011006035405
"3740",5118,0.0041250041609196,54,31,4.00006875006935
"3741",5043,0.0254375376473422,4.5,2.5,10.0004239589608
"3742",5041,0.000125443032483102,11,6,40.0000020907172
"3743",5044,0.000125443032483102,46.5,26.5,24.0000020907172
"3744",5050,0.000206661798086855,26,14,26.0000034443633
"3745",5045,0.000232263398683925,32.5,19.5,18.0000038710566
"3746",5048,0.000111194927084224,21,12,8.00000185324878
"3747",5046,0.000125443035757156,8,4,34.0000020907173
"3748",5049,0.000125443036523274,42,25,28.0000020907173
"3749",5047,0.000338600720327763,30,16,34.0000056433453
"3750",5057,0.000348395128002192,40,23,44.0000058065855
"3751",5056,0,50.5,28.5,40
"3752",5055,0,46.5,26.5,4
"3753",5059,0.000444779705507603,4,2,42.0000074129951
"3754",5162,0.0271234576964656,49.5,28.5,58.0004520576283
"3755",5166,0.000582605573686674,68,39,42.0000097100929
"3756",5195,0.0186543521758386,48.5,27.5,24.0003109058696
"3757",5184,0.00336827865607603,28.5,16.5,26.0000561379776
"3758",5123,0.0103189601713924,32.5,19.5,8.00017198266952
"3759",5167,0.00980551289385245,9.5,5.5,34.0001634252149
"3760",5176,0.00196829908936327,40,23,38.0000328049848
"3761",5171,0.00098480424663063,45,26,34.0000164134041
"3762",5168,0.00280161631769691,42,25,18.0000466936053
"3763",5170,0,20,11,18
"3764",5169,0,18,9,16
"3765",5158,0.00221915416734685,20,12,40.0000369859028
"3766",5148,0.00124348649186187,45,25,44.0000207247749
"3767",5151,0,53.5,31.5,24
"3768",5146,0.000955339866961982,29,17,20.0000159223311
"3769",5145,0.000125441775333489,21,11,14.0000020906963
"3770",5152,0.000955339866961982,15.5,8.5,46.0000159223311
"3771",5154,0,53.5,30.5,48
"3772",5173,0.00211244158289157,57,33,16.0000352073597
"3773",5183,0.016067625458799,19,11,18.0002677937576
"3774",5182,0.000772268477456846,20,11,32.0000128711413
"3775",5181,0.000705342147314363,39,23,28.0000117557025
"3776",5196,0.00406903014311167,30,16,32.0000678171691
"3777",5246,0.0229417676874051,35,19,20.0003823627948
"3778",5248,0,23.5,13.5,48
"3779",5247,0,57,33,26
"3780",5252,0.0011662813707651,28.5,15.5,28.0000194380228
"3781",5234,0.0154102270390596,30,16,52.0002568371173
"3782",5243,0.00259641731937005,60,34,30.000043273622
"3783",5242,0,34.5,19.5,42
"3784",5235,0.00259641731937005,47.5,26.5,30.000043273622
"3785",5228,0.00212808317257022,37,22,10.0000354680529
"3786",5273,0.0225880629750928,10,5,24.0003764677163
"3787",5275,0,27.5,15.5,12
"3788",5278,0.00269132450774499,12.5,6.5,38.0000448554085
"3789",5367,0.020876102128201,42.5,23.5,44.0003479350355
"3790",5383,0.0129411491345115,51,29,16.0002156858189
"3791",5366,0.012375958125714,20,12,30.0002062659688
"3792",5279,0.020876102128201,36.5,21.5,34.0003479350355
"3793",5276,0.00084681337871897,37.5,20.5,40.0000141135563
"3794",5266,0.0231658798766195,47,27,18.0003860979979
"3795",5351,0.0192319570322068,18.5,9.5,50.0003205326172
"3796",5353,0.00389571897259131,59.5,34.5,6.49286495431885e-05
"3797",5352,0.0139168201597122,0,0,42.0002319470027
"3798",5354,0.010021178880095,51.5,30.5,26.000167019648
"3799",5358,0.000820506606169038,28.5,15.5,28.0000136751101
"3800",5357,0.000696803860795588,34.5,20.5,22.0000116133977
"3801",5355,0.000820506606169038,22.5,11.5,10.0000136751101
"3802",5339,0.0108828294496601,12.5,7.5,40.0001813804908
"3803",5361,0.00999325086023678,50,30,24.000166554181
"3804",5418,0.0254483588581657,27.5,15.5,38.0004241393143
"3805",5379,0.00313269630628952,43,24,22.0000522116051
"3806",5370,0.00199529578963233,25.5,14.5,30.0000332549298
"3807",5376,0.000365689566734365,36,21,6.00000609482611
"3808",5371,0.000365689566734365,6.5,3.5,40.0000060948261
"3809",5374,0.000257495816811999,46.5,26.5,42.000004291597
"3810",5372,0.000257495816811999,49,28,42.0000042915969
"3811",5349,0.0175202263780252,51.5,30.5,12.000292003773
"3812",5347,0.0313674993464828,13.5,7.5,20.0005227916558
"3813",5346,0,23,13,38
"3814",5345,0,47.5,28.5,20
"3815",5344,0,25,15,26
"3816",5342,0.00102733948377593,32,19,44.0000171223247
"3817",5341,0,53,31,48
"3818",5350,0.0323745905214346,57.5,33.5,42.0005395765087
"3819",5267,0.0192319570322068,47.5,26.5,26.0003205326172
"3820",5150,0.0407833570743322,29.5,16.5,2.00067972261791
"3821",5149,0,2.5,1.5,32
"3822",5141,0.00109708198485274,35.5,19.5,36.0000182846997
"3823",5140,0,42,24,24
"3824",5138,0.000160778181321016,27.5,15.5,46.0000026796364
"3825",5155,0.00454853063333896,55.5,32.5,24.0000758088439
"3826",5157,0,28,16,16
"3827",5156,0,16,8,30
"3828",5159,0.00130836942569795,35.5,20.5,2.18061570949658e-05
"3829",5189,0.00702262176157592,0,0,28.000117043696
"3830",5191,0.0031134579470411,31,17,36.0000518909658
"3831",5186,0.00256463229692465,42.5,24.5,10.0000427438716
"3832",5172,0.00339984666339062,12,7,34.0000566641111
"3833",5126,0.0112120005428947,37.5,20.5,46.0001868666757
"3834",5153,0.0154290739269751,56,33,22.0002571512321
"3835",5190,0.0071078997153281,23,12,10.0001184649953
"3836",5127,0.0184027294203133,11.5,6.5,38.000306712157
"3837",5003,0.0436138649734667,44,25,42.0007268977496
"3838",4966,0.0131687015236256,52,31,8.00021947835873
"3839",4998,0.0102274139593783,9.5,5.5,46.0001704568993
"3840",4986,0.00670686688932092,53,30,10.0001117811148
"3841",5062,0.0193017922806527,11,6,40.000321696538
"3842",5061,0.00100243807988079,47.5,27.5,24.0000167073013
"3843",5068,0.0073205136351309,28.5,16.5,32.0001220085606
"3844",5093,0.00357370884203768,38.5,22.5,46.000059561814
"3845",5106,0.000877803050220823,53,30,42.0000146300508
"3846",5092,0.00542781771010894,50,29,40.0000904636285
"3847",5069,0.00357370884203768,45,25,38.000059561814
"3848",4987,0.0220858369409745,43,24,48.0003680972823
"3849",4997,0,56.5,32.5,26
"3850",4996,0,28.5,15.5,42
"3851",4995,0,50,29,32
"3852",4994,0,40,24,16
"3853",4993,0,17.5,9.5,8
"3854",4992,0,9.5,5.5,30
"3855",4991,0,37,22,34
"3856",4990,0,40.5,23.5,42
"3857",4989,0,50.5,29.5,32
"3858",4988,0,40,24,36
"3859",4898,0.0130720050245492,44,26,8.00021786675041
"3860",4916,0,10,6,52
"3861",4853,0.0137094208042407,61.5,35.5,16.0002284903467
"3862",4748,0.0214966113476768,19.5,11.5,12.0003582768558
"3863",4750,0.000250873917438898,12,6,28.000004181232
"3864",4755,0.0165679799123742,32.5,18.5,14.0002761329985
"3865",4733,0.00536608282554913,16,9,38.0000894347138
"3866",4621,0.0124877209942675,43,24,18.0002081286832
"3867",4620,0,18.5,9.5,50
"3868",4619,0.00990060447320786,58.5,33.5,42.0001650100746
"3869",4706,0.048569050393323,49.5,28.5,18.0008094841732
"3870",4650,0.00324722318762827,20.5,11.5,58.0000541203865
"3871",4570,0.0438929142520393,67.5,38.5,24.0007315485709
"3872",4976,0.0766639809516993,25.5,13.5,46.0012777330159
"3873",4858,0.15264461731958,55.5,32.5,44.0025440769553
"3874",4827,0.0346866951012782,53.5,31.5,22.000578111585
"3875",4835,0.000525709865296876,25.5,14.5,42.0000087618311
"3876",4831,0.00101579146103066,48.5,27.5,22.0000169298577
"3877",4833,0.000448551239536934,23,12,40.000007475854
"3878",4728,0.0223959356437176,45.5,25.5,48.0003732655941
"3879",4478,0.0500719838510784,57.5,33.5,10.0008345330642
"3880",4785,0.0635411623088207,12.5,7.5,38.0010590193718
"3881",4784,0.000477650778685347,44,25,44.0000079608463
"3882",4776,0.00368621996967196,50.5,28.5,44.0000614369995
"3883",5129,0.0754771705301418,50.5,28.5,32.0012579528422
"3884",5133,0.000333584778423379,40,24,34.0000055597463
"3885",5135,0,41,24,36
"3886",5137,0.00211350088748728,40,22,48.0000352250148
"3887",5130,0.000365705411183873,57,33,44.0000060950902
"3888",5132,0,52.5,30.5,20
"3889",5131,0,22,12,14
"3890",5143,0.000778305740333886,15.5,8.5,32.0000129717623
"3891",5368,0.0686687288170019,39,23,16.0011444788136
"3892",5468,0.0418592098811786,16.5,8.5,20.000697653498
"3893",5470,0,21,11,42
"3894",5469,0.000125443378042021,48.5,27.5,10.000002090723
"3895",5474,0.000160783171593074,10.5,5.5,34.0000026797195
"3896",5473,0,38.5,21.5,8
"3897",5472,0,9,5,34
"3898",5482,0.000852779862824125,41,24,36.0000142129977
"3899",5487,0.000250886739190765,40,22,44.0000041814457
"3900",5493,0.000282493878715002,51,29,8.00000470823131
"3901",5500,0.000282493878942772,8.5,4.5,10.0000047082313
"3902",5499,0,11,6,14
"3903",5506,0.000160783147851296,17,10,50.0000026797191
"3904",5495,0.000406480559749621,59,34,34.000006774676
"3905",5485,0.00072760456531372,38,21,8.00001212674275
"3906",5497,0.00031089785637397,9,5,20.0000051816309
"3907",5479,0.000648338807131048,20,10,8.00001080564679
"3908",5477,0.000222389854168448,8,4,44.0000037064976
"3909",5552,0.0183318239435218,52,30,26.0003055303991
"3910",5549,0.00380905962124612,30.5,17.5,54.000063484327
"3911",5548,0,64,37,54
"3912",5558,0.00971308982206013,63.5,36.5,34.0001618848304
"3913",5565,0,40.5,23.5,52
"3914",5564,0.00112551171493738,60,34,34.0000187585286
"3915",5563,0,40.5,23.5,30
"3916",5562,0,35,20,38
"3917",5561,0,44.5,25.5,56
"3918",5560,0,66,38,32
"3919",5559,0,38,22,26
"3920",5568,0.000935739723385426,27.5,14.5,26.0000155956621
"3921",5571,0.00110885222075604,30,17,32.0000184808703
"3922",5575,0,39.5,23.5,22
"3923",5574,0.000125443318455474,23.5,12.5,44.000002090722
"3924",5573,0,50,28,14
"3925",5572,0,15.5,8.5,14
"3926",5554,0.00246884596707558,17.5,10.5,26.0000411474328
"3927",5542,0.00128755279823746,27.5,14.5,56.0000214592133
"3928",5540,0.00056794878122837,66,38,52.000009465813
"3929",5539,0,60.5,34.5,30
"3930",5556,0.00221545104821498,34.5,19.5,40.0000369241841
"3931",5585,0.0213194774957393,49.5,29.5,50.0003553246249
"3932",5622,0.0113788528649351,59.5,34.5,22.0001896475477
"3933",5620,0.0119182433586425,23,12,34.0001986373893
"3934",5619,0.0102325696173899,38,21,30.000170542827
"3935",5640,0.0214575378566254,33,18,26.0003576256309
"3936",5642,0,29,16,28
"3937",5618,0.0222679514586027,31.5,17.5,34.0003711325243
"3938",5636,0.0455351860474679,40.5,23.5,8.00075891976746
"3939",5639,0.00369305423787235,9,5,60.000061550904
"3940",5465,0.0605692639918928,70,40,26.0010094877332
"3941",5458,0.0151815014769804,28,15,54.0002530250246
"3942",5461,0.0188121033740693,62.5,35.5,18.0003135350562
"3943",5459,0.0188121033740693,20,11,6.00031353505623
"3944",5363,0.0258436794509241,7.5,4.5,26.0004307279908
"3945",5635,0.146027413642742,28.5,15.5,16.0024337902274
"3946",5637,0.00665109043338449,17.5,9.5,24.0001108515072
"3947",5644,0.00867993270846826,28.5,16.5,38.0001446655451
"3948",5646,0.000923635569384466,46,27,36.0000153939262
"3949",5641,0.00628562917630842,42,24,16.0001047604863
"3950",5647,0.00628562917630842,16.5,8.5,20.0001047604863
"3951",5638,0.0126790719057551,24.5,14.5,54.0002113178651
"3952",5369,0.085519229989094,64,37,58.0014253204998
"3953",5192,0.0974540715576635,68,39,40.001624234526
"3954",5134,0.0343208471935044,46,26,26.0005720141199
"3955",4933,0.117509130647062,28,15,18.0019584855108
"3956",4920,0.00509295599187034,22.5,13.5,4.00008488259986
"3957",4876,0.0360621234767542,5,3,38.0006010353913
"3958",5163,0.0693536997356557,44.5,25.5,40.0011558949956
"3959",5165,0,49,29,34
"3960",5164,0.00122864068093192,41.5,24.5,30.0000204773447
"3961",5180,0.00274731372135767,34,19,20.000045788562
"3962",5448,0.0811443436562503,25,15,24.0013524057276
"3963",5454,0.00269679711432396,26.5,14.5,2.00004494661857
"3964",5464,0.0627429407505547,2,1,14.0010457156792
"3965",5456,0.0103218717481893,15,8,48.0001720311958
"3966",5463,0.0397886113595674,57.5,33.5,6.00066314352266
"3967",5439,0.0128148324807801,6,3,26.0002135805413
"3968",5674,0.0971391613500285,27.5,14.5,32.0016189860225
"3969",4875,0.316073894521915,35,19,48.005267898242
"3970",5025,0.0759918020902467,57.5,33.5,20.0012665300348
"3971",5136,0.0297833319754795,23.5,13.5,20.0004963888663
"3972",5179,0.0280142684557419,24,14,14.0004669044743
"3973",5128,0.0902259402746663,14.5,7.5,48.0015037656712
"3974",4239,0.188491303535195,58,34,36.0031415217256
"3975",4237,5.8043486409999e-05,42,24,52.0000009673914
"3976",4198,0.0268546551145332,61,35,32.0004475775852
"3977",4197,0.0235733244484888,35,19,32.0003928887408
"3978",4108,0.0399555763611014,40,24,36.0006659262727
"3979",4093,0.0137903317562633,42,24,28.0002298388626
"3980",4075,0.0313946761096608,31,17,16.0005232446018
"3981",4095,0.0332089703411822,16.5,8.5,12.000553482839
"3982",4024,0.0952712475040465,12.5,6.5,28.0015878541251
"3983",4026,0.0133798627424473,30,16,16.0002229977124
"3984",4028,0,16.5,8.5,46
"3985",4027,0,54.5,31.5,32
"3986",4000,0.0402826229182385,39.5,23.5,20.0006713770486
"3987",4043,0.0373645894181205,20,10,48.000622743157
"3988",3940,0.0687723221548994,56.5,32.5,50.0011462053693
"3989",3719,0.108282295509893,57.5,32.5,40.0018047049252
"3990",3655,0.102651745328345,45,25,42.0017108624221
"3991",3604,0.0494132602221484,50,29,32.000823554337
"3992",3613,0.000619933789471074,38,22,46.0000103322298
"3993",3610,5.80590652153398e-05,54,31,38.0000009676511
"3994",3607,0.00300731122969863,42.5,23.5,18.0000501218538
"3995",3606,0.000564959848799771,18.5,9.5,48.0000094159975
"3996",3621,0.00143279007411268,55,31,36.0000238798346
"3997",3629,0.00745800481905484,41.5,23.5,42.0001243000803
"3998",3628,0.00128230501445568,48.5,27.5,50.0000213717502
"3999",3630,0.00471365255931461,57.5,32.5,52.000078560876
"4000",3632,0.000229843685117195,61,35,16.0000038307281
"4001",3631,0.000421351471608761,16,8,34.0000070225245
"4002",3633,0.00036567159277757,41.5,24.5,36.0000060945265
"4003",3635,0.00033859958273483,43.5,25.5,6.00000564332638
"4004",3797,0.0810214604489023,7.5,4.5,28.0013503576741
"4005",3799,0.00285229242602087,32,18,46.0000475382071
"4006",4001,0.112139729353814,53,30,42.0018689954892
"4007",4009,0.00146827528159477,49,28,6.00002447125469
"4008",4011,0,7,4,30
"4009",3984,0.0716142828185691,34,19,18.0011935713803
"4010",4002,0.00612374484177349,19.5,10.5,34.000102062414
"4011",4010,0.00330052697318013,39.5,22.5,16.0000550087829
"4012",3891,0.130848402748187,19.5,11.5,36.0021808067125
"4013",3395,0.211106404524834,44,26,52.0035184400754
"4014",3394,0.00196120586951827,61.5,35.5,50.0000326867645
"4015",3335,0.0502821942300255,60,35,4.0008380365705
"4016",3347,0.0269299621990826,4.5,2.5,54.0004488327033
"4017",3388,0.0362232667223055,62.5,35.5,8.00060372111204
"4018",3400,0.00811593892797119,9.5,5.5,20.0001352656488
"4019",3398,0.0991902248847268,20.5,10.5,30.0016531704147
"4020",3639,0.0731523704830794,34.5,19.5,26.0012192061747
"4021",3300,0.108837778776734,28,15,42.0018139629796
"4022",2946,0.120054444967316,47.5,26.5,42.0020009074161
"4023",2972,0.0175444014956656,48,27,18.0002924066916
"4024",3026,0.0274768562691871,20.5,11.5,50.0004579476045
"4025",3040,0.040720016577807,59,34,48.000678666943
"4026",2965,0.116362003794417,57,33,40.0019393667299
"4027",2855,0.0773963575677822,46,26,8.0012899392928
"4028",2853,0.0596313031713779,9,5,36.0009938550529
"4029",2836,0.033924134986651,42.5,24.5,22.0005654022498
"4030",2830,0.000232208215519274,23.5,12.5,6.00000387013693
"4031",2832,0.000111194927084224,7.5,4.5,8.00000185324878
"4032",2834,0.000125436649534665,8,4,34.0000020906108
"4033",2837,0.000282467020439248,40,23,16.0000047077837
"4034",2820,0.000602462459312209,20,12,54.000010041041
"4035",2828,0.000160762180007718,62.5,35.5,50.0000026793697
"4036",2827,0,59,34,48
"4037",2826,0,58,34,26
"4038",2825,0,28.5,15.5,18
"4039",2824,0,21,12,22
"4040",2823,0,27,16,20
"4041",2822,0,24.5,14.5,34
"4042",2817,0.000310830118209955,39.5,22.5,48.000005180502
"4043",2815,0.00201493366984483,57.5,33.5,20.0000335822278
"4044",2756,0.0884214851514681,21.5,11.5,38.0014736914192
"4045",2725,0.0257755113604666,44.5,25.5,46.000429591856
"4046",2730,0.0143639858956752,55,32,38.0002393997649
"4047",2729,0,42.5,23.5,14
"4048",2728,0,14.5,7.5,36
"4049",2743,0.00353353831579089,41,23,40.0000588923053
"4050",2742,0,45.5,25.5,10
"4051",2741,0,12,7,20
"4052",2740,0,21.5,11.5,24
"4053",2739,0,27.5,15.5,42
"4054",2738,0,51,30,0
"4055",2737,0,0,0,32
"4056",2736,0,35,19,50
"4057",2735,0,59,34,34
"4058",2734,0,40.5,23.5,34
"4059",2726,0.0172005868871337,38.5,21.5,12.0002866764481
"4060",2745,0.0262677203828696,14.5,8.5,18.0004377953397
"4061",2732,0.00169792371090569,20,11,2.82987285150948e-05
"4062",2751,0.00677914961902104,0,0,48.000112985827
"4063",2716,0.036266246092384,55.5,31.5,4.00060443743487
"4064",2718,0.00188153724625943,4.5,2.5,26.0000313589541
"4065",2712,0.00468723613934575,32.5,19.5,24.0000781206023
"4066",2711,0.00256340580117054,26.5,14.5,20.00004272343
"4067",2713,0.00256340580117054,21.5,11.5,42.00004272343
"4068",1859,0.213297395807596,48,27,48.0035549565968
"4069",1821,0.116028294646701,56,32,46.0019338049108
"4070",1772,0.0539527279933134,55.5,32.5,6.00089921213322
"4071",1729,0.0838711160582325,7.5,4.5,24.0013978519343
"4072",1733,0.00232124838752027,29.5,17.5,22.0000386874731
"4073",1747,0.00360950159872274,26,15,2.00006015835998
"4074",1741,0.00421070946699899,2.5,1.5,34.0000701784911
"4075",1744,0,42,25,38
"4076",1746,0,43.5,24.5,32
"4077",1745,0,35,19,36
"4078",1734,0.00360950159872274,45,27,42.00006015836
"4079",1740,0.00739587955120665,48.5,27.5,26.0001232646592
"4080",1735,0.00861623419404722,32,19,44.0001436039032
"4081",1737,0,50.5,28.5,22
"4082",1739,0,25,14,26
"4083",1773,0.106654869136685,32.5,19.5,18.0017775811523
"4084",1770,0.00331125459600094,19.5,10.5,56.0000551875766
"4085",1774,0.00331125459600094,66,38,24.0000551875766
"4086",1757,0.0587880598638412,27.5,15.5,2.00097980099773
"4087",1760,0,2,1,38
"4088",1759,0.00280159157039931,45.5,26.5,38.0000466931928
"4089",1758,0,46.5,27.5,34
"4090",1761,0.00280159157039931,38,21,34.0000466931928
"4091",1754,0.0832603636579471,40.5,23.5,28.0013876727276
"4092",1756,0,34,20,8
"4093",1775,0.0587880598638412,9.5,5.5,38.0009798009977
"4094",1820,0.0469219983010322,42.5,23.5,46.000782033305
"4095",1776,0.0381123842549498,56,33,20.0006352064042
"4096",1814,0.0463930932395678,24.5,14.5,32.0007732182207
"4097",1825,0.00840578832719899,35.5,19.5,46.0001400964721
"4098",1831,0.0010827894873167,55.5,32.5,16.0000180464915
"4099",1833,0.000116144069054381,18.5,10.5,56.0000019357345
"4100",1830,0.000463360582981667,65.5,37.5,58.0000077226764
"4101",1836,0.000406504404621488,67.5,38.5,42.0000067750734
"4102",1840,0,51,30,14
"4103",1839,0.000897109477624561,15,8,26.0000149518246
"4104",1838,0,32.5,19.5,32
"4105",1837,0,39.5,23.5,4
"4106",1841,0.000897109477624561,4,2,28.0000149518246
"4107",1843,0,31,17,32
"4108",1847,0,36.5,20.5,26
"4109",1849,0,29.5,16.5,34
"4110",1828,0.00447140988631791,39,22,34.0000745234981
"4111",1834,0.000621846848099895,38,21,26.0000103641141
"4112",1826,0.0459412726006626,32.5,19.5,10.0007656878767
"4113",1868,0.0176381148322175,10,5,44.0002939685805
"4114",1815,0.0297418912289184,52,30,38.0004956981872
"4115",1829,0.00959570773046631,46.5,27.5,44.0001599284622
"4116",1842,0.000820577543613042,53.5,31.5,34.0000136762924
"4117",1832,0.00137990490842677,39,22,32.0000229984151
"4118",1816,0.0101981382499664,40,24,20.0001699689708
"4119",1719,0.12802749199263,20,10,34.0021337915332
"4120",1721,0,41,24,2
"4121",1711,0.00292485832953665,2,1,32.0000487476388
"4122",1714,0,37.5,21.5,2
"4123",1716,0,2.5,1.5,36
"4124",1718,0,44.5,26.5,20
"4125",1717,0,21,11,40
"4126",1715,0.000706434118616067,48.5,28.5,10.000011773902
"4127",1705,0.00792968872426098,12,7,28.0001321614787
"4128",1704,0.00819214100721161,33.5,19.5,16.0001365356835
"4129",1706,0.0119146629791593,19,11,22.0001985777163
"4130",1709,0,26.5,15.5,18
"4131",1713,0.00325729282926945,18.5,9.5,30.0000542882138
"4132",1712,0,37,22,42
"4133",1723,0.000955020575600777,51,30,28.0000159170096
"4134",1726,0,33,19,28
"4135",1526,0.159387098731237,34,20,24.0026564516455
"4136",1529,0,25,13,52
"4137",1521,0.000638520500360675,60.5,34.5,46.0000106420083
"4138",1525,0,55.5,32.5,56
"4139",731,0.130763596204844,66,38,16.0021793932701
"4140",734,0.00418445925319779,18.5,10.5,50.0000697409876
"4141",736,0,59.5,34.5,44
"4142",738,0.0014551923430258,53.5,31.5,20.0000242532057
"4143",749,0.00591918611780803,22.5,12.5,28.000098653102
"4144",751,0.00522648409053353,34.5,20.5,46.0000871080682
"4145",748,0.000522570571917309,52.5,29.5,52.0000087095095
"4146",753,0.0031153703173256,61.5,35.5,58.0000519228386
"4147",755,0,68,39,8
"4148",850,0,9,5,36
"4149",876,0,43.5,25.5,44
"4150",917,0,52.5,30.5,34
"4151",919,0.003051234405886,42,25,48.0000508539068
"4152",925,0.00428179967299961,56.5,32.5,24.0000713633279
"4153",927,0.0041937619110866,28.5,16.5,26.0000698960319
"4154",931,0.0118551185992572,28.5,15.5,46.00019758531
"4155",933,0,55,32,30
"4156",935,0.00022984702496803,33,18,38.0000038307837
"4157",945,0.0147254229671072,46.5,27.5,12.0002454237161
"4158",948,0,12,6,44
"4159",955,0,53,31,40
"4160",962,0,47.5,27.5,26
"4161",961,0.000688631103827918,31,18,40.0000114771851
"4162",960,0,46,26,22
"4163",959,0,22.5,11.5,46
"4164",958,0,55.5,32.5,28
"4165",957,0,31.5,17.5,14
"4166",956,0,15,8,46
"4167",963,0.000688631103827918,52.5,29.5,20.0000114771851
"4168",970,0,24.5,14.5,26
"4169",976,0,28,15,36
"4170",1011,0,43.5,25.5,32
"4171",1021,0,39,23,40
"4172",1024,0,49.5,29.5,18
"4173",1026,0,21,12,38
"4174",1038,0,47,28,16
"4175",1644,0.0429134326978892,18.5,10.5,48.0007152238783
"4176",1730,0.0759488718762788,56.5,32.5,18.0012658145313
"4177",1732,0,18,9,16
"4178",1731,0,18,10,46
"4179",1743,0.00724793215117085,53,30,14.0001207988692
"4180",1742,0,15.5,8.5,24
"4181",1645,0.0797932671385688,29.5,17.5,46.0013298877856
"4182",1685,0.0414573711475836,54.5,31.5,44.0006909561858
"4183",1688,0,50.5,28.5,26
"4184",1697,0,29.5,16.5,36
"4185",1687,0.000621571751106865,43,25,58.0000103595292
"4186",1686,0,68,39,40
"4187",1698,0.000621571751106865,48,28,6.00001035952918
"4188",1701,0.00541754930333855,6,3,38.0000902924884
"4189",1703,0,45,26,30
"4190",1708,0.0336193789882139,36,21,16.0005603229831
"4191",1707,0,17,9,30
"4192",667,0.254583796336281,33.5,18.5,34.0042430632723
"4193",737,0.246555452958419,38,21,36.0041092575493
"4194",747,0.00690328937737663,41.5,23.5,16.000115054823
"4195",752,0.000522570571917309,19,11,36.0000087095095
"4196",739,0.00903354381082217,41.5,23.5,2.00015055906351
"4197",690,0.0351985961682274,2.5,1.5,34.0005866432695
"4198",696,0.00278885847706567,39.5,22.5,48.0000464809746
"4199",691,0.00527021358321929,55,31,26.0000878368931
"4200",693,0,27.5,14.5,22
"4201",695,0.000365744467391309,24.5,13.5,54.0000060957411
"4202",697,0.00405371611325366,62.5,35.5,12.0000675619352
"4203",699,0.000365744955261027,12.5,6.5,12.0000060957493
"4204",683,0.0121272734529814,15,9,42.0002021212242
"4205",677,0.00828165665922517,49,28,28.000138027611
"4206",673,0.00457686096747611,34,20,42.0000762810161
"4207",685,0.0297503802903874,50.5,29.5,44.0004958396715
"4208",638,0.123114005929796,51.5,29.5,30.0020519000988
"4209",637,0.000602572947035058,36.5,21.5,34.0000100428825
"4210",636,0,40,23,30
"4211",639,0.000602572947035058,32.5,17.5,42.0000100428825
"4212",641,0,52,31,36
"4213",643,0.000643252459133658,43,25,28.0000107208743
"4214",642,0.000878376420675881,30.5,16.5,40.000014639607
"4215",644,0.000688796404137461,48.5,28.5,42.0000114799401
"4216",657,0.0664028703232522,50,29,28.0011067145054
"4217",676,0.0324735798726843,32,18,36.0005412263312
"4218",680,0.00471466904291685,44.5,26.5,16.0000785778174
"4219",684,0.0214573623121247,17.5,9.5,40.0003576227052
"4220",689,0.00232988453826586,45.5,25.5,54.000038831409
"4221",688,0.00219066362702557,63.5,36.5,24.0000365110605
"4222",687,0.00219066362702557,30,18,6.00003651106045
"4223",654,0.0300587956232566,6.5,3.5,2.00050097992705
"4224",645,0.0673905662725117,2.5,1.5,36.0011231761045
"4225",648,0.0759072004129064,43,25,24.0012651200069
"4226",445,0.221431446757385,26.5,14.5,10.0036905241126
"4227",448,0.0018983292697174,11.5,6.5,44.0000316388212
"4228",450,0,51.5,29.5,18
"4229",455,0.00194346070854413,21,12,26.0000323910118
"4230",459,0,27.5,14.5,46
"4231",462,0.00710094908165069,52.5,29.5,16.0001183491514
"4232",461,0.00212316322991553,17,9,24.0000353860538
"4233",460,0.00710094908165069,27,15,26.0001183491514
"4234",463,0.00212316322991553,28,15,44.0000353860538
"4235",465,0.000826975987403988,50,28,20.0000137829331
"4236",473,0.00374562534797074,21.5,11.5,34.0000624270891
"4237",478,0.000125451798997407,42.5,25.5,28.0000020908633
"4238",480,0,32,18,44
"4239",482,0,52.5,30.5,8
"4240",481,0.000333584781252672,9,5,10.0000055597464
"4241",477,0.00011616957523516,12.5,7.5,36.0000019361596
"4242",474,0.000125451798997407,41.5,23.5,22.0000020908633
"4243",476,0,27.5,16.5,34
"4244",475,0.000222389851339155,37.5,20.5,28.0000037064975
"4245",479,0.000160809464715419,34.5,20.5,20.0000026801577
"4246",472,0.000310982938203754,24.5,14.5,26.000005183049
"4247",471,0.000125451802866536,29.5,16.5,14.0000020908634
"4248",470,5.80847912968391e-05,17,10,24.0000009680799
"4249",469,5.80847912968391e-05,26.5,14.5,12.0000009680799
"4250",468,0.000206709693789602,13,7,6.00000344516156
"4251",467,0.000206709693789602,6,3,30.0000034451616
"4252",483,0.000686374692698686,34,19,32.0000114395782
"4253",486,0,39,23,8
"4254",489,0,8,4,32
"4255",488,0.000125451799972725,39,23,48.0000020908633
"4256",487,0,57,33,28
"4257",490,0.000125451799972725,31,17,52.0000020908633
"4258",495,0.0218449278809097,61.5,35.5,18.0003640821313
"4259",497,0,19,10,38
"4260",496,0.000232348663061591,44.5,25.5,24.0000038724777
"4261",498,0.000232348663061591,28.5,16.5,14.0000038724777
"4262",501,0.00685439472085566,16.5,9.5,50.000114239912
"4263",499,0.00730290590751971,59.5,34.5,32.0001217150985
"4264",494,0.00663006320311798,38.5,22.5,18.0001105010534
"4265",503,0.0164909991344819,22,13,40.0002748499856
"4266",506,0.000667169559676051,47.5,27.5,24.0000111194927
"4267",509,0,29,17,28
"4268",512,0,32.5,18.5,34
"4269",515,0.00031098350936597,40.5,23.5,46.0000051830585
"4270",517,0,53,30,18
"4271",514,0.000250903720071128,20.5,11.5,26.0000041817287
"4272",518,0.000250903720071128,30,17,16.0000041817287
"4273",520,0,17.5,9.5,30
"4274",519,0.000206710032787968,36.5,21.5,30.0000034451672
"4275",516,0.00012545186433532,37,22,36.0000020908644
"4276",521,0.000232339694012236,40.5,22.5,50.0000038723282
"4277",523,0,60,35,24
"4278",525,0.000206710099750601,26.5,14.5,22.0000034451683
"4279",528,0.00193830403939163,23,12,36.0000323050673
"4280",526,0.00253645539550005,44,26,24.0000422742566
"4281",530,0.00157198447545319,27.5,15.5,48.0000261997413
"4282",527,0.00221148141317208,57,33,32.0000368580235
"4283",531,0.00260810589784075,39,23,8.00004346843163
"4284",646,0.118176921876442,9.5,5.5,54.0019696153646
"4285",653,0.0137559492480766,64,37,16.0002292658208
"4286",674,0.0478613176387521,19,11,12.0007976886273
"4287",672,0.00261691019769302,12.5,6.5,46.00004361517
"4288",740,0.0422253836463698,55,32,12.0007037563941
"4289",742,0.00456822633202856,14,8,18.0000761371055
"4290",741,0.00601154030339007,19,10,36.0001001923384
"4291",743,0.00144553404643633,44,26,54.0000240922341
"4292",746,0.00200487456064575,64,37,14.000033414576
"4293",745,0,14.5,7.5,24
"4294",744,0.00200487456064575,27.5,15.5,18.000033414576
"4295",750,0.0707205692340726,20,11,4.0011786761539
"4296",1624,0.122351457621068,4.5,2.5,22.0020391909603
"4297",1630,0.01108509077114,26.5,15.5,48.0001847515129
"4298",1632,0,58,34,16
"4299",1824,0.2566278900776,17.5,9.5,34.0042771315013
"4300",1890,0.0550846294507501,41.5,24.5,16.0009180771575
"4301",2186,0.0963091236417345,19.5,11.5,26.0016051520607
"4302",2253,0.0738877530867108,32.5,19.5,38.0012314625514
"4303",2250,0.00347079722829142,46,27,22.0000578466205
"4304",2698,0.0790033341916195,26,15,42.0013167222365
"4305",2639,0.01195123850573,48.5,27.5,56.0001991873084
"4306",2641,0,65.5,37.5,12
"4307",2636,0.000826480455838762,12.5,6.5,20.0000137746743
"4308",2642,0.000826480455838762,25,15,16.0000137746743
"4309",2646,0.000442178685500265,18,10,42.0000073696448
"4310",2643,0.000442178685500265,51,30,34.0000073696448
"4311",2627,0.00351219435900388,39.5,22.5,46.0000585365727
"4312",2644,0.00351219435900388,55,32,46.0000585365727
"4313",2620,0.0105501716039506,56,33,16.0001758361934
"4314",2625,0.00578941638988822,19,11,20.0000964902732
"4315",2623,0.000282461990210058,25,15,16.0000047076998
"4316",2633,0.00106829216723258,17,9,54.0000178048695
"4317",2648,0.00133903151009901,62.5,35.5,54.0000223171918
"4318",2689,0.00413544745298505,63,36,30.0000689241242
"4319",2671,0.00707232910056599,34,19,28.0001178721517
"4320",2650,0.00128606456464616,32,18,56.0000214344094
"4321",2640,0.000878047300226234,66,38,18.0000146341217
"4322",2664,0.00123514074670329,18,9,48.0000205856791
"4323",2629,0.00807454325922344,56.5,32.5,32.000134575721
"4324",2572,0.0193912606648975,38,22,40.0003231876778
"4325",2506,0.00789499659709942,49,29,56.0001315832766
"4326",2504,0.00178006522821425,65.5,37.5,12.0000296677538
"4327",2293,0.0265092496782296,14,8,32.000441820828
"4328",2282,0.00116792048508646,39.5,23.5,54.0000194653414
"4329",2289,0.00319043265763839,64,37,28.0000531738776
"4330",2316,0.00249612166156845,32.5,18.5,8.00004160202769
"4331",2331,0.00303027850140945,9,5,24.0000505046417
"4332",2327,0.00155773612820252,26,14,28.0000259622688
"4333",2313,0.00260778746024964,35,21,50.0000434631243
"4334",2303,0.00144627068291304,59.5,34.5,30.0000241045114
"4335",2329,0.00267073548221465,37,22,42.000044512258
"4336",2280,0.00547033705041392,51,30,28.0000911722842
"4337",2291,0.00173116561711241,31.5,17.5,10.0000288527603
"4338",2278,0.00157345710466911,11.5,6.5,32.0000262242851
"4339",2272,0.0036562489171001,36.5,20.5,56.000060937482
"4340",2268,0.00650782099574451,65,37,8.00010846368326
"4341",2238,0.0365551592628888,8.5,4.5,16.0006092526544
"4342",2583,0.0574961839873499,19,11,32.0009582697331
"4343",2721,0.0456142089958424,37,21,30.0007602368166
"4344",2723,0,37.5,22.5,20
"4345",2722,0,23.5,13.5,34
"4346",2765,0.0261493561888284,38.5,21.5,32.0004358226032
"4347",2653,0.0891430123505381,35.5,19.5,16.0014857168725
"4348",2710,0.0106605049153971,17.5,9.5,0.000177675081923285
"4349",2693,0.00857145966102467,0,0,22.000142857661
"4350",2691,0.00082027307242223,22.5,11.5,44.0000136712179
"4351",2715,0.00957971097005888,52,30,18.0001596618495
"4352",2752,0.036266246092384,20.5,11.5,46.0006044374349
"4353",2754,0.00150159364403229,54.5,31.5,36.0000250265607
"4354",2750,0.0331887478622148,43.5,25.5,24.0005531457977
"4355",2733,0.00677914961902104,26.5,14.5,0.000112985826983684
"4356",2264,0.0806398769567367,0,0,20.0013439979493
"4357",2549,0.148807747764976,25,15,26.0024801291294
"4358",2554,0.000353203015952713,27.5,14.5,14.0000058867169
"4359",2547,0.0009063268797199,16,9,16.000015105448
"4360",2345,0.0357495969358151,16.5,8.5,54.0005958266156
"4361",2348,0.00233509346028082,63,36,48.0000389182243
"4362",2346,0.00233509346028082,57.5,33.5,38.0000389182243
"4363",2370,0.00303485754804781,42.5,23.5,12.0000505809591
"4364",2523,0.0183183945075225,12.5,6.5,52.0003053065751
"4365",2532,0.00088428210619007,61.5,35.5,22.0000147380351
"4366",2536,0.000602496540247451,27.5,16.5,14.000010041609
"4367",2535,0.0001254301315947,15,8,40.0000020905022
"4368",2533,0.000602496540247451,49,29,16.000010041609
"4369",2546,0.00125430102454712,16,8,6.00002090501708
"4370",2545,0.000602496524856293,7.5,4.5,14.0000100416087
"4371",2534,0.00125430102454712,16,9,4.00002090501708
"4372",2562,0.00345343182500645,5,3,36.0000575571971
"4373",2557,0.00113542359851442,40,22,48.0000189237266
"4374",2335,0.0286797630094656,56,32,40.0004779960502
"4375",2311,0.00264990192307001,45.5,25.5,40.0000441650321
"4376",2306,0.00305787158996633,49.5,29.5,20.0000509645265
"4377",2297,0.000825106994683397,21,11,40.0000137517832
"4378",2235,0.0291018315484027,49.5,29.5,46.0004850305258
"4379",2551,0.0801570459913776,53.5,30.5,8.00133595076652
"4380",2550,5.80378432902222e-05,10,6,14.0000009672974
"4381",2696,0.0619384370225827,17.5,10.5,16.0010323072837
"4382",1944,0.140040546347369,20,12,18.0023340091058
"4383",1949,0,22.5,13.5,16
"4384",1954,0,16,8,40
"4385",1903,0.0124578561937375,45.5,25.5,20.0002076309366
"4386",2031,0.0349984928675481,21,11,48.0005833082145
"4387",2034,0.00123947299877374,56,32,46.0000206578833
"4388",2033,0.000365585911876645,54,31,16.0000060930985
"4389",2035,0.000222389854168448,16,8,56.0000037064976
"4390",2050,0.00852968091962181,66,38,30.0001421613487
"4391",2040,0.0029217003658361,35,20,32.0000486950061
"4392",2038,0.00233044917224739,35,19,46.0000388408195
"4393",2046,0.00540877204620284,55.5,32.5,48.0000901462008
"4394",2030,0.0182229688776736,55,31,20.000303716148
"4395",2697,0.170698636628606,21.5,11.5,26.0028449772771
"4396",1905,0.21445961686479,32,19,24.0035743269477
"4397",1901,0.00357435509877728,25.5,13.5,36.000059572585
"4398",1846,0.216113516045368,43.5,25.5,36.0036018919341
"4399",1845,0,43,25,6
"4400",1844,0,6.5,3.5,32
"4401",1848,0.00085267867853723,35,19,34.0000142113113
"4402",1856,0.0068596724845285,40,23,12.0001143278747
"4403",1855,0,14,8,40
"4404",1854,0,48.5,28.5,58
"4405",1853,0,68,39,4
"4406",1852,0,4.5,2.5,30
"4407",1880,0.0662646986007666,36,21,30.0011044116433
"4408",2063,0.076971998212325,34.5,19.5,18.0012828666369
"4409",1983,0.0221775897293052,19.5,10.5,16.0003696264955
"4410",1976,0.00384262852697338,16.5,8.5,26.0000640438088
"4411",1979,0,32.5,19.5,12
"4412",1978,0,13.5,7.5,50
"4413",1977,0,59.5,34.5,30
"4414",1974,0.000906446427539301,35.5,20.5,34.0000151074405
"4415",1972,0.00159521840399538,38,21,54.0000265869734
"4416",1971,0,62.5,35.5,14
"4417",1964,0.000797609190613185,17,10,36.0000132934865
"4418",1963,0,41,23,10
"4419",1962,0,12.5,7.5,24
"4420",1961,0,29,17,30
"4421",1960,0,37,22,28
"4422",1959,0,32.5,18.5,28
"4423",1958,0,33.5,19.5,6
"4424",1957,0,6.5,3.5,20
"4425",1956,0,24.5,14.5,30
"4426",1948,0.000812262107504818,33.5,18.5,18.0000135377018
"4427",1947,0,22,13,14
"4428",1946,0,17.5,10.5,32
"4429",1945,0,35.5,19.5,18
"4430",1953,0.000333584781252672,19.5,10.5,48.0000055597464
"4431",1952,0,56,32,22
"4432",1951,0,26.5,15.5,6
"4433",1950,0,6,3,28
"4434",2210,0.0446882682882979,33.5,19.5,24.0007448044715
"4435",2216,0.00233457693038921,28,16,44.0000389096155
"4436",2226,0.0071883480448558,50,28,26.0001198058007
"4437",2223,0.0011289232941801,31,18,20.0000188153882
"4438",2218,0.00128194209833815,23.5,13.5,38.0000213657016
"4439",2231,0.00453242959024768,47,28,22.0000755404932
"4440",2242,0.0165820643189118,26,15,34.0002763677386
"4441",2246,0.0149444518523939,41,24,46.0002490741975
"4442",2541,0.0387833406940124,53,30,18.0006463890116
"4443",2555,0.00156226303538927,20,11,38.0000260377173
"4444",2563,0.00113542359851442,46.5,27.5,12.0000189237266
"4445",2565,0,13.5,7.5,40
"4446",2568,0.000116075722629824,47.5,27.5,12.0000019345954
"4447",2566,0.000365549544082556,12,6,28.0000060924924
"4448",2569,0.00036560507369868,31,17,50.0000060934179
"4449",2564,0.0012446708532183,59,34,36.0000207445142
"4450",2570,0.0012446708532183,44.5,26.5,34.0000207445142
"4451",2567,0.00357523669735878,41,24,40.0000595872783
"4452",2539,0.0032578448658655,46.5,26.5,42.0000542974144
"4453",2524,0.00139757279758694,48,27,40.00002329288
"4454",2556,0.00493905131701375,50,30,40.000082317522
"4455",2511,0.00432905131420047,49.5,29.5,34.0000721508552
"4456",2585,0.0135605983920231,40.5,23.5,30.0002260099732
"4457",2587,0.000477631757462784,36.5,21.5,38.0000079605293
"4458",2602,0.0349356261503543,46,27,50.0005822604358
"4459",2561,0.0178757465060004,58.5,33.5,50.0002979291084
"4460",2589,0.136913321504232,60,35,48.0022818886917
"4461",2158,0.0945027093251106,58,34,32.0015750451554
"4462",1683,0.262086753578346,36,20,42.0043681125596
"4463",1682,0,51.5,30.5,24
"4464",1681,0,29.5,17.5,34
"4465",1680,0,42,25,16
"4466",1679,0,18.5,10.5,34
"4467",1678,0,40,23,26
"4468",1700,0.0677861189520918,29.5,16.5,14.0011297686492
"4469",1699,0.00541754930333855,14,7,34.0000902924884
"4470",1755,0.0776382990110976,37.5,20.5,18.0012939716502
"4471",1804,0.114597362312975,20.5,11.5,12.0019099560385
"4472",1725,0.215372635410956,14.5,8.5,32.0035895439235
"4473",1724,0,40,24,20
"4474",1710,0.00544717747722549,21,11,22.0000907862913
"4475",1722,0.00292485832953665,24.5,13.5,20.0000487476388
"4476",1736,0.0136856524599224,24.5,14.5,40.0002280942077
"4477",1738,0.00052243207648279,47.5,27.5,40.0000087072013
"4478",1669,0.074508320615626,45.5,25.5,32.0012418053436
"4479",1696,0.00871229218538118,39.5,23.5,34.0001452048698
"4480",1695,0,39,22,14
"4481",1694,0,16.5,9.5,34
"4482",1693,0,42,25,4
"4483",1692,0,5,3,34
"4484",1691,0,42.5,25.5,28
"4485",1690,0,30,16,58
"4486",1689,0,67.5,38.5,28
"4487",1670,0.00871229218538118,34.5,20.5,26.0001452048698
"4488",1672,0,28.5,15.5,52
"4489",1675,0,61,35,54
"4490",1674,0.0157214123533451,63,36,32.0002620235392
"4491",1673,0,37,21,36
"4492",1676,0.0157214123533451,42,24,26.0002620235392
"4493",1649,0.025079605224615,31.5,18.5,38.0004179934204
"4494",1661,0,45,26,10
"4495",1668,0,12,7,30
"4496",1667,0,36.5,21.5,40
"4497",1666,0,50,30,26
"4498",1665,0,29.5,16.5,50
"4499",1664,0,59,34,32
"4500",1663,0,37,21,18
"4501",1662,0,21,12,36
"4502",1660,0.00324253051433394,41.5,23.5,36.0000540421752
"4503",1659,0,44.5,26.5,26
"4504",1658,0,32.5,19.5,24
"4505",1657,0,28.5,16.5,38
"4506",1656,0,44.5,25.5,22
"4507",1655,0,24,13,34
"4508",1654,0,41,24,30
"4509",1653,0,35.5,20.5,24
"4510",1652,0,25,13,36
"4511",1651,0,42,24,52
"4512",1650,0,60.5,34.5,12
"4513",1671,0.00886276320105315,15,9,52.00014771272
"4514",1753,0.0554896227003011,61,35,46.000924827045
"4515",1752,0,53.5,30.5,28
"4516",1751,0,32,18,24
"4517",1750,0,28,16,38
"4518",1762,0.0832603636579471,44,25,44.0013876727276
"4519",1882,0.112005202452564,51.5,29.5,48.0018667533742
"4520",2021,0.0886034330760842,57,33,26.0014767238846
"4521",2593,0.159282754530337,30.5,17.5,2.00265471257551
"4522",2592,0,2.5,1.5,24
"4523",2591,0,28,16,28
"4524",2586,0.00128882323432409,30,16,28.0000214803872
"4525",2882,0.113897078108634,31,17,24.0018982846351
"4526",2916,0.0114202956150053,26.5,14.5,40.0001903382603
"4527",2921,0.00911381193847748,47.5,27.5,38.0001518968656
"4528",2920,0,47,28,18
"4529",2919,0,22,13,20
"4530",2877,0.0238855138765357,21,11,28.0003980918979
"4531",2875,0.00103174972140881,34.5,20.5,26.0000171958287
"4532",2879,0.000820622331511331,32.5,19.5,30.0000136770389
"4533",2873,0.00181114924185721,32.5,17.5,12.0000301858207
"4534",2880,0.00190813112692267,13,7,28.0000318021855
"4535",2884,0.0009328162568435,33.5,19.5,52.0000155469376
"4536",2898,0.00489072809715165,61.5,35.5,16.000081512135
"4537",2903,0.00108284075267279,19,11,40.0000180473459
"4538",2960,0.197689994874005,47,27,24.0032948332479
"4539",2936,0.0399121353462654,29,17,48.0006652022558
"4540",2941,0.075207330128369,55,31,22.0012534555021
"4541",2758,0.112132954107238,26,15,58.0018688825685
"4542",2840,0.0256185740653207,67.5,38.5,4.00042697623442
"4543",2887,0.0406809235833745,5,3,32.0006780153931
"4544",2924,0.024709075420974,38.5,22.5,14.0004118179237
"4545",2859,0.0439287335189246,15.5,8.5,50.0007321455586
"4546",2937,0.0689074573950492,57.5,32.5,36.0011484576233
"4547",2885,0.210401822472107,42.5,24.5,36.0035066970412
"4548",3366,0.205766551687268,43.5,25.5,30.0034294425281
"4549",3404,0.0164673529423432,37,22,46.0002744558824
"4550",3392,0.0107709086101418,53,30,42.0001795151435
"4551",3391,0,47.5,26.5,54
"4552",3506,0.0340092384353628,62.5,35.5,18.0005668206406
"4553",3627,0.10102155827871,19.5,10.5,18.001683692638
"4554",3634,0.00331166120652639,22,13,36.0000551943534
"4555",3641,0.0183363830604776,41,23,36.0003056063843
"4556",3624,0.0284869465813669,43.5,25.5,44.000474782443
"4557",3735,0.0822758421248715,50.5,28.5,16.0013712640354
"4558",3737,0.000250880243439196,19.5,11.5,36.0000041813374
"4559",3739,0.000282480932706835,44,26,20.0000047080155
"4560",3738,0.00101579893260422,24.5,14.5,12.0000169299822
"4561",3742,0.00171829076400596,13.5,7.5,32.0000286381794
"4562",3798,0.0274265862729439,35.5,19.5,42.0004571097712
"4563",4033,0.166945194164339,49,28,18.0027824199027
"4564",4497,0.196958082822094,19,10,22.0032826347137
"4565",4531,0.0575829292848494,26,15,24.0009597154881
"4566",4915,0.0636921703185589,30,18,46.001061536172
"4567",4914,0,55.5,32.5,18
"4568",4913,0,21.5,12.5,14
"4569",4912,0,15.5,8.5,44
"4570",4911,0,53.5,31.5,20
"4571",4910,0,21.5,11.5,20
"4572",4909,0,25,15,36
"4573",4908,0,44,26,46
"4574",4907,0,56,33,16
"4575",4906,0,16,8,12
"4576",4905,0,12.5,6.5,14
"4577",4904,0,15.5,8.5,26
"4578",4903,0,29,16,48
"4579",4902,0,55.5,31.5,54
"4580",4901,0,64,37,36
"4581",4900,0,42.5,24.5,16
"4582",4899,0,17,9,20
"4583",4975,0.00620261315938042,20,10,46.000103376886
"4584",4379,0.170779029034752,54.5,31.5,38.0028463171506
"4585",4370,0.00128726658597504,45,26,20.0000214544431
"4586",4380,0.00566809491694083,22,12,56.0000944682486
"4587",4414,0.00255935491621701,65,37,50.0000426559153
"4588",4413,0,58.5,33.5,34
"4589",4412,0,37.5,20.5,16
"4590",4386,0.0129665475346077,18.5,10.5,20.0002161091256
"4591",4385,0,20.5,10.5,12
"4592",4384,0,12,6,10
"4593",4974,0.100189483297108,10,5,50.0016698247216
"4594",5064,0.202431679640921,60,35,52.0033738613273
"4595",5074,0.0110709571572093,62,36,20.0001845159526
"4596",4697,0.0759060029476668,23,13,36.0012651000491
"4597",4696,0,43.5,25.5,40
"4598",4695,0,47,27,24
"4599",4694,0,26,14,18
"4600",4679,5.80764517234853e-05,18.5,9.5,38.0000009679409
"4601",4678,0,47.5,28.5,30
"4602",4677,0,35.5,20.5,20
"4603",4673,0,20,10,44
"4604",4685,0,53,31,44
"4605",4684,0,51.5,29.5,10
"4606",4683,0,11.5,6.5,48
"4607",4676,0,55,31,8
"4608",4672,0,10,6,28
"4609",4667,5.8076452092916e-05,33.5,19.5,14.0000009679409
"4610",4670,0,16,9,38
"4611",4669,0,45,26,36
"4612",4668,0,43,25,14
"4613",4665,0,15,8,24
"4614",4663,0,26.5,14.5,42
"4615",4660,0,47.5,26.5,48
"4616",4666,0,56.5,32.5,16
"4617",4662,0,17,9,22
"4618",4661,0,23,12,52
"4619",4659,0,60.5,34.5,58
"4620",4664,0,67.5,38.5,50
"4621",4658,0,59,34,36
"4622",4656,0,44,26,54
"4623",4654,5.80764533784622e-05,63.5,36.5,28.0000009679409
"4624",4652,5.80764517234853e-05,30,16,36.0000009679409
"4625",4655,5.80764517234853e-05,41.5,23.5,30.0000009679409
"4626",4657,0.000111194927084224,34.5,19.5,16.0000018532488
"4627",4675,5.80764537478929e-05,17.5,9.5,28.0000009679409
"4628",4674,0,34,20,30
"4629",4692,5.80764533784622e-05,36.5,21.5,36.0000009679409
"4630",4691,0,43.5,25.5,40
"4631",4315,0.12449556635255,47.5,27.5,24.0020749261059
"4632",4314,0.00112904370900031,26,14,42.0000188173952
"4633",5453,0.253564585353138,51.5,30.5,38.0042260764226
"4634",5455,0.0706093752951849,47.5,28.5,38.0011768229216
"4635",4844,0.15480151836266,44.5,25.5,2.00258002530604
"4636",4487,0.0642061023331132,2.5,1.5,10.0010701017056
"4637",4256,0.0659348825291539,12,7,18.0010989147088
"4638",4255,0.000923623822985937,22,13,44.0000153937304
"4639",4254,0.000923623822985937,52.5,30.5,22.0000153937304
"4640",4253,0,24,13,36
"4641",4250,0.00233193346564789,43,25,22.0000388655578
"4642",4252,0,27,16,22
"4643",4251,0.00691849517435885,25,14,30.0001153082529
"4644",3881,0.200519462073929,37,22,40.0033419910346
"4645",3209,0.265807766227011,49,29,12.0044301294371
"4646",3208,0,13.5,7.5,14
"4647",3207,0,16.5,9.5,36
"4648",3206,0,40,22,50
"4649",3205,0,59.5,34.5,34
"4650",3204,0.00761121762683045,40,23,30.0001268536271
"4651",2616,0.262894192932412,34,19,10.0043815698822
"4652",2609,0.288018820169152,12.5,7.5,10.0048003136695
"4653",2604,0.00150142280162473,10,5,22.0000250237134
"4654",2720,0.0323544117382312,25,14,18.0005392401956
"4655",2894,0.129196027025023,21,12,46.0021532671171
"4656",3007,0.0739423281845739,55.5,32.5,46.0012323721364
"4657",3009,0.000206634635389954,53,30,40.0000034439106
"4658",2959,0.0253114064135792,47.5,27.5,12.0004218567736
"4659",2022,0.286514108980293,13.5,7.5,22.0047752351497
"4660",2025,0,23.5,12.5,26
"4661",2042,0.297635072776586,30.5,17.5,52.0049605845463
"4662",1907,0.0771936111067324,62,36,16.0012865601851
"4663",1913,0.0052834567772847,18.5,10.5,10.000088057613
"4664",1994,0.011732789927028,12.5,7.5,38.0001955464988
"4665",1985,0.000727571304761307,46.5,27.5,36.0000121261884
"4666",2015,0.00234352620020771,43,25,26.00003905877
"4667",2013,0.00153716902692584,31.5,18.5,26.0000256194838
"4668",2017,0.000290249601596194,27.5,14.5,46.0000048374934
"4669",2014,0.000290249601596194,54.5,31.5,12.0000048374934
"4670",1986,0.00234352620020771,13.5,7.5,24.00003905877
"4671",1926,0.00955779348956815,29,17,28.0001592965582
"4672",1910,0.00509866464466708,34,20,20.0000849777441
"4673",2019,0.0161876864200498,23,13,20.0002697947737
"4674",2237,0.0529456785981195,20,10,36.0008824279766
"4675",2240,0.00409738930118766,40,22,12.0000682898217
"4676",2871,0.178077033335187,13.5,7.5,12.0029679505556
"4677",2032,0.263094468016596,12.5,6.5,40.0043849078003
"4678",2748,0.189584125619579,45.5,25.5,6.00315973542699
"4679",2841,0.190741352805352,7.5,4.5,14.0031790225468
"4680",2236,0.385763196262643,16,9,30.0064293866044
"4681",3157,0.284654762428332,35.5,20.5,36.0047442460405
"4682",3156,0,42,24,28
"4683",3179,0.00657469549238824,31,17,10.0001095782582
"4684",3202,0.0204803492966418,12.5,7.5,8.00034133915494
"4685",3757,0.287287434925802,10,6,26.0047881239154
"4686",3356,0.281003715491536,30,17,28.0046833952582
"4687",3354,0.0031986477712022,33.5,19.5,42.0000533107962
"4688",3357,0.0755051303796736,49.5,28.5,16.0012584188397
"4689",3351,0.134468588429251,18,10,26.0022411431405
"4690",2963,0.142494192525801,31,18,14.0023749032088
"4691",3288,0.382623893493548,14,7,14.0063770648916
"4692",3682,0.139770201834145,14,7,48.0023295033639
"4693",3399,0.0963672960669313,57.5,33.5,28.0016061216011
"4694",3338,0.109223874524906,35,21,44.0018203979088
"4695",3337,0,52.5,30.5,42
"4696",3266,0.0268676909370479,52,31,18.000447794849
"4697",2759,0.226069275385486,20.5,11.5,34.0037678212564
"4698",2851,0.171275495200233,39.5,22.5,28.0028545915867
"4699",3151,0.157306168692559,30,16,30.0026217694782
"4700",3030,0.0838110047221033,33,18,38.0013968500787
"4701",2983,0.0952310484276621,44.5,25.5,12.0015871841405
"4702",2970,0.0990897268259537,12,6,8.0016514954471
"4703",3267,0.266052159227067,9.5,5.5,12.0044342026538
"4704",3908,0.333883426286769,13,7,28.0055647237714
"4705",3889,0.109806958758907,30,16,38.0018301159793
"4706",3886,0.00313784499485093,44.5,25.5,22.0000522974166
"4707",4096,0.183776766716184,23.5,12.5,40.0030629461119
"4708",4859,0.460804250615404,48.5,28.5,46.0076800708436
"4709",5120,0.202309619752024,54,31,22.0033718269959
"4710",5001,0.160025298508317,23.5,12.5,52.0026670883085
"4711",5274,0.530989665653894,62,36,40.0088498277609
"4712",5825,0.549740910674477,50,30,30.0091623485112
"4713",5824,0.0013655360556485,36,21,44.0000227589343
"4714",5826,0.00023217629546447,52.5,30.5,8.00000386960492
"4715",5823,0.00151323629780368,9,5,8.00002522060496
"4716",5822,0.000290220269826598,8,4,24.0000048370045
"4717",5827,0.00151323629780368,25,13,46.000025220605
"4718",5829,0.00256799197710453,52.5,29.5,8.00004279986629
"4719",5832,0.0251749031898507,8,4,16.0004195817198
"4720",5831,0.066104630281901,16,8,22.001101743838
"4721",5830,0.0251749031898507,23,12,28.0004195817198
"4722",5833,0.066104630281901,34,20,42.001101743838
"4723",5842,0,50.5,29.5,24
"4724",5866,0,27,15,8
"4725",5880,0,9.5,5.5,56
"4726",5865,0.00240302446329494,65.5,37.5,8.00004005040772
"4727",5864,0,10,6,46
"4728",5863,0,52.5,29.5,38
"4729",5862,0,47.5,28.5,38
"4730",5861,0,45,26,40
"4731",5860,0,48.5,28.5,10
"4732",5859,0,10,5,8
"4733",5858,0,9.5,5.5,24
"4734",5857,0,27,15,42
"4735",5856,0,50,29,18
"4736",5855,0,20,11,32
"4737",5854,0,37.5,21.5,44
"4738",5853,0,50.5,28.5,24
"4739",5852,0,29.5,17.5,38
"4740",5851,0,42.5,23.5,32
"4741",5850,0,37.5,21.5,28
"4742",5849,0,34.5,20.5,58
"4743",5848,0,68,39,20
"4744",5847,0,24,14,10
"4745",5846,0,10.5,5.5,42
"4746",5845,0,51,30,32
"4747",5844,0,36,20,32
"4748",5843,0,38,22,40
"4749",5879,0.00236972355129374,45,25,36.0000394953925
"4750",5878,0,45,27,10
"4751",5877,0,12,7,48
"4752",5876,0,56,32,40
"4753",5875,0,46.5,26.5,56
"4754",5874,0,66,38,54
"4755",5873,0,63,36,36
"4756",5872,0,40,22,32
"4757",5871,0,36.5,20.5,36
"4758",5870,0,45,27,6
"4759",5869,0,7.5,4.5,22
"4760",5868,0,27,16,30
"4761",5867,0,34,19,42
"4762",5881,0.00421700216082171,49,28,6.00007028336935
"4763",5887,0,7,4,8
"4764",5890,0,8.5,4.5,4
"4765",5919,0.00330164686256351,4.5,2.5,34.0000550274477
"4766",5923,0,39,22,24
"4767",5922,0.0106776341638578,25,13,22.0001779605694
"4768",5921,0,23.5,12.5,48
"4769",5920,0,57,33,38
"4770",5924,0.0106776341638578,46,27,18.0001779605694
"4771",5933,0,18.5,9.5,52
"4772",5935,0,61.5,35.5,30
"4773",5932,0.0432283838017047,37,22,54.0007204730634
"4774",5931,0,64,37,20
"4775",5930,0,21.5,11.5,16
"4776",5929,0,18.5,10.5,34
"4777",5928,0,38,21,44
"4778",5927,0,52.5,30.5,28
"4779",5926,0,35,21,30
"4780",5925,0,33,18,30
"4781",5934,0.0167279150755001,37,22,18.0002787985846
"4782",5936,0.0571443739687369,19.5,10.5,32.0009524062328
"4783",5938,0,37,21,40
"4784",5941,0.000375774204737747,49.5,29.5,28.0000062629034
"4785",5948,0,33,19,48
"4786",5950,0,56.5,32.5,22
"4787",5949,0.000448502244375049,26,15,10.0000074750374
"4788",5951,0.000448502244375049,10,5,32.0000074750374
"4789",5961,0.0026539752553748,37.5,21.5,28.0000442329209
"4790",5964,0,31.5,17.5,20
"4791",5973,0,21.5,11.5,40
"4792",5960,0.00424045870574144,46,26,54.0000706743118
"4793",5959,0,62.5,35.5,16
"4794",5958,0,19.5,11.5,36
"4795",5957,0,41.5,23.5,6
"4796",5956,0,6,3,12
"4797",5955,0,14.5,8.5,44
"4798",5954,0,50,28,44
"4799",5953,0,51,29,42
"4800",5952,0.0026539752553748,47.5,26.5,16.0000442329209
"4801",5974,0.00424045870574144,18,10,36.0000706743118
"4802",5963,0.00448986581793758,45,27,28.000074831097
"4803",5962,0,35,21,32
"4804",5972,0.00211977446473224,37,21,44.0000353295744
"4805",5971,0,52.5,30.5,18
"4806",5970,0,21,12,60
"4807",5969,0,70,40,30
"4808",5968,0,33,18,42
"4809",5967,0,51,30,22
"4810",5966,0,25,14,10
"4811",5965,0,12,7,42
"4812",5975,0.00630785720102631,50,29,30.0001051309534
"4813",5989,0.00216715722164231,36,21,32.000036119287
"4814",5991,0.00351984244154151,38,22,24.0000586640407
"4815",5993,0.000822682618866713,25.5,13.5,10.000013711377
"4816",5995,0.000364160859658222,11,6,52.0000060693477
"4817",5997,0,62,36,10
"4818",5996,0.000115347077862513,11,6,30.0000019224513
"4819",5998,0.000115347077862513,35.5,20.5,26.0000019224513
"4820",5994,0.00216745990441122,32.5,19.5,40.0000361243317
"4821",5999,0.00181392948394393,48.5,28.5,28.0000302321581
"4822",6001,0.00289985601163501,30.5,16.5,28.0000483309335
"4823",6003,0.00355097761168457,34.5,20.5,20.0000591829602
"4824",6007,0.00486929922388065,20,10,46.0000811549871
"4825",6011,0.00804847427037795,54,31,58.0001341412378
"4826",6014,0.000411344734863327,67.5,38.5,26.0000068557456
"4827",6016,0.00016021721809602,30.5,17.5,20.000002670287
"4828",6018,0.000230696724626341,21,11,32.0000038449454
"4829",6020,0.000512192492545436,37.5,21.5,40.0000085365415
"4830",6023,0.00023069671171916,45.5,25.5,2.0000038449452
"4831",6025,0.000288370889465515,2.5,1.5,22.0000048061815
"4832",6024,0.000346045067578741,23,12,20.0000057674178
"4833",6026,5.7674178113226e-05,22.5,12.5,28.0000009612363
"4834",6029,0.00244696815864715,33,19,40.0000407828026
"4835",6032,0.000728325372592401,48.5,28.5,10.0000121387562
"4836",6034,0.000229746678076088,11.5,6.5,34.0000038291113
"4837",6038,0.000459493363148254,41,24,18.0000076582227
"4838",6041,5.76741631799156e-05,21.5,12.5,26.0000009612361
"4839",6040,0.000229746684471444,29.5,16.5,40.0000038291114
"4840",6039,5.76741631799156e-05,45.5,25.5,10.0000009612361
"4841",6042,0.000229746684471444,10.5,5.5,4.00000382911141
"4842",6069,5.76741698169426e-05,4.5,2.5,46.0000009612362
"4843",6072,0,55.5,32.5,26
"4844",6074,0.000222389854168448,30,17,14.0000037064976
"4845",6076,0,15,8,32
"4846",6080,0,37,21,26
"4847",6082,0,31,18,52
"4848",6070,5.76741727685843e-05,61,35,22.0000009612362
"4849",6083,0.000125262210902956,25.5,14.5,52.0000020877035
"4850",6075,0.000111194927084224,61,35,14.0000018532488
"4851",6048,5.76741611537872e-05,14.5,7.5,24.000000961236
"4852",6051,0,30,18,40
"4853",6055,0,45,25,50
"4854",6058,0,57.5,32.5,30
"4855",6062,0,37.5,22.5,26
"4856",6068,0,30.5,17.5,30
"4857",6065,0,34.5,19.5,8
"4858",6067,0,8,4,30
"4859",6064,0,33,18,30
"4860",6063,0,37,22,32
"4861",6043,5.76741698169426e-05,38.5,22.5,14.0000009612362
"4862",6073,0.000229746683490961,14.5,7.5,26.0000038291114
"4863",6085,0.00022974668789577,27.5,14.5,40.0000038291115
"4864",6098,0.000921835356851361,48.5,28.5,46.0000153639226
"4865",6095,0.00061813092359284,54.5,31.5,40.0000103021821
"4866",6094,0.000501048782558345,47,27,44.000008350813
"4867",6099,0.00061813092359284,53.5,31.5,16.0000103021821
"4868",6104,0.000626310723625216,19,11,28.0000104385121
"4869",6100,0.000976884970726372,32,18,28.0000162814162
"4870",6102,0.000222389854168448,30.5,16.5,46.0000037064976
"4871",6101,0.000567814236649475,54,31,48.0000094635706
"4872",6103,0.000786864975883006,56.5,32.5,18.0000131144163
"4873",6106,0.000375786443308946,18,9,6.00000626310739
"4874",6123,0.000320434120925242,6,3,40.0000053405687
"4875",6128,0,47,27,40
"4876",6146,0.000256095819404909,45.5,25.5,24.0000042682637
"4877",6200,0.000440949565439816,29,17,6.00000734915942
"4878",6192,5.76740765316682e-05,7,4,26.0000009612346
"4879",6194,0,30.5,17.5,20
"4880",6193,0.000111194927084224,25,15,38.0000018532488
"4881",6195,0.000111194927084224,42.5,23.5,20.0000018532488
"4882",6197,0.000111194924254931,21,11,46.0000018532487
"4883",6199,0.000111194927084224,54.5,31.5,36.0000018532488
"4884",6147,0.000440949565439816,42,24,14.0000073491594
"4885",6152,0.000111194927084224,15.5,8.5,26.0000018532488
"4886",6156,0,30,17,22
"4887",6158,0,27.5,16.5,20
"4888",6141,0.000160217397121842,20.5,10.5,18.00000267029
"4889",6143,0,20.5,11.5,30
"4890",6145,0,35,20,36
"4891",6148,0.000125262161464745,44,26,18.0000020877027
"4892",6151,0,20.5,11.5,32
"4893",6150,0,35.5,19.5,30
"4894",6149,0,36.5,21.5,10
"4895",6155,0.000111194924254931,12.5,7.5,50.0000018532487
"4896",6154,0,59.5,34.5,30
"4897",6153,0,32.5,17.5,34
"4898",6157,0.000111194927084224,39.5,22.5,22.0000018532488
"4899",6166,5.76740669429928e-05,25,14,38.0000009612344
"4900",6170,0,45.5,26.5,18
"4901",6172,0,19,10,26
"4902",6183,0.000115348282485409,28.5,15.5,32.0000019224714
"4903",6186,0.000111194924254931,35.5,19.5,8.00000185324874
"4904",6177,0.000160217057860679,9.5,5.5,52.0000026702843
"4905",6184,0.000115348279533766,60.5,34.5,46.0000019224713
"4906",6182,5.7674138291062e-05,53,30,44.0000009612356
"4907",6173,0.000115348282485409,53,31,48.0000019224714
"4908",6179,5.76740533020589e-05,56,32,40.0000009612342
"4909",6210,0.000309066317149831,47,27,20.0000051511053
"4910",6214,0.000125262185860952,21,11,20.0000020877031
"4911",6212,5.7674146587347e-05,22.5,12.5,30.0000009612358
"4912",6208,0.000459493518930219,36.5,21.5,32.0000076582253
"4913",6215,0.000115348292807822,36.5,20.5,40.0000019224715
"4914",6218,0,45,25,8
"4915",6205,0.000320434063321212,8,4,22.0000053405677
"4916",6185,0.000205672231335785,26,15,24.0000034278705
"4917",6181,5.7674138291062e-05,28,16,52.0000009612356
"4918",6178,0.000125262194859641,62,36,34.0000020877033
"4919",6174,5.76740533020589e-05,38,21,52.0000009612342
"4920",6176,0,62,36,8
"4921",6175,0,8.5,4.5,26
"4922",6171,5.76740698946373e-05,28,15,42.0000009612345
"4923",6169,0.000111194927084224,48,27,54.0000018532488
"4924",6168,0,63.5,36.5,22
"4925",6167,0,26,15,12
"4926",6165,0.000111194927084224,15,9,18.0000018532488
"4927",6164,0,19.5,10.5,20
"4928",6187,0.000375786496022655,21.5,11.5,54.0000062631083
"4929",6190,0,63.5,36.5,32
"4930",6201,5.76740765316682e-05,38,22,44.0000009612346
"4931",6206,0.000352964628816116,51,29,46.0000058827438
"4932",6244,0.000530081608892083,54,31,38.0000088346935
"4933",6247,0.000125262185692034,44.5,25.5,4.00000208770309
"4934",6249,0.000111194927084224,4.5,2.5,20.0000018532488
"4935",6252,0,20,10,32
"4936",6254,0.000111194927084224,40,24,34.0000018532488
"4937",6256,0,38.5,21.5,36
"4938",6258,0,40.5,22.5,36
"4939",6260,0.000222389851339155,41,23,50.0000037064975
"4940",6297,0.000779810498064283,58,33,42.0000129968416
"4941",6299,0,49.5,28.5,26
"4942",6400,0.00265040999091553,31.5,18.5,14.0000441734998
"4943",6399,0.000125262163756645,17,10,54.0000020877027
"4944",6404,0.000115348438455528,62.5,35.5,26.000001922474
"4945",6392,0.000375786617273776,31,18,6.00000626311029
"4946",6394,0.000222389854168448,7.5,4.5,32.0000037064976
"4947",6396,0,38.5,22.5,40
"4948",6390,5.76740984688879e-05,49,29,56.000000961235
"4949",6397,0.000125262176693346,65.5,37.5,38.0000020877029
"4950",6375,0.000115348017371047,43.5,24.5,32.000001922467
"4951",6380,0,37,21,44
"4952",6364,0.000288370739765533,52.5,30.5,32.000004806179
"4953",6370,0.000115348209478092,40,24,16.0000019224702
"4954",6384,0.000250524338972794,16.5,8.5,50.0000041754056
"4955",6386,0,58.5,33.5,40
"4956",6388,0,50,30,18
"4957",6387,0.000222389854168448,22.5,13.5,38.0000037064976
"4958",6379,5.76742142499954e-05,43.5,24.5,44.0000009612369
"4959",6376,0,53,31,32
"4960",6378,0,35.5,19.5,16
"4961",6377,0,20,12,50
"4962",6389,0.000229746735380093,59,34,48.0000038291123
"4963",6391,0.000111194924254931,57,33,32.0000018532487
"4964",6405,0.000375786617273776,36,20,26.0000062631103
"4965",6408,0.000125262175216149,27.5,14.5,14.0000020877029
"4966",6410,0.000111194927084224,17.5,10.5,60.0000018532488
"4967",6414,0.000125262169648726,70,40,4.00000208770283
"4968",6413,0.000448503375810295,4.5,2.5,38.0000074750563
"4969",6411,0.000125262169648726,44,25,58.0000020877028
"4970",6421,0.000352964545310816,67.5,38.5,38.0000058827424
"4971",6423,0,45,26,46
"4972",6437,0.000250524358460541,53.5,30.5,30.000004175406
"4973",6439,0.000111194927084224,33.5,18.5,22.0000018532488
"4974",6470,0.000843557760929406,25,14,12.000014059296
"4975",6474,0.000669657773401311,15,9,52.0000111609629
"4976",6476,0.000333584781252672,61,35,6.00000555974635
"4977",6480,0.000115348316037419,7.5,4.5,40.0000019224719
"4978",6488,0.000523706286456702,48,28,18.0000087284381
"4979",6487,0.000125262219745904,21,12,36.0000020877037
"4980",6495,0.000205672447559555,40.5,22.5,36.0000034278741
"4981",6493,5.7674174427841e-05,45,27,44.0000009612362
"4982",6500,0.000250524427217594,52.5,30.5,16.0000041754071
"4983",6503,0,17.5,9.5,12
"4984",6499,5.7674174427841e-05,13.5,7.5,40.0000009612362
"4985",6508,0.00011534834590404,47.5,27.5,26.0000019224724
"4986",6513,0.000205672796657062,28.5,15.5,34.0000034278799
"4987",6515,5.76743536274564e-05,38.5,21.5,30.0000009612392
"4988",6517,0.000125262242445282,37.5,22.5,12.000002087704
"4989",6486,0.000981228464001243,13.5,7.5,46.0000163538077
"4990",6489,0.000125262219745904,54,31,38.0000020877037
"4991",6496,0.000115348349222554,44.5,25.5,18.0000019224725
"4992",6475,0.000837504276503687,18,9,18.0000139584046
"4993",6442,0.000672265101723744,18,9,60.0000112044184
"4994",6467,0.000600681601851055,70,40,2.00001001136003
"4995",6466,0.000125262162397629,2,1,12.0000020877027
"4996",6443,0.000600681601851055,13,7,24.00001001136
"4997",6449,0.000250524350381562,28.5,16.5,6.00000417540584
"4998",6452,0.000111194927084224,6.5,3.5,22.0000018532488
"4999",6451,0,27,16,30
"5000",6445,5.76741760870976e-05,37.5,22.5,32.0000009612363
"5001",6447,0,38,22,28
"5002",6458,5.76740698946373e-05,34,20,18.0000009612345
"5003",6461,0.000125262215706414,21.5,12.5,16.0000020877036
"5004",6444,0.000405585521498865,16,8,46.0000067597587
"5005",6446,0.000111194927084224,52.5,29.5,26.0000018532488
"5006",6453,5.7674174427841e-05,30,17,22.0000009612362
"5007",6463,0.000250524279552304,22.5,11.5,46.0000041754047
"5008",6491,0.00140100496927752,53.5,30.5,46.0000233500828
"5009",6507,0.000364162837396894,54.5,31.5,58.0000060693806
"5010",6504,0.000125262211071874,68,39,44.0000020877035
"5011",6502,5.76741760870976e-05,51.5,29.5,34.0000009612363
"5012",6501,0,37.5,20.5,24
"5013",6505,5.76741760870976e-05,28.5,16.5,40.0000009612363
"5014",6498,0.000281769579707383,47,27,38.0000046961597
"5015",6490,0.000230696698445107,47,28,38.000003844945
"5016",6506,0.00036416364545713,47.5,28.5,50.0000060693941
"5017",6492,0.000364162837396894,59.5,34.5,28.0000060693806
"5018",6482,0.000309066456483356,34.5,20.5,54.0000051511076
"5019",6485,0.000338533749537641,63.5,36.5,32.0000056422292
"5020",6518,0.000981228464001243,38,22,4.00001635380773
"5021",6494,0.000871765688855824,4.5,2.5,24.0000145294281
"5022",6512,0.000687093378161741,29,17,36.0000114515563
"5023",6509,0.000205672796657062,44,26,38.0000034278799
"5024",6511,0.00122314419226788,43,24,24.0000203857365
"5025",6516,0.000320434584158728,27.5,15.5,52.0000053405764
"5026",6520,0.000160217299166138,60.5,34.5,12.0000026702883
"5027",6522,0.000444779705507603,14,8,32.0000074129951
"5028",6525,5.7674332424016e-05,37.5,21.5,16.0000009612389
"5029",6527,0,19.5,11.5,18
"5030",6530,0.000125262293086827,21.5,12.5,58.0000020877049
"5031",6528,0.000567814331702171,67.5,38.5,28.0000094635722
"5032",6526,0.000125262288452287,33,19,46.0000020877048
"5033",6529,0.000125262288452287,56,33,36.0000020877048
"5034",6531,0.000448503418650082,44.5,26.5,18.000007475057
"5035",6524,0.000626311413812519,19.5,10.5,34.0000104385236
"5036",6523,5.7674332424016e-05,41,24,34.0000009612389
"5037",6532,0.000626311413812519,39,22,44.0000104385236
"5038",6534,0.0018023378592924,54,32,34.0000300389643
"5039",6536,0.000530082308649884,39,22,22.0000088347051
"5040",6540,0.000250524597362803,24.5,13.5,20.00000417541
"5041",6544,5.76743672683669e-05,21,11,18.0000009612395
"5042",6542,0.000205672583091266,22,13,48.0000034278764
"5043",6541,0.000125262302967688,55.5,31.5,44.000002087705
"5044",6545,0.000205672583091266,50.5,28.5,34.0000034278764
"5045",6538,0.00107911955727159,40,23,10.000017985326
"5046",6543,0.00020567281340732,10.5,5.5,14.0000034278802
"5047",6539,0.000173023101071355,17.5,10.5,16.0000028837184
"5048",6537,0.000250524597362803,19,11,40.00000417541
"5049",6546,0.00107911955727159,48,28,24.000017985326
"5050",6550,0.00136780761465469,25.5,13.5,22.0000227967936
"5051",6553,0.00100209778153912,27,16,28.0000167016297
"5052",6551,0.00829813662379442,30,16,44.0001383022771
"5053",6547,0.00223092967501838,54,32,10.0000371821613
"5054",6549,0.00115505090730064,12,7,16.0000192508485
"5055",6552,0.0011019951317302,16,8,42.0000183665855
"5056",6533,0.00362150004864204,51,30,42.0000603583341
"5057",6464,0.00313239197994446,48,27,40.000052206533
"5058",6459,0.000160217212892133,49.5,29.5,36.0000026702869
"5059",6478,0.000600681107710845,41,23,36.0000100113518
"5060",6483,0.000530081489607241,40.5,22.5,44.0000088346915
"5061",6477,0.000460919051313738,53.5,31.5,26.0000076819842
"5062",6460,0.000600681107710845,32.5,19.5,18.0000100113518
"5063",6465,5.76741777463542e-05,19.5,10.5,22.0000009612363
"5064",6468,0.000125262162397629,25.5,14.5,20.0000020877027
"5065",6450,0.000480651646372147,21,11,40.0000080108608
"5066",6469,0.000654870206390837,45,25,26.0000109145034
"5067",6456,0.000480651135516866,31,18,10.0000080108523
"5068",6448,0.000125262165284579,12.5,7.5,14.0000020877028
"5069",6424,0.000403718664585125,17,10,16.0000067286444
"5070",6428,0,20,12,6
"5071",6430,0,7,4,10
"5072",6420,0.000160217072195655,10,5,14.0000026702845
"5073",6435,0.000115348007415497,14,7,50.0000019224668
"5074",6432,0,59,34,36
"5075",6434,0,44.5,26.5,12
"5076",6433,0,12.5,6.5,30
"5077",6436,0.000111194927084224,32.5,17.5,30.0000018532488
"5078",6403,0.000672264620381434,33.5,18.5,16.0000112044103
"5079",6481,0.00150364676007,19,11,26.0000250607793
"5080",6484,0.00100241486452154,30.5,17.5,30.0000167069144
"5081",6479,0.000851820353728559,33,18,40.0000141970059
"5082",6472,0.000205672284244505,49.5,29.5,8.0000034278714
"5083",6438,0.00143465247989888,8.5,4.5,2.39108746649813e-05
"5084",6419,0.000582275318916225,0,0,22.0000097045886
"5085",6431,0.000160217072195655,26.5,15.5,26.0000026702845
"5086",6427,5.76740018650546e-05,31.5,18.5,32.0000009612334
"5087",6426,0,40,24,44
"5088",6425,0,53,31,44
"5089",6429,0.000111194927084224,53.5,31.5,34.0000018532488
"5090",6422,5.76740005726667e-05,39,22,28.0000009612333
"5091",6441,0.000205671882546802,30.5,16.5,18.0000034278647
"5092",6418,0.000830065618910718,20.5,11.5,8.00001383442698
"5093",6417,0,9.5,5.5,34
"5094",6416,0,42,25,40
"5095",6381,0.00115504973911045,47.5,27.5,24.000019250829
"5096",6383,0,27.5,15.5,20
"5097",6382,0,23.5,13.5,34
"5098",6395,5.76740768985393e-05,39,22,28.0000009612346
"5099",6402,0.000125262168340447,34.5,20.5,20.0000020877028
"5100",6406,0.000250524350381562,21,11,18.0000041754058
"5101",6368,0.000904839121653572,18.5,9.5,1.50806520275595e-05
"5102",6366,0.000338533773282629,0,0,22.0000056422296
"5103",6358,0.00028176931989347,22.5,11.5,36.0000046961553
"5104",6342,0.000440949100980674,45,27,36.0000073491517
"5105",6326,0.000288370018355307,43.5,25.5,6.00000480616697
"5106",6361,0.00046091852229666,6.5,3.5,16.0000076819754
"5107",6357,5.7674174427841e-05,16.5,8.5,40.0000009612362
"5108",6367,0.00028176931989347,46,26,34.0000046961553
"5109",6343,0.00034604402187962,39.5,22.5,46.0000057674004
"5110",6345,0.000111194927084224,55.5,32.5,26.0000018532488
"5111",6330,0.000477247991891355,29.5,16.5,10.0000079541332
"5112",6407,0.000986743109347375,11,6,8.00001644571849
"5113",6409,0.000250524348309315,9,5,8.00000417540581
"5114",6462,0.000757963767830187,8.5,4.5,28.0000126327295
"5115",6454,0.000250524279552304,30.5,16.5,18.0000041754047
"5116",6457,0.000222389854168448,21,12,28.0000037064976
"5117",6455,0.000333584781252672,31.5,17.5,20.0000055597464
"5118",6401,0.00092946036384714,23.5,13.5,28.0000154910061
"5119",6385,0.000115348150111692,33,19,46.0000019224692
"5120",6374,5.76740748724105e-05,55.5,32.5,44.0000009612346
"5121",6398,0.000115348017371047,53.5,31.5,26.000001922467
"5122",6393,0.000333584781252672,28.5,15.5,36.0000055597464
"5123",6373,0.0001602170606754,43.5,25.5,60.0000026702843
"5124",6371,0.000338533758261816,70,40,12.0000056422293
"5125",6365,0.000205672146054838,15,9,22.0000034278691
"5126",6363,0.000250524430817778,24.5,13.5,58.0000041754072
"5127",6360,5.76741482466039e-05,68,39,12.0000009612358
"5128",6327,0.00046091852229666,14,8,44.0000076819754
"5129",6329,0.000111194927084224,51,29,20.0000018532488
"5130",6347,0.000281769234307747,21.5,11.5,16.0000046961539
"5131",6341,0.000786864945355605,16,8,18.0000131144158
"5132",6359,0.000440949100980674,19.5,10.5,36.0000073491517
"5133",6324,0.000873633212722766,40.5,22.5,38.0000145605535
"5134",6323,0.000160217193778829,42.5,23.5,56.0000026702866
"5135",6262,0.0005767414304871,65,37,6.00000961235718
"5136",6259,0.00033853376740888,6,3,16.0000056422295
"5137",6263,0.000125262200595984,17.5,9.5,6.00000208770334
"5138",6266,0.000111194927084224,6.5,3.5,32.0000018532488
"5139",6213,0.000845309277913648,39,23,54.000014088488
"5140",6220,5.76741180131048e-05,63,36,42.0000009612353
"5141",6241,0,49.5,28.5,20
"5142",6191,0.000474602424406863,23,13,20.0000079100404
"5143",6189,0.000111194927084224,24.5,14.5,44.0000018532488
"5144",6188,0,52.5,30.5,32
"5145",6134,0.000474602398648107,38,22,24.00000791004
"5146",6130,5.76741926796631e-05,29.5,17.5,30.0000009612365
"5147",6133,0,37.5,22.5,32
"5148",6107,0.000363470855541237,35,19,30.0000060578476
"5149",6116,5.76740354170914e-05,36,21,2.00000096123392
"5150",6115,0.000111194927084224,2.5,1.5,24.0000018532488
"5151",6114,0,28.5,16.5,8
"5152",6113,0,9,5,40
"5153",6108,5.76740354170914e-05,47,27,48.0000009612339
"5154",6110,0,58,34,40
"5155",6112,0,45.5,25.5,18
"5156",6117,0.000111194927084224,22,13,12.0000018532488
"5157",6119,0,14,8,12
"5158",6122,0.000111194927084224,12,6,30.0000018532488
"5159",6118,0.000352964591943634,35.5,20.5,26.0000058827432
"5160",6109,5.76740798501835e-05,28.5,15.5,52.0000009612347
"5161",6111,0.000111194927084224,60,34,14.0000018532488
"5162",6196,0.000757963703819269,14,7,12.0000126327284
"5163",6198,0.000111194927084224,14,8,36.0000018532488
"5164",6243,0.000461392705905514,43,25,40.0000076898784
"5165",6264,0.000346044539934988,45.5,25.5,52.000005767409
"5166",6269,5.76740914649866e-05,61,35,48.0000009612349
"5167",6271,0.000160217075010376,55.5,31.5,12.0000026702846
"5168",6276,5.76741034466602e-05,15,9,30.0000009612351
"5169",6272,0.000125262180732836,35.5,20.5,24.000002087703
"5170",6279,0.00012526218226077,28,16,22.000002087703
"5171",6274,0.00012526220747169,24,13,34.0000020877035
"5172",6268,0.000205672118580141,38,21,42.0000034278686
"5173",6265,5.76740914649866e-05,52,31,12.0000009612349
"5174",6275,0.00025609593300155,13.5,7.5,40.0000042682655
"5175",6277,0.000111194927084224,47,27,14.0000018532488
"5176",6273,0.00012526218226077,17,10,30.000002087703
"5177",6280,0.00012526220747169,33.5,18.5,12.0000020877035
"5178",6287,0,12.5,6.5,32
"5179",6305,0.000250524380395933,37.5,21.5,44.0000041754063
"5180",6318,5.76741329464193e-05,52.5,30.5,56.0000009612355
"5181",6313,5.76741014205315e-05,65,37,52.000000961235
"5182",6303,5.7674099761274e-05,60,34,30.000000961235
"5183",6316,5.76740981020166e-05,33,18,2.00000096123497
"5184",6292,0.000205672208868324,2.5,1.5,14.0000034278701
"5185",6296,0,16,9,40
"5186",6295,0,50,30,26
"5187",6294,0,30.5,17.5,52
"5188",6293,0,61.5,35.5,30
"5189",6302,5.76741664984292e-05,36.5,21.5,56.0000009612361
"5190",6314,5.7674099761274e-05,65.5,37.5,44.000000961235
"5191",6304,5.76740981020166e-05,52,30,14.000000961235
"5192",6317,0.000229746712887508,16,9,28.0000038291119
"5193",6306,5.76741329464193e-05,30,16,48.0000009612355
"5194",6312,0,57,33,8
"5195",6307,0,10,6,34
"5196",6328,0.000666265719038169,42.5,25.5,18.0000111044287
"5197",6332,0.000125262215486761,21,12,30.0000020877036
"5198",6340,0.000111194924254931,34.5,19.5,48.0000018532487
"5199",6348,0.000786864945355605,55.5,31.5,26.0000131144158
"5200",6355,0.000115348339267014,30.5,17.5,20.0000019224723
"5201",6362,5.7674174427841e-05,20,10,20.0000009612362
"5202",6351,0.000115348352541067,25,15,1.92247254235112e-06
"5203",6333,0.000205672338682857,0,0,40.0000034278723
"5204",6335,0,48.5,28.5,22
"5205",6339,0,26.5,15.5,28
"5206",6352,0.000173022543561474,30.5,16.5,38.0000028837091
"5207",6349,0.000125262208611054,47.5,28.5,28.0000020877035
"5208",6356,0.000125262214347397,33,19,22.0000020877036
"5209",6350,0.000125262214347397,27,16,20.0000020877036
"5210",6344,0.000125262214942446,22,12,54.0000020877036
"5211",6338,0.000115348352541067,63.5,36.5,34.0000019224725
"5212",6337,0,40.5,23.5,50
"5213",6336,0,57.5,32.5,46
"5214",6334,0.000111194927084224,53.5,30.5,40.0000018532488
"5215",6369,0.000640868864732296,50,30,40.0000106811477
"5216",6372,0.000125262178985248,45.5,25.5,44.000002087703
"5217",6270,0.00170790120636615,54,32,30.0000284650201
"5218",6242,0.000683563648733199,35.5,20.5,20.0000113927275
"5219",6207,0.000626310877557944,24,14,50.0000104385146
"5220",6203,0.000115348627977547,57.5,32.5,28.0000019224771
"5221",6162,0.000363470722845969,34.5,20.5,16.0000060578454
"5222",6204,0.000411344031352286,18.5,10.5,40.0000068557339
"5223",6219,0.000320434063321212,48,28,48.0000053405677
"5224",6245,0.000160217125182793,55,31,28.0000026702854
"5225",6251,5.76741183799762e-05,33,19,32.0000009612353
"5226",6250,0,36,20,50
"5227",6246,5.76741183799762e-05,60,35,36.0000009612353
"5228",6255,0.000125262190120096,44.5,26.5,32.0000020877032
"5229",6257,0.0001252621841641,38.5,22.5,14.0000020877031
"5230",6253,0.000125262185911689,15.5,8.5,46.0000020877031
"5231",6211,0.000480651372308099,56,33,34.0000080108562
"5232",6209,5.76741462204754e-05,42.5,25.5,28.0000009612358
"5233",6217,0.000250524400259082,34.5,20.5,40.0000041754067
"5234",6216,0,45.5,25.5,26
"5235",6240,5.76741429019615e-05,32,19,26.0000009612357
"5236",6239,0,32.5,19.5,18
"5237",6238,0,22,13,38
"5238",6237,0,44.5,25.5,40
"5239",6236,0,47.5,27.5,40
"5240",6235,0,48.5,28.5,34
"5241",6234,0,40.5,23.5,16
"5242",6233,0,19,11,40
"5243",6232,0,47.5,27.5,52
"5244",6231,0,61.5,35.5,22
"5245",6230,0,27.5,16.5,40
"5246",6229,0,47,27,20
"5247",6228,0,20.5,10.5,32
"5248",6227,0,37,21,0
"5249",6226,0,0,0,14
"5250",6225,0,15,8,28
"5251",6224,0,35,21,38
"5252",6223,0,46.5,27.5,18
"5253",6222,0,20.5,11.5,42
"5254",6221,0,51.5,30.5,36
"5255",6180,0.00047460294094739,43,25,18.000007910049
"5256",6202,0.000459493430032405,21.5,12.5,36.0000076582238
"5257",6159,0.00053008220013154,42,24,34.0000088347033
"5258",6161,0,40,23,30
"5259",6160,0.000111194927084224,36.5,21.5,4.00000185324878
"5260",6140,0.000281769241244591,5,3,48.000004696154
"5261",6322,0.00173068456998081,55.5,31.5,30.0000288447428
"5262",6325,0.000160217193778829,36,21,16.0000026702866
"5263",6331,0.000677067486943772,17,9,20.0000112844581
"5264",6308,0.000843558843471037,21,11,30.0000140593141
"5265",6311,0,36.5,21.5,44
"5266",6319,5.76741014205315e-05,50.5,28.5,24.000000961235
"5267",6321,0,28,16,24
"5268",6267,0.00132872654473033,29.5,17.5,28.0000221454424
"5269",6315,0.000600681071020762,32,18,6.00001001135118
"5270",6310,0.000333584778423379,6,3,46.0000055597463
"5271",6309,0,54,31,54
"5272",6320,5.76741030797889e-05,63.5,36.5,42.0000009612351
"5273",6278,0.00036416315728874,47.5,26.5,14.000006069386
"5274",6286,0.000125262185367376,17.5,10.5,16.0000020877031
"5275",6285,0,19,11,48
"5276",6284,0,55,31,14
"5277",6283,0,17,10,28
"5278",6282,0,32,18,6
"5279",6281,0,7.5,4.5,16
"5280",6288,0.000891427085762781,17,9,52.0000148571181
"5281",6291,0,61,35,20
"5282",6290,0,21.5,11.5,20
"5283",6289,0,21,11,32
"5284",6301,0.000338533767652705,39,23,44.0000056422295
"5285",6298,0.000125262209763592,53.5,31.5,16.0000020877035
"5286",6261,0.000876835481201233,16.5,8.5,34.0000146139247
"5287",6353,0.00209568683538297,40.5,23.5,16.0000349281139
"5288",6440,0.00375871695770792,20,12,32.0000626452826
"5289",6412,0.000726823561159215,39.5,23.5,40.000012113726
"5290",6415,0.000448503375810295,49,29,4.00000747505626
"5291",6497,0.00185439769288075,4.5,2.5,58.0000309066282
"5292",6471,0.00228296677506161,68,39,40.0000380494463
"5293",6473,0.000111194927084224,49,29,30.0000018532488
"5294",6519,0.00159927923877405,35,20,4.00002665465398
"5295",6300,0.00452913448439177,5,3,14.0000754855747
"5296",6354,0.00218047137672579,16.5,9.5,26.0000363411896
"5297",6132,0.00292139616746847,30,17,36.0000486899361
"5298",6131,0,40.5,22.5,24
"5299",6124,5.76741877018936e-05,30,18,42.0000009612365
"5300",6127,0,50.5,29.5,52
"5301",6121,5.76741880687654e-05,60,34,30.0000009612365
"5302",6120,0.000111194927084224,34.5,19.5,20.0000018532488
"5303",6126,0.000125262219695169,21,11,46.0000020877037
"5304",6125,0,53.5,30.5,24
"5305",6135,0.000459493457431242,25,13,20.0000076582243
"5306",6139,0,22.5,12.5,40
"5307",6138,0,49,29,24
"5308",6137,0,26,14,48
"5309",6136,0,57,33,36
"5310",6144,0.00012526215306111,45,27,58.0000020877025
"5311",6142,0.000111194927084224,68,39,48.0000018532488
"5312",6248,0.000893237682986207,56,32,28.0000148872947
"5313",6163,0.00143465174938245,34,20,46.0000239108625
"5314",6129,0.000480651142948482,53.5,30.5,56.0000080108524
"5315",6091,0.00221065521246309,65.5,37.5,16.0000368442535
"5316",6090,0.000786865034379342,17.5,9.5,34.0000131144172
"5317",6089,0.000352964648916358,41,24,34.0000058827441
"5318",6093,0.000459493522501972,42,25,50.0000076582254
"5319",6096,0.000501048782558345,58.5,33.5,8.00000835081304
"5320",6086,0.00100362196822043,9.5,5.5,30.0000167270328
"5321",6044,0.000230696074197425,35,20,60.0000038449346
"5322",6050,0,70,40,12
"5323",6049,0,14.5,8.5,24
"5324",6047,0,25.5,13.5,46
"5325",6046,0.000111194927084224,54,31,20.0000018532488
"5326",6045,0,22,12,24
"5327",6079,5.7674162813044e-05,28.5,16.5,26.000000961236
"5328",6078,0,27.5,14.5,54
"5329",6077,0,62.5,35.5,10
"5330",6054,0.000125262208830707,11.5,6.5,14.0000020877035
"5331",6053,0,17,10,6
"5332",6052,0,7.5,4.5,18
"5333",6057,0.000111194927084224,21.5,12.5,6.00000185324878
"5334",6056,0,6.5,3.5,28
"5335",6061,0.000111194927084224,30,16,14.0000018532488
"5336",6060,0,14,7,26
"5337",6059,0,31.5,18.5,30
"5338",6066,0.000222389851339155,36,21,40.0000037064975
"5339",6081,5.76741711093276e-05,47.5,27.5,28.0000009612362
"5340",6071,0.000229746724550327,32,18,52.0000038291121
"5341",6036,0.000654870175020594,60.5,34.5,50.0000109145029
"5342",6092,0.00641349821403172,60,35,30.0001068916369
"5343",6037,0.00762455819225258,37,22,34.0001270759699
"5344",6035,0.000459493363148254,37.5,20.5,46.0000076582227
"5345",6084,0.000523705973076539,55,32,24.0000087284329
"5346",6087,0.000677067495424116,29.5,17.5,28.0000112844583
"5347",6027,0.00312303710331141,31,17,22.0000520506184
"5348",6021,0.00369084788728844,22.5,11.5,24.0000615141315
"5349",6033,0.00318272646672808,26.5,14.5,30.0000530454411
"5350",6030,0.00143465138643018,35,20,10.0000239108564
"5351",6510,0.0207596128629741,11.5,6.5,16.0003459935477
"5352",6514,0.000229746770368598,17,9,36.0000038291128
"5353",6521,0.0005237070206617,45,27,34.0000087284503
"5354",6535,0.00103565841400153,40,23,30.0000172609736
"5355",6548,0.00124086285170812,37.5,22.5,24.0000206810475
"5356",6019,0.0203621438809938,30,18,36.0003393690647
"5357",6017,0.00106168828081813,42.5,24.5,8.00001769480468
"5358",6015,0.000837504791250098,9,5,24.0000139584132
"5359",6012,0.00109249046134219,25,13,32.0000182081744
"5360",6028,0.00425670997344387,39,23,42.0000709451662
"5361",6022,0.00100536357729457,50.5,29.5,22.0000167560596
"5362",6013,0.00666637123553027,25,14,22.0001111061873
"5363",6008,0.00875797086238951,27.5,16.5,40.000145966181
"5364",6010,0.000563538075358824,47,27,22.0000093923013
"5365",6088,0.0104103426369538,24.5,13.5,38.0001735057106
"5366",6346,0.0090021635069937,46,27,46.0001500360585
"5367",6105,0.00362149200751725,56,33,36.0000603582001
"5368",6097,0.00619381469152861,42.5,24.5,32.0001032302449
"5369",6009,0.00889917016538528,39,23,24.0001483195028
"5370",6006,0.0112490127052574,27,15,24.0001874835451
"5371",6004,0.00486929922388065,25,13,32.0000811549871
"5372",6002,0.0206417541705758,35,19,58.0003440292362
"5373",6000,0.0145714834149503,67.5,38.5,42.0002428580569
"5374",5992,0.0156621835260505,52,31,24.0002610363921
"5375",5990,0.0103384973146676,29.5,17.5,2.00017230828858
"5376",6005,0.0465286878075912,2,1,44.0007754781301
"5377",6554,0.0344585923772942,51,29,32.000574309873
"5378",6557,0.0118980778403626,39.5,23.5,16.0001983012973
"5379",6559,0.000338533631441072,17,9,4.00000564222719
"5380",6561,0.000160216028293758,4,2,22.0000026702671
"5381",6563,0.000173020069603403,26.5,15.5,8.00000288366783
"5382",6566,5.76733547529134e-05,10,6,32.0000009612226
"5383",6564,0.000115346709872693,35.5,19.5,50.0000019224452
"5384",6567,0.000160216025743181,58,33,38.0000026702671
"5385",6569,0.000125261835420658,43,24,42.0000020876973
"5386",6574,0.000375785496536917,51.5,30.5,32.0000062630916
"5387",6579,0.000111194924254931,37.5,21.5,38.0000018532487
"5388",6578,5.76733763233611e-05,45,26,54.0000009612229
"5389",6577,0,63.5,36.5,50
"5390",6576,0,58.5,33.5,36
"5391",6580,5.76733763233611e-05,43.5,25.5,4.00000096122294
"5392",6583,0.00172787198435716,4,2,16.0000287978664
"5393",6587,0.0052391097332324,18.5,10.5,24.0000873184956
"5394",6589,0.0013371907971402,26,14,2.00002228651329
"5395",6588,0.016799612779409,2,1,16.0002799935463
"5396",6590,0.0171952568255585,20,12,32.0002865876138
"5397",6592,0,38.5,22.5,42
"5398",6595,0,48.5,27.5,38
"5399",6611,0,43,24,22
"5400",6668,0,26.5,15.5,36
"5401",6670,0,40,22,46
"5402",6669,0.000222389854168448,54,31,30.0000037064976
"5403",6671,0.000222389854168448,35,20,16.0000037064976
"5404",6741,0.000364828873729042,19.5,11.5,32.0000060804812
"5405",6760,0,36,20,10
"5406",6762,0,10.5,5.5,34
"5407",6779,0,39,22,18
"5408",6718,0.000567910994154268,20.5,11.5,18.0000094651832
"5409",6720,0,21.5,12.5,20
"5410",6755,0,23,13,44
"5411",6759,0,53.5,31.5,22
"5412",6758,0,25,14,50
"5413",6757,0,59.5,34.5,28
"5414",6756,0,33,19,12
"5415",6752,0,14.5,8.5,8
"5416",6754,0,9.5,5.5,34
"5417",6753,0,41,24,32
"5418",6731,0,39,23,30
"5419",6740,0,36.5,21.5,28
"5420",6739,0,31.5,17.5,26
"5421",6738,0,30.5,17.5,18
"5422",6737,0,22,13,44
"5423",6736,0,52,30,26
"5424",6735,0,31,18,26
"5425",6734,0,28.5,15.5,40
"5426",6733,0,47,27,16
"5427",6732,0,16.5,8.5,12
"5428",6778,0.000229806481689692,12,6,34.000003830108
"5429",6777,0,39.5,22.5,36
"5430",6776,0,40.5,22.5,14
"5431",6775,0,14,7,10
"5432",6774,0,10.5,5.5,38
"5433",6773,0,43.5,24.5,50
"5434",6772,0,57.5,32.5,20
"5435",6771,0,21,11,2
"5436",6770,0,2.5,1.5,20
"5437",6769,0,22,12,18
"5438",6768,0,20,11,42
"5439",6767,0,49.5,28.5,26
"5440",6766,0,30.5,17.5,40
"5441",6765,0,48,28,6
"5442",6764,0,7,4,20
"5443",6763,0,22.5,12.5,30
"5444",6751,0.000338574328184499,36,21,36.0000056429055
"5445",6750,0,42,24,36
"5446",6749,0,41,23,36
"5447",6748,0,43.5,25.5,28
"5448",6747,0,30,16,22
"5449",6746,0,27,16,38
"5450",6745,0,45,26,26
"5451",6744,0,30,17,26
"5452",6743,0,30.5,17.5,14
"5453",6742,0,17.5,10.5,36
"5454",6689,0.000160559632531746,44.5,26.5,50.0000026759939
"5455",6704,0,59.5,34.5,30
"5456",6715,0,33.5,18.5,4
"5457",6717,0,4,2,34
"5458",6716,0,39.5,22.5,40
"5459",6780,0.000567910994154268,48.5,28.5,30.0000094651832
"5460",6730,0.000115823474586315,33.5,18.5,12.0000019303912
"5461",6729,0,14,8,36
"5462",6728,0,40.5,22.5,52
"5463",6727,0,61.5,35.5,20
"5464",6726,0,25,15,46
"5465",6725,0,56,33,6
"5466",6724,0,6.5,3.5,18
"5467",6723,0,19.5,10.5,26
"5468",6722,0,29.5,16.5,32
"5469",6721,0,37,21,20
"5470",6781,0.000115823474586315,22,12,46.0000019303912
"5471",6783,0,52.5,29.5,54
"5472",6782,0,63.5,36.5,52
"5473",6761,0.000160559606239009,60,34,36.0000026759934
"5474",6676,0.000564415344903596,42.5,24.5,14.0000094069224
"5475",6679,0,15.5,8.5,34
"5476",6682,0,40,23,40
"5477",6685,0,48.5,28.5,42
"5478",6714,0,52,31,34
"5479",6713,0,39,22,10
"5480",6712,0,10,5,28
"5481",6711,0,32.5,18.5,16
"5482",6710,0,17,9,28
"5483",6709,0,30.5,16.5,20
"5484",6708,0,23.5,13.5,48
"5485",6707,0,56.5,32.5,30
"5486",6706,0,35.5,20.5,42
"5487",6705,0,49,28,20
"5488",6686,0,24.5,14.5,12
"5489",6688,0,13,7,36
"5490",6703,0.000111194927084224,41,23,30.0000018532488
"5491",6702,0,35,20,24
"5492",6701,0,27,15,16
"5493",6700,0,19,11,26
"5494",6699,0,30,17,42
"5495",6698,0,51.5,30.5,20
"5496",6697,0,22,12,22
"5497",6696,0,26.5,15.5,44
"5498",6695,0,50,28,14
"5499",6694,0,16,9,24
"5500",6693,0,30,18,26
"5501",6692,0,29.5,16.5,24
"5502",6691,0,29,17,54
"5503",6690,0,63.5,36.5,10
"5504",6719,5.79117490744878e-05,10,5,6.00000096519582
"5505",6687,0.000125371776705078,7.5,4.5,30.0000020895296
"5506",6675,0.000477506981228786,37,22,26.0000079584497
"5507",6674,0,30.5,17.5,42
"5508",6673,0,51.5,30.5,46
"5509",6672,0.00144669362697587,56,33,36.0000241115604
"5510",6678,0.00222691260996697,42,24,30.0000371152102
"5511",6677,0,35,20,50
"5512",6681,0.000222389851339155,58.5,33.5,28.0000037064975
"5513",6680,0,30,16,48
"5514",6684,0.000111194927084224,57.5,33.5,48.0000018532488
"5515",6683,0,56.5,32.5,22
"5516",6667,0.00759864225089987,25.5,14.5,42.0001266440375
"5517",6666,0,49.5,28.5,26
"5518",6665,0,32,19,56
"5519",6664,0,66,38,18
"5520",6663,0,20,11,26
"5521",6662,0,27.5,14.5,40
"5522",6661,0,50,30,24
"5523",6660,0,27.5,15.5,44
"5524",6659,0,54,32,10
"5525",6658,0,11,6,50
"5526",6657,0,60,35,22
"5527",6656,0,26,15,22
"5528",6655,0,27.5,16.5,30
"5529",6654,0,35.5,20.5,38
"5530",6653,0,47,28,44
"5531",6652,0,52,30,54
"5532",6651,0,63.5,36.5,22
"5533",6650,0,22.5,11.5,16
"5534",6649,0,18,10,12
"5535",6648,0,15,9,40
"5536",6647,0,45,25,16
"5537",6646,0,17.5,9.5,48
"5538",6645,0,55.5,31.5,20
"5539",6644,0,20.5,10.5,10
"5540",6643,0,11,6,28
"5541",6642,0,30,16,30
"5542",6641,0,33.5,18.5,20
"5543",6640,0,21,11,30
"5544",6639,0,35,20,40
"5545",6638,0,49.5,29.5,12
"5546",6637,0,14.5,8.5,36
"5547",6636,0,43,25,4
"5548",6635,0,4.5,2.5,12
"5549",6634,0,15,9,24
"5550",6633,0,27.5,15.5,16
"5551",6632,0,18,10,22
"5552",6631,0,25.5,14.5,32
"5553",6630,0,38.5,22.5,38
"5554",6629,0,42.5,23.5,10
"5555",6628,0,11,6,10
"5556",6627,0,11.5,6.5,24
"5557",6626,0,28.5,16.5,20
"5558",6625,0,20,10,54
"5559",6624,0,64,37,4
"5560",6623,0,4.5,2.5,38
"5561",6622,0,45,26,10
"5562",6621,0,10,5,30
"5563",6620,0,34.5,19.5,40
"5564",6619,0,49,29,40
"5565",6618,0,47.5,27.5,40
"5566",6617,0,49.5,29.5,34
"5567",6616,0,40.5,23.5,48
"5568",6615,0,56,32,34
"5569",6614,0,42,25,46
"5570",6613,0,53,30,56
"5571",6612,0,65.5,37.5,28
"5572",6610,0.00116638216799851,34,20,20.0000194397028
"5573",6609,0,22.5,12.5,14
"5574",6608,0,15.5,8.5,16
"5575",6607,0,17,9,42
"5576",6606,0,48.5,27.5,34
"5577",6605,0,41,24,12
"5578",6604,0,12,6,20
"5579",6603,0,21,11,50
"5580",6602,0,58.5,33.5,0
"5581",6601,0,0,0,14
"5582",6600,0,16.5,9.5,40
"5583",6599,0,50,30,4
"5584",6598,0,5,3,22
"5585",6597,0,27,16,28
"5586",6596,0,31.5,17.5,38
"5587",6594,0.00166892896687367,46.5,27.5,32.0000278154828
"5588",6593,0,38.5,22.5,44
"5589",6591,0.00033857430642745,54,32,12.0000056429051
"5590",6586,0.0251718221195048,14.5,8.5,34.0004195303687
"5591",6585,0.00328238716685249,39,22,28.0000547064528
"5592",6584,0.0052391097332324,35,21,4.00008731849555
"5593",5828,8.80960878277914,4,2,0.146826813046319
"5594",5072,1.1702721916738,0,0,34.0195045365279
"5595",3008,0.767387099907862,38.5,21.5,10.0127897849985
"5596",3005,0.00196786907196283,11.5,6.5,48.0000327978179
"5597",3002,0.00101168289540794,56,32,32.0000168613816
"5598",3001,0,38.5,22.5,22
"5599",3000,0,25.5,14.5,28
"5600",2999,0,30,16,38
"5601",2997,0.000229842649789471,46.5,27.5,42.0000038307108
"5602",2991,0.00242377669701151,50.5,29.5,50.0000403962783
"5603",2714,0.448760926979711,58,33,34.007479348783
"5604",1749,0.450528159388777,38,21,28.0075088026565
"5605",1552,0.176328283514307,30.5,16.5,28.0029388047252
"5606",1592,0.00828067466993426,33,19,8.0001380112445
"5607",1608,0,8,4,50
"5608",1587,0.00163064832721921,59.5,34.5,12.0000271774721
"5609",1591,0,13.5,7.5,48
"5610",1590,0,55.5,31.5,54
"5611",1589,0,63,36,38
"5612",1588,0,46.5,27.5,26
"5613",1607,0.0123438652875709,29.5,16.5,26.0002057310881
"5614",1606,0,31.5,18.5,26
"5615",1605,0,28.5,15.5,10
"5616",1604,0,11.5,6.5,36
"5617",1603,0,44.5,26.5,30
"5618",1602,0,33,18,12
"5619",1601,0,14,8,16
"5620",1600,0,17.5,9.5,26
"5621",1599,0,32.5,19.5,12
"5622",1598,0,13.5,7.5,30
"5623",1597,0,34,19,36
"5624",1596,0,44.5,26.5,10
"5625",1595,0,10.5,5.5,30
"5626",1594,0,33.5,18.5,36
"5627",1593,0,45,27,30
"5628",1572,0.00300311477239271,36,21,32.0000500519129
"5629",1403,0.00354311945417233,36.5,20.5,30.0000590519909
"5630",1438,0,37.5,22.5,50
"5631",1453,0,58,33,14
"5632",1367,0.00140722098409112,15.5,8.5,54.0000234536831
"5633",1358,0.00187141965244128,62.5,35.5,26.0000311903275
"5634",1366,0,31,18,24
"5635",1365,0,25.5,13.5,22
"5636",1364,0,25,14,46
"5637",1363,0,52.5,29.5,24
"5638",1362,0,27,15,20
"5639",1361,0,23,13,38
"5640",1360,0,43.5,24.5,28
"5641",1359,0,31.5,17.5,36
"5642",1356,0.000891451292727274,44,26,44.0000148575215
"5643",1355,0,52.5,30.5,34
"5644",1354,0,38,21,20
"5645",1353,0,20.5,10.5,34
"5646",1352,0,41.5,24.5,18
"5647",1351,0,19,10,24
"5648",1350,0,26,14,36
"5649",1349,0,40,22,16
"5650",1348,0,20,12,24
"5651",1347,0,28.5,16.5,34
"5652",1454,0.00192905874552109,38,21,30.0000321509791
"5653",1456,0,37,22,50
"5654",1515,0.00263598744216915,59,34,22.000043933124
"5655",1518,0,23.5,12.5,40
"5656",1554,0.00155404018738648,48,28,22.0000259006698
"5657",1519,0.00155404018738648,27,16,32.0000259006698
"5658",1457,0.00286581612598508,36,20,10.0000477636021
"5659",1325,0.00264972833411421,12,7,26.0000441621389
"5660",1297,0.00312597513494209,32,19,54.0000520995856
"5661",1296,0,62.5,35.5,34
"5662",1295,0,38.5,21.5,38
"5663",1294,0,47.5,28.5,36
"5664",1293,0,44,26,26
"5665",1223,0.0018707824067837,27.5,14.5,42.0000311797068
"5666",1222,0,47.5,26.5,34
"5667",1221,0,37.5,20.5,36
"5668",1220,0,40,22,38
"5669",1219,0,46,27,28
"5670",1218,0,34.5,20.5,32
"5671",1217,0,37,21,32
"5672",1216,0,39,23,48
"5673",1215,0,57.5,33.5,12
"5674",1214,0,14,8,32
"5675",1213,0,37,21,38
"5676",1212,0,47,28,46
"5677",1134,0.00144081698710934,53,30,26.0000240136165
"5678",1142,0.00234157787653075,28.5,15.5,38.0000390262979
"5679",1144,0,47.5,28.5,46
"5680",1148,0,54.5,31.5,24
"5681",1191,0.000621615340125428,27.5,15.5,58.0000103602557
"5682",1204,0,67.5,38.5,30
"5683",1203,0,32.5,17.5,30
"5684",1202,0,37.5,22.5,36
"5685",1201,0,43.5,25.5,52
"5686",1200,0,61.5,35.5,32
"5687",1199,0,36.5,20.5,42
"5688",1198,0,48.5,27.5,24
"5689",1197,0,29.5,17.5,30
"5690",1196,0,35.5,20.5,46
"5691",1195,0,52.5,29.5,22
"5692",1194,0,26,15,22
"5693",1193,0,24,13,38
"5694",1192,0,46.5,27.5,0
"5695",1067,0.00233111703065186,0,0,10.0000388519505
"5696",1066,0,11.5,6.5,8
"5697",1065,0,10,6,28
"5698",1064,0,33,19,30
"5699",1063,0,36.5,21.5,44
"5700",1062,0.00166792390060477,52,30,26.0000277987317
"5701",1037,0.00230783601281913,32.5,19.5,30.0000384639335
"5702",1036,0,33.5,18.5,34
"5703",1035,0,40.5,23.5,40
"5704",1034,0,48.5,28.5,12
"5705",1033,0,14,8,52
"5706",1032,0,60,34,26
"5707",1031,0,31.5,18.5,42
"5708",1030,0,50.5,29.5,42
"5709",1029,0,47.5,26.5,16
"5710",1028,0,19.5,11.5,26
"5711",1027,0,29,16,30
"5712",1025,0.00111194926801295,32.5,17.5,1.85324878002158e-05
"5713",975,0.00293579247986333,0,0,40.0000489298747
"5714",974,0,47.5,27.5,44
"5715",973,0,52.5,30.5,26
"5716",972,0,30,17,48
"5717",971,0,57,33,42
"5718",1010,0.00262253124754926,49,28,24.0000437088541
"5719",1009,0,29.5,17.5,2
"5720",1008,0,2.5,1.5,54
"5721",1007,0,63.5,36.5,42
"5722",1006,0,48.5,27.5,22
"5723",1005,0,22.5,11.5,40
"5724",1004,0,47,27,16
"5725",1003,0,16.5,8.5,6
"5726",1002,0,7,4,20
"5727",1001,0,23,13,46
"5728",1000,0,53.5,30.5,38
"5729",999,0,44.5,25.5,16
"5730",998,0,20,12,26
"5731",997,0,30.5,17.5,18
"5732",996,0,20.5,11.5,12
"5733",995,0,13,7,12
"5734",994,0,14,8,12
"5735",993,0,14.5,8.5,36
"5736",992,0,41,23,0
"5737",991,0,0,0,22
"5738",990,0,23.5,12.5,40
"5739",989,0,45,25,20
"5740",988,0,23,13,12
"5741",987,0,12,6,32
"5742",986,0,38,22,24
"5743",985,0,28.5,16.5,38
"5744",984,0,47.5,28.5,36
"5745",983,0,40.5,22.5,6
"5746",982,0,7,4,48
"5747",981,0,57.5,33.5,34
"5748",980,0,40.5,23.5,6
"5749",979,0,6.5,3.5,12
"5750",978,0,15,9,38
"5751",977,0,43.5,24.5,24
"5752",1103,0.00446003554070775,25,13,54.0000743339257
"5753",1102,0,63.5,36.5,44
"5754",1101,0,52,30,34
"5755",1100,0,42.5,25.5,16
"5756",1099,0,20,12,34
"5757",1098,0,38.5,21.5,14
"5758",1097,0,15,8,30
"5759",1096,0,33,18,20
"5760",1095,0,23,13,18
"5761",1094,0,18.5,9.5,48
"5762",1093,0,57.5,33.5,34
"5763",1149,0.00118205369612301,40.5,23.5,54.0000197008949
"5764",1230,0.0011609338836625,63,36,8.00001934889806
"5765",1305,0.00221085054494954,9,5,38.0000368475091
"5766",1231,0.00221085054494954,46.5,27.5,8.00003684750908
"5767",1236,0,9.5,5.5,8
"5768",1206,0.00110289719053244,9.5,5.5,56.0000183816198
"5769",1228,0.000602439941834308,65.5,37.5,40.0000100406657
"5770",1260,0.000696560330271351,45,25,22.0000116093388
"5771",1259,0,27.5,16.5,26
"5772",1258,0,29.5,16.5,16
"5773",1257,0,17,9,18
"5774",1256,0,18,9,4
"5775",1255,0,4.5,2.5,28
"5776",1254,0,33,19,30
"5777",1253,0,32.5,17.5,46
"5778",1252,0,55,32,22
"5779",1251,0,24.5,13.5,52
"5780",1250,0,60.5,34.5,28
"5781",1249,0,31.5,17.5,52
"5782",1248,0,61.5,35.5,46
"5783",1247,0,52.5,29.5,14
"5784",1246,0,14.5,7.5,34
"5785",1245,0,40,23,24
"5786",1244,0,25.5,13.5,8
"5787",1243,0,8.5,4.5,50
"5788",1242,0,59.5,34.5,24
"5789",1241,0,26.5,14.5,48
"5790",1240,0,57.5,33.5,18
"5791",1239,0,19.5,10.5,22
"5792",1229,0.000696560330271351,25,14,36.0000116093388
"5793",1150,0.0011609338836625,40.5,22.5,44.0000193488981
"5794",1155,0,50.5,28.5,32
"5795",1190,0,40,24,44
"5796",1189,0,53,31,38
"5797",1188,0,45,26,20
"5798",1187,0,24.5,14.5,42
"5799",1186,0,51,30,6
"5800",1185,0,6,3,40
"5801",1184,0,47,27,50
"5802",1183,0,59,34,26
"5803",1182,0,29,16,30
"5804",1181,0,36.5,21.5,10
"5805",1180,0,10.5,5.5,48
"5806",1179,0,55.5,31.5,16
"5807",1178,0,16.5,8.5,26
"5808",1177,0,28,15,18
"5809",1176,0,18.5,9.5,34
"5810",1175,0,39.5,22.5,24
"5811",1174,0,29,17,14
"5812",1173,0,17,10,38
"5813",1172,0,43,24,44
"5814",1171,0,51.5,29.5,10
"5815",1170,0,11,6,28
"5816",1169,0,30,16,20
"5817",1168,0,20.5,10.5,46
"5818",1167,0,54,31,0
"5819",1166,0,0,0,54
"5820",1165,0,64,37,38
"5821",1164,0,47.5,28.5,14
"5822",1163,0,14,7,30
"5823",1162,0,33.5,18.5,28
"5824",1161,0,33.5,19.5,44
"5825",1160,0,53,31,36
"5826",1159,0,44.5,26.5,32
"5827",1158,0,39,23,26
"5828",1157,0,27.5,14.5,42
"5829",1156,0,50.5,29.5,38
"5830",1154,0.00137904399442413,43,24,26.0000229840666
"5831",1153,0,30,17,16
"5832",1152,0,18.5,10.5,10
"5833",1151,0,10,5,40
"5834",1147,0.000365642448171425,50,30,42.0000060940408
"5835",1146,0,49,28,16
"5836",1145,0,16.5,8.5,10
"5837",1207,0.00108244927056435,12.5,7.5,38.0000180408212
"5838",1280,0.00170337074348072,44,25,34.0000283895124
"5839",1279,0,42,25,14
"5840",1341,0.0021756551797227,16,9,28.0000362609197
"5841",1508,0.00273509604264101,32.5,18.5,42.000045584934
"5842",1507,0,49.5,28.5,26
"5843",1480,0.000891451309541697,32.5,19.5,18.0000148575218
"5844",1479,0,19,10,18
"5845",1478,0,19,10,42
"5846",1477,0,51.5,30.5,22
"5847",1476,0,27,16,48
"5848",1475,0,57,33,36
"5849",1474,0,42,24,46
"5850",1473,0,53.5,30.5,46
"5851",1472,0,55,32,46
"5852",1471,0,55,32,4
"5853",1470,0,5,3,60
"5854",1469,0,70,40,50
"5855",1468,0,59,34,34
"5856",1567,0.00192842616210828,41,24,42.000032140436
"5857",1566,0,48,27,18
"5858",1565,0,21.5,12.5,40
"5859",1564,0,48,28,38
"5860",1563,0,47.5,28.5,24
"5861",1562,0,29,17,36
"5862",1561,0,42.5,24.5,24
"5863",1560,0,26,14,32
"5864",1559,0,36,20,28
"5865",1558,0,34,20,46
"5866",1557,0,54.5,31.5,6
"5867",1556,0,7.5,4.5,20
"5868",1513,0.00278916850350799,25,15,40.0000464861417
"5869",1512,0,47.5,27.5,48
"5870",1524,0.000937432281780747,56,32,40.0000156238714
"5871",1523,0,47.5,27.5,30
"5872",1522,0,34.5,19.5,6
"5873",1452,0.00144622369404029,7.5,4.5,44.0000241037282
"5874",1451,0,52,30,48
"5875",1450,0,56,32,40
"5876",1449,0,46.5,26.5,54
"5877",1448,0,62.5,35.5,10
"5878",1447,0,11.5,6.5,52
"5879",1446,0,60.5,34.5,18
"5880",1445,0,21.5,12.5,50
"5881",1444,0,58,33,36
"5882",1443,0,44,26,46
"5883",1442,0,56,33,34
"5884",1441,0,41,24,24
"5885",1440,0,28,16,42
"5886",1439,0,51.5,30.5,22
"5887",1335,0.00221283283111835,23,12,40.0000368805472
"5888",1334,0,49.5,29.5,12
"5889",1319,0.000724399470214186,13,7,6.0000120733245
"5890",1323,0,6,3,22
"5891",1322,0,23,12,12
"5892",1321,0,14,8,54
"5893",1320,0,63.5,36.5,26
"5894",1299,0.00100725245341777,27.5,14.5,36.0000167875409
"5895",1303,0,42.5,24.5,24
"5896",1237,0.00197720668835473,29,17,40.0000329534448
"5897",1317,0.00206614668979818,46,26,36.0000344357782
"5898",1316,0,43,25,22
"5899",1368,0.00233448517973018,26,15,14.0000389080863
"5900",1542,0.00277961150527465,15,8,42.0000463268584
"5901",1541,0,49,28,20
"5902",1540,0,20.5,10.5,48
"5903",1539,0,56.5,32.5,48
"5904",1538,0,57.5,33.5,32
"5905",1537,0,40,24,32
"5906",1536,0,39,23,20
"5907",1535,0,20.5,10.5,36
"5908",1534,0,40.5,22.5,18
"5909",1533,0,20,11,42
"5910",1532,0,52,31,40
"5911",1531,0,46,26,6
"5912",1550,0.00118386461037651,7,4,38.0000197310768
"5913",1570,0.000310807325631529,47,28,18.0000051801221
"5914",1569,0,19,10,24
"5915",1548,0.00174782657524719,27.5,15.5,32.0000291304429
"5916",1547,0,36.5,20.5,52
"5917",1546,0,62,36,20
"5918",1545,0,24,14,58
"5919",1544,0,67.5,38.5,40
"5920",1619,0.00419420954348331,48.5,28.5,34.0000699034924
"5921",1618,0,37.5,20.5,26
"5922",1617,0,31.5,18.5,42
"5923",1616,0,50.5,29.5,32
"5924",1615,0,39,23,28
"5925",1614,0,35,21,34
"5926",1612,0.00620569796380761,38,21,8.0001034282994
"5927",1611,0,8.5,4.5,38
"5928",1609,0.00451135713461106,45.5,26.5,40.0000751892856
"5929",1290,0.00937356955382443,45.5,25.5,24.0001562261592
"5930",1210,0.0026914932133862,26,14,30.0000448582202
"5931",1051,0.00413230668579905,33,18,38.0000688717781
"5932",1050,0,44.5,25.5,26
"5933",1049,0,31.5,18.5,20
"5934",1048,0,20.5,10.5,30
"5935",1047,0,35,20,6
"5936",1046,0,6,3,20
"5937",1045,0,24.5,14.5,56
"5938",1044,0,65.5,37.5,36
"5939",1043,0,43.5,25.5,46
"5940",1042,0,53.5,30.5,24
"5941",1041,0,25,13,30
"5942",1040,0,37,22,42
"5943",1023,0.000842544170180765,50,29,14.0000140424028
"5944",1022,0,15,8,36
"5945",969,0.00213212107437182,41.5,23.5,24.0000355353512
"5946",968,0,26.5,14.5,10
"5947",967,0,10,5,54
"5948",966,0,62.5,35.5,16
"5949",965,0,16.5,8.5,12
"5950",964,0,13,7,44
"5951",954,0.00204829513502292,52,30,44.0000341382522
"5952",953,0,51,29,26
"5953",952,0,30,17,22
"5954",951,0,25,14,32
"5955",950,0,36,20,14
"5956",949,0,14.5,7.5,8
"5957",947,0.00145544127782625,8,4,22.0000242573546
"5958",946,0,26.5,15.5,20
"5959",1112,0.00787310310956483,23,13,26.0001312183852
"5960",1111,0,27.5,14.5,50
"5961",1060,0.0209227715826079,59,34,38.0003487128597
"5962",1059,0,42.5,23.5,34
"5963",1058,0,41.5,24.5,20
"5964",1057,0,22,12,38
"5965",1056,0,43.5,24.5,38
"5966",1055,0,44,25,50
"5967",1054,0,60,35,42
"5968",1053,0,52,31,30
"5969",1137,0.00155403790844657,33,18,10.0000259006318
"5970",1136,0,12.5,7.5,32
"5971",1091,0.00136531908383764,38,22,32.0000227553181
"5972",1090,0,39,23,48
"5973",1089,0,55.5,31.5,38
"5974",1088,0,44.5,25.5,16
"5975",1087,0,20,12,36
"5976",1143,0.00160866177556171,44.5,26.5,46.0000268110296
"5977",1132,0.00145598556453098,52.5,29.5,18.0000242664261
"5978",1131,0,20,11,28
"5979",1128,0.000222389854168448,31.5,17.5,20.0000037064976
"5980",1127,0,22,12,46
"5981",1126,0,54.5,31.5,46
"5982",1085,0.000877779061375306,55,32,46.000014629651
"5983",1084,0,53,30,16
"5984",1083,0,16,8,14
"5985",1082,0,17,10,28
"5986",1081,0,33.5,19.5,54
"5987",1080,0,63.5,36.5,40
"5988",1079,0,45,25,30
"5989",1078,0,35.5,20.5,38
"5990",1077,0,42.5,23.5,40
"5991",1076,0,45,25,32
"5992",1075,0,37.5,21.5,36
"5993",1074,0,44,26,14
"5994",1118,0.00139483514632057,17,10,40.0000232472524
"5995",1288,0.00422795675872456,46.5,26.5,20.000070465946
"5996",1287,0,20.5,10.5,4
"5997",1286,0,4,2,46
"5998",1285,0,55.5,32.5,20
"5999",1284,0,23.5,13.5,38
"6000",1283,0,42.5,23.5,22
"6001",1282,0,23,12,32
"6002",1302,0.000525721140411908,40,24,26.000008762019
"6003",1301,0,27.5,14.5,18
"6004",1300,0,19,10,42
"6005",1270,0.00137726053509535,51,30,34.0000229543422
"6006",1269,0,37.5,20.5,24
"6007",1268,0,27,15,8
"6008",1267,0,10,6,42
"6009",1266,0,49,28,10
"6010",1265,0,12,7,16
"6011",1226,0.00108240675205086,20,12,36.0000180401125
"6012",1225,0,42.5,24.5,22
"6013",1327,0.00267248035976094,24,13,30.0000445413393
"6014",1332,0.00122452079543241,36.5,21.5,18.0000204086799
"6015",1331,0,18,9,20
"6016",1330,0,21,11,12
"6017",1329,0,12.5,6.5,2
"6018",1314,0.00109499808184664,2.5,1.5,52.000018249968
"6019",1313,0,61.5,35.5,22
"6020",1312,0,27.5,16.5,18
"6021",1311,0,19.5,10.5,48
"6022",1310,0,55,31,44
"6023",1309,0,50.5,28.5,34
"6024",1308,0,42.5,25.5,42
"6025",1307,0,52,31,48
"6026",1401,0.00288438970818278,58,34,44.0000480731618
"6027",1400,0,50.5,28.5,52
"6028",1399,0,62,36,44
"6029",1398,0,53,31,52
"6030",1397,0,61,35,16
"6031",1396,0,16,8,24
"6032",1395,0,26.5,14.5,32
"6033",1394,0,39,23,14
"6034",1393,0,15.5,8.5,8
"6035",1392,0,10,6,40
"6036",1391,0,48,28,20
"6037",1510,0.00118355977536343,20,10,24.0000197259963
"6038",1462,0.00157394932345099,28.5,16.5,32.0000262324887
"6039",1461,0,38.5,22.5,24
"6040",1460,0,28.5,16.5,8
"6041",1459,0,9.5,5.5,34
"6042",1505,0.00422899411361293,40,23,46.0000704832352
"6043",1504,0,56,33,36
"6044",1503,0,44,26,4
"6045",1502,0,4,2,32
"6046",1501,0,36,20,36
"6047",1500,0,44.5,26.5,36
"6048",1499,0,43,25,52
"6049",1498,0,61,35,54
"6050",1497,0,63,36,30
"6051",1496,0,34.5,19.5,18
"6052",1495,0,20,11,38
"6053",1494,0,46,27,12
"6054",1493,0,13.5,7.5,30
"6055",1492,0,36.5,21.5,32
"6056",1491,0,36,20,40
"6057",1490,0,49,29,24
"6058",1489,0,26,14,40
"6059",1488,0,45.5,25.5,12
"6060",1487,0,13.5,7.5,42
"6061",1486,0,48,27,24
"6062",1485,0,25,13,54
"6063",1484,0,62.5,35.5,58
"6064",1483,0,68,39,36
"6065",1482,0,42.5,24.5,38
"6066",1345,0.00446309655844755,42.5,23.5,50.0000743849426
"6067",1455,0.00182820511770956,58.5,33.5,42.0000304700853
"6068",1274,0.00443571069630925,48,27,34.0000739285116
"6069",1273,0,37.5,20.5,40
"6070",1272,0,48.5,28.5,18
"6071",1140,0.00361462755891165,21.5,12.5,6.02437926485275e-05
"6072",1139,0,0,0,42
"6073",1262,0.00443669205711099,50,29,58.0000739448676
"6074",1343,0.00238251444577427,67.5,38.5,14.0000397085741
"6075",1235,0.0100512947723166,16,9,32.0001675215795
"6076",1234,0,38,22,14
"6077",1233,0,17.5,10.5,26
"6078",1232,0,31.5,18.5,34
"6079",1020,0.0138941113355736,42.5,25.5,28.0002315685223
"6080",1019,0,33,19,40
"6081",1018,0,49.5,29.5,8
"6082",1017,0,9,5,34
"6083",1016,0,41,24,12
"6084",1015,0,12,6,12
"6085",1014,0,12.5,6.5,36
"6086",1013,0,43,25,38
"6087",1012,0,46,27,26
"6088",1437,0.045814472431467,32.5,19.5,48.0007635745405
"6089",1436,0,56,32,32
"6090",1435,0,36.5,20.5,26
"6091",1434,0,30.5,17.5,42
"6092",1433,0,51,30,52
"6093",1432,0,60,34,50
"6094",1431,0,58.5,33.5,22
"6095",1430,0,23.5,12.5,26
"6096",1429,0,31.5,18.5,48
"6097",1428,0,56.5,32.5,0
"6098",1427,0,0,0,16
"6099",1426,0,17,9,54
"6100",1425,0,63.5,36.5,28
"6101",1424,0,35,21,24
"6102",1423,0,29,17,48
"6103",1422,0,56,32,50
"6104",1421,0,58,33,42
"6105",1420,0,51,30,38
"6106",1419,0,47,28,26
"6107",1418,0,27.5,14.5,48
"6108",1417,0,57,33,14
"6109",1416,0,17,10,36
"6110",1415,0,41.5,23.5,28
"6111",1414,0,34.5,20.5,28
"6112",1413,0,34,20,14
"6113",1412,0,16,9,8
"6114",1411,0,10,6,32
"6115",1410,0,39.5,23.5,50
"6116",1409,0,58.5,33.5,34
"6117",1408,0,40.5,23.5,36
"6118",1407,0,42.5,24.5,18
"6119",1406,0,18.5,9.5,42
"6120",1405,0,47.5,26.5,32
"6121",1404,0,38,22,20
"6122",1466,0.00103162150439512,21.5,11.5,34.0000171936917
"6123",1465,0,38,21,60
"6124",1464,0,70,40,36
"6125",1517,0.00040632992992336,44,26,22.0000067721655
"6126",1516,0,27.5,16.5,22
"6127",1528,0.00105144252413533,25.5,14.5,44.0000175240421
"6128",1527,0,52,30,12
"6129",875,0.175821485893637,13,7,0.00293035809822728
"6130",874,0,0,0,16
"6131",873,0,18,10,38
"6132",872,0,46,27,14
"6133",871,0,17,10,28
"6134",870,0,30,16,28
"6135",869,0,32,18,0
"6136",868,0,0,0,14
"6137",867,0,16.5,9.5,26
"6138",866,0,30,17,12
"6139",865,0,14,8,42
"6140",864,0,48.5,27.5,6
"6141",863,0,7.5,4.5,38
"6142",862,0,45.5,26.5,12
"6143",861,0,13.5,7.5,44
"6144",860,0,50,28,30
"6145",859,0,37,22,22
"6146",858,0,23,12,32
"6147",857,0,40,24,30
"6148",856,0,36.5,21.5,20
"6149",855,0,21,11,48
"6150",854,0,56.5,32.5,50
"6151",853,0,59.5,34.5,38
"6152",852,0,42.5,23.5,30
"6153",851,0,37.5,22.5,20
"6154",916,0.00121929278571846,21.5,11.5,22.0000203215464
"6155",915,0,23.5,12.5,28
"6156",914,0,34.5,20.5,12
"6157",913,0,14,8,34
"6158",912,0,40.5,23.5,10
"6159",911,0,12.5,7.5,14
"6160",910,0,16.5,9.5,42
"6161",909,0,50.5,29.5,46
"6162",908,0,55,32,56
"6163",907,0,65.5,37.5,46
"6164",906,0,54,31,52
"6165",905,0,62,36,24
"6166",904,0,28.5,16.5,24
"6167",903,0,25.5,13.5,14
"6168",902,0,17,10,8
"6169",901,0,9,5,40
"6170",900,0,46,26,16
"6171",899,0,16.5,8.5,44
"6172",898,0,54,32,38
"6173",897,0,45,26,34
"6174",896,0,38.5,21.5,18
"6175",895,0,19,10,22
"6176",894,0,23,12,18
"6177",893,0,20.5,11.5,38
"6178",892,0,45,26,54
"6179",891,0,64,37,46
"6180",890,0,52.5,29.5,28
"6181",889,0,31.5,17.5,30
"6182",888,0,33,18,48
"6183",887,0,56,32,16
"6184",886,0,17.5,9.5,54
"6185",885,0,63.5,36.5,42
"6186",884,0,49.5,28.5,18
"6187",883,0,21.5,12.5,28
"6188",882,0,30,16,40
"6189",881,0,45,25,28
"6190",880,0,35,21,42
"6191",879,0,51,30,44
"6192",878,0,50.5,28.5,44
"6193",877,0,53.5,31.5,32
"6194",849,0.000786672016661866,39.5,23.5,54.0000131112003
"6195",848,0,62.5,35.5,24
"6196",847,0,29,17,38
"6197",846,0,44,25,38
"6198",845,0,43,24,14
"6199",844,0,15.5,8.5,16
"6200",843,0,17,9,24
"6201",842,0,25.5,13.5,30
"6202",841,0,34.5,19.5,38
"6203",840,0,42.5,23.5,14
"6204",839,0,17.5,10.5,32
"6205",838,0,38,22,26
"6206",837,0,30.5,17.5,26
"6207",836,0,28.5,15.5,34
"6208",835,0,42.5,25.5,34
"6209",834,0,39.5,22.5,18
"6210",833,0,19,10,30
"6211",832,0,32.5,17.5,32
"6212",831,0,38,22,46
"6213",830,0,54,31,20
"6214",829,0,21,11,10
"6215",828,0,11.5,6.5,48
"6216",827,0,56,32,22
"6217",826,0,23.5,12.5,52
"6218",825,0,60,34,12
"6219",824,0,13,7,44
"6220",823,0,53,31,6
"6221",822,0,6,3,20
"6222",821,0,24,14,38
"6223",820,0,46.5,27.5,26
"6224",819,0,30.5,17.5,14
"6225",818,0,14,7,40
"6226",817,0,45,25,46
"6227",816,0,54,31,42
"6228",815,0,47.5,26.5,36
"6229",814,0,44,26,46
"6230",813,0,55.5,32.5,28
"6231",812,0,35,21,20
"6232",811,0,23.5,13.5,40
"6233",810,0,45,25,36
"6234",809,0,44,26,18
"6235",808,0,22,13,10
"6236",807,0,11,6,36
"6237",806,0,40.5,22.5,40
"6238",805,0,50,30,44
"6239",804,0,53.5,31.5,20
"6240",803,0,20,10,40
"6241",802,0,48,28,48
"6242",801,0,56,32,26
"6243",800,0,32.5,19.5,48
"6244",799,0,56.5,32.5,28
"6245",798,0,31,17,50
"6246",797,0,58.5,33.5,50
"6247",796,0,58.5,33.5,26
"6248",795,0,30.5,17.5,16
"6249",794,0,16.5,8.5,46
"6250",793,0,55.5,32.5,34
"6251",792,0,39,22,26
"6252",791,0,29.5,16.5,24
"6253",790,0,28.5,16.5,6
"6254",789,0,7,4,46
"6255",788,0,54,31,26
"6256",787,0,29,16,28
"6257",786,0,30.5,16.5,38
"6258",785,0,44,25,6
"6259",784,0,6,3,30
"6260",783,0,33,18,30
"6261",782,0,32.5,17.5,14
"6262",781,0,14.5,7.5,20
"6263",780,0,23.5,13.5,28
"6264",779,0,31.5,17.5,26
"6265",778,0,27.5,14.5,18
"6266",777,0,21,12,38
"6267",776,0,46,27,22
"6268",775,0,25,14,32
"6269",774,0,38.5,22.5,22
"6270",773,0,27.5,16.5,40
"6271",772,0,46,26,28
"6272",771,0,33.5,19.5,28
"6273",770,0,30,16,42
"6274",769,0,48.5,27.5,46
"6275",768,0,55.5,32.5,22
"6276",767,0,22.5,11.5,30
"6277",766,0,33,18,42
"6278",765,0,48,27,22
"6279",764,0,25.5,14.5,14
"6280",763,0,15.5,8.5,28
"6281",762,0,31,17,16
"6282",761,0,19,11,36
"6283",760,0,41,23,38
"6284",759,0,45.5,26.5,18
"6285",758,0,19,10,30
"6286",757,0,36,21,42
"6287",756,0,50.5,29.5,10
"6288",941,0.0863486590793587,10.5,5.5,12.001439144318
"6289",944,0,15,9,20
"6290",936,0.0147254229671072,21.5,11.5,52.0002454237161
"6291",940,0,62,36,52
"6292",939,0,60,34,14
"6293",938,0,14,7,40
"6294",937,0,47,27,14
"6295",943,0.000643001267420702,14.5,7.5,32.0000107166878
"6296",942,0,36,20,50
"6297",414,0.552207571382666,60,35,38.009203459523
"6298",405,0.0080211972806299,44.5,25.5,16.0001336866213
"6299",404,0,16.5,8.5,10
"6300",403,0,10,5,30
"6301",402,0,34.5,19.5,40
"6302",401,0,49.5,29.5,32
"6303",400,0,38.5,22.5,24
"6304",399,0,29.5,17.5,58
"6305",398,0,68,39,42
"6306",397,0,51,30,22
"6307",396,0,23,12,18
"6308",395,0,21.5,12.5,10
"6309",394,0,11,6,16
"6310",392,0.0130103243430373,20,12,32.000216838739
"6311",391,0,39,23,34
"6312",235,0.333316199645295,37.5,20.5,18.0055552699941
"6313",234,0,20.5,11.5,40
"6314",233,0,47,27,48
"6315",232,0,56,32,6
"6316",225,0.002119235990848,7,4,24.0000353205998
"6317",224,0,29,17,32
"6318",223,0,39,23,32
"6319",221,0.000111194924254931,40,24,30.0000018532487
"6320",220,0,36.5,21.5,24
"6321",219,0,30,18,12
"6322",230,0.000365622951313413,14,8,12.0000060937159
"6323",229,0,13.5,7.5,30
"6324",228,0,35,20,42
"6325",227,0,48,27,0
"6326",217,0.00183066016349853,0,0,36.0000305110027
"6327",216,0,41,23,38
"6328",215,0,47,28,36
"6329",214,0,41.5,23.5,46
"6330",213,0,55,32,30
"6331",212,0,32.5,17.5,30
"6332",211,0,33,18,28
"6333",209,0.000282449037627873,31.5,17.5,46.000004707484
"6334",208,0,54,31,22
"6335",207,0,23.5,12.5,34
"6336",206,0,40.5,23.5,38
"6337",205,0,46.5,27.5,26
"6338",204,0,30.5,17.5,22
"6339",203,0,26,15,40
"6340",202,0,45.5,25.5,30
"6341",201,0,32.5,17.5,0
"6342",200,0,0,0,22
"6343",199,0,27,16,24
"6344",116,0.0228318021946212,30,18,12.0003805300366
"6345",115,0,12.5,6.5,32
"6346",114,0,36.5,20.5,24
"6347",113,0,25,13,38
"6348",90,0.00458668403488832,47.5,28.5,4.00007644473391
"6349",99,0,4,2,16
"6350",98,0,16.5,8.5,8
"6351",97,0,8,4,20
"6352",96,0,22.5,12.5,24
"6353",95,0,28,16,16
"6354",94,0,17,9,32
"6355",93,0,38.5,22.5,50
"6356",92,0,57.5,32.5,22
"6357",91,0,25.5,14.5,52
"6358",83,0.00241881657479884,60,34,22.0000403136096
"6359",89,0,22.5,11.5,48
"6360",88,0,56,32,30
"6361",87,0,32.5,17.5,44
"6362",86,0,53,31,28
"6363",85,0,33.5,19.5,42
"6364",84,0,50.5,29.5,40
"6365",81,0.00353205910966028,48,28,5.88676518276713e-05
"6366",80,0,0,0,32
"6367",79,0,37,21,30
"6368",101,0.252755692393974,36.5,21.5,28.0042125948732
"6369",111,0,35,21,30
"6370",110,0,34.5,19.5,32
"6371",109,0,36.5,20.5,20
"6372",108,0,20,10,42
"6373",107,0,52,31,28
"6374",106,0,30.5,16.5,18
"6375",105,0,19,10,6
"6376",104,0,6.5,3.5,18
"6377",103,0,21.5,12.5,54
"6378",102,0,63.5,36.5,14
"6379",124,0.00401883787115758,17,10,38.0000669806312
"6380",123,0,43,24,42
"6381",122,0,50.5,29.5,48
"6382",121,0,58,34,8
"6383",120,0,8.5,4.5,48
"6384",119,0,56.5,32.5,4
"6385",138,0.00636842733639385,4,2,26.0001061404556
"6386",137,0,31.5,18.5,8
"6387",136,0,8.5,4.5,18
"6388",135,0,19,10,24
"6389",134,0,26,14,10
"6390",133,0,11,6,10
"6391",132,0,12,7,50
"6392",131,0,57.5,32.5,26
"6393",130,0,31.5,18.5,14
"6394",129,0,17.5,10.5,6
"6395",128,0,7,4,48
"6396",127,0,57.5,33.5,20
"6397",126,0,22,12,24
"6398",146,0.00457248777738899,30,18,30.0000762081296
"6399",145,0,37,22,22
"6400",144,0,24,13,24
"6401",143,0,29,17,26
"6402",142,0,30.5,17.5,34
"6403",141,0,40.5,23.5,30
"6404",140,0,35,20,26
"6405",160,0.00290443872415184,28.5,15.5,8.00004840731207
"6406",181,0.00567406899752968,9,5,48.0000945678166
"6407",180,0,58,34,4
"6408",179,0,4.5,2.5,18
"6409",178,0,22.5,13.5,48
"6410",177,0,55.5,31.5,36
"6411",176,0,42,24,32
"6412",183,0.00141074704348713,37.5,21.5,32.0000235124507
"6413",197,0.00582583207394646,39,23,26.0000970972012
"6414",196,0,31.5,18.5,22
"6415",195,0,22.5,11.5,28
"6416",194,0,31,17,36
"6417",193,0,44.5,26.5,26
"6418",192,0,31,18,40
"6419",191,0,47.5,27.5,46
"6420",190,0,55.5,32.5,44
"6421",189,0,53.5,31.5,54
"6422",188,0,62.5,35.5,48
"6423",187,0,56.5,32.5,34
"6424",185,0.00384031248565329,41,24,28.0000640052081
"6425",174,0.0042035018728764,33,19,26.0000700583645
"6426",173,0,28,15,22
"6427",172,0,26.5,15.5,12
"6428",171,0,14.5,8.5,12
"6429",170,0,12.5,6.5,44
"6430",169,0,52.5,30.5,38
"6431",168,0,43,24,20
"6432",167,0,24.5,14.5,46
"6433",166,0,54.5,31.5,38
"6434",165,0,46.5,27.5,36
"6435",164,0,42.5,24.5,18
"6436",163,0,19.5,10.5,16
"6437",162,0,20,12,30
"6438",158,0.0042968493589569,35.5,20.5,44.000071614156
"6439",157,0,53,31,30
"6440",156,0,35,20,4
"6441",155,0,5,3,44
"6442",154,0,52,30,14
"6443",153,0,17.5,10.5,34
"6444",152,0,41.5,24.5,16
"6445",151,0,19.5,11.5,44
"6446",150,0,51.5,29.5,40
"6447",149,0,48,28,50
"6448",148,0,60,35,8
"6449",77,0.135696348020475,9,5,38.0022616058003
"6450",65,0.115165385103161,44,25,44.0019194230851
"6451",63,0.00328029846341594,51.5,29.5,38.0000546716411
"6452",62,0,43,24,26
"6453",61,0,32.5,19.5,18
"6454",60,0,20.5,11.5,28
"6455",59,0,33,19,44
"6456",58,0,54,32,48
"6457",56,0.00119119167075862,56.5,32.5,40.0000198531945
"6458",55,0,48,28,36
"6459",54,0,43.5,25.5,40
"6460",52,0.000413235783956016,45,25,38.0000068872631
"6461",51,0,47,28,52
"6462",50,0,60,34,38
"6463",49,0,44,25,24
"6464",67,0.0996073647703417,26.5,14.5,22.0016601227462
"6465",26,0.303799248630777,25,14,20.0050633208105
"6466",20,0.000421263786444553,25,15,12.0000070210631
"6467",24,0.000564912466671637,12,6,16.0000094152078
"6468",22,0.000689521203338363,19,11,30.0000114920201
"6469",28,0.0011289054659205,36,21,42.0000188150911
"6470",8,0.608868297552109,51,30,8.0101478049592
"6471",7,0.864756580191679,9,5,22.0144126096699
"6472",359,1.55205051188714,22.5,11.5,8.02586750853145
"6473",437,0.264254943616487,10,6,38.0044042490603
"6474",444,0,44,25,44
"6475",443,0,54,32,52
"6476",442,0,61.5,35.5,28
"6477",441,0,34.5,20.5,20
"6478",440,0,24,14,18
"6479",439,0,18,9,8
"6480",438,0,8,4,38
"6481",432,0.167669600050586,43.5,24.5,8.00279449333418
"6482",431,0,8.5,4.5,0
"6483",430,0,0,0,20
"6484",429,0,24,14,36
"6485",428,0,45,27,52
"6486",427,0,60,34,56
"6487",426,0,65,37,44
"6488",425,0,52,30,10
"6489",649,0.3835155260291,12,7,54.0063919254338
"6490",583,0.238722097377131,63,36,58.003978701623
"6491",589,5.80703430833297e-05,67.5,38.5,6.00000096783905
"6492",605,0.000250890230666462,7,4,16.0000041815038
"6493",624,0.00554462810668732,16.5,8.5,36.0000924104684
"6494",627,0,42,24,48
"6495",679,0.202168279025331,57.5,33.5,14.0033694713171
"6496",681,0.0105947825099896,16,9,22.0001765797085
"6497",700,0.0131716428413132,26,15,18.0002195273807
"6498",706,0.00214870753528704,22.5,13.5,38.0000358117923
"6499",698,0.00651937789076127,47.5,28.5,44.0001086562982
"6500",692,0.00365480008873494,54,32,50.0000609133348
"6501",694,0.00556732351819659,59.5,34.5,30.0000927887253
"6502",928,0.0640864569399796,32.5,17.5,4.00106810761567
"6503",930,0,4,2,36
"6504",929,0,45,27,40
"6505",934,0.00211987456717017,47,27,36.0000353312428
"6506",932,0.000567976609288923,42,24,30.0000094662768
"6507",735,0.177788377270816,33.5,18.5,22.0029631396212
"6508",922,0.0965314334695439,25,14,22.0016088572245
"6509",924,0.0016047014544873,25.5,14.5,46.0000267450242
"6510",923,0.0023225057089827,55.5,32.5,42.0000387084285
"6511",921,0.00296987279097823,49.5,28.5,48.0000494978798
"6512",920,0.00734253995053624,57.5,33.5,50.0001223756658
"6513",918,0.00409732791467755,57.5,32.5,14.0000682887986
"6514",926,0.0109691431861252,16,9,60.0001828190531
"6515",626,0.239882375124938,70,40,32.0039980395854
"6516",625,0,37.5,21.5,38
"6517",628,0.446386965510676,45,26,26.0074397827585
"6518",631,0.000891618002059962,29.5,16.5,14.0000148603
"6519",633,0,14.5,7.5,60
"6520",629,0.0011841986995165,70,40,32.000019736645
"6521",634,0.0016308884940784,35,19,14.0000271814749
"6522",640,0.00245742615584618,16,9,26.0000409571026
"6523",635,0.00245742615584618,32,19,24.0000409571026
"6524",632,0.00625333837885764,27.5,15.5,40.0001042223063
"6525",630,0.00180771839161933,45.5,25.5,16.0000301286399
"6526",502,0.0764275831147902,19.5,11.5,12.0012737930519
"6527",491,0.0383066201627635,14.5,8.5,24.0006384436694
"6528",493,0.000125451802271388,29.5,17.5,22.0000020908634
"6529",492,0.000125451802271388,22.5,11.5,50.0000020908634
"6530",485,0.000727640901139065,58,33,20.0000121273484
"6531",484,0,20,10,18
"6532",466,0.00490358167954216,20,11,40.0000817263613
"6533",500,0.00807684774652546,48,28,46.0001346141291
"6534",451,0.0528041037935557,54.5,31.5,2.00088006839656
"6535",454,0.000846987040316162,2,1,8.00001411645067
"6536",449,0.00536784004081102,9,5,12.0000894640007
"6537",452,0.00160937013446112,13.5,7.5,34.0000268228356
"6538",458,0.00210121116585043,39,22,6.0000350201861
"6539",457,0,7.5,4.5,26
"6540",456,0,31,18,34
"6541",453,0.00210121116585043,42,25,16.0000350201861
"6542",447,0.00337387980870241,19,11,34.0000562313301
"6543",446,0.0018983292697174,41,24,24.0000316388212
"6544",529,0.203589041588849,27,15,56.0033931506931
"6545",508,0.0156830400083047,65,37,36.0002613840001
"6546",507,0,41.5,23.5,38
"6547",505,0.000125451916267345,44,25,44.0000020908653
"6548",504,0.000667169559676051,51,29,46.0000111194927
"6549",524,0.00752832415286811,54,31,28.0001254720692
"6550",522,0.00245443470906646,32.5,18.5,22.0000409072452
"6551",513,0.00112566756009491,27.5,16.5,18.000018761126
"6552",511,0.000705832651241352,20,11,24.0000117638775
"6553",510,0,29.5,17.5,10
"6554",686,0.288031563452486,10.5,5.5,50.0048005260575
"6555",647,0.0831815963159254,59,34,26.0013863599386
"6556",652,0.0318231520385276,28.5,15.5,42.0005303858673
"6557",682,0.0726638094796064,47.5,26.5,46.0012110634913
"6558",727,0.112034381330292,54,31,8.00186723968884
"6559",732,0.00614601611716471,10,6,22.000102433602
"6560",728,0.00902617807710513,24,13,52.0001504363013
"6561",730,0.00123549669010457,61,35,8.0000205916115
"6562",729,0.00345486546193056,8.5,4.5,20.000057581091
"6563",1727,0.224811318836434,22.5,12.5,26.0037468553139
"6564",1633,0.177659255516711,29,16,40.0029609875919
"6565",1827,0.627413292672457,47,27,42.0104568882112
"6566",1835,0.0858503401220066,50.5,29.5,16.001430839002
"6567",2024,0.484164690044996,16.5,8.5,4.00806941150075
"6568",2023,0,5,3,10
"6569",2028,0.00358584960609202,10.5,5.5,56.0000597641601
"6570",2027,0,65,37,4
"6571",2155,0.0360974825766333,4,2,24.0006016247096
"6572",2127,0.0429378610974921,30,18,32.0007156310183
"6573",2144,0.0110268215079164,39,23,38.0001837803585
"6574",1720,0.234995428721528,45,26,4.00391659047869
"6575",1702,0.240229995587155,4.5,2.5,22.0040038332598
"6576",435,0.585359900507155,22.5,11.5,30.0097559983418
"6577",532,0.878853174579462,33,18,34.0146475529097
"6578",3795,1.17758000208905,40.5,23.5,34.0196263333682
"6579",4078,0.173494930910147,38.5,21.5,12.0028915821818
"6580",5819,0.794682995469342,12.5,6.5,50.0132447165912
"6581",5821,0.0262963145390965,59.5,34.5,44.000438271909
"6582",5820,1.28330197846831,50.5,28.5,30.0213883663078
"6583",5816,0.145372731410645,36,21,38.0024228788568
"6584",5818,0,44.5,25.5,56
"6585",5817,0.0132353818088954,65.5,37.5,30.0002205896968
"6586",5814,0.0179529500646243,33,18,50.0002992158344
"6587",5813,0,58,33,48
"6588",5812,0,55.5,31.5,2
"6589",5811,0,2,1,50
"6590",5810,0,60,35,20
"6591",5808,5.80732612645971e-05,25,15,32.0000009678877
"6592",5807,0,39.5,23.5,24
"6593",5806,0,25.5,13.5,38
"6594",5805,0,43,24,32
"6595",5756,0.0043255976783211,37.5,21.5,28.0000720932946
"6596",5758,0,33.5,19.5,18
"6597",5764,0,20,11,44
"6598",5770,0,50.5,28.5,16
"6599",5772,0,20,12,36
"6600",5804,0,43,25,36
"6601",5755,0.0043255976783211,44.5,26.5,42.0000720932946
"6602",5757,0.000338601982442189,50.5,29.5,42.0000056433664
"6603",5754,0.000125446433409669,51,30,22.0000020907739
"6604",5753,0.000444779708336895,26.5,15.5,16.0000074129951
"6605",5752,0.000222389851339155,18,10,52.0000037064975
"6606",5751,0.000222389851339155,61.5,35.5,32.0000037064975
"6607",5750,0,40,24,42
"6608",5749,0,49,28,24
"6609",5763,0.000321585408940733,25.5,13.5,26.0000053597568
"6610",5762,0,29.5,16.5,14
"6611",5761,0,14.5,7.5,28
"6612",5760,0,30.5,16.5,20
"6613",5759,0,21.5,11.5,14
"6614",5748,0.0012718064022423,15,8,10.0000211967734
"6615",5747,0.00100747170132714,12.5,7.5,44.000016791195
"6616",5746,0,53.5,31.5,26
"6617",5745,0,31,18,24
"6618",5744,0,26.5,14.5,46
"6619",5743,0.00090645925815028,54.5,31.5,26.0000151076543
"6620",5742,0.00090645925815028,27.5,14.5,30.0000151076543
"6621",5741,0,32.5,17.5,38
"6622",5740,0,45.5,26.5,44
"6623",5739,0.00108016726321528,50,28,20.0000180027877
"6624",5738,0.00108016726321528,20,10,50.0000180027877
"6625",5737,0.000780527875187281,57.5,32.5,46.0000130087979
"6626",5736,0.000780527875187281,55,32,18.0000130087979
"6627",5735,0,22.5,13.5,16
"6628",5734,0.000897109750174201,19,11,26.0000149518292
"6629",5733,0.000897109750174201,32,19,38.0000149518292
"6630",5769,0.0018473617389418,47,28,16.0000307893623
"6631",5768,0,19,11,48
"6632",5767,0,56.5,32.5,38
"6633",5766,0,45,26,22
"6634",5765,0,25.5,14.5,46
"6635",5771,0.000333584781252672,54.5,31.5,42.0000055597464
"6636",5803,5.80731466993867e-05,51,30,30.0000009678858
"6637",5802,0,33,18,30
"6638",5801,0,36,21,20
"6639",5800,0,20.5,10.5,26
"6640",5799,0,32.5,19.5,22
"6641",5798,0,23.5,12.5,58
"6642",5797,0,68,39,10
"6643",5796,0,11.5,6.5,36
"6644",5795,0,42.5,24.5,28
"6645",5794,0,35,21,6
"6646",5793,0,6,3,40
"6647",5792,0,48,28,40
"6648",5791,0,47,27,28
"6649",5790,0,33,19,8
"6650",5789,0,10,6,30
"6651",5788,0,37,22,32
"6652",5787,0,36.5,20.5,40
"6653",5786,0,45,25,42
"6654",5785,0,52,31,30
"6655",5784,0,33,18,20
"6656",5783,0,24.5,14.5,18
"6657",5782,0,20.5,11.5,34
"6658",5781,0,40,23,40
"6659",5780,0,46,26,22
"6660",5779,0,26,15,22
"6661",5778,0,25.5,14.5,2
"6662",5777,0,2,1,30
"6663",5776,0,33.5,18.5,48
"6664",5775,0,55,31,38
"6665",5774,0,44.5,25.5,22
"6666",5773,0,24.5,13.5,28
"6667",5732,0.0184050768214058,33.5,19.5,34.0003067512804
"6668",5731,0.143619946212563,37.5,20.5,24.0023936657702
"6669",5649,0.274443321881458,29.5,17.5,48.0045740553647
"6670",5705,0.143779250247334,57.5,33.5,42.0023963208375
"6671",5707,5.80679436229622e-05,52,31,48.0000009677991
"6672",5709,0.00012544400260578,57.5,33.5,28.0000020907334
"6673",5712,0,34.5,20.5,46
"6674",5711,0,52.5,29.5,38
"6675",5710,0,44.5,25.5,12
"6676",5714,5.80679419678943e-05,12.5,6.5,42.000000967799
"6677",5717,0.000111194927084224,49.5,28.5,8.00000185324878
"6678",5716,0,8,4,40
"6679",5722,0.000116135880256276,47.5,27.5,20.000001935598
"6680",5720,0.000125444001668666,23.5,13.5,4.00000209073336
"6681",5724,5.80679432535857e-05,4.5,2.5,16.0000009677991
"6682",5723,0,18.5,10.5,28
"6683",5719,0.000116135886507171,33.5,19.5,28.0000019355981
"6684",5726,0.000365721477572496,30.5,16.5,48.000006095358
"6685",5728,0.000206667078382797,55,31,46.0000034444513
"6686",5692,0.0489126331486937,55.5,32.5,44.0008152105525
"6687",651,2.6773817399429,50,28,8.04462302899905
"6688",464,0.298597998281359,9.5,5.5,16.0049766333047
"6689",1647,0.568502374468081,17.5,9.5,32.0094750395745
"6690",3264,0.699228039233426,38,22,32.0116538006539
"6691",733,2.94698280347937,40,24,38.049116380058
"6692",754,0.215232805272465,46,27,20.0035872134212
"6693",1642,0.15424428377357,21,11,24.0025707380629
"6694",1641,0,25.5,13.5,30
"6695",1640,0,34.5,19.5,40
"6696",1639,0,50,30,32
"6697",1638,0,38,22,22
"6698",1637,0,23,12,24
"6699",1631,0.0104791237102087,28.5,16.5,34.0001746520618
"6700",1902,0.634273826106048,40,23,24.0105712304351
"6701",4,16.3796810228354,26.5,14.5,32.2729946837139
"6702",3,0,37.5,21.5,22
"6703",2,0,27,16,40
"6704",6031,19.2536499912287,49.5,29.5,44.3208941665205
"6705",6556,0.0850749652048907,53,31,38.0014179160868
"6706",6558,0.00600895600915201,47.5,28.5,48.0001001492668
"6707",6562,0.000375785508216034,58,34,44.0000062630918
"6708",6565,0.000229746519202183,50.5,28.5,24.0000038291087
"6709",6568,0.000363466751459371,27,15,48.0000060577792
"6710",6570,0.000587354961245566,55,31,20.0000097892494
"6711",6575,0.000125261844199626,21,11,2.0000020876974
"6712",6571,5.76733763233611e-05,2,1,20.0000009612229
"6713",6573,0,20,10,42
"6714",6572,0,48.5,27.5,34
"6715",6582,0.000320432020163169,40.5,23.5,16.0000053405337
"6716",6581,0.00172787198435716,19.5,11.5,8.00002879786641
"6717",6560,0.00215464048604487,9.5,5.5,12.0000359106748
"6718",6555,0.0133409378292788,12.5,6.5,30.0002223489638
"6719",5947,0.606720682697884,37,22,40.0101120113783
"6720",5946,0,45.5,25.5,32
"6721",5945,0,37.5,21.5,36
"6722",5944,0,43.5,25.5,26
"6723",5943,0,30.5,17.5,20
"6724",5942,0,21,11,30
"6725",5939,0.000876806507751079,36.5,21.5,14.0000146134418
"6726",5937,0.00824477515738924,16.5,9.5,38.0001374129193
"6727",5940,0.00824477515738924,42.5,23.5,40.0001374129193
"6728",5976,0.0225109557562674,45,25,46.0003751825959
"6729",5988,0,53,30,24
"6730",5987,0,29.5,17.5,14
"6731",5986,0,14,7,26
"6732",5985,0,32,19,20
"6733",5984,0,22,12,28
"6734",5983,0,32,18,6
"6735",5982,0,7.5,4.5,16
"6736",5981,0,17.5,9.5,30
"6737",5980,0,33.5,18.5,24
"6738",5979,0,27.5,15.5,52
"6739",5978,0,61,35,36
"6740",5977,0,40,22,28
"6741",5918,0.220841520192,32,18,36.0036806920032
"6742",5917,0,44,26,16
"6743",5916,0,20,12,40
"6744",5915,0,50,30,50
"6745",5914,0,57.5,32.5,52
"6746",5913,0,60.5,34.5,20
"6747",5912,0,24,14,20
"6748",5911,0,23,13,28
"6749",5910,0,30,16,24
"6750",5909,0,28.5,16.5,30
"6751",5908,0,33,18,44
"6752",5907,0,51.5,29.5,12
"6753",5906,0,14,8,42
"6754",5905,0,50,29,44
"6755",5904,0,50.5,28.5,44
"6756",5903,0,52,30,58
"6757",5902,0,67.5,38.5,22
"6758",5901,0,23.5,12.5,36
"6759",5900,0,44.5,26.5,42
"6760",5899,0,50.5,29.5,40
"6761",5898,0,45.5,25.5,42
"6762",5897,0,50.5,29.5,44
"6763",5896,0,54,32,36
"6764",5895,0,42.5,24.5,48
"6765",5894,0,57,33,40
"6766",5893,0,46.5,26.5,36
"6767",5892,0,43.5,25.5,30
"6768",5891,0.00330164686256351,35.5,20.5,36.0000550274477
"6769",5886,0.0200532777371267,43,25,50.0003342212956
"6770",5885,0,57.5,32.5,44
"6771",5884,0,51,29,44
"6772",5883,0,52.5,30.5,34
"6773",5882,0,42.5,25.5,2
"6774",5841,0.0190900244417226,2.5,1.5,26.000318167074
"6775",5840,0,32.5,19.5,24
"6776",5839,0,30,18,4
"6777",5838,0,4,2,28
"6778",5837,0,32.5,18.5,10
"6779",5836,0,10.5,5.5,24
"6780",5835,0,28,16,42
"6781",5834,0,48,27,56
"6782",5889,0.0519437245267802,65.5,37.5,34.0008657287421
"6783",5888,0,38,21,48
