"","total_route","single_distance","single_cargo_weight","single_cargo_volume","total_travel_time"
"1",1,0,0,0,0
"2",3,0.1333252646277,50,29,10.0022220877438
"3",2,0.27155109334418,12,7,16.0045258515557
"4",4,0.404133884055658,19.5,11.5,48.0067355647343
"5",56,0.156291782481897,57,33,22.0026048630414
"6",189,0.0590969525676917,27.5,16.5,10.0009849492095
"7",193,0,10,5,50
"8",188,0.0154551420512685,59,34,28.0002575857009
"9",199,0.0469682091326865,32.5,18.5,16.0007828034855
"10",204,0.000706327973874671,17.5,9.5,12.0000117721329
"11",236,0,14,8,32
"12",244,0,40,24,28
"13",255,0,33,19,42
"14",263,0,52,31,40
"15",274,0.0026294609111092,45,25,30.0000438243485
"16",235,0.0121262435598668,36,21,12.0002021040593
"17",234,0,13,7,24
"18",233,0,27.5,15.5,16
"19",232,0,19.5,11.5,26
"20",231,0,30,17,18
"21",230,0,21,12,18
"22",229,0,22,13,44
"23",228,0,52.5,30.5,32
"24",227,0,35.5,19.5,32
"25",226,0,38.5,22.5,48
"26",225,0,55.5,31.5,12
"27",224,0,13,7,48
"28",223,0,55,31,8
"29",222,0,8,4,34
"30",221,0,39.5,22.5,24
"31",220,0,26.5,14.5,36
"32",219,0,45,27,16
"33",218,0,18,10,30
"34",217,0,33.5,18.5,18
"35",216,0,22.5,13.5,8
"36",215,0,9.5,5.5,42
"37",214,0,49.5,28.5,42
"38",213,0,51.5,30.5,24
"39",212,0,25.5,13.5,24
"40",211,0,29.5,17.5,30
"41",210,0,37,22,28
"42",209,0,33,19,46
"43",208,0,53.5,30.5,2
"44",207,0,2,1,40
"45",206,0,49.5,29.5,40
"46",205,0,48,28,28
"47",203,0.0030072972395781,34,20,16.0000501216207
"48",202,0,18,10,24
"49",201,0,30,18,36
"50",200,0.000706327973874671,45,27,18.0000117721329
"51",243,0.0017551440107366,22,13,32.0000292524002
"52",242,0,38,22,36
"53",241,0,42.5,24.5,14
"54",240,0,16.5,9.5,12
"55",239,0,15,9,42
"56",238,0,51.5,30.5,32
"57",237,0,38,22,32
"58",262,0.00194638695366849,37,21,30.0000324397826
"59",261,0,32.5,17.5,24
"60",260,0,25,13,22
"61",259,0,27,16,14
"62",258,0,15,8,20
"63",257,0,24,14,8
"64",256,0,10,6,38
"65",271,0.00423533986232424,42.5,23.5,34.0000705889977
"66",273,0,38,21,44
"67",272,0,52,30,50
"68",264,0.0026294609111092,58,33,24.0000438243485
"69",270,0,26,14,6
"70",269,0,7.5,4.5,14
"71",268,0,14.5,7.5,16
"72",267,0,16,8,48
"73",266,0,57,33,26
"74",265,0,30.5,17.5,18
"75",254,0.010138816949788,21.5,12.5,24.0001689802825
"76",253,0,26.5,14.5,54
"77",252,0,62.5,35.5,24
"78",251,0,25.5,13.5,20
"79",250,0,20,10,32
"80",249,0,36.5,20.5,48
"81",248,0,58,34,42
"82",247,0,47.5,26.5,10
"83",246,0,10.5,5.5,46
"84",245,0,53.5,30.5,12
"85",275,0.0313643742522681,15,9,14.0005227395709
"86",277,0,14,7,4
"87",739,0.0317488769391107,4,2,42.000529147949
"88",763,0,49,28,12
"89",799,0,14,8,48
"90",844,0,57.5,33.5,6
"91",876,0,6,3,22
"92",895,0,22.5,11.5,52
"93",907,0,60,34,46
"94",917,0,53.5,30.5,34
"95",924,0,42,25,42
"96",944,0,52,31,12
"97",968,0,14,8,28
"98",1107,0,33.5,19.5,18
"99",1113,0,22.5,13.5,30
"100",1161,0,37,22,34
"101",1192,0,40.5,23.5,32
"102",1242,0,37,21,50
"103",1253,0,60,35,40
"104",1268,0,46.5,26.5,42
"105",1325,0,51.5,30.5,16
"106",1334,0,16,8,18
"107",1375,0,21.5,12.5,8
"108",1385,0,9.5,5.5,20
"109",1409,0,24,14,46
"110",1424,0,55.5,32.5,32
"111",1795,0.00696120836987581,38.5,22.5,32.0001160201395
"112",1772,0.00233139210819969,35,19,56.0000388565351
"113",1775,0.00128192761256406,66,38,36.0000213654602
"114",1774,0.000257236000937448,43,25,40.0000042872667
"115",1773,0.00128192761256406,45.5,25.5,22.0000213654602
"116",1776,0.000257236000937448,25,14,28.0000042872667
"117",1794,0,33,19,52
"118",1793,0,61.5,35.5,46
"119",1792,0,53.5,30.5,36
"120",1791,0,40,22,42
"121",1790,0,48,27,16
"122",1789,0,16,8,56
"123",1788,0,66,38,18
"124",1787,0,22.5,13.5,36
"125",1786,0,42.5,24.5,32
"126",1785,0,38.5,22.5,54
"127",1784,0,63,36,28
"128",1783,0,32.5,18.5,42
"129",1782,0,50.5,29.5,32
"130",1781,0,35,19,14
"131",1780,0,16.5,9.5,16
"132",1779,0,18,10,20
"133",1778,0,21.5,11.5,28
"134",1777,0,31.5,17.5,44
"135",1800,0.0034781217274005,50.5,28.5,44.0000579686955
"136",1802,0.00180727305955859,52.5,30.5,36.0000301212177
"137",1804,0,41.5,23.5,16
"138",1812,0.00265089392446847,16.5,8.5,32.0000441815654
"139",1809,0.00294365134203807,35,19,34.0000490608557
"140",1805,0.00347812161780006,38.5,21.5,40.0000579686936
"141",1811,0.00235302642205135,46,26,16.000039217107
"142",1840,0.00463829632785303,18.5,10.5,30.0000773049388
"143",1815,0.00211034184588013,36.5,21.5,58.0000351723641
"144",1817,0.00127167105559003,67.5,38.5,14.0000211945176
"145",1816,0.00242065618742871,15.5,8.5,38.0000403442698
"146",1818,0.00114913207651425,43.5,24.5,26.0000191522013
"147",1837,0,29,16,42
"148",1839,0,48,27,46
"149",1841,0.00267434288490326,55.5,32.5,42.0000445723814
"150",1843,0,51.5,30.5,22
"151",1845,0,25.5,14.5,48
"152",1847,0.00510285813498357,58,34,12.0000850476356
"153",1867,0.00205692389075053,15,9,38.0000342820648
"154",1871,0,46.5,27.5,16
"155",1874,0,17.5,9.5,22
"156",1877,0,23.5,12.5,16
"157",1880,0.000353172399656813,18,10,38.0000058862067
"158",1964,0.0767775625766082,46.5,27.5,12.0012796260429
"159",1974,0,15,9,28
"160",1977,0,30,16,14
"161",2001,0,16.5,9.5,14
"162",2030,0,14,7,30
"163",1976,0.00741449007872757,37,22,44.0001235748346
"164",1975,0,53,31,18
"165",2031,0.00741449007872757,22,13,10.0001235748346
"166",2000,0.00668740937849596,11.5,6.5,34.000111456823
"167",1999,0,39,22,30
"168",1998,0,36.5,21.5,30
"169",1997,0,35.5,20.5,40
"170",1996,0,47.5,27.5,40
"171",1995,0,45.5,25.5,24
"172",1994,0,26.5,14.5,50
"173",1993,0,60,35,44
"174",1992,0,50.5,28.5,16
"175",1991,0,18.5,10.5,42
"176",1990,0,52,31,6
"177",1989,0,7.5,4.5,18
"178",1988,0,18,9,16
"179",1987,0,18,10,18
"180",1986,0,20,11,48
"181",1985,0,57,33,38
"182",1984,0,45.5,26.5,58
"183",1983,0,67.5,38.5,26
"184",1982,0,27.5,14.5,12
"185",1981,0,13.5,7.5,18
"186",1980,0,20,11,24
"187",1979,0,27.5,15.5,30
"188",1978,0,35.5,20.5,22
"189",1973,0.00471307284743195,27,16,38.0000785512141
"190",1972,0,44,25,20
"191",1971,0,21,11,24
"192",1970,0,26,14,44
"193",1969,0,53,31,44
"194",1968,0,51.5,29.5,12
"195",1967,0,14,8,12
"196",1966,0,15,9,18
"197",1965,0,20.5,11.5,34
"198",2032,0.0110403546574982,37.5,20.5,32.000184005911
"199",2046,0,36.5,20.5,24
"200",2048,0,26.5,14.5,38
"201",2058,0,47,28,56
"202",2069,0.000752453152908303,65.5,37.5,10.0000125408859
"203",2074,0,10,5,14
"204",2073,0.000564735098210879,15,8,40.0000094122516
"205",2072,0,45.5,25.5,24
"206",2071,0,27.5,15.5,48
"207",2070,0,56.5,32.5,52
"208",2075,0.000564735098210879,62,36,44.0000094122516
"209",2059,0.00233210219642174,52,30,14.0000388683699
"210",2066,0,14.5,7.5,42
"211",2068,0,49,28,10
"212",2067,0,11,6,14
"213",2076,0.00270731519079174,17.5,10.5,50.0000451219198
"214",2102,0.00144524268045185,57.5,32.5,42.000024087378
"215",2104,0.00222436522095477,50.5,29.5,30.0000370727537
"216",1900,0.0929880457039165,34,19,4.00154980076173
"217",1899,0.00100745151277778,4,2,58.0000167908585
"218",1920,0.0571320780699002,67.5,38.5,42.0009522013012
"219",1925,0.0016068077086808,51,30,12.0000267801285
"220",304,0.0681068397537034,14.5,8.5,52.0011351139959
"221",307,0.00141268424926372,60,34,6.00002354473749
"222",309,0,7.5,4.5,24
"223",317,0,28.5,16.5,32
"224",325,0,36,20,40
"225",327,0,45.5,25.5,42
"226",324,0.00450188693139941,52,31,30.0000750314489
"227",323,0,37.5,22.5,32
"228",322,0,40,24,10
"229",321,0,10.5,5.5,2
"230",320,0,2,1,46
"231",319,0,55,32,44
"232",318,0,50.5,28.5,16
"233",316,0.00444930843845035,20,12,30.0000741551406
"234",315,0,36.5,21.5,22
"235",314,0,23.5,12.5,40
"236",313,0,47.5,27.5,46
"237",312,0,55.5,32.5,28
"238",311,0,34,20,24
"239",310,0,25.5,13.5,54
"240",308,0.00311831295923895,64,37,8.00005197188266
"241",328,0.0120494342633949,9.5,5.5,14.0002008239044
"242",326,0.00236745106434858,14,7,26.0000394575177
"243",329,0.00236745106434858,28,15,42.0000394575177
"244",360,0.00349533170913943,48.5,27.5,44.0000582555285
"245",362,0,51.5,29.5,36
"246",404,0,41,23,42
"247",406,0,51.5,30.5,14
"248",521,0,17.5,10.5,14
"249",557,0,15,8,22
"250",588,0,27.5,16.5,20
"251",622,0,21.5,11.5,44
"252",658,0,52,30,4
"253",681,0,5,3,30
"254",711,0,34,19,38
"255",732,0,46,27,28
"256",738,0,32,18,16
"257",1764,0.0237632573305645,19,11,42.0003960542888
"258",1766,0,50,29,42
"259",1768,0,52,31,52
"260",1767,0.000824381584344443,61,35,8.00001373969307
"261",1761,0.000803365108738366,9,5,46.0000133894185
"262",1763,0,52.5,29.5,12
"263",1762,0,14.5,8.5,28
"264",278,0.0322128681537211,35,21,24.0005368811359
"265",284,0,28,16,42
"266",283,0.0159817466505938,48,27,28.0002663624442
"267",282,0,31,17,20
"268",281,0,21,11,26
"269",280,0,30.5,17.5,2
"270",279,0,2,1,20
"271",285,0.0159817466505938,24.5,14.5,22.0002663624442
"272",1842,0.0360106273221824,26.5,15.5,30.000600177122
"273",1887,0.0142552136397832,34.5,19.5,40.000237586894
"274",1890,0.000477594229471268,49,29,34.0000079599038
"275",1896,0,39.5,22.5,16
"276",1895,0.00437755541307606,19,11,22.0000729592569
"277",1894,0,26,15,48
"278",1893,0,57.5,33.5,40
"279",1892,0,45.5,25.5,26
"280",1891,0,31.5,18.5,14
"281",1897,0.00437755541307606,16,9,10.0000729592569
"282",2029,0.0654844907889822,10.5,5.5,8.00109140817982
"283",2028,0,9,5,10
"284",2027,0,12,7,32
"285",2026,0,35,19,38
"286",2025,0,47,28,42
"287",2024,0,51,30,22
"288",2023,0,25.5,14.5,50
"289",2022,0,57.5,32.5,46
"290",2021,0,53,30,22
"291",2020,0,23.5,12.5,14
"292",2019,0,15.5,8.5,36
"293",2018,0,41,23,48
"294",2017,0,57,33,56
"295",2016,0,65.5,37.5,28
"296",2015,0,30.5,16.5,48
"297",2014,0,57.5,33.5,26
"298",2013,0,32.5,19.5,24
"299",2012,0,25.5,13.5,22
"300",2011,0,22.5,11.5,22
"301",2010,0,27,16,30
"302",2009,0,32.5,17.5,30
"303",2008,0,35.5,20.5,12
"304",2007,0,12.5,6.5,34
"305",2006,0,37.5,20.5,38
"306",2005,0,44,25,34
"307",2004,0,39,22,30
"308",2003,0,33,18,8
"309",2002,0,9.5,5.5,14
"310",2077,0.0207930234182208,14,7,8.0003465503903
"311",2088,0,9,5,24
"312",2101,0.00189002559432659,25.5,13.5,30.0000315004266
"313",2358,0.0653378772537229,34.5,19.5,2.0010889646209
"314",2357,0.00722696169599832,2.5,1.5,54.0001204493616
"315",2761,0.0731146836282064,64,37,30.0012185780605
"316",2763,0.000125413679163937,33,18,42.000002090228
"317",2765,0.00799499062182117,50,29,22.0001332498437
"318",2769,0.00598303827417317,24,13,42.0000997173046
"319",2867,0.0110581186763961,50.5,29.5,24.0001843019779
"320",2875,0,27,15,40
"321",2874,0.00522044649108252,49,29,40.0000870074415
"322",2873,0,48,28,24
"323",2872,0,25,13,30
"324",2871,0,37,22,14
"325",2870,0,17.5,10.5,40
"326",2869,0,50,30,6
"327",2868,0,6,3,30
"328",2877,0.00308344650659229,37,22,22.0000513907751
"329",2854,0.0124490812619093,22.5,11.5,32.0002074846877
"330",2866,0,35.5,19.5,8
"331",2878,0.00650084866390028,9,5,22.0001083474777
"332",2882,0.00146403794560738,25,14,36.0000244006324
"333",2885,0.00180162970734969,40,22,8.00003002716179
"334",2887,0,9,5,50
"335",2799,0.0263842727125521,58.5,33.5,18.0004397378785
"336",2798,0.000826044460608342,21.5,12.5,20.0000137674077
"337",2804,0.00446733591911693,21,11,36.0000744555987
"338",2809,0.000530989713170137,41.5,23.5,8.00000884982855
"339",2824,0,8.5,4.5,28
"340",2835,0,32,18,26
"341",2850,0,32.5,19.5,42
"342",2852,0,51,30,46
"343",2879,0.00980751894958887,52.5,29.5,28.0001634586492
"344",2881,0.00016069824069789,33,19,4.00000267830401
"345",2880,0.000206514983176738,5,3,26.0000034419164
"346",2884,0.00188124259606251,30,17,44.0000313540433
"347",2883,0.00180162970734969,53.5,31.5,6.00003002716179
"348",2890,0.0107755988083153,6,3,2.00017959331347
"349",2892,0,2,1,32
"350",2902,0.00571692829437913,35.5,19.5,28.0000952821382
"351",2802,0.0733708779353034,30,16,20.0012228479656
"352",2801,0.00256339568877588,24.5,14.5,38.0000427232615
"353",2803,0.00656152614365175,45,26,50.0001093587691
"354",2806,0.000530989690359027,59.5,34.5,26.0000088498282
"355",2823,0.0020317128162559,28,15,22.0000338618803
"356",2822,0,22.5,11.5,42
"357",2821,0,50,29,22
"358",2820,0,24.5,13.5,48
"359",2819,0,56.5,32.5,16
"360",2818,0,17.5,9.5,34
"361",2817,0,38.5,21.5,30
"362",2816,0,35,20,38
"363",2815,0,43.5,24.5,14
"364",2814,0,17,10,46
"365",2813,0,52.5,29.5,46
"366",2812,0,56,33,38
"367",2811,0,42.5,23.5,34
"368",2810,0,41,24,46
"369",2849,0.00118848328063512,55.5,32.5,22.0000198080547
"370",2848,0,24,13,18
"371",2847,0,22.5,13.5,36
"372",2846,0,40.5,22.5,22
"373",2845,0,26,15,36
"374",2844,0,44,26,30
"375",2843,0,36.5,21.5,26
"376",2842,0,27.5,14.5,22
"377",2841,0,27.5,16.5,42
"378",2840,0,51,30,28
"379",2839,0,32,18,34
"380",2838,0,41.5,24.5,24
"381",2837,0,26,14,20
"382",2836,0,25,15,16
"383",2865,0.00170234989279695,16.5,8.5,28.0000283724982
"384",2864,0,34,20,32
"385",2863,0,39,23,42
"386",2862,0,48,27,20
"387",2861,0,21,11,32
"388",2860,0,36,20,16
"389",2859,0,16.5,8.5,44
"390",2858,0,52.5,30.5,46
"391",2857,0,56,33,18
"392",2856,0,22.5,13.5,16
"393",2855,0,18,10,24
"394",2807,0.00409222132982915,27,15,48.0000682036888
"395",2805,0.000530989713170137,55,31,32.0000088498286
"396",2808,0.000257297106849966,36.5,20.5,38.0000042882851
"397",2853,0.025026532435078,45.5,26.5,6.00041710887392
"398",2770,0.0134104809332254,6.5,3.5,36.0002235080156
"399",2772,0,45,27,32
"400",2797,0,38,22,26
"401",2796,0,32,19,48
"402",2795,0,55,31,30
"403",2794,0,36,21,40
"404",2793,0,49.5,29.5,48
"405",2792,0,57.5,33.5,32
"406",2791,0,38,22,40
"407",2790,0,48.5,28.5,32
"408",2789,0,39.5,23.5,20
"409",2788,0,20.5,10.5,16
"410",2787,0,19.5,11.5,48
"411",2786,0,56,32,48
"412",2785,0,56,32,24
"413",2784,0,30,18,22
"414",2783,0,23,12,10
"415",2782,0,12.5,7.5,18
"416",2781,0,22.5,13.5,58
"417",2780,0,67.5,38.5,30
"418",2779,0,33.5,18.5,16
"419",2778,0,20,12,20
"420",2777,0,24,14,34
"421",2776,0,40,23,52
"422",2775,0,61,35,18
"423",2774,0,20.5,11.5,34
"424",2773,0,39,22,28
"425",2800,0.000826044460608342,34,20,36.0000137674077
"426",2851,0.0412939683523591,45,27,24.0006882328059
"427",2834,0.00835976386661659,28.5,16.5,44.0001393293978
"428",2833,0,50,28,28
"429",2832,0,33,19,52
"430",2831,0,61,35,26
"431",2830,0,30,17,40
"432",2829,0,50,30,42
"433",2828,0,51,30,10
"434",2827,0,10,5,20
"435",2826,0,20.5,10.5,34
"436",2825,0,40.5,23.5,44
"437",2350,0.0849808881854499,51,29,12.0014163481364
"438",2352,0.00118290302581354,14,8,20.0000197150504
"439",2354,0.00543860866719508,22,12,14.0000906434778
"440",2356,0.00025083136125979,16,9,52.0000041805227
"441",2359,0.00722696169599832,62,36,40.0001204493616
"442",2353,0.011679602784254,46.5,26.5,10.0001946600464
"443",2360,0.00922955411481246,10.5,5.5,28.0001538259019
"444",2362,0,30,16,34
"445",2750,0.139657103564125,40.5,23.5,52.0023276183927
"446",2355,0.0480210712133388,60.5,34.5,34.0008003511869
"447",2342,0.0202699324147362,39,22,10.0003378322069
"448",2341,0.000365480653226481,11,6,8.00000609134422
"449",2337,0.000160696404665974,8,4,24.0000026782734
"450",2340,0,25.5,13.5,20
"451",2339,0,24,14,44
"452",2338,0,52.5,30.5,34
"453",2343,0.000365480653226481,39.5,22.5,26.0000060913442
"454",2346,0,28,15,56
"455",2348,0.000477610484992287,66,38,28.0000079601747
"456",2384,0.0426022667286195,31.5,17.5,30.0007100377788
"457",2386,0,33.5,18.5,22
"458",2600,0.0102073086651841,24.5,13.5,20.0001701218111
"459",2646,0,21.5,11.5,24
"460",2664,0,29,17,12
"461",2692,0,13,7,14
"462",2710,0,16.5,9.5,20
"463",2715,0.000406349777335376,25,15,28.0000067724963
"464",2721,5.80090567069451e-05,30,16,52.0000009668176
"465",2720,5.80090563379432e-05,60.5,34.5,4.00000096681761
"466",2719,0,4,2,14
"467",2718,0,14.5,7.5,48
"468",2717,0,57,33,22
"469",2722,5.80090563379432e-05,27.5,16.5,36.0000009668176
"470",2724,0.00028238744979506,40.5,22.5,6.0000047064575
"471",2726,0,6.5,3.5,6
"472",2728,0,6,3,40
"473",2730,0,50,30,40
"474",2735,0.000115971044640228,47.5,27.5,26.0000019328507
"475",2742,0,31,18,38
"476",2748,0,43,24,56
"477",2741,5.79855208485923e-05,65.5,37.5,18.0000009664253
"478",2740,0,21.5,12.5,56
"479",2739,0,65.5,37.5,12
"480",2738,0,14.5,8.5,54
"481",2737,0,63.5,36.5,36
"482",2736,0,43.5,25.5,24
"483",2749,5.79855208485923e-05,27.5,15.5,22.0000009664253
"484",2408,0.0306501238236878,24.5,13.5,2.00051083539706
"485",2410,0,2.5,1.5,44
"486",2412,0.000173955220488377,53.5,31.5,16.0000028992537
"487",2416,0.000282343153046012,20,12,24.0000047057192
"488",2306,0.07041960235739,28,16,32.0011736600393
"489",2417,0.0730488554874178,37.5,21.5,16.0012174809248
"490",2421,0,19,11,44
"491",2426,0.000955227089189014,51,29,40.0000159204515
"492",2429,0,45.5,25.5,38
"493",2446,0,45.5,26.5,42
"494",2483,0,52,31,40
"495",2487,0,49.5,29.5,40
"496",2523,0,48.5,28.5,6
"497",2527,0,7,4,16
"498",2552,0,19,11,26
"499",2557,0.000160666022298973,27.5,14.5,44.000002677767
"500",2564,0,51.5,29.5,28
"501",2570,0,30,16,46
"502",2596,0,54.5,31.5,16
"503",2599,0,16.5,8.5,34
"504",2598,0,41.5,24.5,34
"505",2597,0,40.5,23.5,10
"506",2387,0.0102073086651841,10.5,5.5,18.0001701218111
"507",2401,0,19.5,10.5,36
"508",2403,0,41.5,23.5,26
"509",2405,0.00497983763340383,29,16,10.0000829972939
"510",2422,0.00324926591572376,11,6,38.0000541544319
"511",2425,0,42.5,23.5,8
"512",2569,0.00243892645525229,8,4,36.0000406487743
"513",2568,0,42,24,38
"514",2567,0,46,27,14
"515",2566,0,17.5,10.5,44
"516",2565,0,52,30,38
"517",2714,0.00236754733223069,46.5,27.5,26.0000394591222
"518",2712,0.000206518910823301,28.5,15.5,10.0000034419818
"519",2711,0.000669686721259307,12,7,28.0000111614454
"520",2713,0.000222389854168448,34.5,20.5,42.0000037064976
"521",2406,0.0055036042563696,49.5,28.5,44.0000917267376
"522",2402,0.0050465756680604,50,28,38.0000841095945
"523",2407,0.0050465756680604,45,26,26.0000841095945
"524",2365,0.00827400158939857,28.5,15.5,8.00013790002649
"525",2379,0,8.5,4.5,32
"526",2381,0,35,19,30
"527",2383,0,32.5,17.5,50
"528",2361,0.0249375078843183,59.5,34.5,34.0004156251314
"529",2349,0.0621089803632802,40.5,23.5,52.0010351496727
"530",2108,0.0347179895747851,60,34,30.0005786331596
"531",2120,0,33,18,46
"532",2122,0,53,30,20
"533",2137,0.000115985133124796,21.5,11.5,34.0000019330856
"534",2141,0,41.5,24.5,30
"535",2154,0,35,20,56
"536",2165,0,66,38,26
"537",2168,0,30.5,17.5,40
"538",2170,0,48.5,28.5,14
"539",2192,0,14,7,28
"540",2212,0.000688405348701307,34.5,20.5,32.0000114734225
"541",2222,0,37,21,12
"542",2225,0,12,6,44
"543",2255,0,51.5,29.5,16
"544",2269,0,20,12,34
"545",2271,0,38.5,21.5,22
"546",2284,0.00103137419937904,23.5,12.5,32.00001718957
"547",2298,0,35,19,28
"548",2302,0,33.5,19.5,32
"549",2305,0,36.5,20.5,4
"550",2307,0.00624448868379046,4.5,2.5,60.0001040748114
"551",2316,0,70,40,34
"552",2319,0,38,21,40
"553",2322,0,45.5,25.5,30
"554",2325,0.000125415567800647,37.5,22.5,46.0000020902595
"555",2321,0.000413023434091237,55,32,48.0000068837239
"556",2320,0,58,34,24
"557",2318,0.000333584781252672,27.5,15.5,12.0000055597464
"558",2317,0,14.5,8.5,56
"559",2326,0.000655925997036327,66,38,42.0000109320999
"560",2323,0.000160696357285615,51.5,30.5,12.0000026782726
"561",2327,0.000250831126755347,12,6,40.0000041805188
"562",2332,0.000250831122331232,48,28,36.0000041805187
"563",2336,0,40,22,4
"564",2347,0.000964178376899697,4,2,22.0000160696396
"565",2345,0.000533769019621508,24,13,24.0000088961503
"566",2344,0,26,14,26
"567",2335,0.00137898222712733,27.5,14.5,22.0000229830371
"568",2334,0,25.5,14.5,28
"569",2333,0,31,17,26
"570",2331,0,31,18,42
"571",2330,0.000111194927084224,49.5,28.5,1.85324878473707e-06
"572",2329,0,0,0,38
"573",2324,0.000290032392721516,46.5,27.5,22.0000048338732
"574",2328,0.000786962696236463,24,13,54.0000131160449
"575",2351,0.0499758561199512,63,36,36.0008329309353
"576",2771,0.081181466179193,41,23,46.0013530244363
"577",2876,0.0100344713891303,52.5,29.5,56.0001672411898
"578",2888,0.0362791841359345,65.5,37.5,20.0006046530689
"579",2768,0.0383988767615411,24,14,8.00063998127936
"580",2766,0.00598303827417317,8,4,22.0000997173046
"581",2764,0.0129093880635802,24.5,13.5,18.0002151564677
"582",2767,0.0134195677946384,20,11,16.0002236594632
"583",2889,0.0383988767615411,19.5,11.5,10.0006399812794
"584",2751,0.0633589362406846,12,7,32.0010559822707
"585",2753,0.000125413675335068,38.5,22.5,32.0000020902279
"586",2752,0.000160690461764239,39,23,22.0000026781744
"587",2754,5.80023990074864e-05,27,16,28.0000009667067
"588",2760,0.000206501372955288,32.5,18.5,30.0000034416896
"589",2758,0.000338589843278454,36,21,38.0000056431641
"590",2755,0.000206501372955288,43,24,12.0000034416895
"591",2757,0,14.5,8.5,44
"592",2759,0.00022982933949522,54,32,22.000003830489
"593",2756,0.000558992013193062,23,12,14.0000093165336
"594",2762,0.000174007221121056,16.5,9.5,38.0000029001204
"595",2903,0.0810855220775316,43,24,36.001351425368
"596",2915,0,42,24,42
"597",2931,0,49.5,28.5,44
"598",2933,0,54,32,36
"599",2935,0.00139481556569615,43,25,10.0000232469261
"600",2950,0,12,7,22
"601",2952,0.00436521849587717,25.5,14.5,8.0000727536416
"602",2956,0,10,6,30
"603",2960,0,34,19,26
"604",2894,0.0493262672447905,32,19,28.0008221044541
"605",2901,0,30.5,16.5,28
"606",2900,0,34.5,20.5,42
"607",2899,0,50,29,26
"608",2898,0,29,16,32
"609",2897,0,36.5,20.5,40
"610",2896,0,46.5,26.5,40
"611",2895,0,47,27,26
"612",2893,0.00571692829437913,27.5,14.5,36.0000952821382
"613",2961,0.0493262672447905,40,22,24.0008221044541
"614",2965,0,29.5,17.5,20
"615",2969,0.0017366135157778,24,14,30.0000289435586
"616",2964,0.00453613493267563,34.5,19.5,24.0000756022489
"617",2963,0,28,16,18
"618",2962,0,20,11,36
"619",2968,0.00189694310957812,40.5,22.5,30.0000316157185
"620",2967,0,32.5,17.5,48
"621",2966,0.0017366135157778,56,32,58.0000289435586
"622",2970,0.00483958156511988,68,39,40.0000806596928
"623",2886,0.0486022698463258,46,26,30.0008100378308
"624",2971,0.0486022698463258,33.5,18.5,22.0008100378308
"625",2973,0.00477843424447281,23,12,10.0000796405707
"626",2975,0,11.5,6.5,38
"627",2979,0.00146402626113912,45,26,46.0000244004377
"628",2976,0.00165174649583524,55.5,32.5,32.0000275291083
"629",2978,0,38.5,22.5,32
"630",2977,0,35.5,19.5,18
"631",2974,0.00180076981000638,18.5,9.5,30.0000300128302
"632",2980,0.00422217129101202,34.5,19.5,48.0000703695215
"633",3004,0,56.5,32.5,44
"634",3007,0,50,28,36
"635",3009,0,44.5,26.5,22
"636",3008,0.000688389299576495,25,14,26.000011473155
"637",3010,0.000688389299576495,31.5,18.5,34.000011473155
"638",3014,0.000412933609308751,38.5,21.5,10.0000068822268
"639",3011,0.000463909812000063,11,6,40.0000077318302
"640",3013,0,45,25,44
"641",3015,0.000250814702022542,51.5,29.5,26.000004180245
"642",3031,0.00917673814137272,30,17,22.0001529456357
"643",3037,0,26.5,15.5,34
"644",3041,0,41.5,24.5,28
"645",3047,0,33,19,44
"646",3057,0,50,28,42
"647",3056,0.00165824725354949,50.5,29.5,52.0000276374542
"648",3055,0,60.5,34.5,20
"649",3054,0,24,14,26
"650",3053,0,28.5,15.5,30
"651",3052,0,32.5,17.5,30
"652",3051,0,36.5,21.5,16
"653",3050,0,16,8,12
"654",3049,0,12,6,14
"655",3048,0,16,9,30
"656",3058,0.00165824725354949,36.5,21.5,48.0000276374542
"657",3062,0,57.5,33.5,36
"658",3067,0,43,25,14
"659",3075,0,16,9,38
"660",3088,0,47,28,8
"661",3100,0,8.5,4.5,10
"662",3113,0,10,5,20
"663",3124,0,24.5,14.5,8
"664",3138,0,9,5,50
"665",3141,0,58,33,36
"666",3143,0,42,24,8
"667",3142,0.0019334399982769,9.5,5.5,16.000032224
"668",3144,0.0019334399982769,17.5,9.5,20.000032224
"669",3147,0,24,14,28
"670",3149,0,32.5,18.5,24
"671",3156,0,28,16,36
"672",3158,0.00328718642722332,44,26,24.0000547864405
"673",3160,0.000667169559676051,29,17,22.0000111194927
"674",3183,0,27,16,28
"675",3191,0,32,18,20
"676",3193,0.000567642080888804,20,10,34.0000094607013
"677",3195,0,41.5,24.5,40
"678",3202,0.00525350216022626,50,30,46.0000875583693
"679",3204,0,55.5,32.5,12
"680",3553,0.121082104198095,14,8,32.00201803507
"681",3575,0,35.5,19.5,26
"682",3583,0,32.5,19.5,22
"683",3608,0,23,12,42
"684",3611,0.00144540099352609,49,28,50.0000240900166
"685",3548,0.00425748213044536,58,33,32.0000709580355
"686",3552,0,35,19,28
"687",3551,0,31.5,17.5,32
"688",3550,0,40,24,40
"689",3549,0,46.5,26.5,56
"690",3622,0.00495130717026912,65.5,37.5,16.0000825217862
"691",3624,5.8035726032703e-05,20,12,36.0000009672621
"692",3626,0,44,26,20
"693",3628,0.000111194927084224,23.5,13.5,10.0000018532488
"694",3640,5.8035729343527e-05,10,5,30.0000009672622
"695",3642,0,33,18,34
"696",3629,0.000160738592131423,41.5,24.5,12.0000026789765
"697",3639,0,12.5,6.5,52
"698",3643,0.000125429091975179,61,35,38.0000020904849
"699",3641,0.000125429092185527,44,25,48.0000020904849
"700",3627,0.000125429091590387,57,33,34.0000020904849
"701",3644,0.000160738586916288,41.5,24.5,16.0000026789765
"702",3747,0.0434440061042618,19,11,46.0007240667684
"703",3749,0,55,32,44
"704",3802,0.0100795436919818,51.5,29.5,36.0001679923949
"705",3817,0,40,22,32
"706",3816,0.00112548992098871,36,20,14.0000187581653
"707",3815,0,16.5,9.5,20
"708",3814,0,23.5,13.5,30
"709",3813,0,36,21,38
"710",3812,0,43.5,24.5,46
"711",3811,0,52.5,29.5,30
"712",3810,0,36.5,21.5,32
"713",3809,0,37,21,10
"714",3808,0,11,6,42
"715",3807,0,48,27,42
"716",3806,0,52,31,14
"717",3805,0,17,10,24
"718",3804,0,27.5,15.5,24
"719",3803,0,26,14,22
"720",3800,0.000160715177078322,23,12,16.0000026785863
"721",3750,0.0100795436919818,19.5,11.5,34.0001679923949
"722",3752,0.00282845367565733,37.5,20.5,32.0000471408946
"723",3788,0.00487330711648447,39,23,24.0000812217853
"724",3753,0.0191943818741849,26.5,14.5,22.0003199063646
"725",3762,0.000338584817622505,25.5,14.5,34.0000056430803
"726",3765,0,38.5,21.5,24
"727",3768,0,27,15,44
"728",3772,0,50,28,42
"729",3776,0,52,31,14
"730",3780,0,14,7,22
"731",3784,0,26.5,15.5,54
"732",3787,0,63.5,36.5,26
"733",3801,0.0217205386787603,30.5,17.5,54.000362008978
"734",3744,0.0337221434869201,63,36,46.0005620357248
"735",3746,0,54.5,31.5,50
"736",3745,0.00113591332108156,57.5,32.5,18.0000189318887
"737",3645,0.0435460686694757,22,13,46.0007257678112
"738",3613,0.00761805775289437,54,31,18.0001269676292
"739",3621,0,19,10,36
"740",3620,0,40.5,22.5,18
"741",3619,0,19,10,10
"742",3618,0,10.5,5.5,38
"743",3617,0,46,27,18
"744",3616,0,19.5,10.5,56
"745",3615,0,66,38,30
"746",3614,0,35,20,20
"747",3205,0.122616907770196,21.5,11.5,30.0020436151295
"748",3207,0,37,22,10
"749",3209,0.000847319656161059,11.5,6.5,40.0000141219943
"750",3203,0.00341705611195342,46.5,26.5,42.0000569509352
"751",3201,0.00341350586900155,49,28,26.0000568917645
"752",3200,0.00139210106668586,27.5,14.5,30.0000232016844
"753",3199,0.00456231259989697,33.5,18.5,38.0000760385433
"754",3196,0.00528612946934213,44.5,25.5,18.0000881021578
"755",3198,0,19,10,52
"756",3182,0.00980287551889189,62,36,22.0001633812586
"757",3181,0,25.5,14.5,32
"758",3180,0,40,24,42
"759",3179,0,51.5,30.5,20
"760",3178,0,24.5,14.5,40
"761",3177,0,48.5,28.5,44
"762",3176,0,50,28,36
"763",3175,0,41.5,23.5,30
"764",3174,0,37,22,44
"765",3173,0,50,28,34
"766",3172,0,40,23,50
"767",3171,0,58,33,44
"768",3170,0,52,30,26
"769",3169,0,29.5,16.5,40
"770",3168,0,47,27,34
"771",3167,0,38.5,21.5,18
"772",3166,0,18.5,9.5,40
"773",3165,0,50,30,18
"774",3164,0,21.5,12.5,38
"775",3163,0,43.5,24.5,26
"776",3162,0,32,19,24
"777",3161,0,29,17,48
"778",3157,0.00588079729087671,56.5,32.5,50.0000980132882
"779",3148,0.00924529040018126,59,34,34.0001540881733
"780",3155,0.00920976077589949,39.5,22.5,50.0001534960129
"781",3154,0,58.5,33.5,32
"782",3153,0,36,20,20
"783",3152,0,21.5,11.5,22
"784",3151,0,24.5,13.5,28
"785",3150,0,35,21,30
"786",3206,0.0142408447077478,34,19,46.0002373474118
"787",3232,0.0100416283342298,52.5,29.5,54.0001673604722
"788",3234,0,63,36,44
"789",3217,0.0252074706462668,50,28,36.0004201245108
"790",3220,0.00353522751983547,45,27,38.0000589204587
"791",3230,0,46.5,27.5,38
"792",3216,0.00715939569230958,47,28,6.00011932326154
"793",3218,0.00306931219562407,7,4,48.0000511552033
"794",3215,0.00536184998934517,55,31,22.0000893641665
"795",3231,0.00715939569230958,22.5,11.5,48.0001193232615
"796",3233,0.00219090313830062,57.5,33.5,20.0000365150523
"797",3238,0.00407452426709204,22,12,48.0000679087378
"798",3240,0.00247092709227237,58,34,16.0000411821182
"799",3244,0.00120456968572767,17.5,9.5,48.0000200761614
"800",3246,0.00100243449790966,58,34,26.0000167072416
"801",3248,0,28.5,15.5,14
"802",3247,0.000567952911737196,14,7,22.0000094658819
"803",3249,0.000567952911737196,26,15,16.0000094658819
"804",3245,0.00175586957122372,18,10,52.0000292644929
"805",3250,0.000936967178604088,61,35,40.0000156161196
"806",3252,0.00179418917163493,48,28,24.0000299031529
"807",3241,0.00493807521483069,28.5,16.5,42.0000823012536
"808",3243,0,49.5,28.5,4
"809",3253,0.0038227281510563,5,3,42.0000637121359
"810",3646,0.0732564413656113,48,27,24.0012209406894
"811",3670,0,30,18,26
"812",3672,0,31,18,12
"813",3675,0,14,8,36
"814",3686,0.000125429097547212,42,24,10.000002090485
"815",3692,5.80357405622388e-05,10.5,5.5,40.0000009672623
"816",3706,0,50,30,34
"817",3799,0.0495510842339497,41.5,24.5,56.0008258514039
"818",3798,0,66,38,56
"819",3797,0,66,38,30
"820",3796,0,33.5,18.5,52
"821",3795,0,61,35,34
"822",3794,0,42.5,25.5,40
"823",3793,0,45.5,25.5,30
"824",3792,0,32.5,17.5,28
"825",3791,0,30,16,22
"826",3790,0,27.5,16.5,36
"827",3818,0.00125707531397525,40,22,18.0000209512552
"828",3833,0.00278276023662248,22,13,6.00004637933728
"829",3838,0,6.5,3.5,52
"830",3971,0.0429495645029977,61,35,38.0007158260751
"831",3990,0,43.5,24.5,52
"832",4004,0,61,35,30
"833",4020,0,35,20,18
"834",4024,0.00392231224651956,20.5,11.5,56.0000653718708
"835",4028,0,65,37,30
"836",4030,0.00248209750633172,32.5,17.5,44.0000413682918
"837",4033,0,52,30,28
"838",3864,0.0521046387072075,32,18,26.0008684106451
"839",3875,0.00748816165696881,31,18,22.0001248026943
"840",3890,0.00311598645470428,23,12,30.0000519331076
"841",3876,0.00380667835671322,32.5,17.5,32.0000634446393
"842",3887,0,36.5,20.5,30
"843",3889,0,37,22,50
"844",3891,0.00105958011514288,60,35,34.0000176596686
"845",3915,0,40,23,26
"846",3948,0,28,15,20
"847",3956,0,24.5,14.5,44
"848",3970,0,52.5,30.5,16
"849",3969,0,19.5,11.5,44
"850",3968,0,52.5,30.5,20
"851",3967,0,20.5,10.5,44
"852",3966,0,50.5,28.5,32
"853",3965,0,39.5,23.5,10
"854",3964,0,11,6,52
"855",3963,0,61.5,35.5,28
"856",3962,0,31,17,40
"857",3961,0,47.5,27.5,44
"858",3960,0,53,31,52
"859",3959,0,60.5,34.5,16
"860",3958,0,17.5,9.5,22
"861",3957,0,24.5,13.5,30
"862",3839,0.0429495645029977,33,18,44.0007158260751
"863",3857,0.043759365294676,50.5,28.5,36.0007293227549
"864",3854,0.00419759605983774,41.5,23.5,12.0000699599343
"865",3865,0.0100363348835699,12.5,6.5,52.0001672722481
"866",3874,0,60.5,34.5,22
"867",3855,0.00985510097733339,27,16,42.000164251683
"868",3832,0.0213881993785627,50.5,29.5,20.0003564699896
"869",3831,0,24,14,14
"870",3830,0,16,9,40
"871",3829,0,50,30,28
"872",3828,0,33,19,40
"873",3827,0,49,29,52
"874",3826,0,60,34,42
"875",3825,0,49,28,24
"876",3824,0,25,13,38
"877",3823,0,46,27,22
"878",3822,0,27,16,38
"879",3821,0,46.5,27.5,30
"880",3820,0,35,20,48
"881",3819,0.00278276023662248,57,33,32.0000463793373
"882",3843,0.00787221267743188,38,22,28.0001312035446
"883",3853,0,35,21,38
"884",3858,0.00419759605983774,43,24,38.0000699599343
"885",3863,0,43,24,12
"886",3862,0,13.5,7.5,42
"887",3861,0,51.5,30.5,32
"888",3860,0,36,20,48
"889",3859,0,56,32,26
"890",4034,0.0521046387072075,29,16,20.0008684106451
"891",4058,0.00327994859267231,20.5,10.5,40.0000546658099
"892",4061,0,45.5,25.5,32
"893",4093,0,37,21,24
"894",4154,0.0896755847282957,30,18,30.0014945930788
"895",4094,0.0897204261541868,36,21,20.0014953404359
"896",4124,0,21,11,56
"897",4060,0.0160940172028497,65,37,14.00026823362
"898",4059,0,17,10,32
"899",4125,0.0160940172028497,35,19,34.00026823362
"900",4128,0,40.5,23.5,26
"901",4130,0,32,19,40
"902",4140,0,48,28,48
"903",4142,0.000365596158743079,56,32,18.0000060932693
"904",4144,0.00267120143937533,21.5,12.5,8.00004452002399
"905",4143,0.00469321029238368,8,4,18.0000782201715
"906",4145,0.0073471221529916,20.5,11.5,22.0001224520359
"907",4147,0.00856485093963105,25,14,24.0001427475157
"908",4149,0,30,18,22
"909",4148,0.00430086225006271,27,16,48.0000716810375
"910",4150,0.00430086225006271,58,34,52.0000716810375
"911",4153,0.0871939519922572,62,36,44.0014532325332
"912",4155,5.80284801249343e-05,53,31,32.0000009671413
"913",4191,0.0446957470331096,35.5,19.5,28.0007449291172
"914",4156,0.0559956129958297,32.5,18.5,28.0009332602166
"915",4158,0.00487053691211038,33.5,19.5,56.0000811756152
"916",4161,0.000778364486760275,65.5,37.5,20.0000129727414
"917",4164,0.000333584781252672,20,10,46.0000055597464
"918",4167,0,52.5,29.5,24
"919",4160,0.00221433774801615,25.5,13.5,50.0000369056291
"920",4159,0.000778364486760275,59,34,4.00001297274145
"921",4162,0.00217618669574656,5,3,32.0000362697783
"922",4168,0.00278794692005415,40,24,24.000046465782
"923",4173,0.00379172499364606,25,13,22.0000631954166
"924",4177,0,23.5,12.5,24
"925",4180,0,29.5,17.5,30
"926",4157,0.00800173338203149,32.5,17.5,18.000133362223
"927",4163,0.00436456157771444,21.5,12.5,38.000072742693
"928",4172,0.00548166396058285,46.5,27.5,16.000091361066
"929",4182,0.00214115057620738,19.5,11.5,58.0000356858429
"930",4184,0.000906078053349489,68,39,12.0000151013009
"931",4183,0.00199885389983838,12.5,6.5,32.0000333142317
"932",4186,0.00197158153654215,37,21,36.0000328596923
"933",4190,0.00553578731499122,41,23,10.0000922631219
"934",4192,0.0549619986544079,12.5,7.5,36.0009160333109
"935",4197,0,42,24,54
"936",4200,0.00343321516957315,63.5,36.5,24.0000572202528
"937",4202,0.00106187868575845,28,16,40.0000176979781
"938",4201,0.00437292123620132,49.5,29.5,32.0000728820206
"939",4203,0.00436346609085713,38,22,6.00007272443485
"940",4199,0.0187706034143629,7.5,4.5,42.0003128433902
"941",4198,0.00343321516957315,52,31,24.0000572202528
"942",4204,0.0187706034143629,28,16,14.0003128433902
"943",4235,0.159026715209244,17.5,10.5,16.0026504452535
"944",4240,0.00453642918688714,16,8,26.0000756071531
"945",4242,0.000730730591819843,32,19,56.0000121788432
"946",4241,0.00150498206954037,65.5,37.5,34.0000250830345
"947",4245,0.00154459817656789,40.5,23.5,42.0000257433029
"948",4248,0,51,30,8
"949",4247,0,8,4,28
"950",4246,0,32,18,48
"951",4243,0.557593242764798,56.5,32.5,54.0092932207127
"952",4239,0.00704892909301823,64,37,44.0001174821516
"953",4238,0,51,29,8
"954",4237,0.00141272728985309,8.5,4.5,10.0000235454548
"955",4236,0.00453642918688714,12,7,28.0000756071531
"956",4244,0.00781733619410959,30.5,16.5,12.0001302889366
"957",3729,0.645538855733447,13.5,7.5,24.0107589809289
"958",3734,0,26,14,40
"959",3737,0,48,28,32
"960",3743,0,38.5,22.5,6
"961",3742,0,6,3,24
"962",3741,0,26.5,14.5,16
"963",3740,0,18,10,40
"964",3739,0,46,26,34
"965",3738,0,41.5,24.5,34
"966",3736,0.00221806125440021,38,21,34.0000369676876
"967",3735,0,40.5,23.5,20
"968",3748,0.00891711613950077,22,12,48.0001486186023
"969",3841,0.0119550294099365,55.5,31.5,18.0001992504902
"970",3786,0.0282058773034952,18.5,9.5,22.0004700979551
"971",3785,0,26.5,15.5,10
"972",3764,0.00165779903245008,10.5,5.5,38.0000276299839
"973",3763,0,42.5,23.5,42
"974",3771,0.000567935956202405,47.5,26.5,22.0000094655993
"975",3770,0,23,12,18
"976",3769,0,21.5,12.5,18
"977",3779,0.0004769272791101,20.5,11.5,28.000007948788
"978",3778,0,30.5,16.5,28
"979",3777,0,31.5,17.5,12
"980",3775,0.000688324179950393,14.5,8.5,26.0000114720697
"981",3774,0,31.5,18.5,12
"982",3773,0,15,9,30
"983",3783,0.00197721338875833,32.5,17.5,32.0000329535565
"984",3782,0,39.5,23.5,32
"985",3781,0,36.5,20.5,50
"986",3754,0.00218225407138033,59.5,34.5,38.0000363709012
"987",3758,0,43,24,16
"988",3761,0,17,9,8
"989",3760,0,8,4,10
"990",3759,0,10,5,36
"991",3757,0.000111194927084224,44,26,18.0000018532488
"992",3756,0,20,11,20
"993",3755,0,22,12,10
"994",3767,0.000160648071959078,10,5,18.0000026774679
"995",3766,0,22,13,42
"996",3842,0.0350625787387394,49,28,18.0005843763123
"997",3856,0.0215196491721116,20,11,52.0003586608195
"998",3840,0.043759365294676,60.5,34.5,24.0007293227549
"999",3789,0.0861988982227382,30,18,26.0014366483037
"1000",3733,0.0419093381227086,28,15,38.0006984889687
"1001",3732,0,46,27,46
"1002",3731,0,53,30,34
"1003",3730,0,39,22,14
"1004",3707,0.0499305927144903,15,8,22.0008321765452
"1005",3710,0.000125429101547802,25.5,14.5,50.000002090485
"1006",3713,0.000125429103079713,59.5,34.5,16.0000020904851
"1007",3712,0.000160738624902339,20,12,54.0000026789771
"1008",3711,0.000125429103079713,63.5,36.5,32.0000020904851
"1009",3714,0.000160738624902339,38,22,30.0000026789771
"1010",3716,0.00020654147989268,36.5,21.5,34.000003442358
"1011",3669,0.00820425328564042,42,25,46.0001367375548
"1012",3668,0,54,31,20
"1013",3667,0,20.5,10.5,26
"1014",3666,0,31,18,22
"1015",3665,0,26,15,8
"1016",3664,0,9.5,5.5,44
"1017",3663,0,54,32,16
"1018",3662,0,18.5,10.5,6
"1019",3661,0,6.5,3.5,4
"1020",3660,0,4.5,2.5,34
"1021",3659,0,38.5,21.5,32
"1022",3658,0,35.5,19.5,32
"1023",3657,0,35.5,19.5,22
"1024",3656,0,26.5,15.5,30
"1025",3655,0,33.5,18.5,44
"1026",3654,0,52.5,30.5,30
"1027",3653,0,34,19,36
"1028",3652,0,40,22,44
"1029",3651,0,50.5,28.5,30
"1030",3650,0,33.5,18.5,52
"1031",3649,0,61,35,38
"1032",3648,0,47,28,34
"1033",3647,0,40,23,54
"1034",3612,0.00436527597725964,63,36,42.0000727545996
"1035",3623,0.0460391258711334,50,29,24.0007673187645
"1036",3625,0.000444779705507603,25.5,13.5,48.0000074129951
"1037",3638,5.80357322851793e-05,57,33,30.0000009672622
"1038",3637,0,37,22,36
"1039",3636,0,43.5,25.5,8
"1040",3635,0,9.5,5.5,6
"1041",3634,0,7.5,4.5,40
"1042",3633,0,46,26,44
"1043",3632,0,50.5,28.5,44
"1044",3631,0,53.5,31.5,28
"1045",3630,0,32.5,18.5,48
"1046",3674,0.000348214394818591,56.5,32.5,42.0000058035732
"1047",3673,0,48,27,14
"1048",3671,0.000111194927084224,14,7,28.0000018532488
"1049",3685,0.000111194924254931,34.5,20.5,8.00000185324874
"1050",3676,0.000125429097547212,10,6,10.000002090485
"1051",3684,0,12.5,7.5,16
"1052",3683,0,17.5,9.5,16
"1053",3682,0,17,9,8
"1054",3681,0,10,6,26
"1055",3680,0,29.5,16.5,10
"1056",3679,0,11.5,6.5,16
"1057",3678,0,16.5,8.5,22
"1058",3677,0,26.5,15.5,46
"1059",3687,0.000797599265649461,55,32,38.0000132933211
"1060",3690,0,42.5,23.5,40
"1061",3709,0.000257399840392279,49.5,29.5,28.0000042899973
"1062",3708,0.000125429101547802,31.5,17.5,46.000002090485
"1063",3691,0.000257399840392279,53.5,30.5,14.0000042899973
"1064",3689,0.000125429099845077,14.5,7.5,22.000002090485
"1065",3688,0,25.5,14.5,40
"1066",3345,0.0893483500943986,50,30,22.0014891391682
"1067",3348,0,25.5,14.5,20
"1068",3373,0,24.5,14.5,8
"1069",3387,0,10,6,46
"1070",3398,0,54.5,31.5,32
"1071",3422,0.00487322915799885,35,19,38.000081220486
"1072",3424,0,43.5,24.5,34
"1073",3426,0,40,23,46
"1074",3445,0,54,31,16
"1075",3483,0,19.5,11.5,54
"1076",3513,0,62.5,35.5,8
"1077",3547,0,8.5,4.5,24
"1078",3546,0,25,13,14
"1079",3545,0,14,7,38
"1080",3544,0,43.5,24.5,22
"1081",3543,0,25.5,14.5,42
"1082",3542,0,48.5,27.5,36
"1083",3541,0,44.5,26.5,48
"1084",3540,0,56.5,32.5,38
"1085",3539,0,43.5,24.5,2
"1086",3538,0,2.5,1.5,32
"1087",3537,0,36.5,20.5,12
"1088",3536,0,14.5,8.5,14
"1089",3535,0,14.5,7.5,48
"1090",3534,0,55.5,31.5,18
"1091",3533,0,21,12,26
"1092",3532,0,30,17,24
"1093",3531,0,27.5,15.5,26
"1094",3530,0,27.5,14.5,46
"1095",3529,0,56,33,20
"1096",3528,0,23.5,13.5,50
"1097",3527,0,57.5,32.5,18
"1098",3526,0,19,10,8
"1099",3525,0,8.5,4.5,30
"1100",3524,0,35,20,36
"1101",3523,0,45,27,38
"1102",3522,0,46,27,50
"1103",3521,0,58,33,4
"1104",3520,0,5,3,44
"1105",3519,0,50,28,22
"1106",3518,0,25,14,6
"1107",3517,0,7.5,4.5,24
"1108",3516,0,25,13,24
"1109",3515,0,27,15,40
"1110",3514,0,46,26,14
"1111",3512,0.00164202291257076,15.5,8.5,22.0000273670485
"1112",3511,0,25,14,48
"1113",3510,0,58,34,42
"1114",3509,0,49.5,28.5,4
"1115",3508,0,4,2,42
"1116",3507,0,49,28,22
"1117",3506,0,25.5,14.5,24
"1118",3505,0,25,13,24
"1119",3504,0,25.5,13.5,22
"1120",3503,0,26.5,15.5,16
"1121",3502,0,17.5,9.5,14
"1122",3501,0,14,7,22
"1123",3500,0,24.5,13.5,32
"1124",3499,0,39.5,23.5,32
"1125",3498,0,36.5,20.5,26
"1126",3497,0,32,19,28
"1127",3496,0,30.5,16.5,22
"1128",3495,0,25.5,14.5,36
"1129",3494,0,41,23,30
"1130",3493,0,34,19,32
"1131",3492,0,37,21,28
"1132",3491,0,33,19,14
"1133",3490,0,14.5,7.5,46
"1134",3489,0,56,33,24
"1135",3488,0,27.5,15.5,10
"1136",3487,0,10,5,28
"1137",3486,0,30.5,16.5,42
"1138",3485,0,49,28,14
"1139",3484,0,16.5,9.5,32
"1140",3425,0.00145093105402979,39.5,23.5,26.0000241821842
"1141",3482,0.00139481489144891,29,16,40.0000232469149
"1142",3481,0,50,30,20
"1143",3480,0,21,11,56
"1144",3479,0,65.5,37.5,8
"1145",3478,0,9,5,14
"1146",3477,0,14.5,7.5,26
"1147",3476,0,32.5,19.5,24
"1148",3475,0,29.5,17.5,26
"1149",3474,0,32.5,19.5,40
"1150",3473,0,46,26,24
"1151",3472,0,25,13,10
"1152",3471,0,11,6,18
"1153",3470,0,18,9,46
"1154",3469,0,55,32,40
"1155",3468,0,49.5,29.5,40
"1156",3467,0,49.5,29.5,52
"1157",3466,0,61.5,35.5,38
"1158",3465,0,46,27,28
"1159",3464,0,31.5,17.5,16
"1160",3463,0,19.5,11.5,56
"1161",3462,0,65.5,37.5,22
"1162",3461,0,25,14,6
"1163",3460,0,6,3,20
"1164",3459,0,24.5,14.5,6
"1165",3458,0,6,3,42
"1166",3457,0,49.5,28.5,48
"1167",3456,0,58,34,20
"1168",3455,0,20,10,16
"1169",3454,0,18.5,10.5,30
"1170",3453,0,36,21,44
"1171",3452,0,52,30,28
"1172",3451,0,32.5,18.5,14
"1173",3450,0,16.5,9.5,4
"1174",3449,0,4.5,2.5,24
"1175",3448,0,25.5,13.5,58
"1176",3447,0,68,39,18
"1177",3446,0,19.5,10.5,6
"1178",3423,0.00133947945275899,7.5,4.5,24.0000223246575
"1179",3607,0.00610787882980986,25,13,46.0001017979805
"1180",3606,0,55.5,32.5,40
"1181",3605,0,48,28,12
"1182",3604,0,14.5,8.5,42
"1183",3603,0,49,28,24
"1184",3602,0,25,13,24
"1185",3601,0,28.5,16.5,32
"1186",3600,0,36,20,48
"1187",3599,0,57,33,48
"1188",3598,0,55,31,26
"1189",3597,0,27.5,14.5,32
"1190",3596,0,37,21,32
"1191",3595,0,37,21,10
"1192",3594,0,11,6,8
"1193",3593,0,8.5,4.5,46
"1194",3592,0,53,30,38
"1195",3591,0,44.5,25.5,14
"1196",3590,0,16,9,32
"1197",3589,0,37,21,8
"1198",3588,0,8.5,4.5,24
"1199",3587,0,25.5,13.5,38
"1200",3586,0,46.5,27.5,36
"1201",3585,0,43.5,25.5,38
"1202",3584,0,46.5,27.5,4
"1203",3582,0.00212541991184169,5,3,12.0000354236652
"1204",3581,0,13.5,7.5,44
"1205",3580,0,52.5,30.5,52
"1206",3579,0,61,35,10
"1207",3578,0,10.5,5.5,8
"1208",3577,0,8,4,26
"1209",3576,0,28.5,15.5,42
"1210",3574,0.0130103242172994,50,29,22.000216838737
"1211",3573,0,27.5,16.5,36
"1212",3572,0,42.5,24.5,34
"1213",3571,0,42.5,25.5,26
"1214",3570,0,31,18,4
"1215",3569,0,4,2,34
"1216",3568,0,42.5,25.5,54
"1217",3567,0,64,37,40
"1218",3566,0,47,27,10
"1219",3565,0,10.5,5.5,0
"1220",3564,0,0,0,14
"1221",3563,0,15,8,14
"1222",3562,0,16.5,9.5,38
"1223",3561,0,43.5,24.5,42
"1224",3560,0,49.5,28.5,12
"1225",3559,0,15,9,34
"1226",3558,0,38,21,44
"1227",3557,0,53,31,22
"1228",3556,0,26.5,15.5,46
"1229",3555,0,56,33,44
"1230",3554,0,51.5,29.5,52
"1231",3717,0.0130701864787368,60.5,34.5,16.0002178364413
"1232",3728,0,17.5,9.5,40
"1233",3727,0,47.5,27.5,32
"1234",3726,0,39,23,38
"1235",3725,0,42.5,23.5,42
"1236",3724,0,47.5,26.5,10
"1237",3723,0,12,7,8
"1238",3722,0,8,4,6
"1239",3721,0,6.5,3.5,40
"1240",3720,0,45,25,46
"1241",3719,0,54,31,54
"1242",3718,0,63,36,18
"1243",3235,0.088808832677176,21,12,20.0014801472113
"1244",3239,0.00433516090289868,24.5,14.5,10.0000722526817
"1245",3236,0.00343020054258941,12,7,24.000057170009
"1246",3242,0.0185129905713992,28.5,16.5,10.0003085498429
"1247",3237,0.0185129905713992,10,5,20.0003085498429
"1248",3210,0.0321896539031079,22,12,18.0005364942317
"1249",3208,0.00198069170681273,20.5,11.5,14.0000330115284
"1250",3211,0.001165200106112,15.5,8.5,18.0000194200018
"1251",3214,0,22,13,42
"1252",3213,0,49.5,28.5,32
"1253",3212,0,37,21,22
"1254",3219,0.00536184998934517,25.5,14.5,44.0000893641665
"1255",3006,0.0965675194332643,53,31,40.0016094586572
"1256",3005,0,50,30,12
"1257",3003,0.0268009889083215,14.5,8.5,38.0004466831485
"1258",3002,0,45.5,26.5,16
"1259",3001,0,17,9,2
"1260",3000,0,2,1,44
"1261",2999,0,51,29,28
"1262",2998,0,32,18,38
"1263",2997,0,44,25,14
"1264",2996,0,17,10,10
"1265",2995,0,10.5,5.5,24
"1266",2994,0,30,18,42
"1267",2993,0,50,29,30
"1268",2992,0,36.5,21.5,46
"1269",2991,0,54,31,40
"1270",2990,0,49,29,28
"1271",2989,0,31.5,17.5,38
"1272",2988,0,43.5,24.5,4
"1273",2987,0,4.5,2.5,24
"1274",2986,0,29.5,17.5,28
"1275",2985,0,34,20,22
"1276",2984,0,23,12,32
"1277",2983,0,38,22,24
"1278",2982,0,26.5,14.5,16
"1279",2981,0,19.5,11.5,18
"1280",3137,0.226795866411016,22.5,13.5,24.0037799311068
"1281",3136,0,26,14,54
"1282",3135,0,63.5,36.5,24
"1283",3134,0,30,18,16
"1284",3133,0,16,8,10
"1285",3132,0,12.5,7.5,12
"1286",3131,0,15,9,42
"1287",3130,0,51,30,42
"1288",3129,0,52,31,34
"1289",3128,0,39.5,22.5,10
"1290",3127,0,10.5,5.5,40
"1291",3126,0,47.5,27.5,48
"1292",3125,0,55,31,52
"1293",3140,0.000669685913277719,60,34,24.0000111614319
"1294",3139,0,26.5,14.5,20
"1295",3123,0.000282370767271261,22.5,12.5,30.0000047061795
"1296",3122,0,33.5,18.5,34
"1297",3121,0,37.5,20.5,42
"1298",3120,0,52,31,38
"1299",3119,0,46.5,27.5,34
"1300",3118,0,42,25,44
"1301",3117,0,50.5,28.5,6
"1302",3116,0,6,3,44
"1303",3115,0,54,32,30
"1304",3114,0,36.5,21.5,46
"1305",3112,0.000919314930054236,53,30,8.0000153219155
"1306",3111,0,9,5,48
"1307",3110,0,56,32,48
"1308",3109,0,56,32,38
"1309",3108,0,45.5,26.5,20
"1310",3107,0,23,13,26
"1311",3106,0,28.5,15.5,34
"1312",3105,0,39,22,6
"1313",3104,0,6.5,3.5,2
"1314",3103,0,2,1,50
"1315",3102,0,58,33,32
"1316",3101,0,36.5,20.5,22
"1317",3099,0.000222389851339155,25.5,14.5,18.0000037064975
"1318",3098,0,22,13,40
"1319",3097,0,49.5,29.5,42
"1320",3096,0,48,27,26
"1321",3095,0,32.5,19.5,32
"1322",3094,0,36,20,10
"1323",3093,0,11,6,28
"1324",3092,0,30,16,24
"1325",3091,0,30,18,32
"1326",3090,0,40,24,30
"1327",3089,0,34.5,19.5,36
"1328",3087,0.000160686976209977,44,26,48.0000026781163
"1329",3086,0,55,31,42
"1330",3085,0,47.5,26.5,28
"1331",3084,0,32,18,46
"1332",3083,0,56,33,54
"1333",3082,0,64,37,38
"1334",3081,0,47,28,22
"1335",3080,0,27,16,34
"1336",3079,0,41,24,26
"1337",3078,0,28.5,15.5,46
"1338",3077,0,52.5,29.5,26
"1339",3076,0,28,15,20
"1340",3074,0.00134563622774447,21,11,32.0000224272705
"1341",3073,0,37.5,21.5,30
"1342",3072,0,34.5,19.5,8
"1343",3071,0,9,5,12
"1344",3070,0,15,9,10
"1345",3069,0,12.5,7.5,22
"1346",3068,0,27,16,60
"1347",3029,0.0620524300423643,70,40,16.0010342071674
"1348",3016,0.00917673814137272,16.5,8.5,22.0001529456357
"1349",3018,0,24,13,0
"1350",3020,0,0,0,40
"1351",3019,0.00169294628077202,50,30,30.0000282157713
"1352",3021,0.00169294628077202,35.5,20.5,38.0000282157713
"1353",3024,0,47,28,38
"1354",3023,0.00154443138604298,46,27,2.0000257405231
"1355",3022,0,2.5,1.5,16
"1356",3017,0.000925824697458405,17.5,9.5,34.0000154304116
"1357",3025,0.00232262510357664,42.5,25.5,22.0000387104184
"1358",3028,0,24,13,36
"1359",3027,0,42,24,48
"1360",3026,0,58,34,24
"1361",2106,0.199187578178948,26,14,36.0033197929696
"1362",2119,0.0119841902909407,45,27,22.0001997365049
"1363",2118,0,23,12,42
"1364",2117,0,51.5,30.5,20
"1365",2116,0,20.5,10.5,34
"1366",2115,0,39,22,58
"1367",2114,0,68,39,56
"1368",2113,0,66,38,40
"1369",2112,0,49,29,42
"1370",2111,0,48,27,24
"1371",2110,0,26,14,16
"1372",2109,0,19,11,28
"1373",2135,0.00615474218765589,34,20,32.0001025790365
"1374",2123,0.000115985133124796,40,24,38.0000019330856
"1375",2131,0,45.5,26.5,42
"1376",2134,0,47.5,26.5,42
"1377",2133,0,49.5,28.5,44
"1378",2132,0,50,28,26
"1379",2140,0.000441992948504266,32,19,46.0000073665491
"1380",2139,0,54,31,34
"1381",2138,0,37.5,20.5,4
"1382",2191,0.000571420080249694,4,2,16.000009523668
"1383",2190,0,20,12,38
"1384",2189,0,46.5,27.5,34
"1385",2188,0,40,23,42
"1386",2187,0,51.5,30.5,6
"1387",2186,0,6.5,3.5,48
"1388",2185,0,57,33,2
"1389",2184,0,2.5,1.5,18
"1390",2183,0,21,12,12
"1391",2182,0,12,6,12
"1392",2181,0,15,9,12
"1393",2180,0,12.5,6.5,38
"1394",2179,0,47.5,28.5,28
"1395",2178,0,31,17,30
"1396",2177,0,35.5,20.5,16
"1397",2176,0,18.5,10.5,54
"1398",2175,0,63.5,36.5,12
"1399",2174,0,12.5,6.5,20
"1400",2173,0,23,13,6
"1401",2172,0,7.5,4.5,10
"1402",2171,0,10,5,44
"1403",2224,0.000719875618052173,50.5,28.5,44.000011997927
"1404",2223,0,50,28,12
"1405",2207,0.0011358880592427,15,9,32.0000189314677
"1406",2211,0,36.5,20.5,6
"1407",2210,0,6.5,3.5,18
"1408",2209,0,21,12,20
"1409",2208,0,22.5,12.5,40
"1410",2200,0.000477595321479267,47.5,27.5,44.000007959922
"1411",2204,0,53,31,50
"1412",2206,0,59.5,34.5,34
"1413",2205,0,41,24,10
"1414",2153,0.00175572875189518,11.5,6.5,16.0000292621459
"1415",2152,0,19.5,11.5,22
"1416",2151,0,23.5,12.5,40
"1417",2150,0,45,25,8
"1418",2149,0,8,4,46
"1419",2148,0,55.5,32.5,50
"1420",2147,0,59,34,22
"1421",2146,0,24,13,34
"1422",2145,0,40.5,23.5,46
"1423",2144,0,52.5,29.5,26
"1424",2143,0,30.5,17.5,36
"1425",2142,0,43.5,25.5,12
"1426",2167,0.00124494664721379,13.5,7.5,4.00002074911079
"1427",2166,0,5,3,50
"1428",2164,0.00033858818258533,57.5,32.5,24.0000056431364
"1429",2163,0,29,17,52
"1430",2162,0,62,36,24
"1431",2161,0,30,18,12
"1432",2160,0,13,7,20
"1433",2159,0,22.5,12.5,52
"1434",2158,0,60.5,34.5,20
"1435",2157,0,21.5,11.5,20
"1436",2156,0,21.5,11.5,34
"1437",2155,0,38,21,30
"1438",2169,0.000173978037300653,36,21,56.000002899634
"1439",2193,0.0027822917553005,65,37,24.0000463715293
"1440",2199,0,26.5,14.5,32
"1441",2198,0,36.5,20.5,24
"1442",2197,0,25.5,13.5,54
"1443",2196,0,62.5,35.5,60
"1444",2195,0,70,40,12
"1445",2194,0,15,9,12
"1446",2221,0.000602426836333623,12.5,6.5,24.0000100404473
"1447",2220,0,29.5,17.5,20
"1448",2219,0,21,11,36
"1449",2218,0,44.5,26.5,34
"1450",2217,0,39,22,22
"1451",2216,0,24.5,13.5,22
"1452",2215,0,23,12,28
"1453",2214,0,33.5,19.5,34
"1454",2213,0,42,25,20
"1455",2203,0.00323298567722896,23.5,13.5,26.0000538830946
"1456",2202,0,31.5,18.5,28
"1457",2201,0,34,20,10
"1458",2136,0.00104386619738537,11,6,36.00001739777
"1459",2121,0.0040845222875594,42,24,32.0000680753715
"1460",2130,0.00309547280730363,38,22,30.0000515912135
"1461",2129,0,37,22,40
"1462",2128,0,48,28,16
"1463",2127,0,16.5,8.5,18
"1464",2126,0,19.5,10.5,6
"1465",2125,0,6.5,3.5,56
"1466",2124,0,65,37,56
"1467",2301,0.0170872009175461,66,38,30.000284786682
"1468",2300,0,36,21,30
"1469",2299,0,35.5,20.5,44
"1470",2297,0.000970652764902451,53,31,32.0000161775461
"1471",2296,0,39.5,23.5,28
"1472",2295,0,34.5,20.5,42
"1473",2294,0,47.5,26.5,4
"1474",2293,0,5,3,48
"1475",2292,0,56,32,32
"1476",2291,0,35,19,4
"1477",2290,0,4.5,2.5,34
"1478",2289,0,38.5,21.5,48
"1479",2288,0,55,31,34
"1480",2287,0,40.5,23.5,32
"1481",2286,0,39,23,44
"1482",2285,0,51.5,29.5,46
"1483",2304,0.00140479946210305,55.5,32.5,42.0000234133244
"1484",2303,0,50.5,29.5,34
"1485",2275,0.0015720444506159,42,25,30.0000262007408
"1486",2283,0,37.5,22.5,38
"1487",2282,0,45,26,16
"1488",2281,0,18.5,10.5,46
"1489",2280,0,56,33,34
"1490",2279,0,42.5,25.5,22
"1491",2278,0,25.5,14.5,42
"1492",2277,0,48.5,27.5,32
"1493",2276,0,36,20,38
"1494",2272,0.00103137419937904,44,25,36.00001718957
"1495",2274,0,41.5,23.5,50
"1496",2273,0,59.5,34.5,14
"1497",2254,0.00385506402705354,16,9,4.00006425106712
"1498",2253,0,5,3,18
"1499",2252,0,19,10,30
"1500",2251,0,32.5,17.5,18
"1501",2250,0,22.5,13.5,32
"1502",2249,0,35.5,19.5,22
"1503",2248,0,24.5,13.5,54
"1504",2247,0,64,37,26
"1505",2246,0,32,19,28
"1506",2245,0,34,20,50
"1507",2244,0,57.5,32.5,28
"1508",2243,0,35,21,50
"1509",2242,0,57.5,32.5,22
"1510",2241,0,24.5,13.5,40
"1511",2240,0,45.5,25.5,18
"1512",2239,0,21,12,10
"1513",2238,0,12.5,7.5,36
"1514",2237,0,44,26,26
"1515",2236,0,28.5,15.5,34
"1516",2235,0,38,21,10
"1517",2234,0,11.5,6.5,30
"1518",2233,0,35.5,20.5,24
"1519",2232,0,29.5,17.5,12
"1520",2231,0,14.5,8.5,6
"1521",2230,0,7,4,0
"1522",2229,0,0,0,38
"1523",2228,0,45,26,44
"1524",2227,0,51,29,20
"1525",2226,0,20.5,10.5,36
"1526",2268,0.000797571162680398,41.5,23.5,6.00001329285271
"1527",2267,0,6,3,14
"1528",2266,0,14.5,7.5,36
"1529",2265,0,44.5,26.5,36
"1530",2264,0,43.5,25.5,38
"1531",2263,0,44,25,34
"1532",2262,0,38,21,46
"1533",2261,0,52.5,29.5,40
"1534",2260,0,48,28,48
"1535",2259,0,56,32,30
"1536",2258,0,36,21,48
"1537",2257,0,56,32,28
"1538",2256,0,35,21,48
"1539",2270,0.000567944065869044,56.5,32.5,56.0000094657344
"1540",2107,0.0135710669777196,65.5,37.5,58.0002261844496
"1541",1953,0.0684092989831284,67.5,38.5,22.0011401549831
"1542",1952,0.000970669731383886,23,12,20.0000161778289
"1543",1898,0.081911182472607,20.5,10.5,50.0013651863745
"1544",1901,0.00100745151277778,58,33,32.0000167908585
"1545",1905,0,36,20,48
"1546",1907,0,58,34,22
"1547",1919,0,24.5,13.5,12
"1548",1918,0,12,6,24
"1549",1917,0,27.5,15.5,24
"1550",1916,0,29,17,44
"1551",1915,0,51.5,29.5,6
"1552",1914,0,6.5,3.5,30
"1553",1913,0,33,18,32
"1554",1912,0,36,20,34
"1555",1911,0,42.5,25.5,58
"1556",1910,0,68,39,24
"1557",1909,0,25,13,20
"1558",1908,0,20.5,10.5,38
"1559",1906,0.00122832292514002,46.5,27.5,42.0000204720488
"1560",1904,0.000906111678085456,47.5,26.5,28.0000151018613
"1561",1903,0,33.5,19.5,20
"1562",1902,0,25,15,20
"1563",1941,0.12589073929188,22,12,38.0020981789882
"1564",1944,0,42.5,23.5,28
"1565",1948,0,35,21,10
"1566",1951,0,10,5,14
"1567",1954,0.000970669731383886,17.5,10.5,6.00001617782886
"1568",1958,0.000376222388898285,7.5,4.5,22.0000062703731
"1569",1960,0.00159467902948462,24,13,34.0000265779838
"1570",1962,0.00226366600837607,37.5,20.5,24.0000377277668
"1571",1961,0.00227275959238566,25,13,46.0000378793265
"1572",1963,0.00060242635189261,56,33,1.00404391982102e-05
"1573",1881,0.0767775625766082,0,0,24.0012796260429
"1574",1886,0,29.5,17.5,34
"1575",1885,0,37.5,20.5,22
"1576",1884,0,27,16,30
"1577",1883,0,35,20,54
"1578",1882,0,63,36,24
"1579",1922,0.0329389497863589,29,17,44.0005489824964
"1580",1924,0,51.5,29.5,22
"1581",1923,0.00158004822699938,25.5,14.5,34.0000263341371
"1582",1921,0.00261020391133637,42,25,22.0000435033985
"1583",2087,0.0724552262500734,27.5,16.5,16.0012075871042
"1584",2086,0,17,9,24
"1585",2085,0,29.5,17.5,20
"1586",2084,0,24.5,14.5,32
"1587",2083,0,39,23,12
"1588",2082,0,14,8,46
"1589",2081,0,54.5,31.5,40
"1590",2080,0,46,26,50
"1591",2079,0,58.5,33.5,30
"1592",2078,0,33.5,18.5,28
"1593",286,0.145047663055038,30,16,42.0024174610509
"1594",291,0,52,31,36
"1595",305,0.00541429599548037,40,22,44.0000902382666
"1596",330,0.00596683106504729,51.5,29.5,48.0000994471844
"1597",335,0,56,32,46
"1598",292,0.00809160472289205,55,32,28.0001348600787
"1599",299,0,33,19,24
"1600",303,0,25,13,34
"1601",302,0,39,22,20
"1602",301,0,23.5,13.5,42
"1603",300,0,50,29,28
"1604",298,0.000442048835699665,33.5,19.5,14.0000073674806
"1605",297,0,14.5,7.5,36
"1606",296,0,42.5,24.5,22
"1607",295,0,25.5,14.5,50
"1608",294,0,60,35,44
"1609",293,0,54,32,28
"1610",290,0.0116370745920204,34.5,20.5,32.0001939512432
"1611",289,0,37.5,21.5,58
"1612",288,0,67.5,38.5,44
"1613",287,0,54,32,34
"1614",1926,0.0747931164763918,37.5,20.5,36.0012465519413
"1615",1933,0,43,25,42
"1616",1936,0,50,29,40
"1617",1938,0,48,28,52
"1618",1940,0.00203508727186246,62,36,24.0000339181212
"1619",1939,0.100200741315545,25.5,13.5,2.00167001235526
"1620",1955,0.0293617478752021,2.5,1.5,42.0004893624646
"1621",1957,0,51.5,30.5,36
"1622",1956,0,40.5,22.5,46
"1623",1756,0.0920108514540494,55,32,52.0015335141909
"1624",1771,0.00304041778021419,60,34,40.0000506736297
"1625",1769,0.00189680800210567,49.5,29.5,38.0000316134667
"1626",1757,0.00304041778021419,43.5,24.5,26.0000506736297
"1627",1770,0.00385615220959056,28.5,15.5,36.0000642692035
"1628",1758,0.00385615220959056,45,27,46.0000642692035
"1629",1760,0,55.5,32.5,24
"1630",1751,0.00476550800462299,28.5,16.5,34.0000794251334
"1631",1449,0.00270030986352901,39.5,22.5,36.0000450051644
"1632",1457,0,44.5,26.5,24
"1633",1496,0,28,16,40
"1634",1521,0,50,30,12
"1635",1644,0,12.5,6.5,36
"1636",1654,0,44,26,52
"1637",1653,0.000173977629956088,62,36,34.0000028996272
"1638",1652,0,41,24,46
"1639",1651,0,55.5,32.5,40
"1640",1650,0,48,28,38
"1641",1649,0,45.5,26.5,10
"1642",1648,0,12,7,22
"1643",1647,0,24.5,13.5,44
"1644",1646,0,54,32,46
"1645",1645,0,54,31,2
"1646",1655,0.000173977629956088,2.5,1.5,40.0000028996272
"1647",1745,0,48.5,28.5,36
"1648",1750,0,44.5,26.5,18
"1649",1796,0.00607562887305293,20,11,22.0001012604812
"1650",1799,0,24,13,30
"1651",1814,0.00582566559506686,37.5,22.5,12.0000970944266
"1652",1836,0.00739728685280268,12,6,50.0001232881142
"1653",1835,0,59.5,34.5,22
"1654",1834,0,23,12,38
"1655",1833,0,46.5,27.5,2
"1656",1832,0,2.5,1.5,42
"1657",1831,0,51.5,30.5,36
"1658",1830,0,43,25,6
"1659",1829,0,6.5,3.5,24
"1660",1828,0,27.5,15.5,38
"1661",1827,0,45,26,6
"1662",1826,0,6,3,26
"1663",1825,0,28,15,42
"1664",1824,0,51.5,30.5,28
"1665",1823,0,32.5,18.5,22
"1666",1822,0,27,16,8
"1667",1821,0,9,5,48
"1668",1820,0,57,33,52
"1669",1819,0,60.5,34.5,24
"1670",1838,5.79908591638169e-05,26,14,24.0000009665143
"1671",1844,0.00539255928122655,25.5,13.5,40.000089875988
"1672",1846,0.00789483979185768,49,29,12.0001315806632
"1673",1849,0.00519372741739758,12.5,6.5,34.0000865621236
"1674",1854,0,39.5,22.5,18
"1675",1861,0,19.5,10.5,50
"1676",1860,0.000353172369915769,60,35,16.0000058862062
"1677",1859,0,17.5,9.5,18
"1678",1858,0,21.5,12.5,34
"1679",1857,0,39.5,22.5,26
"1680",1856,0,28.5,15.5,22
"1681",1855,0,24.5,13.5,24
"1682",1853,0.000250816992631423,27.5,15.5,38.0000041802832
"1683",1852,0,43.5,24.5,26
"1684",1851,0,28.5,15.5,8
"1685",1850,0,9,5,26
"1686",1862,0.000602424653311382,31.5,18.5,10.0000100404109
"1687",1866,0,10.5,5.5,52
"1688",1870,0.00173124269701759,60.5,34.5,34.0000288540449
"1689",1869,0,40,23,22
"1690",1868,0,23,12,42
"1691",1873,0.00159514034247175,49.5,28.5,46.0000265856724
"1692",1872,0,53,30,30
"1693",1876,0.00160878578597889,36,21,20.0000268130964
"1694",1875,0,25,15,36
"1695",1879,0.00546531062940606,42.5,24.5,22.0000910885105
"1696",1878,0.000353172399656813,27.5,16.5,24.0000058862067
"1697",1865,0.00509150781129315,29,17,26.0000848584635
"1698",1864,0,32,19,46
"1699",1863,0,52.5,29.5,42
"1700",1848,0.00313709264993019,49,28,8.0000522848775
"1701",1801,0.0170669775948665,10,6,38.0002844496266
"1702",1755,0.00634688294662517,44,25,28.0001057813824
"1703",306,0.00982331562088564,33.5,19.5,26.000163721927
"1704",336,0.00672951701543964,28.5,15.5,46.0001121586169
"1705",341,0,54,31,32
"1706",1425,0.0321556566762453,35.5,19.5,6.00053592761127
"1707",1435,0,6.5,3.5,30
"1708",1447,0,33.5,18.5,16
"1709",361,0.00190588929565059,19.5,11.5,42.0000317648216
"1710",1448,0.00190588929565059,50.5,29.5,8.00003176482159
"1711",1752,0.00270030986352901,8.5,4.5,28.0000450051644
"1712",1754,0,34.5,20.5,10
"1713",342,0.0136375212473139,11.5,6.5,32.0002272920208
"1714",344,0,37,21,58
"1715",346,0,67.5,38.5,20
"1716",349,0,23,13,6
"1717",405,0.00146671395515234,6.5,3.5,44.0000244452326
"1718",350,0.00146671395515234,52,30,22.0000244452326
"1719",358,0,26.5,15.5,30
"1720",343,0.00101060022547184,36,21,24.0000168433371
"1721",359,0.00101060022547184,27.5,15.5,42.0000168433371
"1722",1759,0.0360966576761436,51,30,34.0006016109613
"1723",1753,0.00104407989775198,42,25,38.0000174013316
"1724",1765,0.00244814812987979,45,26,44.0000408024688
"1725",1806,0.0105349682306702,51,29,12.0001755828038
"1726",1803,0.00384413846181063,13,7,22.0000640689744
"1727",1807,0.00384413846181063,25,14,26.0000640689744
"1728",1798,0.0023329508400573,32.5,19.5,18.000038882514
"1729",1797,0,20,11,40
"1730",1808,0.0023329508400573,46.5,26.5,42.000038882514
"1731",1813,0.00294365134203807,50,29,24.0000490608557
"1732",1810,0.0105283127788786,26.5,14.5,50.0001754718797
"1733",276,0.0826512339777894,58,33,20.0013775205663
"1734",96,0.0731435087367156,25,15,42.0012190584789
"1735",100,0,48,27,46
"1736",104,0,55.5,32.5,12
"1737",110,0.00282824380018752,13.5,7.5,42.0000471373967
"1738",115,0,50.5,29.5,46
"1739",118,0,52.5,29.5,40
"1740",127,0,46.5,26.5,20
"1741",117,0.00103137445598362,24,14,44.0000171895743
"1742",116,0,50.5,28.5,24
"1743",128,0.00103137445598362,26.5,14.5,34.0000171895743
"1744",144,0,41,24,56
"1745",149,0,65,37,50
"1746",151,0,58.5,33.5,44
"1747",156,0,53,31,24
"1748",161,0,26.5,14.5,26
"1749",187,0.00191757679665879,30.5,17.5,6.00003195961328
"1750",186,0,6,3,28
"1751",185,0,31.5,17.5,44
"1752",184,0,51,29,36
"1753",183,0,40,22,38
"1754",182,0,45,26,20
"1755",181,0,21,11,32
"1756",180,0,36.5,20.5,22
"1757",179,0,27.5,16.5,18
"1758",178,0,21.5,12.5,40
"1759",177,0,46,26,28
"1760",162,0.00191757679665879,30.5,16.5,30.0000319596133
"1761",150,0.00298270600252735,32.5,17.5,10.0000497117667
"1762",163,0.00298270600252735,10,5,46.0000497117667
"1763",176,0,54,31,22
"1764",148,0.00610440974534531,25,14,10.0001017401624
"1765",147,0,10,5,36
"1766",146,0,43,25,20
"1767",145,0,25,15,48
"1768",103,0.00642941985704655,57,33,24.0001071569976
"1769",102,0,27,15,22
"1770",101,0,23,12,44
"1771",106,0.00107995530553668,53,31,58.0000179992551
"1772",109,0.00135115083630145,67.5,38.5,44.0000225191806
"1773",114,0.000250818528660342,53,31,36.0000041803088
"1774",113,0,43,25,32
"1775",112,0,40,24,30
"1776",111,0,32.5,17.5,30
"1777",108,0.00228058372104496,36.5,21.5,6.00003800972868
"1778",107,0.00135115083630145,7,4,30.0000225191806
"1779",99,0.00181148249222186,34,19,12.0000301913749
"1780",98,0,13.5,7.5,38
"1781",97,0,44,25,8
"1782",105,0.00369864549429469,10,6,30.0000616440916
"1783",126,0.00732808965278915,34,19,16.0001221348275
"1784",125,0,19,11,28
"1785",124,0,32,18,24
"1786",123,0,25,13,32
"1787",122,0,37.5,21.5,14
"1788",121,0,16.5,9.5,2
"1789",120,0,2,1,22
"1790",119,0,24,13,36
"1791",155,0.00482029711944687,41,23,16.0000803382853
"1792",154,0,18.5,10.5,30
"1793",153,0,34.5,19.5,34
"1794",152,0,38,21,32
"1795",175,0.0028571028178988,40,24,14.0000476183803
"1796",174,0,14,7,40
"1797",173,0,49,29,38
"1798",172,0,45.5,26.5,18
"1799",171,0,22,13,44
"1800",170,0,52,30,16
"1801",169,0,19,11,34
"1802",168,0,41,24,34
"1803",167,0,38,21,10
"1804",166,0,12.5,7.5,10
"1805",165,0,11.5,6.5,48
"1806",164,0,57.5,33.5,10
"1807",160,0.0101888872868539,12,7,50.0001698147881
"1808",159,0,58.5,33.5,24
"1809",158,0,27,15,52
"1810",157,0,61,35,38
"1811",143,0.00375907668050165,42.5,23.5,22.000062651278
"1812",142,0,26.5,15.5,36
"1813",141,0,41,23,48
"1814",140,0,55.5,31.5,4
"1815",139,0,4.5,2.5,24
"1816",138,0,27,15,26
"1817",137,0,29,16,20
"1818",136,0,22.5,12.5,48
"1819",135,0,56.5,32.5,40
"1820",134,0,46.5,26.5,22
"1821",133,0,24,13,44
"1822",132,0,50,28,32
"1823",131,0,36.5,20.5,20
"1824",130,0,22.5,12.5,24
"1825",129,0,28.5,16.5,20
"1826",194,0.0321806932488701,20.5,10.5,28.0005363448875
"1827",196,0,32,18,34
"1828",198,0,40,23,16
"1829",57,0.102287163436298,17.5,9.5,30.0017047860573
"1830",59,0,33.5,18.5,20
"1831",192,0.073195630139081,21,11,22.001219927169
"1832",191,0,24.5,13.5,10
"1833",190,0,12.5,7.5,38
"1834",60,0.073195630139081,47,28,22.001219927169
"1835",62,0,26,15,44
"1836",69,0,51,29,44
"1837",72,0,51.5,29.5,54
"1838",87,0,64,37,30
"1839",89,0,34.5,19.5,40
"1840",92,0.00250830162754475,45,25,24.0000418050271
"1841",95,0.000365270608563414,29,17,30.0000060878435
"1842",94,0.0156229438169181,36.5,21.5,56.0002603823969
"1843",93,0.000365270608563414,66,38,52.0000060878435
"1844",195,0.202833703183669,61.5,35.5,26.0033805617197
"1845",197,0.00358835504494214,29,16,30.0000598059174
"1846",587,0.0626126160292282,37,22,36.0010435436005
"1847",586,0,40,22,44
"1848",585,0,50.5,28.5,6
"1849",584,0,6.5,3.5,16
"1850",583,0,20,12,42
"1851",582,0,51,30,50
"1852",581,0,58,33,44
"1853",580,0,53.5,31.5,14
"1854",579,0,16.5,9.5,22
"1855",578,0,24,13,16
"1856",577,0,20,12,56
"1857",576,0,66,38,22
"1858",575,0,27.5,16.5,22
"1859",574,0,22.5,11.5,50
"1860",573,0,59,34,24
"1861",572,0,26.5,14.5,6
"1862",571,0,6.5,3.5,50
"1863",570,0,59,34,42
"1864",569,0,49,28,44
"1865",568,0,52,30,18
"1866",567,0,20,11,26
"1867",566,0,28.5,15.5,28
"1868",565,0,35,21,50
"1869",564,0,60,35,30
"1870",563,0,36.5,21.5,40
"1871",562,0,47.5,27.5,10
"1872",561,0,11.5,6.5,28
"1873",560,0,33.5,19.5,36
"1874",559,0,44,26,48
"1875",558,0,57,33,58
"1876",621,0.000448544442703773,67.5,38.5,34.0000074757407
"1877",620,0,42.5,25.5,50
"1878",619,0,59,34,14
"1879",618,0,14.5,7.5,34
"1880",617,0,38.5,21.5,10
"1881",616,0,11.5,6.5,46
"1882",615,0,56,33,2
"1883",614,0,2.5,1.5,36
"1884",613,0,44.5,26.5,52
"1885",612,0,62,36,26
"1886",611,0,32.5,19.5,42
"1887",610,0,51.5,30.5,26
"1888",609,0,30,17,42
"1889",608,0,50,29,24
"1890",607,0,26.5,14.5,4
"1891",606,0,5,3,38
"1892",605,0,45,26,18
"1893",604,0,20.5,11.5,16
"1894",603,0,17.5,9.5,28
"1895",602,0,34.5,20.5,48
"1896",601,0,55.5,31.5,14
"1897",600,0,15,8,14
"1898",599,0,15.5,8.5,44
"1899",598,0,50,28,18
"1900",597,0,19.5,10.5,34
"1901",596,0,41.5,24.5,26
"1902",595,0,32.5,19.5,36
"1903",594,0,41.5,23.5,24
"1904",593,0,29,17,16
"1905",592,0,19.5,11.5,36
"1906",591,0,41,23,16
"1907",590,0,20,12,46
"1908",589,0,54,31,22
"1909",916,0.000669023080691936,27.5,16.5,36.0000111503847
"1910",915,0,41,23,40
"1911",914,0,45,25,18
"1912",913,0,19.5,10.5,46
"1913",912,0,53,30,24
"1914",911,0,27.5,15.5,40
"1915",910,0,49,29,34
"1916",909,0,39,22,44
"1917",908,0,52,30,48
"1918",1384,0.00106189880874887,55,31,14.0000176983135
"1919",1383,0,15.5,8.5,32
"1920",1382,0,39,23,34
"1921",1381,0,38,21,40
"1922",1380,0,50,30,36
"1923",1379,0,44.5,26.5,32
"1924",1378,0,35,19,34
"1925",1377,0,41.5,24.5,48
"1926",1376,0,55.5,31.5,18
"1927",1434,0.000459653691410252,19,10,26.0000076608949
"1928",1433,0,30.5,17.5,56
"1929",1432,0,65.5,37.5,32
"1930",1431,0,39,23,16
"1931",1430,0,17.5,9.5,40
"1932",1429,0,46.5,26.5,16
"1933",1428,0,18.5,10.5,50
"1934",1427,0,58.5,33.5,30
"1935",1426,0,34,19,26
"1936",1324,0.000376227327518308,27.5,14.5,24.0000062704555
"1937",1323,0,30,18,20
"1938",1322,0,20.5,10.5,48
"1939",1321,0,55.5,31.5,36
"1940",1320,0,44.5,26.5,28
"1941",1319,0,32.5,18.5,46
"1942",1318,0,55.5,32.5,38
"1943",1317,0,43,24,38
"1944",1316,0,42.5,23.5,32
"1945",1315,0,39.5,23.5,22
"1946",1314,0,22.5,11.5,40
"1947",1313,0,47,27,52
"1948",1312,0,61.5,35.5,16
"1949",1311,0,18,10,54
"1950",1310,0,63.5,36.5,26
"1951",1309,0,29,16,22
"1952",1308,0,27,16,42
"1953",1307,0,52,31,20
"1954",1306,0,23,13,24
"1955",1305,0,29.5,17.5,56
"1956",1304,0,66,38,44
"1957",1303,0,50,28,16
"1958",1302,0,19.5,11.5,40
"1959",1301,0,50,30,16
"1960",1300,0,16.5,8.5,34
"1961",1299,0,39,22,8
"1962",1298,0,8,4,8
"1963",1297,0,9,5,28
"1964",1296,0,33.5,19.5,38
"1965",1295,0,43.5,24.5,42
"1966",1294,0,48,27,50
"1967",1293,0,58,33,14
"1968",1292,0,15.5,8.5,24
"1969",1291,0,29,17,44
"1970",1290,0,52,30,20
"1971",1289,0,24.5,14.5,18
"1972",1288,0,18.5,9.5,24
"1973",1287,0,30,18,52
"1974",1286,0,60.5,34.5,20
"1975",1285,0,22,12,26
"1976",1284,0,29,16,42
"1977",1283,0,51.5,30.5,48
"1978",1282,0,56.5,32.5,22
"1979",1281,0,23,12,34
"1980",1280,0,39.5,22.5,14
"1981",1279,0,14.5,7.5,32
"1982",1278,0,39,23,22
"1983",1277,0,25,14,32
"1984",1276,0,35,19,30
"1985",1275,0,36,21,10
"1986",1274,0,10.5,5.5,12
"1987",1273,0,12,6,34
"1988",1272,0,40.5,23.5,34
"1989",1271,0,42.5,25.5,6
"1990",1270,0,6.5,3.5,36
"1991",1269,0,40.5,22.5,36
"1992",1241,5.79925286617699e-05,41,23,34.0000009665421
"1993",1240,0,40.5,23.5,30
"1994",1239,0,37,22,44
"1995",1238,0,51.5,29.5,24
"1996",1237,0,27,15,36
"1997",1236,0,43,25,20
"1998",1235,0,21,11,12
"1999",1234,0,14,8,56
"2000",1233,0,65,37,30
"2001",1232,0,32.5,17.5,16
"2002",1231,0,18.5,10.5,30
"2003",1230,0,32.5,17.5,38
"2004",1229,0,42.5,23.5,32
"2005",1228,0,35.5,19.5,38
"2006",1227,0,42.5,23.5,20
"2007",1226,0,23.5,13.5,42
"2008",1225,0,51,30,52
"2009",1224,0,61,35,24
"2010",1223,0,28.5,16.5,22
"2011",1222,0,27.5,16.5,12
"2012",1221,0,15,9,6
"2013",1220,0,6,3,28
"2014",1219,0,30.5,16.5,36
"2015",1218,0,40.5,22.5,36
"2016",1217,0,43.5,25.5,34
"2017",1216,0,38,21,32
"2018",1215,0,38,22,20
"2019",1214,0,23.5,13.5,12
"2020",1213,0,14,8,8
"2021",1212,0,8.5,4.5,48
"2022",1211,0,56.5,32.5,14
"2023",1210,0,17.5,10.5,16
"2024",1209,0,19,11,18
"2025",1208,0,18.5,9.5,26
"2026",1207,0,31.5,18.5,16
"2027",1206,0,20,12,24
"2028",1205,0,25.5,13.5,28
"2029",1204,0,34.5,20.5,20
"2030",1203,0,20,10,22
"2031",1202,0,27,16,48
"2032",1201,0,56,32,40
"2033",1200,0,48,28,12
"2034",1199,0,12.5,6.5,16
"2035",1198,0,18,10,10
"2036",1197,0,11,6,16
"2037",1196,0,16,8,36
"2038",1195,0,41,23,42
"2039",1194,0,47.5,26.5,34
"2040",1193,0,38.5,21.5,18
"2041",1408,0.000206476422000375,18,9,44.0000034412737
"2042",1407,0,52,30,10
"2043",1406,0,12.5,7.5,38
"2044",1405,0,45,26,52
"2045",1404,0,60.5,34.5,30
"2046",1403,0,36,21,16
"2047",1402,0,16,8,32
"2048",1401,0,37.5,21.5,44
"2049",1400,0,54,32,34
"2050",1399,0,38,21,42
"2051",1398,0,49,28,34
"2052",1397,0,42.5,25.5,26
"2053",1396,0,28.5,15.5,58
"2054",1395,0,67.5,38.5,10
"2055",1394,0,11.5,6.5,34
"2056",1393,0,37.5,20.5,26
"2057",1392,0,31,18,40
"2058",1391,0,45,25,20
"2059",1390,0,22.5,12.5,38
"2060",1389,0,45.5,26.5,30
"2061",1388,0,36.5,21.5,36
"2062",1387,0,44,26,16
"2063",1386,0,19,11,18
"2064",1520,0.000420901236592805,19.5,10.5,6.00000701502061
"2065",1519,0,7.5,4.5,14
"2066",1518,0,16,9,28
"2067",1517,0,34,20,50
"2068",1516,0,58,33,46
"2069",1515,0,55,32,18
"2070",1514,0,22.5,13.5,46
"2071",1513,0,53.5,30.5,38
"2072",1512,0,46,27,22
"2073",1511,0,22.5,11.5,26
"2074",1510,0,29.5,16.5,36
"2075",1509,0,41,23,38
"2076",1508,0,47.5,28.5,16
"2077",1507,0,17.5,9.5,28
"2078",1506,0,31.5,17.5,10
"2079",1505,0,10,5,36
"2080",1504,0,40.5,22.5,20
"2081",1503,0,21,11,18
"2082",1502,0,22,13,38
"2083",1501,0,45,26,42
"2084",1500,0,47.5,26.5,40
"2085",1499,0,47.5,27.5,24
"2086",1498,0,28,16,46
"2087",1497,0,56,33,18
"2088",1191,0.000824407843593638,18,9,18.0000137401307
"2089",1190,0,20,11,6
"2090",1189,0,6,3,28
"2091",1188,0,31,17,42
"2092",1187,0,49,28,30
"2093",1186,0,34,19,52
"2094",1185,0,60,34,50
"2095",1184,0,58,33,34
"2096",1183,0,38,21,38
"2097",1182,0,45,26,30
"2098",1181,0,33.5,18.5,26
"2099",1180,0,32,19,42
"2100",1179,0,48.5,27.5,38
"2101",1178,0,46.5,27.5,14
"2102",1177,0,16.5,9.5,42
"2103",1176,0,47.5,26.5,26
"2104",1175,0,29,16,10
"2105",1174,0,12.5,7.5,48
"2106",1173,0,55.5,31.5,38
"2107",1172,0,45.5,26.5,36
"2108",1171,0,42,24,22
"2109",1170,0,24.5,13.5,52
"2110",1169,0,62,36,26
"2111",1168,0,30,17,16
"2112",1167,0,16,8,16
"2113",1166,0,16.5,8.5,36
"2114",1165,0,44,26,54
"2115",1164,0,63.5,36.5,46
"2116",1163,0,52.5,29.5,26
"2117",1162,0,31.5,18.5,38
"2118",843,0.000441992229644948,43,24,42.0000073665372
"2119",842,0,50,29,60
"2120",841,0,70,40,52
"2121",840,0,62,36,56
"2122",839,0,66,38,18
"2123",838,0,18,9,28
"2124",837,0,35,21,6
"2125",836,0,7,4,26
"2126",835,0,29,16,32
"2127",834,0,38,22,52
"2128",833,0,60.5,34.5,20
"2129",832,0,21.5,11.5,20
"2130",831,0,25,15,24
"2131",830,0,29.5,17.5,18
"2132",829,0,21,12,24
"2133",828,0,28.5,16.5,22
"2134",827,0,23.5,12.5,46
"2135",826,0,54.5,31.5,32
"2136",825,0,38,22,18
"2137",824,0,18.5,9.5,54
"2138",823,0,63.5,36.5,40
"2139",822,0,45.5,25.5,38
"2140",821,0,45.5,26.5,2
"2141",820,0,2,1,38
"2142",819,0,44,25,36
"2143",818,0,40,22,42
"2144",817,0,48.5,27.5,26
"2145",816,0,30,17,42
"2146",815,0,52,31,28
"2147",814,0,34.5,20.5,8
"2148",813,0,9.5,5.5,28
"2149",812,0,33.5,19.5,52
"2150",811,0,60.5,34.5,34
"2151",810,0,42,25,32
"2152",809,0,38.5,22.5,30
"2153",808,0,37.5,22.5,20
"2154",807,0,21,11,32
"2155",806,0,38,22,22
"2156",805,0,23.5,12.5,42
"2157",804,0,49.5,28.5,10
"2158",803,0,10.5,5.5,26
"2159",802,0,32,19,14
"2160",801,0,17.5,10.5,12
"2161",800,0,14,8,24
"2162",1106,0.00037622733708899,25,13,16.0000062704556
"2163",1105,0,20,12,36
"2164",1104,0,41,23,28
"2165",1103,0,30.5,16.5,52
"2166",1102,0,60.5,34.5,22
"2167",1101,0,25.5,14.5,50
"2168",1100,0,57.5,32.5,30
"2169",1099,0,34,19,32
"2170",1098,0,38,22,50
"2171",1097,0,58,33,16
"2172",1096,0,19,11,22
"2173",1095,0,25.5,14.5,54
"2174",1094,0,63.5,36.5,34
"2175",1093,0,38,21,42
"2176",1092,0,50,29,48
"2177",1091,0,58,34,46
"2178",1090,0,52.5,29.5,40
"2179",1089,0,45,25,10
"2180",1088,0,12.5,7.5,44
"2181",1087,0,50,28,6
"2182",1086,0,7,4,28
"2183",1085,0,33.5,19.5,18
"2184",1084,0,21.5,12.5,54
"2185",1083,0,62.5,35.5,52
"2186",1082,0,61.5,35.5,14
"2187",1081,0,16.5,9.5,6
"2188",1080,0,6.5,3.5,34
"2189",1079,0,41.5,24.5,42
"2190",1078,0,49,28,34
"2191",1077,0,42.5,25.5,38
"2192",1076,0,42.5,23.5,24
"2193",1075,0,30,18,26
"2194",1074,0,32,19,10
"2195",1073,0,11.5,6.5,52
"2196",1072,0,62,36,28
"2197",1071,0,32,18,14
"2198",1070,0,16.5,9.5,16
"2199",1069,0,18,10,38
"2200",1068,0,45.5,26.5,50
"2201",1067,0,57.5,32.5,26
"2202",1066,0,29,16,6
"2203",1065,0,6,3,12
"2204",1064,0,12,6,14
"2205",1063,0,14.5,7.5,4
"2206",1062,0,4,2,30
"2207",1061,0,35.5,20.5,34
"2208",1060,0,41,24,12
"2209",1059,0,14,8,24
"2210",1058,0,26,14,34
"2211",1057,0,38,21,56
"2212",1056,0,65.5,37.5,46
"2213",1055,0,54.5,31.5,10
"2214",1054,0,11.5,6.5,42
"2215",1053,0,49.5,28.5,38
"2216",1052,0,44,25,28
"2217",1051,0,34.5,20.5,42
"2218",1050,0,50.5,29.5,40
"2219",1049,0,45,25,18
"2220",1048,0,19,10,32
"2221",1047,0,39,23,46
"2222",1046,0,55,32,26
"2223",1045,0,30,17,44
"2224",1044,0,50,28,48
"2225",1043,0,57.5,33.5,24
"2226",1042,0,29,17,56
"2227",1041,0,66,38,22
"2228",1040,0,26.5,15.5,32
"2229",1039,0,38.5,22.5,44
"2230",1038,0,50.5,28.5,30
"2231",1037,0,35.5,20.5,32
"2232",1036,0,35,19,24
"2233",1035,0,25,13,30
"2234",1034,0,35.5,20.5,60
"2235",1033,0,70,40,20
"2236",1032,0,22.5,12.5,40
"2237",1031,0,49.5,29.5,26
"2238",1030,0,32.5,19.5,4
"2239",1029,0,5,3,36
"2240",1028,0,44.5,26.5,26
"2241",1027,0,27.5,14.5,38
"2242",1026,0,43.5,24.5,46
"2243",1025,0,54,31,60
"2244",1024,0,70,40,24
"2245",1023,0,28,16,38
"2246",1022,0,42.5,23.5,30
"2247",1021,0,33,18,8
"2248",1020,0,10,6,10
"2249",1019,0,10,5,36
"2250",1018,0,43,25,34
"2251",1017,0,38.5,21.5,36
"2252",1016,0,44,26,42
"2253",1015,0,48,27,48
"2254",1014,0,58,34,56
"2255",1013,0,66,38,38
"2256",1012,0,46.5,27.5,38
"2257",1011,0,45.5,26.5,32
"2258",1010,0,36,20,50
"2259",1009,0,59.5,34.5,26
"2260",1008,0,30,17,16
"2261",1007,0,18,10,40
"2262",1006,0,47.5,27.5,36
"2263",1005,0,40.5,22.5,18
"2264",1004,0,22.5,13.5,26
"2265",1003,0,32,19,50
"2266",1002,0,58,33,8
"2267",1001,0,9.5,5.5,10
"2268",1000,0,12.5,7.5,12
"2269",999,0,13.5,7.5,42
"2270",998,0,51.5,30.5,42
"2271",997,0,51.5,30.5,12
"2272",996,0,14.5,8.5,36
"2273",995,0,45,27,38
"2274",994,0,46.5,27.5,22
"2275",993,0,26,15,42
"2276",992,0,48.5,27.5,38
"2277",991,0,44,25,20
"2278",990,0,20.5,10.5,16
"2279",989,0,18,10,34
"2280",988,0,39,22,18
"2281",987,0,20.5,11.5,10
"2282",986,0,11,6,38
"2283",985,0,45.5,26.5,32
"2284",984,0,38.5,22.5,16
"2285",983,0,17,9,54
"2286",982,0,64,37,24
"2287",981,0,25,13,36
"2288",980,0,44,26,30
"2289",979,0,33,18,34
"2290",978,0,37.5,20.5,20
"2291",977,0,21,11,40
"2292",976,0,49,29,44
"2293",975,0,53,31,24
"2294",974,0,30,18,32
"2295",973,0,37.5,21.5,18
"2296",972,0,21,12,10
"2297",971,0,10.5,5.5,22
"2298",970,0,24,13,42
"2299",969,0,50.5,29.5,24
"2300",923,0.000160676221079543,28.5,16.5,28.000002677937
"2301",922,0,34,20,40
"2302",921,0,45,25,16
"2303",920,0,17,9,36
"2304",919,0,43.5,25.5,18
"2305",918,0,20.5,11.5,36
"2306",875,0.000338588155123427,44,26,42.0000056431359
"2307",874,0,48,27,58
"2308",873,0,68,39,12
"2309",872,0,15,9,34
"2310",871,0,39,22,46
"2311",870,0,56,33,42
"2312",869,0,49,28,12
"2313",868,0,13,7,16
"2314",867,0,16,8,38
"2315",866,0,44,25,28
"2316",865,0,30,16,16
"2317",864,0,18.5,10.5,42
"2318",863,0,49,28,30
"2319",862,0,33.5,18.5,26
"2320",861,0,30,17,30
"2321",860,0,33.5,18.5,42
"2322",859,0,51.5,30.5,24
"2323",858,0,29.5,17.5,42
"2324",857,0,48.5,27.5,54
"2325",856,0,63.5,36.5,10
"2326",855,0,10,5,54
"2327",854,0,64,37,32
"2328",853,0,38.5,22.5,12
"2329",852,0,12.5,6.5,20
"2330",851,0,20,10,20
"2331",850,0,20,10,20
"2332",849,0,22.5,12.5,36
"2333",848,0,41,23,26
"2334",847,0,29.5,16.5,6
"2335",846,0,6,3,44
"2336",845,0,53.5,31.5,12
"2337",1112,0.000231970159904834,12,6,24.0000038661693
"2338",1111,0,29,17,22
"2339",1110,0,22.5,11.5,28
"2340",1109,0,35,21,34
"2341",1108,0,39,22,26
"2342",1333,0.000289962700526613,29,16,36.0000048327117
"2343",1332,0,42,24,22
"2344",1331,0,26.5,15.5,22
"2345",1330,0,23.5,12.5,54
"2346",1329,0,63,36,30
"2347",1328,0,37,22,16
"2348",1327,0,18.5,10.5,18
"2349",1326,0,22,13,38
"2350",1374,0.000229826852459228,47.5,28.5,40.0000038304475
"2351",1373,0,46,26,24
"2352",1372,0,25.5,13.5,38
"2353",1371,0,45,26,46
"2354",1370,0,54.5,31.5,20
"2355",1369,0,23.5,13.5,22
"2356",1368,0,24.5,13.5,16
"2357",1367,0,16.5,8.5,38
"2358",1366,0,46,27,50
"2359",1365,0,58,33,42
"2360",1364,0,51,30,30
"2361",1363,0,37.5,22.5,58
"2362",1362,0,68,39,46
"2363",1361,0,55,32,30
"2364",1360,0,35.5,20.5,44
"2365",1359,0,50.5,28.5,32
"2366",1358,0,37.5,21.5,14
"2367",1357,0,17,10,38
"2368",1356,0,46,27,26
"2369",1355,0,29.5,16.5,32
"2370",1354,0,39.5,23.5,26
"2371",1353,0,29.5,16.5,10
"2372",1352,0,11,6,24
"2373",1351,0,28.5,16.5,34
"2374",1350,0,40,23,42
"2375",1349,0,47.5,26.5,24
"2376",1348,0,27.5,15.5,20
"2377",1347,0,21,11,42
"2378",1346,0,51,30,44
"2379",1345,0,52,30,42
"2380",1344,0,49,28,28
"2381",1343,0,34,20,44
"2382",1342,0,54,32,14
"2383",1341,0,15,8,16
"2384",1340,0,17,9,22
"2385",1339,0,22.5,11.5,42
"2386",1338,0,48.5,27.5,28
"2387",1337,0,33,19,2
"2388",1336,0,2.5,1.5,52
"2389",1335,0,61.5,35.5,54
"2390",1423,0.000125409118375032,63,36,38.000002090152
"2391",1422,0,45,26,32
"2392",1421,0,37.5,21.5,22
"2393",1420,0,26.5,15.5,10
"2394",1419,0,12,7,24
"2395",1418,0,25,13,26
"2396",1417,0,30,17,38
"2397",1416,0,44,25,54
"2398",1415,0,63.5,36.5,38
"2399",1414,0,43.5,24.5,24
"2400",1413,0,26.5,14.5,44
"2401",1412,0,51.5,29.5,46
"2402",1411,0,54.5,31.5,30
"2403",1410,0,33.5,18.5,26
"2404",943,0.000567336953333777,31,18,20.0000094556159
"2405",942,0,21,11,18
"2406",941,0,19,10,18
"2407",940,0,21,12,46
"2408",939,0,53.5,30.5,30
"2409",938,0,33,18,24
"2410",937,0,28.5,16.5,20
"2411",936,0,22.5,12.5,20
"2412",935,0,20,10,20
"2413",934,0,21.5,11.5,54
"2414",933,0,64,37,26
"2415",932,0,28.5,15.5,8
"2416",931,0,9,5,36
"2417",930,0,44.5,26.5,2
"2418",929,0,2,1,30
"2419",928,0,36.5,21.5,26
"2420",927,0,29.5,16.5,32
"2421",926,0,35.5,19.5,14
"2422",925,0,15,8,20
"2423",762,0.00023197019339119,24,14,42.0000038661699
"2424",761,0,50,29,20
"2425",760,0,23,13,26
"2426",759,0,29,16,32
"2427",758,0,39,23,32
"2428",757,0,37.5,21.5,48
"2429",756,0,55,31,46
"2430",755,0,55.5,32.5,26
"2431",754,0,30,17,8
"2432",753,0,8,4,34
"2433",752,0,40.5,23.5,42
"2434",751,0,51,30,22
"2435",750,0,23.5,12.5,6
"2436",749,0,7,4,52
"2437",748,0,61,35,34
"2438",747,0,40.5,23.5,40
"2439",746,0,45,25,24
"2440",745,0,28.5,16.5,26
"2441",744,0,30,17,2
"2442",743,0,2.5,1.5,30
"2443",742,0,35,20,40
"2444",741,0,49,29,44
"2445",740,0,52,30,4
"2446",906,0.000250818242280693,5,3,38.000004180304
"2447",905,0,47,28,22
"2448",904,0,23.5,12.5,56
"2449",903,0,65,37,42
"2450",902,0,47.5,26.5,34
"2451",901,0,38.5,21.5,10
"2452",900,0,12.5,7.5,28
"2453",899,0,32,18,10
"2454",898,0,10.5,5.5,0
"2455",897,0,0,0,6
"2456",896,0,7,4,16
"2457",894,0.000111194927084224,16.5,8.5,18.0000018532488
"2458",893,0,22,13,22
"2459",892,0,25,14,44
"2460",891,0,51.5,29.5,8
"2461",890,0,9.5,5.5,18
"2462",889,0,21,12,12
"2463",888,0,12,6,36
"2464",887,0,40.5,22.5,8
"2465",886,0,8,4,0
"2466",885,0,0,0,16
"2467",884,0,17.5,9.5,30
"2468",883,0,35,20,40
"2469",882,0,50,30,36
"2470",881,0,43,25,24
"2471",880,0,30,18,34
"2472",879,0,39.5,22.5,10
"2473",878,0,11.5,6.5,20
"2474",877,0,24,14,28
"2475",967,0.000376227369037782,35,21,44.0000062704562
"2476",966,0,50.5,28.5,12
"2477",965,0,12,6,32
"2478",964,0,38.5,22.5,30
"2479",963,0,33,18,48
"2480",962,0,57.5,33.5,50
"2481",961,0,57.5,32.5,20
"2482",960,0,21,11,16
"2483",959,0,17,9,52
"2484",958,0,62,36,52
"2485",957,0,60,34,38
"2486",956,0,42.5,23.5,32
"2487",955,0,38,22,12
"2488",954,0,14,8,16
"2489",953,0,19,11,38
"2490",952,0,47,28,24
"2491",951,0,28,16,30
"2492",950,0,37,22,28
"2493",949,0,32,18,16
"2494",948,0,19,11,28
"2495",947,0,30.5,16.5,36
"2496",946,0,44,26,26
"2497",945,0,29,16,12
"2498",798,0.000282357008724156,14,8,6.00000470595015
"2499",797,0,7,4,8
"2500",796,0,9.5,5.5,48
"2501",795,0,55,31,50
"2502",794,0,57.5,32.5,26
"2503",793,0,29,16,8
"2504",792,0,8.5,4.5,40
"2505",791,0,47,27,28
"2506",790,0,30.5,16.5,40
"2507",789,0,45.5,25.5,42
"2508",788,0,47.5,26.5,16
"2509",787,0,18.5,10.5,28
"2510",786,0,34.5,20.5,26
"2511",785,0,27.5,14.5,18
"2512",784,0,19,10,38
"2513",783,0,44.5,25.5,50
"2514",782,0,59,34,52
"2515",781,0,60,34,12
"2516",780,0,12.5,6.5,24
"2517",779,0,26,14,54
"2518",778,0,63.5,36.5,32
"2519",777,0,39.5,23.5,42
"2520",776,0,50.5,29.5,46
"2521",775,0,53.5,30.5,44
"2522",774,0,52,30,30
"2523",773,0,37,22,18
"2524",772,0,20.5,11.5,30
"2525",771,0,37,22,28
"2526",770,0,31.5,17.5,50
"2527",769,0,59.5,34.5,12
"2528",768,0,14.5,8.5,34
"2529",767,0,38.5,21.5,28
"2530",766,0,33.5,19.5,46
"2531",765,0,52.5,29.5,18
"2532",764,0,19,10,32
"2533",657,0.000420901448999667,39.5,23.5,16.0000070150241
"2534",656,0,17.5,9.5,48
"2535",655,0,56.5,32.5,22
"2536",654,0,25.5,14.5,58
"2537",653,0,68,39,30
"2538",652,0,36,21,22
"2539",651,0,24,13,14
"2540",650,0,14.5,7.5,32
"2541",649,0,35,19,34
"2542",648,0,41.5,24.5,36
"2543",647,0,41.5,23.5,40
"2544",646,0,46,26,34
"2545",645,0,39,22,42
"2546",644,0,47.5,26.5,46
"2547",643,0,55,32,52
"2548",642,0,61,35,52
"2549",641,0,61.5,35.5,38
"2550",640,0,42.5,23.5,18
"2551",639,0,20.5,11.5,30
"2552",638,0,35.5,20.5,30
"2553",637,0,33,18,46
"2554",636,0,54,31,20
"2555",635,0,22.5,12.5,20
"2556",634,0,25,15,58
"2557",633,0,67.5,38.5,18
"2558",632,0,21,12,26
"2559",631,0,32.5,19.5,6
"2560",630,0,6,3,4
"2561",629,0,4,2,6
"2562",628,0,7,4,54
"2563",627,0,63,36,30
"2564",626,0,36.5,21.5,48
"2565",625,0,55,31,12
"2566",624,0,13.5,7.5,56
"2567",623,0,66,38,46
"2568",710,0.0010074531203986,56,33,16.0000167908853
"2569",709,0,17,9,34
"2570",708,0,39.5,22.5,8
"2571",707,0,10,6,46
"2572",706,0,55,32,44
"2573",705,0,50.5,28.5,32
"2574",704,0,37.5,21.5,26
"2575",703,0,29.5,16.5,52
"2576",702,0,61.5,35.5,56
"2577",701,0,66,38,22
"2578",700,0,26.5,15.5,14
"2579",699,0,17,10,40
"2580",698,0,49,29,10
"2581",697,0,12.5,7.5,28
"2582",696,0,31,17,16
"2583",695,0,20,12,24
"2584",694,0,26.5,14.5,10
"2585",693,0,11.5,6.5,40
"2586",692,0,47.5,27.5,18
"2587",691,0,18,9,56
"2588",690,0,65,37,30
"2589",689,0,35.5,20.5,6
"2590",688,0,6.5,3.5,38
"2591",687,0,46.5,27.5,32
"2592",686,0,37.5,21.5,46
"2593",685,0,54.5,31.5,12
"2594",684,0,14.5,8.5,20
"2595",683,0,23,13,12
"2596",682,0,12.5,6.5,20
"2597",731,0.000333584781252672,22,12,24.0000055597464
"2598",730,0,28.5,16.5,30
"2599",729,0,35,20,42
"2600",728,0,51.5,30.5,44
"2601",727,0,52,30,32
"2602",726,0,38.5,22.5,22
"2603",725,0,26.5,15.5,38
"2604",724,0,47,28,4
"2605",723,0,4.5,2.5,38
"2606",722,0,43,24,32
"2607",721,0,37,21,34
"2608",720,0,42.5,25.5,26
"2609",719,0,30.5,17.5,38
"2610",718,0,45.5,26.5,40
"2611",717,0,48.5,28.5,44
"2612",716,0,53,31,26
"2613",715,0,30,17,42
"2614",714,0,47.5,26.5,44
"2615",713,0,52.5,30.5,22
"2616",712,0,26,15,38
"2617",556,0.0003479552400417,45.5,26.5,4.000005799254
"2618",555,0,4.5,2.5,18
"2619",554,0,18.5,9.5,12
"2620",553,0,14,8,30
"2621",552,0,34.5,19.5,38
"2622",551,0,45,26,36
"2623",550,0,40,22,26
"2624",549,0,32.5,19.5,14
"2625",548,0,14,7,20
"2626",547,0,22,12,46
"2627",546,0,55.5,32.5,36
"2628",545,0,45,27,18
"2629",544,0,19,10,42
"2630",543,0,50,29,44
"2631",542,0,50.5,28.5,32
"2632",541,0,37.5,21.5,16
"2633",540,0,18.5,10.5,14
"2634",539,0,15,8,44
"2635",538,0,51,29,52
"2636",537,0,60.5,34.5,34
"2637",536,0,40,23,38
"2638",535,0,45,26,28
"2639",534,0,30,16,30
"2640",533,0,34,19,40
"2641",532,0,48.5,28.5,36
"2642",531,0,44.5,26.5,24
"2643",530,0,29,17,22
"2644",529,0,24,13,22
"2645",528,0,26.5,15.5,30
"2646",527,0,33,18,22
"2647",526,0,24.5,13.5,8
"2648",525,0,8.5,4.5,16
"2649",524,0,17,9,16
"2650",523,0,19.5,11.5,8
"2651",522,0,8.5,4.5,44
"2652",403,0.000160676227985063,53,31,4.00000267793713
"2653",402,0,4.5,2.5,6
"2654",401,0,6.5,3.5,18
"2655",400,0,19.5,10.5,2
"2656",399,0,2.5,1.5,50
"2657",398,0,57.5,32.5,44
"2658",397,0,53,31,42
"2659",396,0,52,31,28
"2660",395,0,30,16,42
"2661",394,0,50,29,42
"2662",393,0,49.5,28.5,34
"2663",392,0,40,23,44
"2664",391,0,50.5,28.5,20
"2665",390,0,20.5,10.5,38
"2666",389,0,44,25,22
"2667",388,0,27.5,16.5,18
"2668",387,0,21.5,12.5,28
"2669",386,0,33,19,14
"2670",385,0,17.5,10.5,28
"2671",384,0,34.5,20.5,2
"2672",383,0,2.5,1.5,54
"2673",382,0,63.5,36.5,38
"2674",381,0,47.5,28.5,18
"2675",380,0,22,13,58
"2676",379,0,67.5,38.5,20
"2677",378,0,24.5,14.5,18
"2678",377,0,18,9,30
"2679",376,0,34,19,32
"2680",375,0,40,24,40
"2681",374,0,48.5,28.5,6
"2682",373,0,6.5,3.5,26
"2683",372,0,32.5,19.5,54
"2684",371,0,62.5,35.5,40
"2685",370,0,47.5,27.5,26
"2686",369,0,31.5,18.5,36
"2687",368,0,43,25,46
"2688",367,0,54.5,31.5,8
"2689",366,0,9,5,28
"2690",365,0,35,21,30
"2691",364,0,35,20,12
"2692",363,0,12,6,14
"2693",520,0.000160676223636466,16.5,9.5,14.0000026779371
"2694",519,0,16,9,10
"2695",518,0,12,7,18
"2696",517,0,18,9,34
"2697",516,0,39,22,56
"2698",515,0,65.5,37.5,2
"2699",514,0,2,1,20
"2700",513,0,21.5,11.5,50
"2701",512,0,59.5,34.5,16
"2702",511,0,16,8,42
"2703",510,0,49.5,28.5,16
"2704",509,0,20,12,40
"2705",508,0,47.5,27.5,18
"2706",507,0,19.5,10.5,32
"2707",506,0,40,24,16
"2708",505,0,18,10,30
"2709",504,0,37.5,22.5,48
"2710",503,0,56,32,32
"2711",502,0,35,19,40
"2712",501,0,48,28,40
"2713",500,0,47,27,22
"2714",499,0,26.5,15.5,28
"2715",498,0,33.5,19.5,14
"2716",497,0,16.5,9.5,38
"2717",496,0,47,28,30
"2718",495,0,36,21,50
"2719",494,0,57.5,32.5,46
"2720",493,0,55,32,38
"2721",492,0,44.5,25.5,22
"2722",491,0,26,15,20
"2723",490,0,21,11,4
"2724",489,0,4.5,2.5,20
"2725",488,0,20,10,0
"2726",487,0,0,0,20
"2727",486,0,23,13,40
"2728",485,0,47.5,27.5,36
"2729",484,0,45,27,14
"2730",483,0,16,9,26
"2731",482,0,30.5,17.5,48
"2732",481,0,57,33,8
"2733",480,0,10,6,26
"2734",479,0,31.5,18.5,16
"2735",478,0,20,12,46
"2736",477,0,54,31,36
"2737",476,0,40,22,46
"2738",475,0,53,30,2
"2739",474,0,2.5,1.5,46
"2740",473,0,55,32,48
"2741",472,0,57,33,26
"2742",471,0,31,18,48
"2743",470,0,58,34,34
"2744",469,0,38,21,20
"2745",468,0,25,15,12
"2746",467,0,13,7,44
"2747",466,0,51.5,29.5,36
"2748",465,0,44,26,40
"2749",464,0,48.5,28.5,4
"2750",463,0,4.5,2.5,50
"2751",462,0,59,34,36
"2752",461,0,42.5,24.5,6
"2753",460,0,7.5,4.5,12
"2754",459,0,15,9,30
"2755",458,0,37,22,4
"2756",457,0,4.5,2.5,8
"2757",456,0,10,6,48
"2758",455,0,56,32,18
"2759",454,0,21.5,12.5,20
"2760",453,0,22.5,12.5,22
"2761",452,0,22.5,11.5,20
"2762",451,0,24,14,52
"2763",450,0,61.5,35.5,14
"2764",449,0,15,8,30
"2765",448,0,36.5,21.5,20
"2766",447,0,23.5,13.5,50
"2767",446,0,57.5,32.5,34
"2768",445,0,38,21,38
"2769",444,0,45.5,26.5,34
"2770",443,0,39,22,10
"2771",442,0,11.5,6.5,6
"2772",441,0,7.5,4.5,54
"2773",440,0,63,36,6
"2774",439,0,7,4,24
"2775",438,0,28.5,16.5,8
"2776",437,0,9,5,30
"2777",436,0,32.5,17.5,26
"2778",435,0,32.5,19.5,16
"2779",434,0,16.5,8.5,4
"2780",433,0,4,2,44
"2781",432,0,53.5,31.5,38
"2782",431,0,46,27,8
"2783",430,0,10,6,18
"2784",429,0,21.5,12.5,28
"2785",428,0,31,17,56
"2786",427,0,65.5,37.5,34
"2787",426,0,38.5,21.5,18
"2788",425,0,21,12,28
"2789",424,0,30,16,22
"2790",423,0,23.5,12.5,46
"2791",422,0,53.5,30.5,12
"2792",421,0,13.5,7.5,18
"2793",420,0,19.5,10.5,48
"2794",419,0,55,31,26
"2795",418,0,28,15,12
"2796",417,0,13,7,2
"2797",416,0,2,1,42
"2798",415,0,49,28,28
"2799",414,0,33.5,19.5,28
"2800",413,0,30,16,26
"2801",412,0,28.5,15.5,26
"2802",411,0,27.5,14.5,6
"2803",410,0,6.5,3.5,34
"2804",409,0,39,22,22
"2805",408,0,25,14,28
"2806",407,0,32.5,18.5,52
"2807",680,0.000406311396116944,61,35,36.0000067718566
"2808",679,0,45,27,18
"2809",678,0,20,11,40
"2810",677,0,47.5,27.5,16
"2811",676,0,19.5,11.5,48
"2812",675,0,56.5,32.5,36
"2813",674,0,44,26,20
"2814",673,0,21,11,24
"2815",672,0,25,13,28
"2816",671,0,33.5,19.5,40
"2817",670,0,47,27,46
"2818",669,0,54.5,31.5,0
"2819",668,0,0,0,22
"2820",667,0,26.5,15.5,48
"2821",666,0,56,32,10
"2822",665,0,10,5,44
"2823",664,0,54,32,42
"2824",663,0,50,29,22
"2825",662,0,24.5,13.5,56
"2826",661,0,65.5,37.5,50
"2827",660,0,57.5,32.5,22
"2828",659,0,22.5,11.5,14
"2829",737,0.0029003594428048,15,8,14.000048339324
"2830",736,0,15,8,10
"2831",735,0,10.5,5.5,42
"2832",734,0,52,31,44
"2833",733,0,50,28,48
"2834",1160,0.000642705134432683,56.5,32.5,34.0000107117522
"2835",1159,0,38,21,30
"2836",1158,0,37.5,22.5,48
"2837",1157,0,57,33,12
"2838",1156,0,15,9,8
"2839",1155,0,9.5,5.5,20
"2840",1154,0,24.5,14.5,30
"2841",1153,0,33,18,48
"2842",1152,0,58,34,36
"2843",1151,0,45,27,8
"2844",1150,0,8,4,36
"2845",1149,0,42.5,24.5,44
"2846",1148,0,52,30,38
"2847",1147,0,42.5,23.5,36
"2848",1146,0,40,22,28
"2849",1145,0,32.5,18.5,42
"2850",1144,0,50,29,58
"2851",1143,0,67.5,38.5,12
"2852",1142,0,13.5,7.5,12
"2853",1141,0,14,8,36
"2854",1140,0,45,27,38
"2855",1139,0,44.5,25.5,46
"2856",1138,0,55,32,12
"2857",1137,0,12.5,6.5,8
"2858",1136,0,8.5,4.5,20
"2859",1135,0,20,10,30
"2860",1134,0,33,18,26
"2861",1133,0,31,18,18
"2862",1132,0,20,11,26
"2863",1131,0,29.5,16.5,34
"2864",1130,0,38,21,48
"2865",1129,0,55.5,31.5,32
"2866",1128,0,37,21,4
"2867",1127,0,4.5,2.5,32
"2868",1126,0,40,24,18
"2869",1125,0,22.5,13.5,6
"2870",1124,0,7.5,4.5,18
"2871",1123,0,22.5,13.5,4
"2872",1122,0,4,2,24
"2873",1121,0,28.5,16.5,40
"2874",1120,0,46.5,26.5,32
"2875",1119,0,39,23,6
"2876",1118,0,7,4,0
"2877",1117,0,0,0,38
"2878",1116,0,44.5,25.5,58
"2879",1115,0,67.5,38.5,38
"2880",1114,0,46.5,27.5,30
"2881",1456,0.0005904898404289,33.5,18.5,28.0000098414973
"2882",1455,0,32.5,18.5,44
"2883",1454,0,52,30,40
"2884",1453,0,46.5,26.5,22
"2885",1452,0,23.5,12.5,36
"2886",1451,0,43.5,25.5,36
"2887",1450,0,42,24,54
"2888",1446,0.000669685270309005,62.5,35.5,26.0000111614212
"2889",1445,0,28.5,15.5,6
"2890",1444,0,7.5,4.5,8
"2891",1443,0,10,6,44
"2892",1442,0,50.5,28.5,40
"2893",1441,0,47,27,32
"2894",1440,0,35.5,19.5,50
"2895",1439,0,58.5,33.5,32
"2896",1438,0,36,20,24
"2897",1437,0,30,18,24
"2898",1436,0,25,13,50
"2899",1495,0.000582559920120065,57.5,32.5,40.000009709332
"2900",1494,0,50,30,44
"2901",1493,0,50,28,24
"2902",1492,0,25,13,36
"2903",1491,0,42.5,24.5,32
"2904",1490,0,39,23,44
"2905",1489,0,50,28,30
"2906",1488,0,34,19,56
"2907",1487,0,66,38,54
"2908",1486,0,64,37,2
"2909",1485,0,2,1,42
"2910",1484,0,47.5,26.5,34
"2911",1483,0,40,23,46
"2912",1482,0,55,32,40
"2913",1481,0,45.5,25.5,20
"2914",1480,0,20,10,30
"2915",1479,0,35,20,12
"2916",1478,0,12.5,6.5,18
"2917",1477,0,21,12,14
"2918",1476,0,16.5,9.5,50
"2919",1475,0,59,34,22
"2920",1474,0,27.5,16.5,50
"2921",1473,0,58.5,33.5,20
"2922",1472,0,25,15,32
"2923",1471,0,36,20,34
"2924",1470,0,41.5,24.5,22
"2925",1469,0,25,14,46
"2926",1468,0,52.5,29.5,38
"2927",1467,0,44,25,4
"2928",1466,0,4.5,2.5,40
"2929",1465,0,49.5,29.5,4
"2930",1464,0,4,2,30
"2931",1463,0,32.5,17.5,10
"2932",1462,0,10,5,18
"2933",1461,0,20,11,40
"2934",1460,0,48,28,42
"2935",1459,0,49,28,40
"2936",1458,0,46,26,28
"2937",1267,0.00120485363441064,31.5,17.5,28.0000200808939
"2938",1266,0,31,17,26
"2939",1265,0,31.5,18.5,52
"2940",1264,0,61.5,35.5,18
"2941",1263,0,20.5,11.5,14
"2942",1262,0,17,10,24
"2943",1261,0,28.5,16.5,26
"2944",1260,0,29.5,16.5,54
"2945",1259,0,62.5,35.5,20
"2946",1258,0,22.5,12.5,44
"2947",1257,0,52,30,48
"2948",1256,0,56.5,32.5,50
"2949",1255,0,59.5,34.5,30
"2950",1254,0,36.5,21.5,20
"2951",1252,0.000333584781252672,25,15,52.0000055597464
"2952",1251,0,61.5,35.5,20
"2953",1250,0,25,15,38
"2954",1249,0,47.5,28.5,30
"2955",1248,0,34.5,19.5,18
"2956",1247,0,21,12,50
"2957",1246,0,58,33,26
"2958",1245,0,27.5,14.5,36
"2959",1244,0,44,26,36
"2960",1243,0,44,26,56
"2961",1643,0.00135366030158414,66,38,18.000022561005
"2962",1642,0,20,11,36
"2963",1641,0,41,23,24
"2964",1640,0,26.5,14.5,44
"2965",1639,0,50,28,28
"2966",1638,0,33.5,19.5,14
"2967",1637,0,17.5,10.5,16
"2968",1636,0,16,8,56
"2969",1635,0,66,38,24
"2970",1634,0,29,17,18
"2971",1633,0,20.5,11.5,38
"2972",1632,0,42.5,23.5,24
"2973",1631,0,29,17,58
"2974",1630,0,68,39,20
"2975",1629,0,20.5,10.5,44
"2976",1628,0,51.5,29.5,12
"2977",1627,0,13,7,26
"2978",1626,0,27.5,14.5,26
"2979",1625,0,28.5,15.5,14
"2980",1624,0,17,10,28
"2981",1623,0,30.5,16.5,22
"2982",1622,0,26,15,38
"2983",1621,0,46,27,26
"2984",1620,0,27.5,14.5,38
"2985",1619,0,45.5,26.5,16
"2986",1618,0,19,11,8
"2987",1617,0,8.5,4.5,42
"2988",1616,0,50,29,34
"2989",1615,0,41,24,44
"2990",1614,0,52.5,30.5,22
"2991",1613,0,25,14,8
"2992",1612,0,8,4,26
"2993",1611,0,30,17,30
"2994",1610,0,33,18,28
"2995",1609,0,33,19,18
"2996",1608,0,21,12,40
"2997",1607,0,48.5,28.5,38
"2998",1606,0,47.5,28.5,16
"2999",1605,0,18,10,40
"3000",1604,0,48,28,22
"3001",1603,0,23,12,42
"3002",1602,0,51.5,30.5,10
"3003",1601,0,10.5,5.5,22
"3004",1600,0,22.5,11.5,36
"3005",1599,0,41.5,23.5,6
"3006",1598,0,7,4,4
"3007",1597,0,4.5,2.5,48
"3008",1596,0,58,34,18
"3009",1595,0,20.5,11.5,28
"3010",1594,0,30,16,32
"3011",1593,0,37.5,21.5,26
"3012",1592,0,29.5,16.5,12
"3013",1591,0,13,7,34
"3014",1590,0,41.5,24.5,46
"3015",1589,0,52.5,29.5,18
"3016",1588,0,22,13,52
"3017",1587,0,60.5,34.5,38
"3018",1586,0,45,26,44
"3019",1585,0,53.5,31.5,16
"3020",1584,0,16,8,46
"3021",1583,0,53.5,30.5,48
"3022",1582,0,56.5,32.5,22
"3023",1581,0,22.5,11.5,18
"3024",1580,0,18.5,9.5,58
"3025",1579,0,68,39,36
"3026",1578,0,41.5,23.5,16
"3027",1577,0,16,8,32
"3028",1576,0,36,20,10
"3029",1575,0,10.5,5.5,22
"3030",1574,0,25.5,14.5,22
"3031",1573,0,25.5,14.5,52
"3032",1572,0,60,34,38
"3033",1571,0,42.5,23.5,34
"3034",1570,0,37.5,20.5,28
"3035",1569,0,31,17,16
"3036",1568,0,16,8,12
"3037",1567,0,12,6,26
"3038",1566,0,31.5,18.5,18
"3039",1565,0,19,10,48
"3040",1564,0,57.5,33.5,18
"3041",1563,0,21.5,12.5,34
"3042",1562,0,39.5,22.5,18
"3043",1561,0,22,13,8
"3044",1560,0,9.5,5.5,30
"3045",1559,0,32.5,17.5,52
"3046",1558,0,61.5,35.5,52
"3047",1557,0,60,34,26
"3048",1556,0,32.5,19.5,38
"3049",1555,0,45.5,26.5,20
"3050",1554,0,25,15,52
"3051",1553,0,61.5,35.5,16
"3052",1552,0,16,8,2
"3053",1551,0,2.5,1.5,20
"3054",1550,0,20,10,12
"3055",1549,0,13,7,40
"3056",1548,0,49,29,52
"3057",1547,0,61,35,30
"3058",1546,0,35.5,20.5,26
"3059",1545,0,31,18,30
"3060",1544,0,34.5,19.5,10
"3061",1543,0,10,5,44
"3062",1542,0,54,32,30
"3063",1541,0,36,21,38
"3064",1540,0,45.5,26.5,56
"3065",1539,0,65.5,37.5,36
"3066",1538,0,43,25,18
"3067",1537,0,19,10,36
"3068",1536,0,45,27,36
"3069",1535,0,40,22,6
"3070",1534,0,7.5,4.5,50
"3071",1533,0,58.5,33.5,46
"3072",1532,0,53,30,18
"3073",1531,0,20,11,20
"3074",1530,0,21.5,11.5,26
"3075",1529,0,30,17,26
"3076",1528,0,30,17,50
"3077",1527,0,57.5,32.5,26
"3078",1526,0,32.5,19.5,28
"3079",1525,0,32,18,32
"3080",1524,0,37,21,32
"3081",1523,0,38.5,22.5,26
"3082",1522,0,32,19,30
"3083",1744,0.00160878815213058,33,18,34.0000268131359
"3084",1743,0,39,22,28
"3085",1742,0,35,21,54
"3086",1741,0,63.5,36.5,22
"3087",1740,0,27.5,16.5,40
"3088",1739,0,47.5,27.5,36
"3089",1738,0,44,26,4
"3090",1737,0,4.5,2.5,38
"3091",1736,0,46.5,27.5,28
"3092",1735,0,34.5,20.5,30
"3093",1734,0,36.5,21.5,18
"3094",1733,0,20.5,11.5,42
"3095",1732,0,51.5,30.5,44
"3096",1731,0,50.5,28.5,46
"3097",1730,0,55.5,32.5,38
"3098",1729,0,47,28,54
"3099",1728,0,63.5,36.5,12
"3100",1727,0,14.5,8.5,16
"3101",1726,0,19.5,11.5,46
"3102",1725,0,53.5,30.5,42
"3103",1724,0,50,29,18
"3104",1723,0,18.5,9.5,12
"3105",1722,0,14,8,48
"3106",1721,0,57,33,44
"3107",1720,0,50,28,28
"3108",1719,0,33,19,40
"3109",1718,0,49,29,22
"3110",1717,0,27,16,20
"3111",1716,0,22.5,12.5,20
"3112",1715,0,22,12,20
"3113",1714,0,22.5,12.5,10
"3114",1713,0,12,7,24
"3115",1712,0,30,18,24
"3116",1711,0,29.5,17.5,4
"3117",1710,0,4,2,10
"3118",1709,0,10.5,5.5,46
"3119",1708,0,52.5,29.5,28
"3120",1707,0,30.5,16.5,16
"3121",1706,0,17,9,52
"3122",1705,0,60.5,34.5,20
"3123",1704,0,20,10,46
"3124",1703,0,54.5,31.5,28
"3125",1702,0,31,17,22
"3126",1701,0,27,16,38
"3127",1700,0,44.5,25.5,8
"3128",1699,0,9,5,26
"3129",1698,0,28,15,18
"3130",1697,0,18,9,38
"3131",1696,0,45.5,26.5,58
"3132",1695,0,68,39,60
"3133",1694,0,70,40,32
"3134",1693,0,38,22,24
"3135",1692,0,26,14,12
"3136",1691,0,15,9,16
"3137",1690,0,17.5,9.5,52
"3138",1689,0,61,35,26
"3139",1688,0,29.5,16.5,22
"3140",1687,0,27,16,10
"3141",1686,0,12.5,7.5,18
"3142",1685,0,18,9,52
"3143",1684,0,62,36,28
"3144",1683,0,30,16,16
"3145",1682,0,17.5,9.5,38
"3146",1681,0,44.5,25.5,16
"3147",1680,0,18,10,38
"3148",1679,0,46.5,27.5,54
"3149",1678,0,63.5,36.5,30
"3150",1677,0,37,22,38
"3151",1676,0,46.5,27.5,16
"3152",1675,0,18,10,20
"3153",1674,0,24,14,10
"3154",1673,0,11,6,28
"3155",1672,0,34.5,20.5,38
"3156",1671,0,47.5,28.5,36
"3157",1670,0,40,22,0
"3158",1669,0,0,0,30
"3159",1668,0,37.5,22.5,14
"3160",1667,0,14,7,20
"3161",1666,0,21,11,58
"3162",1665,0,67.5,38.5,42
"3163",1664,0,48.5,27.5,32
"3164",1663,0,40,24,18
"3165",1662,0,22.5,13.5,40
"3166",1661,0,45,25,18
"3167",1660,0,22.5,13.5,36
"3168",1659,0,42,24,34
"3169",1658,0,41,24,22
"3170",1657,0,22.5,11.5,34
"3171",1656,0,37.5,20.5,14
"3172",1749,0.006449566476989,14.5,7.5,16.0001074927746
"3173",1748,0,19.5,11.5,50
"3174",1747,0,59,34,20
"3175",1746,0,20.5,10.5,32
"3176",1889,0.068026769121425,39,23,24.0011337794854
"3177",1888,0.000477594229471268,25.5,13.5,38.0000079599038
"3178",1959,0.0750037800081334,43.5,24.5,26.0012500630001
"3179",2097,0.0320182297110352,27.5,14.5,30.0005336371619
"3180",2100,0,36.5,21.5,44
"3181",2099,0,50,28,22
"3182",2098,0,24,13,38
"3183",2096,0.000669685228836526,45.5,26.5,42.0000111614205
"3184",2095,0,52,31,44
"3185",2094,0,53,31,42
"3186",2093,0,47.5,26.5,22
"3187",2092,0,26.5,15.5,42
"3188",2091,0,50,29,44
"3189",2090,0,52.5,30.5,26
"3190",2089,0.00251408733832596,29,16,42.0000419014556
"3191",2103,0.00752772081423998,50.5,29.5,20.0001254620136
"3192",2057,0.0184645066410908,24,14,18.0003077417774
"3193",2056,0,20,11,28
"3194",2055,0,31.5,17.5,44
"3195",2054,0,54,32,30
"3196",2053,0,35.5,20.5,24
"3197",2052,0,28.5,16.5,22
"3198",2051,0,23.5,12.5,8
"3199",2050,0,9.5,5.5,26
"3200",2049,0,27.5,14.5,24
"3201",2045,0.035328891523715,26,14,38.0005888148587
"3202",2044,0,43,24,58
"3203",2043,0,67.5,38.5,10
"3204",2042,0,10.5,5.5,50
"3205",2041,0,59.5,34.5,20
"3206",2040,0,20.5,10.5,6
"3207",2039,0,7.5,4.5,26
"3208",2038,0,31,18,18
"3209",2037,0,20,11,34
"3210",2036,0,42,25,48
"3211",2035,0,55,31,42
"3212",2034,0,51.5,30.5,34
"3213",2033,0,41.5,24.5,22
"3214",2047,0.00303789650543158,25,14,10.0000506316084
"3215",2065,0.0104214696425652,12,7,50.0001736911607
"3216",2064,0,59.5,34.5,34
"3217",2063,0,41,24,22
"3218",2062,0,24,13,38
"3219",2061,0,47.5,28.5,24
"3220",2060,0,27,15,10
"3221",1950,0.135093876156157,10.5,5.5,14.0022515646026
"3222",1949,0,17.5,10.5,40
"3223",1947,0.00314618893061666,46.5,26.5,6.00005243648218
"3224",1946,0,7,4,32
"3225",1945,0,36.5,20.5,42
"3226",1943,0.00190256941512415,48.5,27.5,38.0000317094903
"3227",1942,0,45.5,26.5,52
"3228",1937,0.00344538105383493,60.5,34.5,36.0000574230176
"3229",1935,0.00036529409896577,45,27,50.000006088235
"3230",1934,0,59,34,8
"3231",1932,0.00148606791932535,9.5,5.5,10.0000247677987
"3232",1931,0,10.5,5.5,14
"3233",1930,0,14,7,10
"3234",1929,0,12,7,2
"3235",1928,0,2.5,1.5,54
"3236",1927,0,62.5,35.5,34
"3237",2972,0.340871220942226,40.5,23.5,46.0056811870157
"3238",2959,0.0148472173453052,53.5,30.5,18.0002474536224
"3239",2958,0,18,9,40
"3240",2957,0,46,26,42
"3241",3012,0.0496914257275155,52,31,8.00082819042879
"3242",2733,0.24338482524431,10,6,34.0040564137541
"3243",2731,0.000115971044640228,39,22,44.0000019328507
"3244",2729,5.79855436630083e-05,50,28,32.0000009664257
"3245",2732,5.79855436630083e-05,37,21,26.0000009664257
"3246",2725,0.00100745150777916,31,18,22.0000167908585
"3247",2727,0.000125405874099905,27.5,16.5,16.0000020900979
"3248",2734,0.000376217615367497,19.5,11.5,36.0000062702936
"3249",2747,0.000338586956062182,44.5,26.5,42.0000056431159
"3250",2746,0,48,27,26
"3251",2745,0,32.5,19.5,6
"3252",2744,0,7.5,4.5,34
"3253",2743,0,40.5,23.5,12
"3254",2554,0.00617205544219021,13,7,30.0001028675907
"3255",2556,0,35,20,48
"3256",2555,0,57,33,50
"3257",2553,0.000160666022298973,59.5,34.5,52.000002677767
"3258",2400,0.0100746827139945,61,35,46.0001679113786
"3259",2399,0,56,33,44
"3260",2398,0,50,28,32
"3261",2397,0,36,20,36
"3262",2396,0,40,22,28
"3263",2395,0,31.5,17.5,40
"3264",2394,0,45.5,25.5,20
"3265",2393,0,22.5,12.5,34
"3266",2392,0,37.5,20.5,6
"3267",2391,0,7.5,4.5,16
"3268",2390,0,19,11,6
"3269",2389,0,7,4,46
"3270",2388,0,55,32,32
"3271",2385,0.00206842555118548,37,21,16.0000344737592
"3272",2380,0.00231321489687806,17,9,38.0000385535816
"3273",2382,0.000111194927084224,46,27,46.0000018532488
"3274",2378,0.000463883939366696,55,32,48.000007731399
"3275",2377,0,55.5,31.5,10
"3276",2376,0,12.5,7.5,22
"3277",2375,0,25.5,14.5,22
"3278",2374,0,24.5,13.5,20
"3279",2373,0,23,13,6
"3280",2372,0,7,4,20
"3281",2371,0,21.5,11.5,52
"3282",2370,0,61,35,40
"3283",2369,0,48.5,28.5,48
"3284",2368,0,56,32,30
"3285",2367,0,35,20,20
"3286",2366,0,20,10,12
"3287",2411,0.0294291266646862,14.5,8.5,50.0004904854444
"3288",2413,0.000448543484289165,59.5,34.5,16.0000074757247
"3289",2415,0,19,11,52
"3290",2414,0,61,35,22
"3291",2420,0.000558990216708813,22.5,11.5,20.0000093165036
"3292",2419,0,22.5,12.5,26
"3293",2418,0,32,19,26
"3294",2424,0.00028234313162069,28,15,58.0000047057189
"3295",2423,0,67.5,38.5,24
"3296",2428,0.00078093936757447,30,18,40.0000130156561
"3297",2427,0,45.5,25.5,52
"3298",2409,0.00139607678617058,61.5,35.5,38.0000232679464
"3299",2709,0.00527525989443045,44.5,25.5,12.0000879209982
"3300",2708,0,13.5,7.5,24
"3301",2707,0,28,16,34
"3302",2706,0,38,21,34
"3303",2705,0,41,24,18
"3304",2704,0,22.5,13.5,30
"3305",2703,0,32.5,17.5,38
"3306",2702,0,47,28,20
"3307",2701,0,20.5,10.5,34
"3308",2700,0,42,25,20
"3309",2699,0,20.5,10.5,24
"3310",2698,0,25.5,13.5,10
"3311",2697,0,12.5,7.5,20
"3312",2696,0,25,15,46
"3313",2695,0,54,31,10
"3314",2694,0,10,5,10
"3315",2693,0,10.5,5.5,12
"3316",2691,0.000111194924254931,13.5,7.5,24.0000018532487
"3317",2690,0,25.5,13.5,12
"3318",2689,0,15,9,34
"3319",2688,0,42,25,32
"3320",2687,0,35.5,19.5,50
"3321",2686,0,59,34,34
"3322",2685,0,40,23,24
"3323",2684,0,25.5,13.5,28
"3324",2683,0,34.5,20.5,44
"3325",2682,0,50.5,28.5,40
"3326",2681,0,46,26,34
"3327",2680,0,38,21,30
"3328",2679,0,34.5,19.5,8
"3329",2678,0,9.5,5.5,26
"3330",2677,0,28.5,15.5,40
"3331",2676,0,50,30,16
"3332",2675,0,17.5,9.5,8
"3333",2674,0,8,4,18
"3334",2673,0,19.5,10.5,26
"3335",2672,0,27.5,14.5,48
"3336",2671,0,55.5,31.5,6
"3337",2670,0,6.5,3.5,12
"3338",2669,0,13,7,34
"3339",2668,0,41,24,22
"3340",2667,0,26.5,15.5,30
"3341",2666,0,33,18,52
"3342",2665,0,61.5,35.5,38
"3343",2645,0.00128873290497036,43.5,24.5,36.0000214788817
"3344",2644,0,41,23,12
"3345",2643,0,14.5,8.5,32
"3346",2642,0,40,24,38
"3347",2641,0,43.5,24.5,26
"3348",2640,0,31.5,18.5,22
"3349",2639,0,25,14,28
"3350",2638,0,32,18,10
"3351",2637,0,11.5,6.5,26
"3352",2636,0,32,19,22
"3353",2635,0,23.5,12.5,32
"3354",2634,0,36.5,20.5,16
"3355",2633,0,18.5,10.5,34
"3356",2632,0,41.5,24.5,16
"3357",2631,0,16,8,22
"3358",2630,0,25.5,14.5,22
"3359",2629,0,26,15,44
"3360",2628,0,51.5,29.5,12
"3361",2627,0,13,7,36
"3362",2626,0,42.5,24.5,26
"3363",2625,0,32,19,30
"3364",2624,0,33,18,12
"3365",2623,0,12.5,6.5,50
"3366",2622,0,57.5,32.5,38
"3367",2621,0,46.5,27.5,12
"3368",2620,0,12,6,12
"3369",2619,0,14.5,8.5,22
"3370",2618,0,27,16,30
"3371",2617,0,33.5,18.5,18
"3372",2616,0,22,13,42
"3373",2615,0,50.5,29.5,30
"3374",2614,0,34,19,18
"3375",2613,0,21,12,54
"3376",2612,0,64,37,34
"3377",2611,0,39,22,8
"3378",2610,0,9,5,56
"3379",2609,0,65.5,37.5,20
"3380",2608,0,24.5,14.5,34
"3381",2607,0,42.5,25.5,20
"3382",2606,0,24,14,28
"3383",2605,0,33.5,19.5,18
"3384",2604,0,20,11,12
"3385",2603,0,15,9,38
"3386",2602,0,43.5,24.5,12
"3387",2601,0,12.5,6.5,44
"3388",2663,0.000229824948065237,54,32,42.0000038304158
"3389",2662,0,51.5,30.5,44
"3390",2661,0,51,29,16
"3391",2660,0,16,8,52
"3392",2659,0,61,35,50
"3393",2658,0,58.5,33.5,26
"3394",2657,0,32.5,19.5,18
"3395",2656,0,22.5,13.5,28
"3396",2655,0,32.5,18.5,30
"3397",2654,0,34.5,19.5,30
"3398",2653,0,34,19,26
"3399",2652,0,28.5,15.5,32
"3400",2651,0,40,24,2
"3401",2650,0,2,1,40
"3402",2649,0,50,30,54
"3403",2648,0,62.5,35.5,22
"3404",2647,0,23,12,36
"3405",2595,0.00189830092454866,40,22,44.0000316383487
"3406",2594,0,52,30,30
"3407",2593,0,35.5,20.5,16
"3408",2592,0,17,9,14
"3409",2591,0,15.5,8.5,40
"3410",2590,0,49,29,4
"3411",2589,0,5,3,12
"3412",2588,0,15,9,8
"3413",2587,0,8,4,4
"3414",2586,0,4,2,42
"3415",2585,0,50,29,60
"3416",2584,0,70,40,26
"3417",2583,0,27.5,14.5,44
"3418",2582,0,51.5,29.5,50
"3419",2581,0,59.5,34.5,4
"3420",2580,0,4.5,2.5,54
"3421",2579,0,63,36,32
"3422",2578,0,35.5,19.5,26
"3423",2577,0,29,16,40
"3424",2576,0,45.5,25.5,16
"3425",2575,0,18,10,28
"3426",2574,0,35,21,18
"3427",2573,0,20.5,11.5,8
"3428",2572,0,10,6,32
"3429",2571,0,35.5,19.5,34
"3430",2563,0.000786956349414707,37.5,20.5,22.0000131159392
"3431",2562,0,24.5,13.5,20
"3432",2561,0,23.5,13.5,52
"3433",2560,0,60,34,36
"3434",2559,0,41.5,23.5,44
"3435",2558,0,51.5,29.5,8
"3436",2551,0.000797566022824794,8.5,4.5,22.000013292767
"3437",2550,0,22.5,11.5,26
"3438",2549,0,30,17,14
"3439",2548,0,17.5,10.5,38
"3440",2547,0,47.5,28.5,44
"3441",2546,0,50.5,28.5,44
"3442",2545,0,52.5,30.5,42
"3443",2544,0,51,30,38
"3444",2543,0,44.5,25.5,36
"3445",2542,0,41.5,23.5,14
"3446",2541,0,16.5,9.5,8
"3447",2540,0,9,5,44
"3448",2539,0,51.5,29.5,44
"3449",2538,0,53.5,31.5,16
"3450",2537,0,20,12,52
"3451",2536,0,62,36,36
"3452",2535,0,41,23,34
"3453",2534,0,40,23,42
"3454",2533,0,48.5,27.5,32
"3455",2532,0,40,24,6
"3456",2531,0,6.5,3.5,18
"3457",2530,0,22,13,46
"3458",2529,0,53,30,42
"3459",2528,0,51,30,38
"3460",2526,0.000111194924254931,42.5,23.5,14.0000018532487
"3461",2525,0,16,9,38
"3462",2524,0,42.5,23.5,24
"3463",2522,0.00122862961485149,26.5,14.5,34.0000204771602
"3464",2521,0,41,24,34
"3465",2520,0,37.5,20.5,36
"3466",2519,0,40.5,22.5,38
"3467",2518,0,46,27,26
"3468",2517,0,29,16,36
"3469",2516,0,40,22,12
"3470",2515,0,15,9,52
"3471",2514,0,60,34,22
"3472",2513,0,23,12,28
"3473",2512,0,35,21,20
"3474",2511,0,23,13,36
"3475",2510,0,44,26,44
"3476",2509,0,51.5,29.5,48
"3477",2508,0,57,33,20
"3478",2507,0,24,14,24
"3479",2506,0,29.5,17.5,40
"3480",2505,0,47.5,27.5,32
"3481",2504,0,36,20,36
"3482",2503,0,44,26,36
"3483",2502,0,44.5,26.5,30
"3484",2501,0,36.5,21.5,46
"3485",2500,0,52.5,29.5,36
"3486",2499,0,40.5,22.5,10
"3487",2498,0,11,6,40
"3488",2497,0,46.5,26.5,2
"3489",2496,0,2.5,1.5,36
"3490",2495,0,45,27,32
"3491",2494,0,35,19,52
"3492",2493,0,62,36,52
"3493",2492,0,62,36,24
"3494",2491,0,29,17,16
"3495",2490,0,16.5,8.5,16
"3496",2489,0,16.5,8.5,36
"3497",2488,0,42,24,24
"3498",2482,0.000125405590757126,26.5,14.5,56.0000020900932
"3499",2481,0,65,37,18
"3500",2480,0,22,13,32
"3501",2479,0,39,23,32
"3502",2478,0,37,21,26
"3503",2477,0,28.5,15.5,26
"3504",2476,0,28,15,8
"3505",2475,0,8.5,4.5,20
"3506",2474,0,21.5,11.5,24
"3507",2473,0,25.5,13.5,48
"3508",2472,0,57,33,10
"3509",2471,0,10,5,8
"3510",2470,0,8.5,4.5,22
"3511",2469,0,25.5,14.5,32
"3512",2468,0,40,24,18
"3513",2467,0,22,13,42
"3514",2466,0,48,27,42
"3515",2465,0,47.5,26.5,8
"3516",2464,0,8,4,30
"3517",2463,0,37,22,32
"3518",2462,0,36.5,20.5,6
"3519",2461,0,7,4,24
"3520",2460,0,27,15,36
"3521",2459,0,44,26,28
"3522",2458,0,35,21,12
"3523",2457,0,14,8,14
"3524",2456,0,14,7,8
"3525",2455,0,9.5,5.5,60
"3526",2454,0,70,40,16
"3527",2453,0,18,10,32
"3528",2452,0,39,23,50
"3529",2451,0,59.5,34.5,14
"3530",2450,0,16.5,9.5,28
"3531",2449,0,32.5,18.5,28
"3532",2448,0,30.5,16.5,18
"3533",2447,0,18,9,28
"3534",2445,0.000111194929913516,30.5,16.5,48.0000018532488
"3535",2444,0,56.5,32.5,14
"3536",2443,0,17.5,10.5,34
"3537",2442,0,40.5,23.5,20
"3538",2441,0,21.5,11.5,54
"3539",2440,0,64,37,26
"3540",2439,0,31,18,12
"3541",2438,0,14,8,48
"3542",2437,0,55.5,31.5,8
"3543",2436,0,10,6,12
"3544",2435,0,14.5,8.5,26
"3545",2434,0,31,18,40
"3546",2433,0,49.5,29.5,20
"3547",2432,0,25,15,16
"3548",2431,0,18,10,16
"3549",2430,0,19,11,24
"3550",2486,0.000125405591734452,29.5,17.5,22.0000020900932
"3551",2485,0,27,16,46
"3552",2484,0,53,30,16
"3553",2105,0.112468425813396,18,10,30.0018744737636
"3554",55,0.309012954939262,35,20,58.0051502159157
"3555",5,0.156291782481897,67.5,38.5,24.0026048630414
"3556",18,0.0305392992451142,28,16,30.0005089883208
"3557",20,0,35.5,20.5,16
"3558",16,0.209643076455606,20,12,18.0034940512743
"3559",19,0.0269401518348749,20,11,14.0004490025306
"3560",29,0.0120264339548024,17.5,10.5,50.0002004405659
"3561",35,0,58.5,33.5,46
"3562",40,0,52.5,29.5,44
"3563",44,0,54,32,30
"3564",54,0,33.5,18.5,44
"3565",91,0.402573723657199,52,30,24.006709562061
"3566",90,0.00250830162754475,29,17,30.0000418050271
"3567",58,0.0372849102236947,34,19,26.0006214151704
"3568",88,0.016440044223589,31.5,18.5,14.0002740007371
"3569",71,0.0019706059634188,14.5,7.5,36.0000328434327
"3570",70,0,42,24,32
"3571",68,0.00059060710565819,38,22,36.0000098434518
"3572",67,0,42,24,48
"3573",66,0,55.5,31.5,10
"3574",65,0,11.5,6.5,8
"3575",64,0,9,5,40
"3576",63,0,46,26,34
"3577",86,0.00192821138520061,42,25,20.0000321368564
"3578",85,0,21.5,11.5,22
"3579",84,0,24,13,60
"3580",83,0,70,40,50
"3581",82,0,58,33,36
"3582",81,0,41,23,48
"3583",80,0,56,32,32
"3584",79,0,40,24,2
"3585",78,0,2,1,48
"3586",77,0,56.5,32.5,46
"3587",76,0,54.5,31.5,16
"3588",75,0,20,12,28
"3589",74,0,35,21,38
"3590",73,0,46.5,27.5,16
"3591",61,0.0107589598326648,17,9,24.0001793159972
"3592",53,0.0365038310974201,26,14,36.000608397185
"3593",52,0,41.5,23.5,28
"3594",51,0,32.5,18.5,14
"3595",50,0,17,10,36
"3596",49,0,40,22,38
"3597",48,0,43,24,14
"3598",47,0,16,9,32
"3599",46,0,39.5,23.5,10
"3600",45,0,10.5,5.5,32
"3601",43,0.000257288494528691,35,19,22.0000042881416
"3602",42,0,27.5,16.5,48
"3603",41,0,56,32,22
"3604",34,0.000365474221861087,22.5,11.5,48.000006091237
"3605",33,0,55,31,14
"3606",32,0,14.5,7.5,8
"3607",31,0,8,4,50
"3608",30,0,57.5,32.5,54
"3609",39,0.000229829964914967,63.5,36.5,28.0000038304994
"3610",38,0,31,17,50
"3611",37,0,58,33,24
"3612",36,0,26.5,14.5,14
"3613",22,0.0182832342210119,17.5,10.5,56.0003047205703
"3614",28,0,65,37,34
"3615",27,0,37.5,20.5,24
"3616",26,0,28.5,16.5,46
"3617",25,0,53.5,30.5,40
"3618",24,0,47.5,27.5,40
"3619",23,0,45,25,38
"3620",17,0.0357873589991621,45.5,26.5,40.0005964559833
"3621",6,0.0305392992451142,47,27,22.0005089883208
"3622",15,0,24,13,42
"3623",14,0,52,31,4
"3624",13,0,4.5,2.5,10
"3625",12,0,11.5,6.5,16
"3626",11,0,16.5,8.5,32
"3627",10,0,37.5,21.5,20
"3628",9,0,24.5,14.5,28
"3629",8,0,33.5,19.5,8
"3630",7,0,8.5,4.5,10
"3631",21,0.209643076455606,10.5,5.5,48.0034940512743
"3632",2723,0.447584431116867,55,31,6.00745974051861
"3633",2716,0.00203518533847474,7,4,54.0000339197556
"3634",2404,0.0492910351363332,63.5,36.5,14.0008215172523
"3635",2364,0.21952322000357,15.5,8.5,14.0036587203334
"3636",2363,0.164023023214177,16,9,44.0027337170536
"3637",3146,0.222256811167895,53,31,40.0037042801861
"3638",3145,0,49.5,29.5,32
"3639",3194,0.011917811941805,35.5,19.5,24.000198630199
"3640",3197,0.00208841544024017,25,13,52.000034806924
"3641",3190,0.00688297284249184,60,34,12.000114716214
"3642",3189,0,13.5,7.5,18
"3643",3188,0,21,12,32
"3644",3187,0,36,20,38
"3645",3186,0,44.5,25.5,16
"3646",3185,0,16,8,30
"3647",3184,0,36.5,21.5,22
"3648",3251,0.209877981714245,23.5,12.5,60.0034979663619
"3649",3837,0.138797421605469,70,40,46.0023132903601
"3650",3836,0,54.5,31.5,16
"3651",3835,0,19,11,32
"3652",3834,0,35,19,22
"3653",4029,0.0754622759484072,27,16,28.0012577045991
"3654",3399,0.172004631624381,31.5,17.5,30.0028667438604
"3655",3418,0,36,21,24
"3656",3421,0,25,13,40
"3657",3715,0.0463081522825473,47,27,28.000771802538
"3658",4151,0.400696466926905,32,18,46.0066782744488
"3659",4146,0.0801164770036412,54.5,31.5,36.0013352746167
"3660",4152,0.0715750073515117,41,23,52.0011929167892
"3661",4003,0.106051350469159,60,34,26.0017675225078
"3662",4002,0,32,19,46
"3663",4001,0,52.5,29.5,10
"3664",4000,0,11.5,6.5,50
"3665",3999,0,59.5,34.5,36
"3666",3998,0,43,25,42
"3667",3997,0,47.5,26.5,42
"3668",3996,0,49,28,18
"3669",3995,0,18,9,28
"3670",3994,0,30.5,16.5,24
"3671",3993,0,25.5,13.5,52
"3672",3992,0,61,35,28
"3673",3991,0,34.5,20.5,26
"3674",4019,0.0968508506371718,30,17,32.001614180844
"3675",4018,0,39,23,40
"3676",4017,0,45,25,20
"3677",4016,0,24,14,48
"3678",4015,0,55,31,22
"3679",4014,0,25,14,24
"3680",4013,0,27,15,52
"3681",4012,0,62,36,44
"3682",4011,0,51,29,2
"3683",4010,0,2,1,20
"3684",4009,0,22.5,12.5,40
"3685",4008,0,50,30,56
"3686",4007,0,65,37,10
"3687",4006,0,11,6,40
"3688",4005,0,45,25,50
"3689",4035,0.222208991633388,59.5,34.5,42.0037034831939
"3690",4046,0.00113238765062397,51.5,30.5,40.0000188731275
"3691",4057,0,46,26,8
"3692",4092,0.00618494405060249,9,5,12.0001030824008
"3693",4091,0,12,6,30
"3694",4090,0,34,19,28
"3695",4089,0,33.5,19.5,10
"3696",4088,0,10,5,38
"3697",4087,0,45.5,26.5,34
"3698",4086,0,42.5,25.5,30
"3699",4085,0,37,22,26
"3700",4084,0,28,15,14
"3701",4083,0,17,10,10
"3702",4082,0,11,6,26
"3703",4081,0,30,17,32
"3704",4080,0,36,20,10
"3705",4079,0,10.5,5.5,24
"3706",4078,0,28.5,16.5,44
"3707",4077,0,53,31,6
"3708",4076,0,7,4,30
"3709",4075,0,32.5,17.5,28
"3710",4074,0,32.5,18.5,44
"3711",4073,0,54,32,14
"3712",4072,0,17.5,10.5,28
"3713",4071,0,35,21,40
"3714",4070,0,45.5,25.5,32
"3715",4069,0,38.5,22.5,44
"3716",4068,0,50.5,28.5,30
"3717",4067,0,32.5,17.5,42
"3718",4066,0,49.5,28.5,44
"3719",4065,0,51,29,24
"3720",4064,0,29,17,24
"3721",4063,0,30,18,26
"3722",4062,0,28,15,40
"3723",4056,0.00842551263452631,45,25,22.0001404252106
"3724",4055,0,24.5,13.5,38
"3725",4054,0,46.5,27.5,22
"3726",4053,0,23.5,12.5,26
"3727",4052,0,30.5,17.5,32
"3728",4051,0,38,22,26
"3729",4050,0,30.5,17.5,28
"3730",4049,0,33,19,22
"3731",4048,0,27.5,16.5,40
"3732",4047,0,46,26,38
"3733",4036,0.00587340565616502,44.5,25.5,6.00009789009427
"3734",4045,0,6,3,34
"3735",4044,0,37.5,20.5,36
"3736",4043,0,43,25,48
"3737",4042,0,56.5,32.5,10
"3738",4041,0,12.5,7.5,20
"3739",4040,0,21.5,11.5,46
"3740",4039,0,53,30,18
"3741",4038,0,21,12,54
"3742",4037,0,64,37,28
"3743",4123,0.00876884174491992,31.5,17.5,22.0001461473624
"3744",4122,0,27,16,24
"3745",4121,0,26,14,56
"3746",4120,0,65,37,8
"3747",4119,0,9.5,5.5,28
"3748",4118,0,34.5,20.5,38
"3749",4117,0,46.5,27.5,30
"3750",4116,0,34.5,19.5,14
"3751",4115,0,14,7,18
"3752",4114,0,18,9,18
"3753",4113,0,20,11,42
"3754",4112,0,52,31,26
"3755",4111,0,31,18,28
"3756",4110,0,30.5,16.5,50
"3757",4109,0,59.5,34.5,56
"3758",4108,0,66,38,46
"3759",4107,0,55,32,42
"3760",4106,0,48.5,27.5,56
"3761",4105,0,65,37,34
"3762",4104,0,38,21,26
"3763",4103,0,32,19,10
"3764",4102,0,10.5,5.5,20
"3765",4101,0,21,11,10
"3766",4100,0,12.5,7.5,32
"3767",4099,0,37.5,21.5,38
"3768",4098,0,44,25,24
"3769",4097,0,28,16,50
"3770",4096,0,59,34,40
"3771",4095,0,45.5,25.5,52
"3772",3229,0.213828289237922,62,36,18.0035638048206
"3773",3228,0,22.5,13.5,38
"3774",3227,0,43,24,38
"3775",3226,0,45.5,26.5,18
"3776",3225,0,21,12,6
"3777",3224,0,7,4,40
"3778",3223,0,46.5,26.5,32
"3779",3222,0,37,21,28
"3780",3221,0,30.5,16.5,18
"3781",3159,0.0555604709532975,20.5,11.5,48.0009260078492
"3782",3192,0.0115887416462305,55.5,31.5,34.0001931456941
"3783",2955,0.225681907021093,38.5,21.5,46.003761365117
"3784",2954,0,55,32,18
"3785",2953,0,19.5,10.5,2
"3786",2951,0.00689449213949805,2.5,1.5,2.00011490820232
"3787",2315,0.166128780684799,2,1,18.0027688130114
"3788",2314,0,21,12,34
"3789",2313,0,39.5,22.5,32
"3790",2312,0,38.5,22.5,22
"3791",2311,0,22.5,11.5,26
"3792",2310,0,32.5,19.5,12
"3793",2309,0,15,9,48
"3794",2308,0,55.5,31.5,30
"3795",3254,0.362432496504552,34.5,19.5,30.0060405416084
"3796",3258,0,37,22,30
"3797",3267,0,33.5,18.5,2
"3798",3270,0,2,1,30
"3799",3277,0,32.5,17.5,42
"3800",3287,0,49,28,24
"3801",3294,0,27,15,44
"3802",3296,0,51,29,8
"3803",3319,0,9.5,5.5,24
"3804",3344,0,25.5,13.5,24
"3805",3343,0,27,15,22
"3806",3342,0,27.5,16.5,36
"3807",3341,0,44.5,26.5,22
"3808",3340,0,23,12,60
"3809",3339,0,70,40,26
"3810",3338,0,32.5,19.5,30
"3811",3337,0,35,20,46
"3812",3336,0,54,31,32
"3813",3335,0,38.5,22.5,38
"3814",3334,0,42.5,23.5,44
"3815",3333,0,52.5,30.5,10
"3816",3332,0,12,7,10
"3817",3331,0,12.5,7.5,52
"3818",3330,0,60.5,34.5,30
"3819",3329,0,37.5,22.5,24
"3820",3328,0,29,17,40
"3821",3327,0,47,27,18
"3822",3326,0,20.5,11.5,32
"3823",3325,0,39,23,8
"3824",3324,0,8.5,4.5,22
"3825",3323,0,23.5,12.5,40
"3826",3322,0,46.5,26.5,18
"3827",3321,0,20,11,22
"3828",3320,0,23.5,12.5,14
"3829",3293,0.000724347068522636,16,9,10.0000120724511
"3830",3292,0,11,6,28
"3831",3291,0,31,17,28
"3832",3290,0,35,21,30
"3833",3289,0,37,22,18
"3834",3288,0,22.5,13.5,32
"3835",3347,0.000878330682475383,38,22,34.0000146388447
"3836",3346,0,39,22,20
"3837",3295,0.00208395460040758,24,14,4.00003473257667
"3838",3372,0.000676033667109258,4,2,24.0000112672278
"3839",3371,0,30,18,36
"3840",3370,0,44,26,20
"3841",3369,0,24,14,40
"3842",3368,0,50,30,46
"3843",3367,0,55,32,6
"3844",3366,0,6.5,3.5,42
"3845",3365,0,50.5,29.5,12
"3846",3364,0,14,8,22
"3847",3363,0,24.5,13.5,16
"3848",3362,0,17,9,2
"3849",3361,0,2.5,1.5,50
"3850",3360,0,59,34,40
"3851",3359,0,49,29,14
"3852",3358,0,14,7,36
"3853",3357,0,42,24,22
"3854",3356,0,26,15,46
"3855",3355,0,56,33,28
"3856",3354,0,34,20,2
"3857",3353,0,2.5,1.5,20
"3858",3352,0,22,12,20
"3859",3351,0,23.5,13.5,16
"3860",3350,0,17,9,50
"3861",3349,0,59,34,20
"3862",3386,0.00124304027371918,21.5,11.5,46.0000207173379
"3863",3385,0,53.5,30.5,12
"3864",3384,0,15,9,32
"3865",3383,0,38,22,40
"3866",3382,0,47.5,27.5,26
"3867",3381,0,31.5,18.5,20
"3868",3380,0,21.5,11.5,42
"3869",3379,0,50,29,32
"3870",3378,0,39,23,18
"3871",3377,0,20.5,11.5,32
"3872",3376,0,35,19,22
"3873",3375,0,23.5,12.5,40
"3874",3374,0,45.5,25.5,42
"3875",3397,0.00189031375477322,49.5,28.5,44.0000315052292
"3876",3396,0,50,28,28
"3877",3395,0,32.5,18.5,38
"3878",3394,0,46,27,22
"3879",3393,0,23,12,56
"3880",3392,0,66,38,30
"3881",3391,0,36.5,21.5,16
"3882",3390,0,16.5,8.5,6
"3883",3389,0,7,4,52
"3884",3388,0,60.5,34.5,46
"3885",3318,0.00175525810367824,56,33,34.0000292543017
"3886",3317,0,37.5,20.5,18
"3887",3316,0,19,10,52
"3888",3315,0,61.5,35.5,20
"3889",3314,0,22.5,12.5,24
"3890",3313,0,26,14,40
"3891",3312,0,50,30,28
"3892",3311,0,32,18,24
"3893",3310,0,25,13,50
"3894",3309,0,57.5,32.5,40
"3895",3308,0,46,26,20
"3896",3307,0,22,12,40
"3897",3306,0,45,25,30
"3898",3305,0,37,22,30
"3899",3304,0,32.5,17.5,54
"3900",3303,0,63,36,28
"3901",3302,0,30.5,16.5,8
"3902",3301,0,8,4,14
"3903",3300,0,16.5,9.5,56
"3904",3299,0,65,37,44
"3905",3298,0,50.5,28.5,50
"3906",3297,0,58,33,40
"3907",3286,0.00316301548403097,46,26,42.0000527169247
"3908",3285,0,48,27,4
"3909",3284,0,4,2,26
"3910",3283,0,29,16,42
"3911",3282,0,47.5,26.5,36
"3912",3281,0,42,24,20
"3913",3280,0,20,10,34
"3914",3279,0,41.5,24.5,14
"3915",3278,0,16.5,9.5,38
"3916",3276,0.00145598192443943,45.5,26.5,24.0000242663654
"3917",3275,0,28,16,24
"3918",3274,0,26.5,14.5,28
"3919",3273,0,34.5,20.5,36
"3920",3272,0,44.5,26.5,38
"3921",3271,0,47,28,24
"3922",3269,0.040620579073057,27,15,26.0006770096512
"3923",3268,0,32.5,19.5,44
"3924",3257,0.00162228207132098,53,31,34.0000270380345
"3925",3256,0,41,24,42
"3926",3255,0,51.5,30.5,16
"3927",3066,0.100124164359867,20,12,26.0016687360727
"3928",3065,0,30.5,17.5,52
"3929",3064,0,61.5,35.5,14
"3930",3063,0,17,10,18
"3931",3061,0.00326604636688079,21.5,12.5,30.0000544341061
"3932",3060,0,33.5,18.5,28
"3933",3059,0,31.5,17.5,34
"3934",3046,0.00365809936770918,38.5,21.5,36.0000609683228
"3935",3045,0,41,23,32
"3936",3044,0,36.5,20.5,36
"3937",3043,0,42.5,24.5,30
"3938",3042,0,32.5,17.5,40
"3939",3040,0.00773391473855316,50,30,18.000128898579
"3940",3039,0,20,11,6
"3941",3038,0,6.5,3.5,26
"3942",3036,0.00361021709918315,32.5,19.5,30.000060170285
"3943",3035,0,33,18,32
"3944",3034,0,36,20,38
"3945",3033,0,47,28,12
"3946",3032,0,12,6,20
"3947",3030,0.0142245705566514,25,15,30.0002370761759
"3948",2949,0.0859267124459277,32.5,17.5,42.0014321118741
"3949",2948,0,48,27,54
"3950",2947,0,62.5,35.5,24
"3951",2946,0,30,18,28
"3952",2945,0,31.5,17.5,56
"3953",2944,0,65.5,37.5,12
"3954",2943,0,14.5,8.5,48
"3955",2942,0,57.5,33.5,58
"3956",2941,0,67.5,38.5,28
"3957",2940,0,33.5,19.5,18
"3958",2939,0,21.5,12.5,24
"3959",2938,0,28.5,16.5,34
"3960",2937,0,39.5,22.5,14
"3961",2936,0,16.5,9.5,34
"3962",2934,0.00144613180330449,38,21,30.0000241021967
"3963",2932,0.00141679006206814,34,19,38.0000236131677
"3964",2930,0.000257406467971641,47,28,18.0000042901078
"3965",2929,0,18,9,28
"3966",2928,0,30,16,40
"3967",2927,0,46,26,10
"3968",2926,0,12.5,7.5,52
"3969",2925,0,62,36,20
"3970",2924,0,25,15,36
"3971",2923,0,42,24,54
"3972",2922,0,63,36,56
"3973",2921,0,65.5,37.5,36
"3974",2920,0,40.5,22.5,36
"3975",2919,0,44,26,28
"3976",2918,0,32,18,42
"3977",2917,0,48,27,48
"3978",2916,0,57.5,33.5,44
"3979",2914,0.000689514667041293,50,28,26.0000114919111
"3980",2913,0,31.5,18.5,46
"3981",2912,0,55.5,32.5,32
"3982",2911,0,36,20,34
"3983",2910,0,41.5,24.5,12
"3984",2909,0,12,6,16
"3985",2908,0,17.5,9.5,28
"3986",2907,0,31.5,17.5,20
"3987",2906,0,22.5,12.5,26
"3988",2905,0,27.5,14.5,16
"3989",2904,0,16.5,8.5,6
"3990",2891,0.0166361161224764,7.5,4.5,36.000277268602
"3991",3417,0.26041481698729,45,27,28.0043402469498
"3992",3416,0,30,16,34
"3993",3415,0,41.5,24.5,36
"3994",3414,0,45,27,36
"3995",3413,0,44.5,26.5,16
"3996",3412,0,17.5,9.5,42
"3997",3411,0,48,27,36
"3998",3410,0,40.5,22.5,32
"3999",3409,0,36,20,2
"4000",3408,0,2.5,1.5,42
"4001",3407,0,50,29,32
"4002",3406,0,37.5,21.5,26
"4003",3405,0,30.5,17.5,6
"4004",3404,0,6,3,44
"4005",3403,0,50.5,28.5,34
"4006",3402,0,42.5,25.5,18
"4007",3401,0,20,11,52
"4008",3400,0,60.5,34.5,36
"4009",3420,0.000321489603329299,43,25,4.00000535816006
"4010",3419,0,4.5,2.5,44
"4011",3873,0.151882869013509,51.5,29.5,34.0025313811502
"4012",3872,0,42,25,50
"4013",3871,0,59.5,34.5,40
"4014",3870,0,50,30,12
"4015",3869,0,13.5,7.5,42
"4016",3868,0,49,28,38
"4017",3867,0,46,27,12
"4018",3866,0,13,7,32
"4019",3886,0.000878347362016292,38,22,34.0000146391227
"4020",3885,0,41.5,24.5,58
"4021",3884,0,67.5,38.5,10
"4022",3883,0,11,6,6
"4023",3882,0,6,3,16
"4024",3881,0,16,8,8
"4025",3880,0,9.5,5.5,38
"4026",3879,0,43.5,24.5,34
"4027",3878,0,38,21,36
"4028",3877,0,45,27,4
"4029",3888,0.00206316249592389,5,3,20.0000343860416
"4030",3947,0.00304252763683238,20.5,10.5,18.0000507087939
"4031",3946,0,22.5,13.5,40
"4032",3945,0,48.5,28.5,32
"4033",3944,0,37.5,21.5,48
"4034",3943,0,56.5,32.5,32
"4035",3942,0,37.5,21.5,24
"4036",3941,0,27.5,15.5,16
"4037",3940,0,16,8,16
"4038",3939,0,16.5,8.5,28
"4039",3938,0,31,17,18
"4040",3937,0,20,11,40
"4041",3936,0,45.5,25.5,6
"4042",3935,0,7,4,58
"4043",3934,0,68,39,32
"4044",3933,0,36.5,20.5,40
"4045",3932,0,47,27,8
"4046",3931,0,9.5,5.5,48
"4047",3930,0,58,34,16
"4048",3929,0,19,11,58
"4049",3928,0,67.5,38.5,18
"4050",3927,0,18,9,48
"4051",3926,0,55.5,31.5,26
"4052",3925,0,27.5,14.5,10
"4053",3924,0,10,5,8
"4054",3923,0,8,4,36
"4055",3922,0,45,27,40
"4056",3921,0,48,28,46
"4057",3920,0,53,30,54
"4058",3919,0,62.5,35.5,24
"4059",3918,0,29,17,24
"4060",3917,0,26,14,38
"4061",3916,0,45.5,26.5,16
"4062",3914,0.00578941360416276,19,11,14.0000964902267
"4063",3913,0,14,7,32
"4064",3912,0,40,24,36
"4065",3911,0,44,26,14
"4066",3910,0,15.5,8.5,34
"4067",3909,0,37.5,20.5,28
"4068",3908,0,35,21,28
"4069",3907,0,34,20,20
"4070",3906,0,22,12,22
"4071",3905,0,24.5,13.5,44
"4072",3904,0,51,29,44
"4073",3903,0,50,28,16
"4074",3902,0,16,8,40
"4075",3901,0,48.5,28.5,20
"4076",3900,0,23,13,32
"4077",3899,0,36,20,28
"4078",3898,0,32,18,2
"4079",3897,0,2.5,1.5,50
"4080",3896,0,59.5,34.5,22
"4081",3895,0,25.5,14.5,14
"4082",3894,0,14.5,7.5,20
"4083",3893,0,21.5,11.5,34
"4084",3892,0,38,21,54
"4085",3955,0.00797439590263634,63.5,36.5,42.0001329065984
"4086",3954,0,47.5,26.5,36
"4087",3953,0,42.5,24.5,50
"4088",3952,0,60,35,48
"4089",3951,0,58,34,20
"4090",3950,0,25,15,42
"4091",3949,0,47.5,26.5,32
"4092",3989,0.00366403665733902,37.5,21.5,56.0000610672776
"4093",3988,0,65,37,38
"4094",3987,0,46.5,27.5,52
"4095",3986,0,62,36,6
"4096",3985,0,7.5,4.5,38
"4097",3984,0,43,24,20
"4098",3983,0,23.5,13.5,34
"4099",3982,0,42,25,26
"4100",3981,0,31,18,10
"4101",3980,0,11,6,12
"4102",3979,0,15,9,14
"4103",3978,0,17,10,8
"4104",3977,0,9.5,5.5,32
"4105",3976,0,35,19,32
"4106",3975,0,36.5,20.5,32
"4107",3974,0,37.5,21.5,16
"4108",3973,0,18,10,26
"4109",3972,0,32,19,54
"4110",4032,0.0459195251796346,62.5,35.5,52.0007653254197
"4111",4031,0,60,34,42
"4112",4023,0.00654362766796412,51.5,30.5,12.0001090604611
"4113",4022,0,13,7,28
"4114",4021,0.00392231224651956,31.5,17.5,46.0000653718708
"4115",4027,0.0105827926621095,55,32,18.0001763798777
"4116",4026,0,18.5,9.5,34
"4117",4025,0,41,24,30
"4118",4141,0.217694302367359,37,22,2.00362823837279
"4119",4129,0.103519005594728,2,1,44.0017253167599
"4120",4196,0.246729864891273,51.5,29.5,36.0041121644149
"4121",4195,0,42.5,24.5,36
"4122",4194,0,44,26,34
"4123",4193,0,40.5,23.5,24
"4124",3751,2.62378215990421,30,18,10.0437297026651
"4125",3610,0.0661245406155452,11,6,42.0011020756769
"4126",3609,0.00144540099352609,49.5,28.5,50.0000240900166
"4127",4127,0.36706023097385,58,33,40.0061176705162
"4128",4126,0,47,27,46
"4129",4139,0.163235628273539,53.5,30.5,32.0027205938046
"4130",4138,0,39,23,48
"4131",4137,0,55.5,31.5,16
"4132",4136,0,18,10,26
"4133",4135,0,30,17,36
"4134",4134,0,41.5,23.5,34
"4135",4133,0,40.5,23.5,42
"4136",4132,0,48,27,12
"4137",4131,0,13.5,7.5,28
"4138",4205,0.307711734757421,33.5,19.5,18.0051285289126
"4139",4211,0.00352941843906055,21.5,12.5,10.0000588236407
"4140",4213,0,10.5,5.5,10
"4141",4223,0,10,5,20
"4142",4212,0.00487221107367492,22,12,22.0000812035179
"4143",4210,0.00242011986074937,26,15,8.00004033533101
"4144",4206,0.00352941843906055,9,5,38.0000588236407
"4145",4209,0.000825850594002618,46,27,40.0000137641766
"4146",4224,0.005964281190831,49,29,24.0000994046865
"4147",4226,0,28,16,20
"4148",4228,0,23,13,18
"4149",4230,0.000890678190526075,19.5,10.5,2.00001484463651
"4150",4227,0.002428891745869,2,1,44.0000404815291
"4151",4231,0.002428891745869,53.5,31.5,24.0000404815291
"4152",4229,0.00388924368163789,28.5,16.5,28.000064820728
"4153",4232,0.00305805623750979,30,16,4.00005096760396
"4154",4234,0.0612973936254276,4,2,30.0010216232271
"4155",4233,0.101518406556009,33,18,40.0016919734426
"4156",4207,0.379255803801768,47,27,48.0063209300634
"4157",4222,0.00396325806450143,55.5,31.5,40.0000660543011
"4158",4221,0,45,25,34
"4159",4220,0,38,21,24
"4160",4219,0,26,14,32
"4161",4218,0,35.5,19.5,36
"4162",4217,0,44,26,46
"4163",4216,0,56,33,50
"4164",4215,0,59,34,18
"4165",4214,0,18.5,9.5,12
"4166",4208,0.00396325806450143,12.5,6.5,38.0000660543011
"4167",4225,0.0133863268935143,44.5,25.5,44.0002231054482
"4168",3705,0.593625834685063,54,32,32.0098937639114
"4169",3704,0,35.5,19.5,38
"4170",3703,0,47.5,28.5,22
"4171",3702,0,23.5,12.5,18
"4172",3701,0,20.5,11.5,48
"4173",3700,0,55,31,20
"4174",3699,0,24,14,24
"4175",3698,0,29,17,34
"4176",3697,0,40,23,26
"4177",3696,0,31,18,44
"4178",3695,0,51,29,24
"4179",3694,0,25.5,13.5,36
"4180",3693,0,44.5,26.5,50
"4181",3852,0.164451303330105,59,34,10.0027408550555
"4182",3851,0,11,6,40
"4183",3850,0,47.5,27.5,14
"4184",3849,0,17,10,28
"4185",3848,0,34.5,20.5,22
"4186",3847,0,23.5,12.5,42
"4187",3846,0,47.5,26.5,12
"4188",3845,0,15,9,16
"4189",3844,0,20,12,20
"4190",3444,0.237214397508311,21,11,8.00395357329181
"4191",3443,0,9.5,5.5,20
"4192",3442,0,25,15,34
"4193",3441,0,39.5,22.5,14
"4194",3440,0,14.5,7.5,56
"4195",3439,0,65.5,37.5,22
"4196",3438,0,27.5,16.5,22
"4197",3437,0,26.5,15.5,32
"4198",3436,0,39,23,50
"4199",3435,0,59.5,34.5,22
"4200",3434,0,23,12,40
"4201",3433,0,46.5,26.5,22
"4202",3432,0,27,16,0
"4203",3431,0,0,0,48
"4204",3430,0,55,31,28
"4205",3429,0,31.5,17.5,0
"4206",3428,0,0,0,32
"4207",3427,0,39.5,23.5,30
"4208",3266,0.0279590160551676,35,20,10.0004659836009
"4209",3265,0,10.5,5.5,42
"4210",3264,0,49,28,2
"4211",3263,0,2.5,1.5,26
"4212",3262,0,30,17,32
"4213",3261,0,38.5,22.5,36
"4214",3260,0,41,23,22
"4215",3259,0,23.5,12.5,20
"4216",4169,0.386379349287022,24.5,14.5,8.00643965582145
"4217",4171,0,9.5,5.5,14
"4218",4170,0,17.5,10.5,54
"4219",4166,0.00128785553682276,64,37,32.0000214642589
"4220",4165,0,36,20,56
"4221",4179,0.00185794272180591,65,37,34.000030965712
"4222",4178,0,41.5,24.5,44
"4223",4176,0.00178289351361777,51,29,48.0000297148919
"4224",4175,0,55,31,42
"4225",4174,0,48.5,27.5,24
"4226",4185,0.0130151614742859,27.5,15.5,18.0002169193579
"4227",4188,0.00758137883597545,18,9,16.0001263563139
"4228",4187,0.0110353655490523,16,8,34.0001839227591
"4229",4189,0.0050168286984824,41.5,24.5,22.0000836138116
"4230",4181,0.0595170956451919,22.5,11.5,34.0009919515941
"4231",334,0.84497744274097,41.5,24.5,56.014082957379
"4232",333,0,66,38,26
"4233",332,0,30,17,30
"4234",331,0,33.5,18.5,48
"4235",340,0.010475454655719,57.5,33.5,42.0001745909109
"4236",339,0,50.5,29.5,44
"4237",338,0,51,29,38
"4238",337,0,42.5,23.5,16
"4239",345,0.00970327851390205,20,12,24.0001617213086
"4240",357,0.00394373643439022,28,16,28.0000657289406
"4241",356,0,31,17,36
"4242",355,0,40.5,22.5,18
"4243",354,0,19,10,18
"4244",353,0,19,10,28
"4245",352,0,33.5,19.5,30
"4246",351,0,35.5,20.5,30
"4247",348,0.00255814047177713,34,19,40.0000426356745
"4248",347,0,45.5,25.5,30
