"","total_route","single_distance","single_cargo_weight","single_cargo_volume","total_travel_time"
"1",1,0,0,0,0
"2",6,3.13358135396562,17,10,58.0522263558994
"3",8,0.0195317709715445,69,40,44.0003255295162
"4",327,1.00026568138419,48.5,26.5,20.0166710946897
"5",329,0.00212509175238714,24.5,14.5,48.0000354181959
"6",331,0,59.5,35.5,54
"7",320,0.211628521060792,60,33,56.0035271420177
"8",318,0.0420736380334841,63,35,76.0007012273006
"9",21,0.100215034184337,88,50,28.0016702505697
"10",23,0.000159835921003379,33,19,66.000002663932
"11",29,0.000114818161303559,77.5,44.5,74.000001913636
"12",31,0.000111194927084224,85.5,48.5,30.0000018532488
"13",33,0.000111194927084224,36.5,21.5,30.0000018532488
"14",40,0.00192364631532127,34.5,19.5,72.0000320607719
"15",49,0.0010205665327771,82.5,46.5,62.0000170094422
"16",48,5.74093417767477e-05,76.5,45.5,40.0000009568224
"17",41,0.0010205665327771,43.5,23.5,54.0000170094422
"18",43,0,63,36,60
"19",42,5.74093414115606e-05,73.5,43.5,44.0000009568224
"20",44,5.74093414115606e-05,53.5,31.5,26.0000009568224
"21",55,0.00127868836744576,30.5,17.5,20.0000213114728
"22",64,0.000817478557896507,23.5,13.5,64.0000136246426
"23",61,5.74090957928642e-05,74,42,38.0000009568183
"24",67,0.00035279173902728,45.5,26.5,54.0000058798623
"25",65,0.000114818190855357,60,33,64.0000019136365
"26",62,0.00035279173902728,75,43,90.0000058798623
"27",68,0.000205003778542545,105,60,30.0000034167296
"28",71,0.000410007911919189,36.5,21.5,62.0000068334652
"29",82,0,75.5,44.5,28
"30",96,0.000344453316782367,30,16,42.0000057408886
"31",91,0.000281281556828446,46.5,25.5,64.0000046880259
"32",95,0,73,41,56
"33",83,0.000344453316782367,62.5,34.5,22.0000057408886
"34",125,0.00160744848613135,27.5,16.5,56.0000267908081
"35",121,0.000750842309958069,69,41,32.0000125140385
"36",98,0.000669513041939892,33,17,62.0000111585507
"37",111,0.000410006807260483,72,41,46.0000068334468
"38",120,0.000404983178459894,55.5,32.5,4.00000674971964
"39",108,0.000510282931921704,4.5,2.5,22.0000085047155
"40",100,0.000404983146862974,26.5,15.5,42.0000067497191
"41",105,0,51.5,30.5,6
"42",107,0,7,4,52
"43",106,0,64.5,38.5,24
"44",132,0.00103932889408558,27.5,15.5,74.0000173221482
"45",138,0.00022968030683202,85,48,78.0000038280051
"46",131,0.000906078324253703,93,54,48.0000151013054
"47",126,0.00102676293001271,55.5,31.5,60.0000171127155
"48",147,0.000945080124980311,69.5,39.5,54.0000157513354
"49",158,0.000416961656353999,63.5,36.5,42.0000069493609
"50",161,0.000111194927084224,47,26,82.0000018532488
"51",149,0.000361956155378561,97,56,64.0000060326026
"52",141,0.000746316535455011,77.5,45.5,36.0000124386089
"53",156,0.0011188484347089,43,25,56.0000186474739
"54",179,0.000416962452079093,69.5,41.5,84.0000069493742
"55",228,0.000663970609561472,99,57,56.0000110661768
"56",225,0.00012514036362549,67,39,74.0000020856727
"57",230,5.74087879472875e-05,89,52,38.0000009568131
"58",218,0.000172226434013468,41.5,22.5,20.0000028704406
"59",206,0.000689040686776767,21,11,18.0000114840114
"60",215,0.00025028045727439,19.5,10.5,10.000004171341
"61",217,0,11.5,6.5,48
"62",231,0.000172226434013468,57.5,33.5,50.0000028704406
"63",233,0,56,31,76
"64",236,0,89.5,51.5,36
"65",191,0.000528509361008504,37.5,19.5,32.0000088084894
"66",194,0.000229680234053929,38.5,22.5,34.0000038280039
"67",188,0.000229680268119429,42.5,25.5,46.0000038280045
"68",210,0.000476960084720848,51.5,28.5,14.0000079493347
"69",238,0.00041000623756125,17.5,10.5,70.0000068334373
"70",244,0.000250280585203255,81.5,46.5,56.0000041713431
"71",250,0.000229680250255807,67.5,39.5,50.0000038280042
"72",227,0.000344454104596942,62,37,46.0000057409017
"73",239,0.000281281503295351,55,32,56.0000046880251
"74",241,0.000111194927084224,63.5,35.5,6.00000185324878
"75",253,0.000352791538314842,7,4,16.000005879859
"76",263,0.000172226493847536,19,11,36.0000028704416
"77",277,0.0001598355387863,41,23,68.0000026639256
"78",249,0.000459292883307528,79,45,48.0000076548814
"79",245,0.000229680250255807,55.5,31.5,64.0000038280042
"80",255,5.7409042241924e-05,73.5,41.5,62.0000009568174
"81",268,0.000319671270990344,71.5,40.5,52.0000053278545
"82",270,0,64,38,26
"83",269,0.000111194927084224,30.5,17.5,12.0000018532488
"84",271,0.000111194927084224,13,7,40.0000018532488
"85",284,0.000205003127718413,50,30,46.0000034167188
"86",267,0.000440083783641963,56,33,2.00000733472973
"87",256,0.000319671270990344,2.5,1.5,32.0000053278545
"88",259,5.74090409450541e-05,35.5,19.5,38.0000009568173
"89",262,0.000111194927084224,42,23,1.85324878473707e-06
"90",254,0.000172226493847536,0,0,16.0000028704416
"91",246,5.7409042241924e-05,16,8,40.0000009568174
"92",248,0,45,25,30
"93",235,0.000255140392062744,37,22,24.0000042523399
"94",234,0,25.5,13.5,24
"95",226,0.000159835502705873,29,17,54.000002663925
"96",224,0.000222389854168448,67.5,40.5,34.0000037064976
"97",229,0.00012514036362549,42,25,20.0000020856727
"98",221,0.000250280487237609,22.5,12.5,44.0000041713415
"99",213,0.000459360569044083,55,33,46.0000076560095
"100",190,0.000404983129453638,55.5,32.5,64.0000067497188
"101",185,0.000159835584155893,76,44,74.0000026639264
"102",251,0.00108934339478416,88.5,51.5,56.0000181557232
"103",280,0.000903759869684186,66.5,38.5,22.0000150626645
"104",288,0.00050056111530718,23,12,56.0000083426853
"105",295,0.00011481777866556,63,35,86.0000019136296
"106",297,0.000222389854168448,100,57,54.0000037064976
"107",290,0.000851175163539604,62.5,35.5,42.0000141862527
"108",292,0,52,31,56
"109",273,0.000510281662158303,64.5,36.5,30.0000085046944
"110",232,0.000714192433639919,37.5,22.5,26.0000119032072
"111",187,0.000615011184824933,31.5,18.5,36.0000102501864
"112",205,0.000159835622361868,38.5,20.5,40.000002663927
"113",219,0.000689040686776767,45,25,36.0000114840114
"114",216,0.000111194927084224,43,25,20.0000018532488
"115",220,0.000111194927084224,24,14,8.00000185324878
"116",203,0.000229635138857871,10,6,16.0000038272523
"117",175,0.000479506666504237,16,8,46.0000079917778
"118",177,0,51,28,42
"119",201,0.000229635544765034,47,26,66.0000038272591
"120",184,0.000319671151596671,80,47,20.0000053278525
"121",202,0.000281281397480141,22,12,46.0000046880233
"122",208,0.000229680247256499,52.5,29.5,64.0000038280041
"123",204,0.000558930733230525,76.5,44.5,68.0000093155122
"124",195,0.000338488677304322,82.5,48.5,24.000005641478
"125",200,0,28.5,16.5,24
"126",199,0,24.5,12.5,18
"127",198,0,18,9,18
"128",197,0,19,10,50
"129",196,0,58,33,48
"130",178,0.000229635544765034,53,29,28.0000038272591
"131",157,0.000416962452079093,32,18,32.0000069493742
"132",164,0.000229680249424942,32.5,16.5,46.0000038280042
"133",173,0.000205003363835077,57.5,34.5,60.0000034167227
"134",166,0.000375420994745009,67.5,37.5,10.0000062570166
"135",159,0.000281281370003176,10,5,68.0000046880228
"136",170,0.000205003115458314,81,47,46.0000034167186
"137",189,0.000529361174556341,57.5,34.5,12.0000088226862
"138",214,0.000404983129453638,12,6,32.0000067497188
"139",207,0.00025028045727439,39.5,23.5,64.0000041713409
"140",212,0.000125140244846287,76,44,66.0000020856708
"141",222,0.000459360569044083,78.5,45.5,36.0000076560095
"142",192,0.000361955491070535,39.5,21.5,50.0000060325915
"143",223,0.000440082804458805,56.5,31.5,40.0000073347134
"144",186,0.00102872510327707,48.5,28.5,78.0000171454184
"145",155,0.000615011221297787,92.5,53.5,28.000010250187
"146",182,0.000416961611853681,29.5,15.5,24.0000069493602
"147",165,0.000529361510394049,24.5,12.5,30.0000088226918
"148",174,0.000375420994745009,30,15,52.0000062570166
"149",167,0.000159835557626957,57.5,31.5,22.000002663926
"150",152,0.0003444529082815,25.5,14.5,34.0000057408818
"151",144,0.000641214393995466,42.5,25.5,60.0000106869066
"152",150,0.00115372798103147,74,44,54.0000192287997
"153",130,0.00134001035547466,60.5,33.5,12.0000223335059
"154",139,0.000906078324253703,15,9,84.0000151013054
"155",153,0.00123809157525874,99,57,44.0000206348596
"156",274,0.00169795425648418,53.5,31.5,16.0000282992376
"157",276,0,17,9,54
"158",275,0,67.5,40.5,60
"159",264,0.0001598355387863,73,43,20.0000026639256
"160",289,0.000639342608841149,24.5,14.5,54.0000106557101
"161",287,0.000459360521775965,61,34,58.0000076560087
"162",291,5.7408867726041e-05,69.5,40.5,44.0000009568145
"163",304,0.000416962148974423,50,28,58.0000069493692
"164",279,0.000817474217863876,65,36,32.0000136245703
"165",252,0.000903759869684186,37,21,72.0000150626645
"166",242,0.000352791538314842,85,49,64.000005879859
"167",260,0.000529361120481692,79,47,64.0000088226853
"168",301,0.000977242029295821,79,47,54.0000162873672
"169",303,0,66.5,39.5,66
"170",307,0.0001251402799203,77.5,44.5,38.0000020856713
"171",293,0.000799178420002289,40,21,46.0000133196403
"172",265,0.000726227985025713,54.5,31.5,22.0000121037998
"173",278,0.000906078299681183,23.5,12.5,62.000015101305
"174",266,0.000172226424406306,74.5,43.5,78.0000028704404
"175",258,0.000250280719031234,93,54,28.0000041713453
"176",257,5.74090409450541e-05,35,21,70.0000009568174
"177",240,0.000363114583753858,81,46,36.0000060519097
"178",181,0.00111885104226699,45,27,16.0000186475174
"179",176,0.000780478726524416,18.5,10.5,62.0000130079788
"180",169,0.000676977318275365,77,46,44.0000112829553
"181",160,0.000205003115458314,48.5,26.5,40.0000034167186
"182",172,0.000319671132493685,42.5,22.5,42.0000053278522
"183",183,0.000567706733083405,47.5,26.5,42.0000094617789
"184",211,0.000599434672738206,49.5,28.5,24.0000099905779
"185",243,0.000778850358534246,26,14,16.0000129808393
"186",180,0.00086828284244292,18.5,10.5,44.0000144713807
"187",285,0.00149677090759994,53.5,31.5,46.0000249461818
"188",281,0.000786787379781082,55.5,32.5,50.000013113123
"189",283,0,61.5,36.5,54
"190",272,0.000205003127718413,62.5,35.5,36.0000034167188
"191",308,0.00108586957682615,39.5,21.5,56.0000180978263
"192",306,0.00102501604298905,64.5,36.5,60.0000170836007
"193",309,0.00102501604298905,71.5,41.5,26.0000170836007
"194",294,0.00206587368303226,26.5,13.5,76.000034431228
"195",247,0.0012835427816912,89.5,51.5,64.0000213923797
"196",151,0.00143952289578961,74,42,80.0000239920483
"197",168,0.0003444529082815,94,54,58.0000057408818
"198",142,0.00117342928318336,65.5,36.5,58.0000195571547
"199",137,0.000344453376616408,67,38,84.0000057408896
"200",133,0.00022968030683202,97.5,55.5,48.0000038280051
"201",135,0,56.5,32.5,52
"202",129,0.000281281495768502,61,35,6.00000468802493
"203",128,0.000250280581784956,7,4,82.000004171343
"204",136,0.000281281495768502,96.5,55.5,12.0000046880249
"205",143,0.000344453376616408,15,9,46.0000057408896
"206",140,0.00102676289135385,50.5,27.5,8.00001711271486
"207",122,0.00086113446370564,10,6,30.0000143522411
"208",112,0.000567634610525722,31.5,16.5,44.0000094605768
"209",114,0.000229680280829314,51.5,29.5,58.0000038280047
"210",104,0.000255140827635145,66,37,10.0000042523471
"211",103,0,12.5,7.5,46
"212",102,0,55,32,24
"213",101,0,26.5,14.5,62
"214",115,0.000255140827635145,75.5,44.5,50.0000042523471
"215",118,0,58.5,33.5,18
"216",94,0.00175196472913109,18,9,70.0000291994122
"217",93,0,82.5,47.5,2
"218",92,0,2,1,52
"219",85,0.000529361649889006,65,39,78.0000088226942
"220",89,0,93,54,24
"221",97,0.000281281556828446,24.5,12.5,50.0000046880259
"222",81,0.000868802181764161,60,35,44.0000144800364
"223",80,0,54.5,32.5,4
"224",79,0,4.5,2.5,12
"225",78,0,12.5,6.5,14
"226",77,0,17,10,40
"227",76,0,50,30,60
"228",75,0,69.5,39.5,34
"229",74,0,42,25,54
"230",73,0,62,35,72
"231",72,0,85,49,52
"232",99,0.00100105109869261,61,35,44.000016684185
"233",109,0.000404983146862974,55,33,80.0000067497191
"234",117,0.000281281503295351,93,53,32.0000046880251
"235",116,0,36.5,20.5,60
"236",110,0.000281281503295351,73,43,32.0000046880251
"237",90,0.00124839783496409,38,22,66.0000208066306
"238",123,0.00128501760555263,75,42,48.0000214169601
"239",113,0.000663970710155966,58,34,16.0000110661785
"240",124,0.000528509931332503,18.5,10.5,82.0000088084988
"241",127,0.000558930738522631,96.5,55.5,22.0000093155123
"242",88,0.00164673383674269,25,14,52.0000274455639
"243",87,0,58.5,32.5,62
"244",86,0,73.5,42.5,62
"245",84,0.00167187118221568,70,39,48.0000278645197
"246",58,0.00211744670374306,54,30,70.0000352907784
"247",119,0.00223895116204917,84,49,80.0000373158527
"248",163,0.00190750316804656,95,55,40.0000317917195
"249",148,0.000472539500491241,50,30,18.0000078756583
"250",162,0.000361956155378561,21.5,12.5,80.0000060326026
"251",300,0.00232046039667469,92.5,52.5,28.0000386743399
"252",261,0.000977242029295821,30,16,26.0000162873672
"253",282,0.000363113572074823,30,17,68.0000060518929
"254",305,0.00140380644666789,80,46,30.0000233967741
"255",286,0.0011833419843671,34,19,44.0000197223664
"256",237,0.000811379314214565,48.5,26.5,32.0000135229886
"257",298,0.00122592562019191,38,22,36.0000204320937
"258",312,0.001679648139267,44.5,26.5,26.0000279941357
"259",314,0.0126842027121795,30.5,17.5,34.0002114033785
"260",313,0.0189131424028332,36.5,19.5,68.00031521904
"261",315,0.0069549248722539,81,47,18.0001159154145
"262",317,0.148971022285311,20,11,52.0024828503714
"263",321,0.0420736380334841,63,37,56.0007012273006
"264",193,0.330275238144248,65,37,32.0055045873024
"265",146,0.00478314480326032,33.5,17.5,28.0000797190801
"266",134,0.00363566241678095,31,17,26.0000605943736
"267",171,0.00158271048649799,31,18,18.0000263785081
"268",209,0.00141116631706988,20.5,11.5,54.0000235194386
"269",296,0.00163269978797256,64.5,37.5,42.0000272116631
"270",310,0.00643104742288483,47,26,58.0001071841237
"271",299,0.001679648139267,65,36,66.0000279941356
"272",302,0.000125140311776886,78,45,34.0000020856719
"273",311,0.00347796639768099,38,21,28.0000579661066
"274",145,0.0047127864905686,33,19,64.0000785464415
"275",25,0.0138737703511767,77,45,38.0002312295059
"276",28,0,43.5,24.5,86
"277",27,0,100,57,44
"278",26,0,50.5,28.5,74
"279",24,0.000114818161303559,88.5,51.5,74.000001913636
"280",59,0.0057160773027974,85,48,42.000095267955
"281",63,0.000689040973425788,48.5,27.5,50.0000114840162
"282",69,0.000255141750019003,61.5,36.5,74.0000042523625
"283",66,0.000562563634903547,86.5,49.5,40.0000093760606
"284",70,0.000562563634903547,43.5,23.5,24.0000093760606
"285",56,0.00147939180533864,30,18,74.0000246565301
"286",45,0.00227943537889392,86,49,24.0000379905896
"287",47,0.000111194924254931,29.5,17.5,1.85324873758218e-06
"288",50,5.74093417767477e-05,0,0,60.0000009568224
"289",52,0,75,45,12
"290",51,5.74093899762476e-05,12.5,6.5,44.0000009568232
"291",53,5.74093899762476e-05,47.5,25.5,82.0000009568232
"292",46,0.000416965670978515,97,56,46.0000069494278
"293",54,0.000459296537782945,56.5,33.5,54.0000076549423
"294",57,0.00112520820393878,66,39,28.0000187534701
"295",154,0.00683901524388279,30.5,16.5,4.0001139835874
"296",60,0.00421673942378074,4,2,38.0000702789904
"297",39,0.00465146594047799,42.5,23.5,32.0000775244323
"298",34,0.00192364631532127,33.5,17.5,50.0000320607719
"299",38,0.000114818191220543,62,37,20.0000019136365
"300",37,0.000114818187531248,24,14,30.0000019136365
"301",35,0.000114818191220543,36,21,42.0000019136365
"302",32,0.000114818194544652,46,25,20.0000019136366
"303",36,0.000159835944724868,22,12,74.0000026639324
"304",30,0.000778851457268183,85,48,78.0000129808576
"305",22,0.000416963595458974,90,51,54.0000069493933
"306",322,0.355563647185522,62,35,62.0059260607864
"307",324,0.108486051845306,70.5,39.5,70.0018081008641
"308",328,0.215452015816507,85,50,44.0035908669303
"309",326,0.0103486143286086,48,26,4.00017247690548
"310",325,0.226575734687921,4,2,38.0037762622448
"311",17,0.496595306447655,44.5,25.5,28.0082765884408
"312",16,0.0062616425875239,29.5,15.5,2.00010436070979
"313",18,0.000500338002063073,2,1,54.0000083389667
"314",20,0,62.5,35.5,58
"315",19,0,69,40,14
"316",319,0.100215034184337,16,9,8.00167025056974
"317",332,0.211628521060792,9.5,5.5,36.0035271420177
"318",339,0.139209648376651,41,23,32.0023201608063
"319",337,0.0576900866013236,35,19,50.0009615014434
"320",343,0.101671028516874,59.5,34.5,70.0016945171419
"321",333,0.244747771272095,83.5,48.5,26.0040791295212
"322",335,0.0011178490186859,32,19,30.000018630817
"323",334,0.04322797592445,36.5,21.5,36.0007204662654
"324",336,0.0429170469436717,45,27,8.00071528411573
"325",340,0.0576900866013236,8.5,4.5,48.0009615014434
"326",342,0.000363282759678577,56,32,20.0000060547127
"327",341,0.00661756434468325,22.5,12.5,78.0001102927391
"328",338,0.106327276506009,90.5,51.5,46.0017721212751
"329",344,0.105786566021199,55,32,66.0017631094337
"330",385,0.618094222242407,75,42,74.0103015703707
"331",387,0.00101549747030125,89,52,2.00001692495784
"332",389,0.00556004335706964,2.5,1.5,28.0000926673893
"333",388,0.0211910446631077,34.5,20.5,34.0003531840777
"334",386,0.00572432477997542,37,20,50.000095405413
"335",390,0.0310868220702157,56,31,42.0005181137012
"336",392,0.0762736349129998,45.5,24.5,12.0012712272485
"337",394,0.00949299707722254,14.5,8.5,58.000158216618
"338",396,0.00170319439762754,72,43,32.0000283865733
"339",395,0.00248247630964653,37.5,21.5,30.0000413746052
"340",397,0.00377619043674554,34,19,40.0000629365073
"341",393,0.0439775648498494,48,28,46.0007329594142
"342",398,0.0399656166145572,54,31,62.0006660936102
"343",402,0.0440254786278729,70.5,39.5,52.0007337579771
"344",401,0.0084737443604133,59,33,70.0001412290727
"345",403,0.00208000607445226,84,49,64.0000346667679
"346",405,0.0102225047348209,75.5,43.5,76.0001703750789
"347",407,0.000159921063397355,88,50,66.000002665351
"348",406,0.000205153088792759,80,47,34.0000034192181
"349",408,5.74683265871806e-05,40.5,23.5,34.0000009578054
"350",410,0.000114936600008568,39,22,60.00000191561
"351",409,0.000172404900378414,72.5,42.5,78.000002873415
"352",411,5.74683003698461e-05,90.5,51.5,34.000000957805
"353",413,0.00365519364406816,39.5,22.5,80.0000609198941
"354",416,0.0251003815579912,95,55,52.0004183396926
"355",418,0.00790458271131212,59,33,22.0001317430452
"356",420,0.00501350661817088,25,14,54.0000835584436
"357",422,0.00964100805702109,61,34,40.0001606834676
"358",421,0.0583168629011733,43,23,68.000971947715
"359",419,0.0281441784074961,83,49,36.0004690696401
"360",417,0.0149888139578026,44.5,26.5,74.000249813566
"361",415,0.0263537587375537,87.5,50.5,28.0004392293123
"362",414,0.0251003815579912,35,21,20.0004183396926
"363",423,0.110535849000396,21.5,11.5,44.00184226415
"364",425,0.00303046236317907,55,33,46.000050507706
"365",428,0.00393150443982021,55.5,32.5,60.000065525074
"366",426,0.0209779893260323,72,42,40.0003496331554
"367",429,0.0280483806909205,48,28,40.0004674730115
"368",345,1.40803294927365,43.5,23.5,40.0234672158212
"369",352,0.948424587305543,43,23,16.0158070764551
"370",355,0.0114059679672553,16,8,76.0001900994661
"371",363,0.0387723458598761,90,52,16.0006462057643
"372",362,0.00322936905591823,17.5,9.5,82.0000538228176
"373",364,0.012358308797257,96,55,48.0002059718133
"374",367,0.00522571295558187,60,36,28.0000870952159
"375",374,0.00688277127992032,34,20,48.0001147128547
"376",377,0.00888691273228013,54.5,30.5,50.0001481152122
"377",380,0.00638146547299111,57.5,32.5,40.0001063577579
"378",382,0.00170319451064502,45.5,25.5,36.0000283865752
"379",381,0.0140424652338819,44,26,6.00023404108723
"380",383,0.0128372690172975,7,4,68.0002139544836
"381",373,0.0320607757204303,78.5,44.5,58.000534346262
"382",368,0.00688277127992032,71.5,42.5,12.0001147128547
"383",370,0.00191202715864209,13.5,7.5,28.0000318671193
"384",369,0.0113639263941184,28,14,26.0001893987732
"385",365,0.00763493297761152,28,15,48.000127248883
"386",358,0.0207264471009974,59,35,56.000345440785
"387",360,0.0140611142636184,69.5,41.5,70.0002343519044
"388",359,0.0169655582458872,84.5,49.5,70.0002827593041
"389",361,0.00294659421069346,83,48,26.0000491099035
"390",356,0.0434300199623197,29,16,86.000723833666
"391",366,0.0293388282891314,100,57,44.0004889804715
"392",371,0.0123033188516762,52.5,30.5,48.0002050553142
"393",376,0.0327868481829852,53,29,86.0005464474697
"394",378,0.00438088959069596,100,57,8.00007301482651
"395",384,0.0697246596569071,9.5,5.5,32.001162077661
"396",15,1.25925499719471,32.5,16.5,26.0209875832866
"397",9,1.15701958581762,29,16,58.0192836597636
"398",11,0.152943220772813,65,36,52.0025490536795
"399",13,0.00632387985476499,61.5,35.5,48.0001053979976
"400",12,0.0155509065555097,59,35,8.00025918177593
"401",14,0.00945435102648024,10,6,48.0001575725171
"402",10,0.165026414183869,54.5,30.5,36.0027504402364
"403",323,1.11967447631605,42,24,62.0186612412719
"404",316,1.01269066518609,74,43,42.0168781777531
"405",330,0.781265832084604,45.5,24.5,40.0130210972014
"406",347,1.28786972360339,46,26,44.0214644953934
"407",353,0.395140505477881,54,32,82.0065856750913
"408",348,0.401738176297511,95,54,66.0066956362716
"409",350,0.00420853819532246,81,48,18.0000701423033
"410",349,0.00888527434929785,18.5,9.5,48.0001480879058
"411",351,0.00941566924330739,53.5,29.5,48.0001569278207
"412",346,0.948424587305543,55,31,28.0158070764551
"413",354,0.405087442439144,32.5,18.5,2.00675145737399
"414",544,1.26880211135456,2.5,1.5,60.0211467018559
"415",546,0.005631803983884,69,39,44.0000938633997
"416",553,0.0044019908521947,53.5,31.5,68.0000733665142
"417",555,0.00257036881861934,79,45,28.0000428394803
"418",557,0.0216207405708045,33,19,78.0003603456762
"419",560,0.00481503413786145,91.5,52.5,60.000080250569
"420",566,0.00299190480032964,67.5,37.5,72.00004986508
"421",563,0.0044293043254332,86,50,50.0000738217388
"422",565,0,56,31,38
"423",569,0.00159849023960791,40.5,21.5,46.000026641504
"424",562,0.0036748006627994,50.5,27.5,18.0000612466777
"425",567,0.0044293043254332,18.5,9.5,40.0000738217388
"426",570,0.0109093488920824,46.5,26.5,40.0001818224815
"427",629,0.026280442344305,48.5,28.5,30.0004380073724
"428",631,0,32,17,78
"429",611,0.00311171712957432,92.5,53.5,44.0000518619522
"430",614,0,55,33,22
"431",616,0,22,11,44
"432",618,0,48,26,64
"433",627,0.00282749734627486,73.5,41.5,70.0000471249558
"434",558,0.0288443184803468,82.5,47.5,30.0004807386413
"435",658,0.0522597523717925,33.5,18.5,40.0008709958729
"436",661,0.00921079421550293,48.5,28.5,82.0001535132369
"437",670,0.0167754475392339,97,56,36.0002795907923
"438",669,0.042643130249945,38.5,20.5,40.0007107188375
"439",662,0.0167754475392339,44.5,24.5,52.0002795907923
"440",706,0.0648285555120919,65,39,74.0010804759252
"441",697,0.0109662815342565,89,52,20.0001827713589
"442",710,0.00404142632975975,24.5,14.5,40.0000673571055
"443",709,0.00100201917064629,45,25,72.0000167003195
"444",698,0.00404142632975975,87,51,10.0000673571055
"445",700,0,10.5,5.5,38
"446",712,0.0129654280494721,43,24,56.0002160904675
"447",707,0.14453280189464,64,36,84.0024088800316
"448",711,0.00117076146069207,98,56,52.000019512691
"449",703,0.00953851933214702,58,32,32.0001589753222
"450",699,0.00399905103782557,36.5,20.5,74.0000666508506
"451",704,0.00399905103782557,87,50,26.0000666508506
"452",713,0.233372653212857,28,15,34.0038895442202
"453",747,0.0201938679884431,39.5,22.5,68.0003365644665
"454",751,0.00261531926667365,81.5,47.5,22.0000435886544
"455",746,0.0235855127831505,22,11,16.0003930918797
"456",753,0.0162009464304315,17,9,44.0002700157738
"457",702,0.0421571334275547,48.5,26.5,60.0007026188905
"458",714,0.00976413701695112,71.5,41.5,66.000162735617
"459",716,0,76.5,43.5,44
"460",715,0.00195568565111157,48.5,26.5,42.0000325947609
"461",717,0.00195568565111157,50,29,36.0000325947609
"462",719,0.00489682645267053,40.5,22.5,22.0000816137742
"463",732,0.00803695659571691,23,12,30.0001339492766
"464",775,0.0368498690568268,33,18,56.0006141644843
"465",752,0.0300440847253211,63,35,42.0005007347454
"466",701,0.0391825796801049,51,30,52.0006530429947
"467",695,0.0143939616476809,57.5,31.5,64.0002398993608
"468",756,0.0351095920171155,75.5,43.5,36.000585159867
"469",760,0.00488964671169857,44.5,26.5,50.0000814941119
"470",758,0.0091879425653637,56,31,20.0001531323761
"471",743,0.0154549734375816,23,13,24.0002575828906
"472",741,0.00279468757715342,30,18,28.0000465781263
"473",740,0.015457056543756,35,21,56.0002576176091
"474",744,0.00279468757715342,65,37,38.0000465781263
"475",739,0.0019327588978146,47,28,36.0000322126483
"476",742,0.015457056543756,37.5,19.5,32.0002576176091
"477",761,0.0150290489636821,38,22,34.0002504841494
"478",737,0.0124669768345066,39,22,16.0002077829472
"479",749,0.00582396732139958,16.5,8.5,62.000097066122
"480",694,0.0436019362979989,73,42,74.0007266989383
"481",673,0.0215292705277963,87.5,50.5,14.0003588211755
"482",675,0,16.5,9.5,34
"483",674,0.00178351597007338,41,24,72.0000297252662
"484",676,0.00178351597007338,87,51,72.0000297252662
"485",678,0,82.5,46.5,36
"486",777,0.164382846868456,37.5,19.5,10.0027397141145
"487",779,0.00356564922363084,12.5,7.5,22.0000594274871
"488",778,0.023556078813341,25.5,14.5,76.0003926013136
"489",780,0.0200000194096672,90,52,36.0003333336568
"490",788,0.0123851333943213,44,26,52.0002064188899
"491",786,0.00876354536334254,59.5,33.5,24.0001460590894
"492",790,0.00362640075636135,30,18,38.0000604400126
"493",789,0.0359288598187821,45.5,26.5,76.0005988143303
"494",787,0.00362640075636135,89,51,32.0000604400126
"495",781,0.0123851333943213,33,17,40.0002064188899
"496",768,0.0381207034200091,43,23,62.000635345057
"497",766,0.00226079449766101,74.5,43.5,48.0000376799083
"498",769,0.00329760959486639,56.5,32.5,54.0000549601599
"499",771,0.00598252755185804,63.5,36.5,52.0000997087925
"500",802,0.0982208484104661,62,36,56.0016370141402
"501",806,0.00423386797728235,66.5,38.5,30.0000705644663
"502",808,0.00103214778238611,36.5,21.5,20.000017202463
"503",748,0.133629728692658,23.5,13.5,20.0022271621449
"504",745,0.0021790934278143,23,13,36.0000363182238
"505",721,0.0280293749728062,45,27,70.0004671562496
"506",727,0.00329469072102458,80.5,45.5,20.000054911512
"507",729,0.000250311324177993,23.5,13.5,64.0000041718554
"508",722,0.00570381406218303,75,43,62.0000950635677
"509",724,0.00317671361209253,74.5,43.5,56.0000529452269
"510",726,0,68,40,22
"511",730,0.00240915220024757,23,12,52.0000401525367
"512",728,0.00741134423577311,58,32,28.0001235224039
"513",734,0.00203760527228945,32.5,18.5,50.0000339600879
"514",736,0.00105844012767885,56,31,46.0000176406688
"515",735,0.00480941726461807,56,33,14.0000801569544
"516",723,0.00658834918233817,15,8,74.0001098058197
"517",731,0.00616280232122106,87,50,22.000102713372
"518",720,0.00803695659571691,23.5,12.5,14.0001339492766
"519",759,0.0347713349855281,17,10,12.0005795222498
"520",755,0.00487102582482937,14,8,26.0000811837637
"521",696,0.0351095920171155,31.5,18.5,22.000585159867
"522",705,0.0789052798492689,26.5,15.5,28.0013150879975
"523",663,0.0648285555120919,29.5,15.5,10.0010804759252
"524",665,0,11.5,6.5,58
"525",667,0.00147376993168909,66.5,37.5,46.0000245628322
"526",652,0.0389289378199707,51.5,28.5,84.0006488156303
"527",656,0,99,57,48
"528",686,0.0653432960796092,54,30,36.0010890549347
"529",682,0.00738334679495863,40.5,22.5,32.0001230557799
"530",684,0,37.5,21.5,78
"531",681,0.00155804308335119,92.5,53.5,66.0000259673847
"532",683,0.00256778901023223,75,42,60.0000427964835
"533",680,0.00295290215942163,70,40,16.000049215036
"534",685,0.00155804308335119,18.5,10.5,66.0000259673847
"535",688,0.00411303552530956,75.5,42.5,72.0000685505921
"536",690,0.00301686359111089,83,47,58.0000502810598
"537",791,0.112836648916879,69.5,40.5,74.0018806108153
"538",799,0.0222055459363228,89,52,32.0003700924323
"539",798,0.00218254534009301,38,22,28.0000363757557
"540",805,0.0094279040524397,34.5,20.5,68.0001571317342
"541",803,0.00423386797728235,83,49,60.0000705644663
"542",807,0.00129438935634927,70.5,40.5,58.0000215731559
"543",812,0.00159396565818266,70,41,20.0000265660943
"544",814,0,24,14,38
"545",804,0.00520198679901469,43.5,24.5,60.00008669978
"546",792,0.0283818017773082,70,40,50.0004730300296
"547",794,0,60,35,66
"548",1032,0.205834027604414,75.5,42.5,50.0034305671267
"549",1034,0.0191475061324418,59.5,34.5,38.0003191251022
"550",1042,0.0377068308211166,41,22,30.0006284471804
"551",1079,0.0856448159985832,31.5,16.5,20.0014274136
"552",1102,0.00408012481610145,22,12,52.0000680020803
"553",1106,0.00448474094839614,59.5,33.5,28.0000747456825
"554",1043,0.122069470943674,28.5,14.5,12.0020344911824
"555",1053,0.135220245648247,14,8,58.0022536707608
"556",1051,0.000529491605657852,69.5,40.5,48.0000088248601
"557",1048,0.000890083643027355,54,30,54.0000148347274
"558",1044,0.153350870818044,63.5,36.5,32.002555847847
"559",668,0.448220921118575,36.5,20.5,68.0074703486853
"560",651,0.0406913229020887,82,48,12.000678188715
"561",571,0.0374971362499413,14.5,8.5,50.0006249522708
"562",573,0,58.5,33.5,70
"563",576,0,81,46,22
"564",598,0.00439894406060029,25,14,64.0000733157343
"565",601,0,76.5,44.5,18
"566",603,0,18.5,9.5,36
"567",626,0.00434211800652439,39.5,21.5,46.0000723686334
"568",630,0.00127880881950622,56,33,76.0000213134803
"569",624,0.000834052047175621,89.5,51.5,44.0000139008675
"570",623,0.00100075434092872,52.5,30.5,52.000016679239
"571",634,0.00234838637380948,65,39,26.0000391397729
"572",636,0,32,19,60
"573",632,0.00570474257478032,67.5,37.5,26.0000950790429
"574",619,0.00397360438451122,29.5,16.5,42.0000662267397
"575",622,0,51.5,30.5,22
"576",621,0,25,14,56
"577",620,0,64,36,38
"578",625,0.00100075434092872,44,25,40.000016679239
"579",633,0.00198051938135469,43,23,68.0000330086564
"580",604,0.0063215028327033,77.5,43.5,40.0001053583805
"581",583,0.00420478679893009,45.5,25.5,46.00007007978
"582",600,0.0058916403836561,50.5,27.5,68.0000981940064
"583",599,0,78.5,44.5,42
"584",584,0.0058916403836561,45.5,24.5,56.0000981940064
"585",588,0,67.5,39.5,54
"586",597,0,64,37,24
"587",596,0,24,12,54
"588",595,0,65,38,46
"589",594,0,56.5,33.5,42
"590",593,0,45,24,12
"591",592,0,13,7,80
"592",591,0,92.5,52.5,28
"593",590,0,31.5,17.5,78
"594",589,0,92,53,44
"595",587,0.00301598597753918,54,32,48.000050266433
"596",586,0,59,35,52
"597",585,0,63.5,37.5,46
"598",607,0.00409442842806856,52,29,34.0000682404738
"599",610,0,38,21,28
"600",609,0,30.5,16.5,52
"601",608,0,60,34,24
"602",602,0.00512441346874417,27,15,36.0000854068911
"603",575,0.00391305684528271,38,20,20.0000652176141
"604",574,0,21.5,11.5,34
"605",641,0.0148812171054899,36,19,78.0002480202851
"606",644,0,90,51,22
"607",643,0.00343683908901552,27.5,16.5,28.0000572806515
"608",642,0,35,21,44
"609",645,0.00343683908901552,49.5,27.5,44.0000572806515
"610",647,0.00778555456070751,54,32,42.0001297592427
"611",650,0,50.5,29.5,12
"612",649,0,15,9,72
"613",648,0,87,51,26
"614",637,0.0139039253553573,27,14,40.0002317320893
"615",640,0,45,25,52
"616",639,0,62.5,36.5,34
"617",638,0,38.5,21.5,50
"618",646,0.00822939310437817,55.5,30.5,30.0001371565517
"619",635,0.0230984880326022,36.5,21.5,56.0003849748005
"620",615,0.00364757333849592,62.5,34.5,38.000060792889
"621",606,0.0158408670883586,41.5,22.5,52.0002640144515
"622",613,0.00255401694525218,57.5,31.5,28.0000425669491
"623",612,0,29.5,15.5,34
"624",617,0.00103247080714135,40,23,66.0000172078468
"625",577,0.0127225957225213,75,42,26.000212043262
"626",582,0,32,19,38
"627",605,0.00420478679893009,41,22,40.00007007978
"628",564,0.0183955953143906,46.5,26.5,24.0003065932552
"629",572,0.0368067003941184,28.5,16.5,76.0006134450066
"630",655,0.04803437106638,89,51,80.0008005728511
"631",654,0,94,54,66
"632",653,0,75.5,42.5,34
"633",671,0.0439931818003628,38,21,42.0007332196967
"634",738,0.0822706895962258,51.5,30.5,56.0013711781599
"635",762,0.0142588918520629,67,39,42.0002376481975
"636",764,0.000125161771602748,45.5,24.5,48.0000020860295
"637",767,0.0226640497309691,54,30,72.0003777341622
"638",782,0.0381207034200091,86.5,50.5,48.000635345057
"639",784,0.0012307228665543,56.5,32.5,36.0000205120478
"640",865,0.248031753732439,41.5,23.5,38.0041338625622
"641",870,0.00325827346263154,46.5,27.5,34.0000543045577
"642",866,0.0121887710857494,39.5,22.5,30.0002031461848
"643",868,0,36,21,54
"644",864,0.0065127582150721,61.5,34.5,64.0001085459702
"645",871,0.00426491535659918,76,44,24.0000710819226
"646",873,0.0767588930904957,25,13,36.0012793148848
"647",875,0.00047701065305,37.5,19.5,56.0000079501775
"648",881,0.0101355497260885,63,35,24.0001689258288
"649",880,0.00336224772776326,24.5,12.5,56.0000560374621
"650",876,0.0101355497260885,68,40,70.0001689258288
"651",884,0.00864975803756388,80,45,76.000144162634
"652",892,0.00471968012733823,90,52,62.0000786613355
"653",909,0.00214122825007711,70.5,39.5,64.0000356871375
"654",912,0.00145577206581487,73.5,41.5,72.0000242628678
"655",910,0.00545127655100172,82.5,46.5,24.0000908546092
"656",908,0.00245705788453394,27.5,15.5,84.0000409509647
"657",893,0.00214122825007711,98.5,56.5,52.0000356871375
"658",975,0.0151617540081183,62.5,36.5,82.0002526959001
"659",974,0.0175703069332788,96.5,55.5,38.0002928384489
"660",993,0.0131246677933396,40.5,21.5,18.0002187444632
"661",989,0.0021975518951258,21.5,12.5,52.0000366258649
"662",995,0.00200504344188968,60,34,32.0000334173907
"663",991,0.00142895761347538,38.5,22.5,32.0000238159602
"664",986,0.00217127154314014,35.5,19.5,62.0000361878591
"665",985,0.000689062962669423,70.5,39.5,44.0000114843827
"666",992,0.00217127154314014,50,28,46.0000361878591
"667",886,0.0202066431040077,51,28,38.0003367773851
"668",889,0.00225995230408625,43.5,24.5,24.0000376658717
"669",895,0.0022008954814332,25.5,13.5,78.0000366815914
"670",900,0.00227087439659375,90,51,22.0000378479066
"671",934,0.0061376020330918,27,16,48.0001022933672
"672",945,0.000976453786110321,52.5,28.5,74.0000162742298
"673",944,0.000125153861383667,89,52,26.0000020858977
"674",946,0.000125153861383667,31,18,40.0000020858977
"675",950,0.000567825759560657,43,23,22.0000094637627
"676",954,0.000459474603533238,26,15,74.0000076579101
"677",952,0.00118240885456148,86.5,49.5,16.0000197068142
"678",948,0.00127891860206624,18.5,10.5,34.00002131531
"679",942,0.000402069531575558,36,19,66.0000067011589
"680",940,0.000472770417712648,78.5,45.5,60.000007879507
"681",930,0.00121515020042499,69,39,72.0000202525033
"682",926,0.00321562700697897,87,51,34.0000535937834
"683",928,0.000811565316300872,42.5,25.5,60.0000135260886
"684",939,0.000724250828344031,72.5,42.5,56.0000120708471
"685",943,0.000472770417712648,64.5,36.5,36.000007879507
"686",947,0.000229687662431132,42.5,24.5,72.0000038281277
"687",957,0.00117009935012472,85.5,49.5,36.0000195016558
"688",960,0.000555974632591827,38,20,62.0000092662439
"689",959,0.00078679603817446,74.5,43.5,68.0000131132673
"690",958,0.000555974632591827,83,49,52.0000092662439
"691",961,0.00078679603817446,61.5,35.5,54.0000131132673
"692",951,0.00122478993851715,62.5,35.5,16.0000204131656
"693",962,0.00107298213024571,16.5,8.5,68.0000178830355
"694",965,0.00112638449980375,82.5,48.5,54.000018773075
"695",964,0.000516944880669498,66.5,39.5,54.000008615748
"696",963,0.00112638449980375,66,39,82.000018773075
"697",966,0.000516944880669498,97,56,34.000008615748
"698",969,0.00145009153675713,39,22,6.00002416819228
"699",973,0.00200504385684547,6,3,74.0000334173976
"700",976,0.0175703069332788,89,52,60.0002928384489
"701",972,0.00202525060079463,71,41,28.0000337541767
"702",979,0.00102538757631256,31.5,17.5,20.0000170897929
"703",1013,0.0660368541370864,24,14,24.0011006142356
"704",1007,0.000969611046942295,30,18,82.0000161601841
"705",1006,0.000500615220447443,95,54,62.000008343587
"706",1014,0.000969611046942295,70,39,44.0000161601841
"707",874,0.0451096653687275,51.5,29.5,60.0007518277561
"708",859,0.0164962014824072,70.5,40.5,32.0002749366914
"709",883,0.0283369338524327,40,24,50.0004722822309
"710",901,0.00651827384737806,56.5,31.5,54.0001086378975
"711",896,0.00234590743384649,61,34,42.0000390984572
"712",906,0.000918947763028489,45.5,24.5,16.0000153157961
"713",911,0.00280881024278052,16,8,34.000046813504
"714",913,0.0040030173608856,37.5,20.5,40.000066716956
"715",903,0.00105753736888782,45.5,25.5,76.0000176256228
"716",898,0.00100133716004209,87.5,49.5,36.0000166889527
"717",921,0.00318706619014088,39,21,16.0000531177698
"718",920,0.000222389854168448,19.5,11.5,62.0000037064976
"719",924,0.00218272488458766,73,42,58.0000363787481
"720",933,0.00187730652646215,65,36,36.0000312884421
"721",936,0.000159878306666656,41,23,54.0000026646384
"722",932,0.000255247272979639,62.5,35.5,86.0000042541212
"723",925,0.00187730652646215,101,58,20.0000312884421
"724",941,0.00170347624513734,24,14,76.0000283912707
"725",949,0.000402069531575558,89,51,48.0000067011589
"726",935,0.0014975338602139,59.5,35.5,36.0000249588977
"727",927,0.00168282090420892,37.5,19.5,44.0000280470151
"728",923,0.00117848849644691,50,28,44.0000196414749
"729",937,0.00202525084586556,48,26,30.0000337541808
"730",929,0.00100252285568027,36.5,21.5,46.0000167087143
"731",955,0.00230022629230805,55,32,44.0000383371049
"732",967,0.00283535429828233,48,26,30.000047255905
"733",981,0.00282535031494979,30.5,15.5,32.0000470891719
"734",988,0.000754931221127074,39.5,23.5,70.000012582187
"735",994,0.0021975518951258,80.5,45.5,28.0000366258649
"736",997,0.000714476826242583,34.5,20.5,42.0000119079471
"737",1004,0.00189080026328093,51.5,30.5,60.0000315133377
"738",1016,0.00169879711994796,72,42,46.0000283132853
"739",1010,0.00211507847987449,53.5,30.5,46.000035251308
"740",1008,0.00122852691094709,55,32,22.0000204754485
"741",999,0.00455940073592843,25.5,14.5,46.0000759900123
"742",1001,0.00200891252421362,52,29,18.0000334818754
"743",971,0.00904609765358226,20.5,11.5,26.0001507682942
"744",977,0.00202525060079463,28,15,54.0000337541767
"745",970,0.00210230542908974,63.5,36.5,74.0000350384238
"746",1002,0.00904609765358226,89,52,26.0001507682942
"747",996,0.00345703367748242,26.5,13.5,56.000057617228
"748",990,0.00267695209348139,67,39,24.0000446158682
"749",984,0.0026028395999653,28.5,16.5,4.00004338066
"750",987,0.000689062962669423,4.5,2.5,42.0000114843827
"751",982,0.000754931221127074,49,28,62.000012582187
"752",956,0.00467469899994734,75.5,44.5,66.00007791165
"753",953,0.00143097695452565,77,44,40.0000238496159
"754",938,0.00216243484195824,47.5,27.5,74.0000360405807
"755",922,0.00291951918207664,87.5,50.5,40.000048658653
"756",915,0.00173521096860137,50,30,82.0000289201828
"757",918,0.000786796036665364,95.5,54.5,38.0000131132673
"758",905,0.00365488033920349,43,24,38.0000609146723
"759",897,0.000918947763028489,47.5,28.5,78.000015315796
"760",904,0.00100133716004209,90,51,8.00001668895267
"761",919,0.00365488033920349,10,6,14.0000609146723
"762",916,0.000923902069468855,15.5,8.5,54.0000153983678
"763",887,0.00490604824293684,67.5,40.5,44.0000817674707
"764",891,0.00127902594668003,47.5,25.5,44.0000213170991
"765",914,0.00351209482386863,50.5,28.5,66.0000585349137
"766",917,0.00312192364997483,77,44,34.0000520320608
"767",888,0.00505074669082142,41,24,20.0000841791115
"768",899,0.00595208789468475,23.5,13.5,22.0000992014649
"769",902,0.000287191392775337,26,15,78.0000047865232
"770",890,0.0043979369752861,93,54,36.0000732989496
"771",885,0.011111478309109,45,27,38.0001851913051
"772",894,0.0298736945210986,43.5,24.5,52.0004978949087
"773",882,0.00774473900060876,65,39,44.0001290789833
"774",860,0.0283369338524327,52,30,46.0004722822309
"775",1035,0.12790840577053,54,31,36.0021318067628
"776",1037,0.0181909871564612,41,23,56.0003031831193
"777",1039,0.000918930576007892,64,36,38.0000153155096
"778",1041,0.00134542264684298,46,27,36.0000224237108
"779",861,0.156454182153348,44.5,26.5,40.0026075697026
"780",854,0.0283467128669759,45.5,25.5,64.0004724452145
"781",851,0.00807070798673575,75,43,46.0001345117998
"782",855,0.0100847964315355,55.5,32.5,34.0001680799405
"783",857,0.00472996465625583,38.5,21.5,26.0000788327443
"784",1015,0.091127633854535,28,15,82.0015187938976
"785",1005,0.00169879711994796,95,54,4.00002831328533
"786",1011,0.00085124684453182,4.5,2.5,8.00001418744741
"787",998,0.0043644343339924,10,6,78.0000727405722
"788",1009,0.00455940073592843,90,51,62.0000759900123
"789",1017,0.00211507847987449,71.5,40.5,44.000035251308
"790",1000,0.00558569792891425,47.5,25.5,52.0000930949655
"791",1018,0.00450979752362481,58.5,32.5,32.0000751632921
"792",1023,0.00763029895473246,38.5,22.5,46.0001271716492
"793",1056,0.156076237682307,53.5,30.5,84.002601270628
"794",1059,0.00334497884604022,98,56,34.0000557496474
"795",1057,0.00395257115194223,42.5,25.5,32.0000658761859
"796",1060,0.00439265720541636,36,20,36.0000732109534
"797",1062,0,40,22,46
"798",1064,0.000797221060980642,55,32,60.0000132870177
"799",1066,0,72.5,42.5,54
"800",1061,0.00327211187411897,67.5,40.5,72.0000545351979
"801",1063,0.0012707959364555,86,50,28.0000211799323
"802",1067,0.00304451182627604,35,21,62.0000507418638
"803",1073,0.000125161620411953,73.5,42.5,6.00000208602701
"804",1076,0.000159902428918504,7,4,10.0000026650405
"805",1074,0.158634678421319,10,5,62.002643911307
"806",1068,0.000477010549544362,76,45,40.0000079501758
"807",1070,0,48,28,58
"808",1072,0,71.5,42.5,34
"809",1071,0.000222389851339155,36.5,19.5,76.0000037064975
"810",1069,0.000111194927084224,89,51,32.0000018532488
"811",1075,0.000676993132340949,36.5,20.5,34.0000112832189
"812",1055,0.10379526262231,36,19,60.0017299210437
"813",1024,0.156076237682307,71.5,41.5,24.002601270628
"814",856,0.0805766050829235,27.5,15.5,16.001342943418
"815",849,0.031774182221138,18.5,10.5,52.0005295697037
"816",853,0.00471283812361643,63.5,37.5,52.0000785473021
"817",862,0.0283467128669759,64.5,38.5,32.0004724452144
"818",869,0.00677789099841603,35,19,44.00011296485
"819",863,0.0109446211649992,48.5,26.5,84.0001824103527
"820",867,0.0127953634602866,98,56,34.0002132560577
"821",785,0.270433113943104,39,22,72.0045072185657
"822",797,0.0748964164369169,84.5,48.5,52.0012482736073
"823",796,0,59.5,33.5,26
"824",800,0.00218254534009301,28,15,78.0000363757557
"825",793,0.00821992676528685,90,51,48.0001369987794
"826",801,0.00821992676528685,53.5,29.5,34.0001369987794
"827",772,0.0982208484104661,40.5,23.5,62.0016370141402
"828",774,0.000352822989809742,75.5,44.5,60.0000058803832
"829",733,0.0368498690568268,74.5,44.5,72.0006141644843
"830",757,0.0287650415218831,83.5,47.5,44.0004794173587
"831",776,0.0659938101445751,52.5,30.5,10.0010998968357
"832",829,0.143598311693665,10,5,50.0023933051949
"833",843,0.043599122773245,59.5,34.5,70.0007266520462
"834",835,0.0300121135683281,85,50,52.0005002018928
"835",842,0.0163723125003748,64,38,56.000272871875
"836",846,0.0171210129512635,66,38,50.0002853502159
"837",848,0.0107715827290357,56.5,31.5,68.0001795263788
"838",841,0.0531859062997197,81,47,72.0008864317717
"839",836,0.0163723125003748,84.5,48.5,14.000272871875
"840",833,0.024022551026076,16,9,40.0004003758504
"841",828,0.00598445653755012,44,24,56.0000997409423
"842",858,0.107803694396483,70,42,32.0017967282399
"843",844,0.073484965632014,38,22,52.0012247494272
"844",838,0.0208962822916955,57.5,31.5,68.0003482713715
"845",840,0.000639574612661809,82.5,48.5,28.0000106595769
"846",839,0.11346124539444,31.5,17.5,12.0018910207566
"847",907,0.113592876811654,14.5,8.5,24.0018932146135
"848",878,0.0660402639641672,26.5,14.5,74.0011006710661
"849",931,0.0168872412332163,88.5,51.5,56.0002814540206
"850",978,0.00887265605819118,67.5,39.5,78.000147877601
"851",1003,0.00983049831072171,93,54,32.0001638416385
"852",1012,0.00441052825497828,39,23,36.0000735088042
"853",980,0.0660368541370864,42.5,24.5,54.0011006142356
"854",968,0.00282535031494979,65.5,38.5,22.0000470891719
"855",983,0.00581070041977895,24,13,34.000096845007
"856",1019,0.0151550662849891,35.5,18.5,70.0002525844381
"857",1022,0.00270002142562206,83.5,48.5,36.0000450003571
"858",1020,0.0227442403433788,40.5,22.5,22.0003790706724
"859",1186,0.307516589723425,24.5,13.5,42.0051252764954
"860",1177,0.0307661163953574,52.5,31.5,76.0005127686066
"861",1180,0.00490541825051402,89.5,51.5,44.0000817569708
"862",1182,0,51,29,74
"863",1181,0.00223574758488449,87.5,50.5,42.0000372624597
"864",1183,0.00223574758488449,52.5,31.5,86.0000372624598
"865",2096,2.38691314237424,100.5,57.5,58.0397818857062
"866",2099,0.0025576732726497,69.5,40.5,70.0000426278879
"867",2108,0.000811556647640989,81,46,64.0000135259441
"868",2111,0.000307888454274238,74,42,20.0000051314742
"869",2113,0.00709879044986459,24.5,14.5,46.0001183131742
"870",2103,0.0551922743352586,53.5,30.5,44.0009198712389
"871",2105,0.000159853944760429,54,32,86.0000026642324
"872",2112,0.00831333891530457,100,57,68.0001385556486
"873",2106,0.00353255924130924,81,47,72.0000588759873
"874",2110,0.00139356565134068,82.5,46.5,4.00002322609419
"875",2109,0.000307888454274238,4,2,52.0000051314742
"876",2107,0.00139356565134068,63.5,37.5,14.0000232260942
"877",2100,0.000811556647640989,15.5,8.5,48.0000135259441
"878",2104,0.00181217123940702,53.5,29.5,28.000030202854
"879",2101,0.00173002710531741,31,17,52.0000288337851
"880",2097,0.0047127276116905,63,37,48.0000785454602
"881",2102,0.016311229831043,56.5,32.5,10.0002718538305
"882",2098,0.0233893658772894,10.5,5.5,8.00038982276462
"883",2117,0.0592562264761709,10,6,34.0009876037746
"884",2116,0.00904970842253705,38.5,21.5,24.0001508284737
"885",2121,0.0644273526745722,29,17,64.0010737892112
"886",2127,0.00824364624050829,77.5,45.5,50.000137394104
"887",2129,0.00259192000326962,60,35,44.0000431986667
"888",2128,0.00268454394303684,49.5,27.5,74.000044742399
"889",2130,0.00248925854794311,85,48,40.0000414876425
"890",2132,0.0188215704567124,48,28,38.0003136928409
"891",2134,0.00738297829525685,47.5,28.5,36.0001230496383
"892",2133,0.0132274548839374,42.5,24.5,64.0002204575814
"893",2135,0.00819896204975423,73,41,30.0001366493675
"894",2115,0.231647786131649,33,18,38.0038607964355
"895",2118,0.00904970842253705,45.5,26.5,52.0001508284737
"896",2120,0.0312534569489109,64,38,46.0005208909491
"897",2114,0.186759362163155,55.5,32.5,54.0031126560361
"898",2136,0.231647786131649,66,39,42.0038607964355
"899",2138,0.0894812812218719,52.5,31.5,54.001491354687
"900",2141,0.0295413922676534,60.5,33.5,20.0004923565378
"901",2139,0.0317685152801625,22.5,12.5,62.0005294752547
"902",2148,0.165774858607944,76.5,45.5,44.0027629143101
"903",2154,0.0152597005933328,55,33,80.0002543283432
"904",2157,0.00710697994113971,94.5,54.5,68.0001184496657
"905",2159,0.000410800338361522,82.5,48.5,68.0000068466723
"906",2162,0.00580655051322761,83,49,48.0000967758419
"907",2164,0.00216248554900697,57.5,33.5,42.0000360414258
"908",2167,0.00475985725520261,51.5,30.5,70.0000793309543
"909",2166,0.00923961866345474,81,46,50.0001539936444
"910",2165,0.00475985725520261,60,35,70.0000793309543
"911",2169,0.00789655761515654,84.5,49.5,50.0001316092936
"912",2168,0.0366764278769157,58.5,33.5,74.0006112737979
"913",2170,0.0472883093642569,88.5,51.5,50.0007881384894
"914",2152,0.744910757721644,58.5,33.5,14.0124151792954
"915",2150,0.0081085539139642,15,8,18.0001351425652
"916",2146,0.0594999470524866,18.5,9.5,72.0009916657842
"917",2149,0.103157087164637,85,49,38.0017192847861
"918",2153,0.0081085539139642,43,24,18.0001351425652
"919",2147,0.100022748070097,21,12,38.0016670458012
"920",2140,0.165774858607944,43.5,24.5,40.0027629143101
"921",2142,0.00276163691458432,42.5,22.5,34.0000460272819
"922",2144,0.00122712284849354,37.5,20.5,80.0000204520475
"923",2143,0.00232908935384706,93.5,53.5,10.0000388181559
"924",2145,0.00334033139202983,12.5,7.5,58.0000556721899
"925",2151,0.0594999470524866,72,43,66.0009916657842
"926",2163,0.47510275895961,76,43,58.007918379316
"927",2171,0.903493538686293,65,36,84.0150582256448
"928",2173,0.0246885438317356,98.5,56.5,62.0004114757305
"929",2172,0.0380771258207108,76.5,45.5,74.0006346187637
"930",2174,0.0144543827439005,87.5,50.5,86.0002409063791
"931",2283,1.50277259001588,100.5,57.5,74.0250462098336
"932",2334,0.168191250350937,85.5,48.5,80.0028031875058
"933",2337,0.00455554891282636,92.5,52.5,48.0000759258152
"934",2344,0.00195336917875036,59.5,35.5,50.000032556153
"935",2347,0.00172767115927393,60,35,18.0000287945193
"936",2345,0.00225442033437171,19,10,36.0000375736722
"937",2352,0.00184279214327554,42.5,24.5,14.0000307132024
"938",2351,0.0013393093274726,14,7,70.0000223218221
"939",2354,0.000968538298072981,84,49,48.000016142305
"940",2349,0.00187128113690798,58,34,36.000031188019
"941",2346,0.00243302236000062,42.5,24.5,58.0000405503727
"942",2353,0.00100476740640801,69,40,64.0000167461234
"943",2355,0.00164088370173064,73.5,41.5,42.0000273480617
"944",2343,0.00424760755727941,52.5,31.5,74.0000707934593
"945",2341,0.00190333973010914,87.5,50.5,62.0000317223288
"946",2340,0.000160165331938289,73.5,42.5,36.0000026694222
"947",2342,0.00100241279198626,43.5,25.5,34.0000167068799
"948",2350,0.0032015398644086,39,22,42.0000533589977
"949",2338,0.00424068229360345,51.5,30.5,72.0000706780382
"950",2336,0.0044699188662216,85.5,49.5,42.0000744986478
"951",2335,0.00455554891282636,48.5,27.5,52.0000759258152
"952",2339,0.0044699188662216,64,38,42.0000744986478
"953",2356,0.00668558162463881,45.5,24.5,22.0001114263604
"954",2348,0.00381060385215152,24.5,13.5,60.0000635100642
"955",2357,0.00593764855698031,70,40,30.0000989608093
"956",2426,0.0456773497809903,34,19,72.000761289163
"957",2439,0.00527969506711037,87,51,32.0000879949178
"958",2434,0.00689008929668182,38.5,22.5,66.0001148348216
"959",2441,0.00588059876445077,80,47,52.0000980099794
"960",2431,0.00541165072492617,63.5,37.5,68.0000901941787
"961",2468,0.0170639080134184,79,45,20.0002843984669
"962",2463,0.00427441152714363,25,15,44.0000712401921
"963",2458,0.00324541258212866,51,29,22.0000540902097
"964",2464,0.00404613824458822,22,11,42.0000674356374
"965",2473,0.00515323609367586,50.5,29.5,56.0000858872682
"966",2471,0.0028386674295351,70,42,48.0000473111238
"967",2470,0.00240221198578346,55,31,32.0000400368664
"968",2474,0.0028386674295351,34.5,18.5,28.0000473111238
"969",2462,0.0147268300567039,32,18,78.0002454471676
"970",2465,0.00232900371820102,90.5,51.5,28.0000388167286
"971",2454,0.00862495849857901,30.5,16.5,30.0001437493083
"972",2482,0.0280590059122217,30,15,40.0004676500985
"973",2442,0.0431539745135715,43,23,56.0007192329086
"974",2438,0.00199531648200719,66,38,16.0000332552747
"975",2446,0.0025763715474325,17.5,9.5,24.0000429395258
"976",2445,0.00145012325407006,30,18,54.0000241687209
"977",2443,0.00703150135548551,64.5,37.5,22.0001171916893
"978",2424,0.00672019005982744,24,13,38.0001120031677
"979",2429,0.00100399432368137,40,21,16.0000167332387
"980",2490,0.0504546831743367,17,9,66.0008409113862
"981",2493,0.00267343921487166,79.5,46.5,34.0000445573203
"982",2460,0.0422844019849698,38,21,32.0007047400331
"983",2457,0.00432277566727721,36.5,20.5,2.00007204626112
"984",2459,0.00246321048395127,2,1,30.0000410535081
"985",2451,0.00761121603075939,36.5,21.5,44.0001268536005
"986",2448,0.00252333658058344,50.5,28.5,48.0000420556097
"987",2456,0.00440089854207546,53.5,29.5,72.000073348309
"988",2450,0.00371106668341921,84,48,78.0000618511114
"989",2466,0.0178144842259857,92,53,46.0002969080704
"990",2475,0.0185032627833569,52,29,16.0003083877131
"991",2478,0.00327711688360389,17,9,48.0000546186147
"992",2476,0.00334522737085501,60,36,54.0000557537895
"993",2481,0.00779262224802005,63.5,36.5,62.0001298770375
"994",2486,0.00260794953516849,70,39,64.0000434658256
"995",2488,0.00177946642264097,76,44,32.0000296577737
"996",2485,0.0104712724576808,38,22,2.00017452120763
"997",2484,0.00143933011235912,2.5,1.5,58.0000239888352
"998",2489,0.0104712724576808,68.5,39.5,18.0001745212076
"999",2477,0.0200361940634278,18,9,24.0003339365677
"1000",2479,0.00483114678193717,27.5,15.5,10.000080519113
"1001",2491,0.011876016744939,11.5,6.5,84.0001979336124
"1002",2496,0.00289297853069939,98.5,56.5,76.0000482163088
"1003",2495,0.0101292443395805,91,53,54.000168820739
"1004",2492,0.00289297853069939,64,37,46.0000482163088
"1005",2497,0.00787009217329958,55,32,56.0001311682029
"1006",2480,0.0220973239371942,66.5,38.5,56.0003682887323
"1007",2430,0.0596162771449063,68,40,50.0009936046191
"1008",2469,0.0334277834655605,56.5,31.5,24.0005571297244
"1009",2472,0.00240221198578346,27.5,15.5,64.0000400368664
"1010",2432,0.0322979587110164,77,45,28.0005382993118
"1011",2421,0.00661276838159921,32,18,50.0001102128064
"1012",2440,0.00832957026703362,58.5,33.5,68.0001388261711
"1013",2453,0.00501946011643889,80,46,42.0000836576686
"1014",2427,0.0130644080539442,52,31,42.0002177401342
"1015",2437,0.00276946413529111,46,25,32.0000461577356
"1016",2449,0.00437843014466819,40,24,44.0000729738357
"1017",2447,0.00314526696663572,52,30,56.0000524211161
"1018",2452,0.00252333658058344,68.5,40.5,34.0000420556097
"1019",2435,0.00853590814541819,35.5,18.5,6.00014226513576
"1020",2422,0.0359182290305277,7,4,60.0005986371505
"1021",2417,0.00280633923528639,72,42,52.0000467723206
"1022",2433,0.0456625471844882,60.5,34.5,68.0007610424531
"1023",2428,0.0236051233103553,79.5,45.5,40.0003934187218
"1024",2425,0.00100399432368137,43.5,23.5,56.0000167332387
"1025",2461,0.0158540769956856,68,40,64.0002642346166
"1026",2467,0.0268336681774599,73,41,22.000447227803
"1027",2502,0.0630851457199632,25,14,28.0010514190953
"1028",2504,0.0121185306526863,35,21,58.0002019755109
"1029",2509,0.00440749358197589,68,39,74.0000734582264
"1030",2534,0.0211662405922024,85.5,48.5,66.0003527706765
"1031",2521,0.00711218004101874,80,47,50.000118536334
"1032",2524,0.00147895791037385,55,30,28.0000246492985
"1033",2527,0.000728008114272886,29.5,15.5,82.0000121334686
"1034",2531,0.000800796723244878,97,56,30.0000133466121
"1035",2529,0.00122698278424086,33,18,28.0000204497131
"1036",2546,0.00813330305496684,32,18,62.0001355550509
"1037",2537,0.0518110436470837,75,44,42.0008635173941
"1038",2543,0.00695289961085481,49,28,52.0001158816602
"1039",2558,0.0103309718907391,64.5,38.5,46.0001721828648
"1040",2560,0.00629661215789078,55.5,32.5,56.000104943536
"1041",2556,0.00810977719351069,70,42,74.0001351629532
"1042",2562,0.00701442639825407,87.5,50.5,36.0001169071066
"1043",2564,0.00780471267756903,41,23,64.0001300785446
"1044",2566,0.0152960128727938,76.5,44.5,80.0002549335479
"1045",2568,0.0705472904935321,94.5,54.5,82.0011757881749
"1046",2563,0.490544825729957,95,54,30.0081757470955
"1047",2444,0.15475697378945,37,22,50.0025792828965
"1048",2358,0.0522713205344757,57.5,32.5,70.0008711886756
"1049",2365,0.00272666382713553,84,49,30.0000454443971
"1050",2368,0.00125566413256967,36,21,32.0000209277355
"1051",2370,0.000929000886250427,37.5,21.5,80.0000154833481
"1052",2373,0.000760438713128182,94,54,42.0000126739786
"1053",2376,0.00578931543709587,49,28,76.0000964885906
"1054",2380,0.00108047551292074,90,52,38.0000180079252
"1055",2383,0.00310883918632161,44,25,14.0000518139864
"1056",2385,0.00247061785983901,15.5,8.5,26.0000411769643
"1057",2387,0.000582249441969264,32.5,19.5,44.0000097041574
"1058",2389,0.00167190365461653,54.5,32.5,28.0000278650609
"1059",2391,0.00194575312505766,29.5,15.5,26.0000324292188
"1060",2386,0.00209278072235393,32.5,19.5,32.0000348796787
"1061",2382,0.0015874114473245,38.5,22.5,68.0000264568575
"1062",2390,0.00257357785835825,82,48,30.0000428929643
"1063",2392,0.000364048316358588,37.5,22.5,36.0000060674719
"1064",2398,0.00140123720412842,38.5,20.5,34.0000233539534
"1065",2395,0.000979964584852098,38,21,22.0000163327431
"1066",2399,0.00200398045052025,26.5,15.5,32.0000333996742
"1067",2402,0.0010611719402432,39.5,23.5,74.000017686199
"1068",2378,0.00954715947182918,89,52,60.0001591193245
"1069",2372,0.00340557798893626,71,41,24.0000567596331
"1070",2371,0.000760438713128182,27.5,15.5,20.0000126739786
"1071",2375,0.0025678566150451,21.5,11.5,24.0000427976102
"1072",2369,0.00484148444108418,27,15,18.0000806914074
"1073",2360,0.00625737236889452,19.5,10.5,46.0001042895395
"1074",2455,0.441247817626103,56,33,50.0073541302938
"1075",2494,0.0615018540943057,61,36,62.0010250309016
"1076",2498,0.005443415175475,71.5,40.5,8.00009072358626
"1077",2487,0.0476902362558923,9,5,8.00079483727093
"1078",2499,0.0486589847171701,9.5,5.5,12.0008109830786
"1079",2503,0.0191889189493549,13,7,26.0003198153158
"1080",2506,0.00445616703754716,30,17,32.0000742694506
"1081",2511,0.00467798714004921,34,18,28.0000779664523
"1082",2513,0.000871631193639889,34,20,40.0000145271866
"1083",2516,0.000669654316323436,44.5,24.5,12.0000111609053
"1084",2539,0.0099361028436704,12.5,6.5,28.0001656017141
"1085",2554,0.00765213157076069,33.5,19.5,64.0001275355262
"1086",2557,0.00976491448775267,73.5,41.5,48.0001627485748
"1087",2544,0.0103309718907391,53.5,29.5,60.0001721828648
"1088",2542,0.00723892111004948,73,43,56.0001206486852
"1089",2555,0.00614262053243094,68.5,40.5,40.0001023770089
"1090",2561,0.00810977719351069,48,28,34.0001351629532
"1091",2538,0.0217978915028368,42,25,24.0003632981917
"1092",2517,0.0099361028436704,25.5,13.5,36.0001656017141
"1093",2519,0.000811786914010341,39.5,21.5,28.0000135297819
"1094",2522,0.00369828629401889,32,18,38.0000616381049
"1095",2514,0.0022913115911171,46.5,27.5,36.0000381885265
"1096",2523,0.00324113327571101,40,22,46.0000540188879
"1097",2520,0.00383994338239127,50.5,27.5,34.0000639990564
"1098",2515,0.00489263123663953,37,20,36.0000815438539
"1099",2512,0.00464754226236081,41,23,50.0000774590377
"1100",2518,0.0023389943094538,62.5,37.5,72.0000389832385
"1101",2525,0.00225869775175136,86,50,26.0000376449625
"1102",2532,0.00297279314178194,29,16,84.0000495465524
"1103",2528,0.00176327307501361,99,57,16.0000293878846
"1104",2533,0.00251057975537478,19.5,11.5,46.0000418429959
"1105",2530,0.00415009570177655,54.5,31.5,62.0000691682617
"1106",2526,0.00341455318185637,77,46,50.0000569092197
"1107",2508,0.00885839444413162,57,32,40.0001476399074
"1108",2505,0.00440749358197589,42.5,22.5,60.0000734582264
"1109",2507,0.00546207063445119,69,39,22.0000910345106
"1110",2541,0.0167188258929973,25,14,40.0002786470982
"1111",2545,0.00723892111004948,50,30,12.0001206486852
"1112",2535,0.0179536293135965,13.5,7.5,54.0002992271552
"1113",2500,0.0407811598955157,67,40,68.0006796859983
"1114",2565,0.253788167928406,80,46,68.0042298027988
"1115",2501,0.245468884776137,83,49,4.0040911480796
"1116",2483,0.0827598125303705,5,3,30.0013793302088
"1117",2436,0.085478326242426,32.5,17.5,46.0014246387707
"1118",2414,0.00959516612993189,56,33,38.0001599194355
"1119",2419,0.00134403711569797,41,22,66.0000224006186
"1120",2415,0.0033057464368827,76.5,43.5,66.0000550957739
"1121",2423,0.00377406592331725,77.5,44.5,66.0000629010987
"1122",2420,0.002310439950884,78.5,45.5,68.0000385073325
"1123",2416,0.00255748675972207,77.5,43.5,72.0000426247793
"1124",2413,0.00214462569623287,86,50,34.0000357437616
"1125",2412,0.0100448359916507,42.5,25.5,76.0001674139332
"1126",2409,0.00834917939639585,90,52,18.0001391529899
"1127",2407,0.00919019963778909,19,10,54.000153169994
"1128",2401,0.00778996559741425,65,38,54.00012983276
"1129",2400,0.0010611719402432,64,37,66.000017686199
"1130",2408,0.00778996559741425,80,47,52.00012983276
"1131",2418,0.0601612492269536,60.5,34.5,40.0010026874871
"1132",2324,0.308569558577626,43.5,23.5,18.0051428259763
"1133",2316,0.00190232800625826,18,9,18.0000317054668
"1134",2318,0,22,13,76
"1135",2325,0.00222854488687968,88.5,50.5,74.0000371424148
"1136",2319,0.00435094835857535,88,51,54.000072515806
"1137",2322,0.00157371341474955,65.5,38.5,40.0000262285569
"1138",2317,0.00193050784293064,47.5,27.5,6.00003217513072
"1139",2323,0.00193050784293064,6,3,54.0000321751307
"1140",2326,0.000125249424145223,60,33,34.0000020874904
"1141",2315,0.00407583362266281,35.5,18.5,50.0000679305604
"1142",2312,0.0168251355794248,60,35,4.00028041892632
"1143",2327,0.0128050939443203,5,3,46.0002134182324
"1144",2333,0.0839642133791631,53.5,30.5,8.00139940355632
"1145",2284,0.168191250350937,9,5,60.0028031875058
"1146",2286,0.000205599960973136,72,42,36.000003426666
"1147",2301,0.00903335820961997,41.5,23.5,42.0001505559702
"1148",2295,0.0029760282094051,51,30,64.0000496004702
"1149",2297,0.000405520741195395,72.5,40.5,40.000006758679
"1150",2299,0.00162360044257962,48.5,28.5,46.0000270600074
"1151",2305,0.00179270807119837,56,33,38.0000298784679
"1152",2307,0.00236970241862711,44.5,25.5,20.0000394950403
"1153",2294,0.0202026850294502,20.5,10.5,56.0003367114172
"1154",2290,0.00104710274821229,67.5,39.5,22.0000174517125
"1155",2289,0.00127996675161003,26.5,15.5,54.0000213327792
"1156",2285,0.00271673818553585,63.5,36.5,72.0000452789698
"1157",2302,0.00595713261030607,86,50,24.0000992855435
"1158",2304,0.00289623577740256,26,14,16.0000482705963
"1159",2300,0.00179270807119837,19.5,11.5,50.0000298784679
"1160",2292,0.00317303632651201,55,30,56.0000528839388
"1161",2296,0.00136673814943531,64.5,36.5,28.0000227789692
"1162",2293,0.0013847192668527,35,21,84.0000230786545
"1163",2303,0.00464456057314204,98,56,50.0000774093429
"1164",2291,0.0122619837739883,62,37,46.0002043663962
"1165",2298,0.00364861533593741,50,27,62.0000608102556
"1166",2306,0.00240040548668119,71,40,30.0000400067581
"1167",2309,0.0076229030717756,37,22,50.0001270483845
"1168",2311,0.00379641591310507,62,37,62.0000632735985
"1169",2313,0.00403240473825257,74.5,43.5,64.0000672067456
"1170",2567,0.771389636220301,78,46,56.012856493937
"1171",2314,0.75983415266379,63,35,26.0126639025444
"1172",2320,0.00643898615579836,32.5,19.5,50.0001073164359
"1173",2308,0.0244899368840535,59.5,34.5,30.0004081656147
"1174",2310,0.000929011167800299,30,15,18.0000154835195
"1175",2287,0.0105778648638612,19,10,10.0001762977477
"1176",2321,0.056594479398789,12.5,7.5,48.0009432413233
"1177",2288,0.0349148072870785,58.5,34.5,48.0005819134548
"1178",2362,0.15450693013302,59,35,74.0025751155022
"1179",2366,0.00144540574840769,88.5,51.5,38.0000240900958
"1180",2363,0.00288315044918886,47,28,66.0000480525075
"1181",2359,0.0102323017329126,78.5,45.5,6.00017053836222
"1182",2374,0.00852585031118718,7,4,20.0001420975052
"1183",2388,0.00464507104866791,20,10,60.0000774178508
"1184",2379,0.00274230551313067,70,40,54.0000457050919
"1185",2377,0.00108047551292074,66,39,56.0000180079252
"1186",2381,0.00795542761660654,69,41,40.0001325904603
"1187",2396,0.00830603518389889,43.5,23.5,76.0001384339197
"1188",2393,0.0041212224169676,88,50,38.0000686870403
"1189",2384,0.00350904283524665,45,26,16.0000584840473
"1190",2394,0.00257507914246162,17.5,9.5,28.0000429179857
"1191",2404,0.00368592036072513,34.5,20.5,70.000061432006
"1192",2410,0.0102172104179962,81.5,46.5,22.0001702868403
"1193",2403,0.0153283846593572,23.5,12.5,8.00025547307766
"1194",2405,0.00434004891787436,10,6,56.0000723341486
"1195",2397,0.00459691272974306,67.5,39.5,58.0000766152122
"1196",2406,0.00329289847557857,72.5,43.5,60.0000548816413
"1197",2367,0.0144656504819757,67.5,37.5,36.0002410941747
"1198",2364,0.0142417223183654,44,26,62.0002373620386
"1199",2411,0.039538824849562,75,44,22.0006589804142
"1200",2282,0.382732213569767,23.5,12.5,74.0063788702262
"1201",2175,1.50277259001588,89,52,14.0250462098336
"1202",2177,0,14.5,7.5,64
"1203",2179,0.00689505031481855,73.5,41.5,16.0001149175052
"1204",2187,0.0261595885323633,18,10,68.0004359931422
"1205",2185,0.00266316817829613,77.5,43.5,40.0000443861363
"1206",2183,0.000418734954318122,49,29,54.0000069789159
"1207",2188,0.00266316817829613,65.5,38.5,44.0000443861363
"1208",2195,0.00450318800785222,51.5,29.5,68.0000750531335
"1209",2198,0.0025194307112227,80.5,46.5,6.00004199051185
"1210",2194,0.00490332484556425,7,4,74.0000817220808
"1211",2193,0.00191218084903042,87.5,50.5,84.0000318696808
"1212",2190,0.00121109811631889,99,57,28.0000201849686
"1213",2184,0.00568442170436148,30,16,30.0000947403617
"1214",2191,0.00568442170436148,30,15,16.0000947403617
"1215",2186,0.00343747299630897,19,11,66.0000572912166
"1216",2197,0.0143785618261226,76,43,56.0002396426971
"1217",2196,0.0025194307112227,68,40,38.0000419905119
"1218",2192,0.00445434397994765,46.5,27.5,20.0000742390663
"1219",2199,0.00506156893938593,20,10,50.0000843594823
"1220",2189,0.0306442476171588,61,36,74.0005107374603
"1221",2182,0.0172184181205384,86,49,30.0002869736353
"1222",2200,0.0215115059494423,35,20,74.0003585250992
"1223",2202,0.00445148957605246,86,49,54.0000741914929
"1224",2201,0.224128876346079,64,37,18.0037354812724
"1225",2203,0.221851125273614,22,13,56.0036975187546
"1226",2209,0.0069123325466106,69.5,41.5,66.0001152055424
"1227",2212,0.00355385885903146,78,45,36.000059230981
"1228",2210,0.00373622104205695,44.5,26.5,72.0000622703507
"1229",2216,0.0061923764297462,84.5,48.5,64.0001032062738
"1230",2215,0.00308957728323608,77,45,18.0000514929547
"1231",2219,0.0038844021378268,21.5,12.5,28.0000647400356
"1232",2218,0.00154917111875006,30,16,74.0000258195186
"1233",2222,0.0013322235545996,87.5,50.5,34.0000222037259
"1234",2221,0.00437989807324504,35,18,28.0000729983012
"1235",2223,0.00170341422236722,28,14,20.000028390237
"1236",2230,0.0118516923822826,25,15,46.0001975282064
"1237",2232,0,57,34,26
"1238",2236,0.00576945997863281,30,17,34.0000961576663
"1239",2238,0.0135037640738003,37.5,20.5,10.0002250627346
"1240",2235,0.0826155037057597,11.5,6.5,56.0013769250618
"1241",2234,0.00302430596723203,65,37,40.0000504050995
"1242",2233,0.00721872097905731,45.5,25.5,56.0001203120163
"1243",2231,0.0134916386923609,66.5,38.5,80.0002248606449
"1244",2228,0.00519662156895839,94,54,20.0000866103595
"1245",2227,0.00277191886601519,22,12,62.0000461986478
"1246",2229,0.00277191886601519,76.5,45.5,58.0000461986478
"1247",2225,0.00760435106290127,71.5,42.5,64.0001267391844
"1248",2220,0.00780758454107574,74,42,64.000130126409
"1249",2226,0.00592400096451657,72.5,40.5,72.0000987333494
"1250",2217,0.00858732798223253,85.5,49.5,50.000143122133
"1251",2213,0.00661730131887561,62.5,37.5,42.0001102883553
"1252",2208,0.00957180780876705,52,31,42.0001595301301
"1253",2214,0.00498041446933377,51,30,66.0000830069078
"1254",2211,0.0116746506277462,81,48,36.0001945775105
"1255",2207,0.00814258860691619,43.5,25.5,76.0001357098101
"1256",2204,0.00717674508026625,90.5,52.5,56.000119612418
"1257",2206,0.00557136994600509,64,36,8.00009285616577
"1258",2224,0.0249049166951727,10,6,58.0004150819449
"1259",2239,0.0949136977231485,67.5,38.5,26.0015818949621
"1260",2262,0.111407440593874,27,14,40.0018567906766
"1261",2264,0.000786856309781816,46,26,28.0000131142718
"1262",2266,0.00211767149209633,32.5,18.5,70.0000352945249
"1263",2270,0.00218468420150828,82,47,2.00003641140336
"1264",2273,0.0026035224778035,2,1,16.0000433920413
"1265",2272,0.00373665423529209,19,11,32.0000622775706
"1266",2271,0.0026035224778035,33.5,17.5,14.0000433920413
"1267",2268,0.00218484372424861,17.5,10.5,70.0000364140621
"1268",2265,0.00326459394357878,84.5,49.5,48.0000544098991
"1269",2261,0.00201755724206326,59,35,30.000033625954
"1270",2240,0.111407440593874,35,20,32.0018567906766
"1271",2277,0.321074324190751,34.5,18.5,40.0053512387365
"1272",2361,0.64399552347936,48,28,22.0107332587247
"1273",2281,0.33598335965651,22,11,56.0055997226609
"1274",2280,0.0424710261401834,68,40,52.0007078504357
"1275",2274,0.403688074036192,59,33,62.0067281345673
"1276",2276,0.0105988102770378,77,46,54.000176646838
"1277",2275,0.0259887766981768,60,33,60.0004331462783
"1278",2242,0.0747656517599771,71.5,41.5,56.001246094196
"1279",2246,0.00348994684375226,64,36,82.0000581657807
"1280",2255,0.0070783972001375,95.5,54.5,70.0001179732867
"1281",2257,0.0015208704463147,85,50,32.0000253478408
"1282",2260,0.00249004257903694,36.5,20.5,44.0000415007096
"1283",2256,0.00254608859573117,53,31,52.0000424348099
"1284",2258,0.00257367309214971,59.5,33.5,24.0000428945515
"1285",2267,0.00507576141685054,27.5,15.5,84.0000845960236
"1286",2263,0.00423295671476597,99,57,36.0000705492786
"1287",2251,0.00606186277330254,44,26,54.0001010310462
"1288",2250,0.0019938297812753,62,35,12.0000332304964
"1289",2252,0.00400965264568765,14,8,54.0000668275441
"1290",2254,0.000448499599369231,64,37,60.0000074749933
"1291",2259,0.0035808619342238,70,40,10.0000596810322
"1292",2269,0.00621229153774088,12.5,7.5,42.0001035381923
"1293",2247,0.0129719023683656,46,25,32.0002161983728
"1294",2249,0.00245656288644542,39.5,23.5,50.0000409427148
"1295",2253,0.000961048071102751,56,31,62.0000160174678
"1296",2248,0.00425226669730787,72.5,41.5,2.00007087111162
"1297",2245,0.00418832568488177,2.5,1.5,84.0000698054281
"1298",2243,0.00348994684375226,98.5,56.5,46.0000581657807
"1299",2205,0.476844811686911,56.5,33.5,44.0079474135281
"1300",2237,0.0727628880211202,49.5,27.5,38.0012127148004
"1301",2244,0.481904936523974,46,27,50.0080317489421
"1302",2510,1.04574440004389,60.5,35.5,38.0174290733341
"1303",2536,0.0169065084188056,43.5,24.5,44.0002817751403
"1304",2549,0.0209059789214453,51,29,52.000348432982
"1305",2552,0.0230491464581641,59.5,33.5,52.000384152441
"1306",2551,0.00112870292217228,64.5,38.5,50.0000188117154
"1307",2553,0.00417193340237509,55,30,60.0000695322234
"1308",2540,0.00765213157076069,75,45,66.0001275355262
"1309",2550,0.120343399577595,80.5,47.5,44.0020057233263
"1310",2548,0.00309148955373055,53.5,31.5,28.0000515248259
"1311",2547,0.0713894676400572,29.5,15.5,38.0011898244607
"1312",2559,0.0103754007479755,45,26,24.0001729233458
"1313",2570,0.570919267187442,27.5,15.5,28.0095153211198
"1314",2574,0.00471018082802369,30.5,16.5,58.0000785030138
"1315",2569,1.34079544760597,72.5,43.5,64.0223465907934
"1316",2571,1.02774959014818,75.5,43.5,66.0171291598358
"1317",2573,0.0132342027931463,79.5,46.5,30.0002205700466
"1318",2572,0.0277921463861992,31.5,16.5,50.0004632024398
"1319",2331,0.958503468104951,56.5,31.5,70.0159750578017
"1320",2330,0.00760428720473848,84.5,49.5,24.0001267381201
"1321",2332,0.00739092840085456,29,17,74.00012318214
"1322",2328,0.0839642133791631,87,50,26.0013994035563
"1323",2241,0.911016353106211,30,17,46.0151836058851
"1324",2329,1.1830963445105,57.5,34.5,38.0197182724085
"1325",1936,3.08187866689975,47.5,28.5,54.0513646444483
"1326",1933,0.011628560046381,61.5,34.5,42.0001938093341
"1327",1932,0.00306421407011369,47.5,26.5,62.0000510702345
"1328",1937,0.011628560046381,70,39,62.0001938093341
"1329",1939,0.000667169559676051,77,46,52.0000111194927
"1330",1945,0.00252221113429733,60,34,52.0000420368522
"1331",1947,0.00315648338943692,61,35,74.0000526080565
"1332",1946,0.0116021330799938,85,48,32.0001933688847
"1333",1948,0.00897543083449615,36,20,26.0001495905139
"1334",1935,0.0443920222227207,31.5,18.5,54.000739867037
"1335",1896,0.588146608188914,64,37,72.0098024434698
"1336",1899,0.01317434329941,83,47,88.0002195723883
"1337",1901,0.00112549761028808,103,59,38.0000187582935
"1338",1903,0.013963571704844,44,25,44.0002327261951
"1339",1905,0.0114006289755039,52,30,42.0001900104829
"1340",1912,0.00909281976571986,49.5,28.5,62.0001515469961
"1341",1914,0.00148641755580277,72,41,36.0000247736259
"1342",1920,0.00818288024461509,37.5,19.5,58.0001363813374
"1343",1919,0.00512667071738718,70,41,26.000085444512
"1344",1916,0.00810244110030538,31,18,52.000135040685
"1345",1959,0.344260080206249,60,34,60.0057376680034
"1346",1971,0.0201735789086679,67.5,37.5,20.0003362263151
"1347",1970,0.00266472964117435,21.5,11.5,46.0000444121607
"1348",1974,0.00255512956958411,51,28,40.0000425854928
"1349",1997,0.0145178978266534,49.5,29.5,14.0002419649638
"1350",2073,0.092473214700498,15.5,8.5,58.001541220245
"1351",2066,0.00410811537088563,68.5,39.5,30.0000684685895
"1352",2062,0.00176447186999858,37,22,66.0000294078645
"1353",2056,0.00184803060520096,78,45,22.0000308005101
"1354",2052,0.00142134321014066,22.5,11.5,26.0000236890535
"1355",2051,0.000616216432956918,28,15,60.0000102702739
"1356",2054,0.000751281436943628,74.5,44.5,56.0000125213573
"1357",2061,0.00122922360732239,63.5,35.5,50.0000204870601
"1358",2067,0.00176447186999858,62.5,37.5,70.0000294078645
"1359",2064,0.000954266590884891,81,46,16.0000159044432
"1360",2058,0.00129600450848297,16,8,54.0000216000751
"1361",2028,0.00561632172879761,61.5,34.5,46.0000936053621
"1362",2030,0.000558946958438888,57.5,34.5,42.0000093157826
"1363",2060,0.00501323965901389,46.5,25.5,12.0000835539943
"1364",2055,0.00122922360732239,12,6,82.0000204870601
"1365",2053,0.000925719324592227,95,54,74.0000154286554
"1366",2057,0.00144058548159946,89,52,48.000024009758
"1367",2065,0.00129600450848297,53,29,70.0000216000751
"1368",2068,0.000934970195942981,83.5,48.5,48.0000155828366
"1369",2070,0.00016006499884882,55,31,34.00000266775
"1370",2072,0,40.5,23.5,34
"1371",2071,0,37,20,28
"1372",1966,0.08394375702193,31,17,28.001399062617
"1373",1969,0,34,20,32
"1374",1968,0,37.5,21.5,50
"1375",1967,0,58.5,33.5,72
"1376",1972,0.00266472964117435,82.5,46.5,58.0000444121607
"1377",1978,0.00471769245043045,67.5,38.5,60.0000786282075
"1378",1990,0.00515806796998849,72.5,42.5,38.0000859677995
"1379",1977,0.065283419225144,44,25,8.00108805698709
"1380",1987,0.0026615955965962,10,6,50.0000443599266
"1381",1984,0.00302796914770749,57,32,44.0000504661525
"1382",1989,0.00801383775755217,48,26,68.0001335639626
"1383",1993,0.000954278768587727,79,45,44.0000159046461
"1384",1992,0.00525777906387923,51,29,60.0000876296511
"1385",1979,0.00532591593034202,73,43,52.0000887652655
"1386",1986,0.000616175045944977,64,38,32.0000102695841
"1387",1976,0.00400182561024568,33,17,36.0000666970935
"1388",1994,0.00656710128251249,42,24,64.000109451688
"1389",1985,0.00916079862381481,73.5,41.5,10.0001526799771
"1390",1980,0.000616175045944977,10,5,14.0000102695841
"1391",1983,0.00178004980060858,16.5,9.5,30.0000296674967
"1392",1982,0.00200481694016591,35.5,20.5,76.0000334136157
"1393",1981,0.00178004980060858,89,51,78.0000296674967
"1394",1988,0.00483645476850586,90.5,51.5,28.0000806075795
"1395",2000,0.011523603137788,31,17,14.0001920600523
"1396",2003,0.00257856584582068,17,10,10.0000429760974
"1397",2002,0.0016925788392748,12.5,7.5,90.0000282096473
"1398",2001,0.00257856584582068,105,60,56.0000429760974
"1399",2004,0.0016925788392748,63,35,54.0000282096473
"1400",1996,0.012215048039363,66,39,8.00020358413399
"1401",2017,0.00957216549780292,9,5,36.0001595360916
"1402",2020,0,42,24,48
"1403",2026,0.00220133172841106,58.5,34.5,42.0000366888621
"1404",2038,0.00209250096567492,47,26,8.00003487501609
"1405",2047,0.000586306160918599,8,4,16.0000097717693
"1406",2049,0.00068916043655529,16,8,28.0000114860073
"1407",2041,0.00154286495915804,33,19,24.000025714416
"1408",2048,0.00153117318833602,24,12,46.0000255195531
"1409",2042,0.00218395879043546,55,32,36.0000363993132
"1410",2029,0.00183915650013118,39.5,21.5,44.0000306526083
"1411",2043,0.00173057327729808,52,30,24.000028842888
"1412",2046,0,29.5,17.5,74
"1413",2039,0.000586306160918599,88,51,80.0000097717694
"1414",2037,0.00137734914535341,94,54,72.0000229558191
"1415",2027,0.00209250096567492,82.5,46.5,44.0000348750161
"1416",2012,0.00378862696215038,49,27,64.0000631437827
"1417",2010,0.000440597773057051,76.5,44.5,22.0000073432962
"1418",2015,0.000920518876639382,22.5,11.5,20.0000153419813
"1419",2009,0.00111615222287767,20.5,10.5,30.000018602537
"1420",2013,0.000440597773057051,34.5,19.5,6.00000734329622
"1421",2024,0.0023249709251015,7,4,36.0000387495154
"1422",2059,0.00729794348134237,44.5,26.5,66.0001216323914
"1423",2031,0.00501323965901389,76.5,43.5,48.0000835539943
"1424",2021,0.00323371481981483,57.5,33.5,10.000053895247
"1425",2023,0.0073499198978562,12.5,7.5,36.000122498665
"1426",2014,0.0023249709251015,43.5,25.5,16.0000387495154
"1427",2011,0.000920518876639382,16,8,30.0000153419813
"1428",2016,0.00616859624097181,36,21,38.0001028099373
"1429",2035,0.00357097719587602,41,22,48.0000595162866
"1430",2040,0.00274278196356614,56.5,32.5,62.0000457130327
"1431",2050,0.00154286495915804,72.5,41.5,60.000025714416
"1432",2063,0.00291645454617778,74,44,34.0000486075758
"1433",2074,0.00415663593249918,41.5,24.5,18.0000692772655
"1434",2076,0,18,9,44
"1435",2078,0.000205405670306628,52,30,56.0000034234278
"1436",2077,0.000947562539701223,64.5,36.5,26.000015792709
"1437",2079,0.000756605879094193,29,16,72.000012610098
"1438",2083,0.021915954370944,84.5,48.5,68.0003652659062
"1439",2080,0.279785432142689,78,44,22.0046630905357
"1440",2123,0.209148728008639,26.5,15.5,64.0034858121335
"1441",2126,0.27156390626366,73.5,41.5,74.0045260651044
"1442",2122,0.00824364624050829,89,52,40.000137394104
"1443",2119,0.0744272901807799,48,28,8.00124045483635
"1444",2081,0.194065212245981,8,4,68.0032344202041
"1445",1964,0.172673996410236,80.5,46.5,30.0028778999402
"1446",1962,0.00778624549828626,30,15,66.0001297707583
"1447",1961,0.00758041849557337,79.5,46.5,88.0001263403083
"1448",1965,0.00778624549828626,103,59,86.0001297707583
"1449",1963,0.00207248061142883,100,57,36.0000345413435
"1450",2082,0.172673996410236,43,25,50.0028778999402
"1451",2084,0.297648966948844,59,34,70.0049608161158
"1452",2089,0.0230207709818266,83.5,48.5,18.0003836795164
"1453",2088,0.0023039039561139,21,12,84.0000383983993
"1454",2091,0.00161324413932121,97.5,55.5,32.0000268874023
"1455",2093,0.00306018139822424,34.5,18.5,8.0000510030233
"1456",2092,0.0050647247498343,8.5,4.5,52.0000844120792
"1457",2094,0.00399884249012708,62,36,48.0000666473748
"1458",2086,0.0378939355594295,55,31,70.0006315655927
"1459",2090,0.00487094365122791,81.5,46.5,34.0000811823942
"1460",2087,0.00747506326624442,38,21,60.0001245843878
"1461",2085,0.0274827815259128,72.5,42.5,60.0004580463588
"1462",2095,0.0378939355594295,74.5,44.5,28.0006315655927
"1463",2181,2.17973927006229,32,18,50.0363289878344
"1464",2180,0.0729021515283901,60,35,52.0012150358588
"1465",2178,0.134050721779005,61,35,52.0022341786963
"1466",2176,0.00334828833400494,64,38,34.0000558048056
"1467",2279,0.754470319443019,39.5,22.5,56.0125745053241
"1468",2278,1.05367256062085,62.5,34.5,34.0175612093437
"1469",2125,2.42352761540612,35.5,18.5,18.0403921269234
"1470",2124,0.27156390626366,21.5,12.5,86.0045260651044
"1471",1931,0.789449122326356,100.5,57.5,50.0131574853721
"1472",1934,0.00306421407011369,56,31,16.0000510702345
"1473",1926,0.0308600905512608,19.5,11.5,80.0005143348425
"1474",1921,0.0106502976997467,94.5,54.5,42.0001775049617
"1475",1923,0.00344752584960052,49.5,28.5,48.0000574587642
"1476",1915,0.019964932042708,53,29,50.0003327488674
"1477",1913,0.00414552267717152,60,35,68.0000690920446
"1478",1910,0.00544663732762836,79,45,82.0000907772888
"1479",1922,0.169005841198877,95,54,66.00281676402
"1480",1911,0.172449930731924,80.5,47.5,54.0028741655122
"1481",1906,0.00909281976571986,61,34,28.0001515469961
"1482",1909,0.00396152347635047,31.5,17.5,16.0000660253913
"1483",1907,0.00518062731507756,20,12,52.0000863437886
"1484",1918,0.0143833156699611,62.5,36.5,56.0002397219278
"1485",1927,0.0143197693249909,64,36,38.0002386628221
"1486",1924,0.0228219190595696,46.5,27.5,64.0003803653177
"1487",1908,0.0365827449296603,73.5,41.5,50.0006097124155
"1488",1904,0.0344911855120762,57.5,32.5,56.0005748530919
"1489",1925,0.0401235583018261,63,35,0.000668725971697102
"1490",1930,0.0697532016806797,0,0,72.0011625533614
"1491",1928,0.0179540892918385,84,48,40.0002992348215
"1492",1902,0.0524269844719297,47.5,27.5,32.0008737830745
"1493",1929,0.0464732802488375,33,17,60.0007745546708
"1494",1949,0.0560565675498234,69.5,39.5,78.0009342761258
"1495",1954,0.0197818051764888,92,53,22.0003296967529
"1496",1872,0.514989987196568,25.5,14.5,70.0085831664533
"1497",1874,0.00605048361065507,83,48,26.0001008413935
"1498",1877,0.00158383252457682,28,15,44.0000263972087
"1499",1875,0.00462541493203322,52,30,32.0000770902489
"1500",1879,0.0109118231601462,32.5,16.5,88.0001818637193
"1501",1882,0.00127141044122935,103,59,4.00002119017402
"1502",1880,0.00167322708265272,5,3,24.000027887118
"1503",1878,0.010099045682727,30,18,10.000168317428
"1504",1883,0.00923173065432858,10.5,5.5,82.0001538621776
"1505",1881,0.0169937356493801,95.5,54.5,62.0002832289275
"1506",1876,0.0199167992341781,73,42,58.0003319466539
"1507",1884,0.0252568507062288,67.5,38.5,74.0004209475118
"1508",1888,0.0116336788657909,88.5,51.5,54.0001938946478
"1509",1892,0.0176778714750941,67,40,10.0002946311913
"1510",1917,0.49039003887123,10.5,5.5,16.0081731673145
"1511",1941,0.29639501056248,17.5,9.5,28.0049399168427
"1512",1944,0,34,20,48
"1513",1940,0.00252221113429733,55.5,31.5,68.0000420368522
"1514",1938,0.0044869562768563,79.5,45.5,62.0000747826046
"1515",1943,0.00482680576589262,73.5,42.5,52.0000804467628
"1516",1942,0,57.5,31.5,60
"1517",1886,0.593371511257952,72,42,8.00988952518763
"1518",1817,0.353457788192528,10,6,56.0058909631365
"1519",1815,0.146419871186317,67,39,24.0024403311864
"1520",1813,0.0121312763765255,26.5,14.5,60.0002021879396
"1521",1816,0.0123459807177267,70.5,40.5,62.0002057663453
"1522",1814,0.0261219217245485,71,40,84.0004353653621
"1523",1818,0.146419871186317,97.5,55.5,42.0024403311864
"1524",1820,0,47.5,26.5,56
"1525",1823,0.0046736348981751,63,35,46.000077893915
"1526",1826,0.00258267909482547,55,32,56.0000430446516
"1527",1825,0.00179547645267316,69.5,41.5,70.0000299246075
"1528",1828,0.00245469450123313,84,49,60.000040911575
"1529",1824,0.00534701083085745,70,40,22.0000891168472
"1530",1827,0.00179547645267316,25.5,14.5,80.0000299246075
"1531",1829,0.00165049309229498,93.5,53.5,54.0000275082182
"1532",1869,0.266576688740021,62,35,14.0044429448123
"1533",1830,0.267201934042217,16.5,9.5,10.0044533655674
"1534",1832,0.00922438491558247,10,5,80.0001537397486
"1535",1835,0.0625177149247801,93,53,40.0010419619154
"1536",1838,0.00416183227481134,48.5,28.5,84.0000693638712
"1537",1836,0.0144175568465656,98,56,60.0002402926141
"1538",1840,0.0150619853161696,73.5,43.5,4.0002510330886
"1539",1839,0.0144304055104891,4,2,86.0002405067585
"1540",1837,0.0150619853161696,101,58,78.0002510330886
"1541",1834,0.0152882673803349,91.5,52.5,62.0002548044563
"1542",1841,0.0268943829229519,77,46,8.00044823971538
"1543",1852,0.00912564764329829,8.5,4.5,78.0001520941274
"1544",1854,0.000111194927084224,90.5,51.5,24.0000018532488
"1545",1853,0.000333584781252672,28,16,84.0000055597464
"1546",1855,0.000222389854168448,98,56,46.0000037064976
"1547",1858,0.00116257915375964,57,34,78.0000193763192
"1548",1862,0.00256992489002868,91.5,52.5,32.0000428320815
"1549",1864,0.00180533728751135,40,24,16.0000300889548
"1550",1861,0.00265758244787483,16,8,60.0000442930408
"1551",1859,0.00256992489002868,70,40,58.0000428320815
"1552",1856,0.00307912515477703,67.5,38.5,74.0000513187526
"1553",1865,0.00485000158406772,88.5,51.5,28.0000808333597
"1554",1867,0.00925302524437682,33,19,54.0001542170874
"1555",1870,0.27168671260301,60.5,33.5,88.0045281118767
"1556",1773,0.508637313673861,103,59,26.0084772885612
"1557",1833,0.270132472572715,31,18,56.0045022078762
"1558",1842,0.0813815781153357,66,38,46.0013563596353
"1559",1760,0.371882178256729,55.5,32.5,40.0061980363043
"1560",1758,0.0165736034330745,47.5,27.5,44.0002762267239
"1561",1757,0.00724286034974992,47.5,25.5,38.0001207143392
"1562",1755,0.0103915510732944,45.5,26.5,44.0001731925179
"1563",1762,0.299798771449533,48.5,26.5,32.0049966461908
"1564",1764,0.0227479044453821,35,19,34.0003791317408
"1565",1681,0.280149214831243,42,25,84.0046691535805
"1566",1686,0.00794589190495518,98.5,56.5,46.0001324315318
"1567",1719,0.0354522046033652,52,29,36.0005908700767
"1568",1721,0.00253175095072726,39,21,60.0000421958492
"1569",1725,0.00212984132627453,73.5,43.5,56.0000354973554
"1570",1784,0.435633275432473,65.5,37.5,72.0072605545905
"1571",1790,0.00212118758025955,86.5,50.5,38.0000353531263
"1572",1786,0.00176501534645272,44,25,78.0000294169224
"1573",1780,0.00622922993801162,91.5,52.5,26.000103820499
"1574",1779,0.0057072600633097,29,16,46.0000951210011
"1575",1778,0.00184553631098882,55,32,74.0000307589385
"1576",1781,0.0057072600633097,87.5,50.5,28.0000951210011
"1577",1812,0.266892222405506,28,14,62.0044482037068
"1578",1748,0.273170582434593,73,42,28.0045528430406
"1579",1750,0.0294757888200434,33,19,58.000491263147
"1580",1761,0.0255288407100823,72,43,36.0004254806785
"1581",1756,0.299798771449533,39,21,28.0049966461908
"1582",1759,0.00724286034974992,30.5,16.5,44.0001207143392
"1583",1843,0.371882178256729,49,27,14.0061980363043
"1584",1845,5.75706042899786e-05,16,9,62.0000009595101
"1585",1848,5.75706242142004e-05,71.5,40.5,66.0000009595104
"1586",1831,0.132804029572438,81,48,52.0022134004929
"1587",1849,0.123691675239338,63,37,20.0020615279207
"1588",1844,0.0021560744644744,24.5,14.5,58.0000359345744
"1589",1847,0.00135185771061263,71.5,42.5,24.0000225309618
"1590",1846,5.75706242142004e-05,25,13,40.0000009595104
"1591",1850,0.00215961171793409,49.5,29.5,44.0000359935286
"1592",1863,0.00386364759610642,51,29,40.0000643941266
"1593",1851,0.00477228392300902,43,23,70.0000795380654
"1594",1857,0.0177039729217884,84,49,30.0002950662154
"1595",1860,0.00358792093900772,35.5,20.5,62.0000597986823
"1596",1866,0.0146447358157568,74,43,64.0002440789303
"1597",1895,0.380176763115793,72.5,40.5,70.0063362793853
"1598",1950,0.348826871742106,83.5,48.5,34.0058137811957
"1599",1900,0.156225372919655,42,25,42.0026037562153
"1600",1898,0.011933603302155,52,31,44.0001988933884
"1601",1897,0.01317434329941,49.5,27.5,54.0002195723883
"1602",1951,0.164049551736417,66,39,70.0027341591956
"1603",1953,0.000111194924254931,81.5,46.5,34.0000018532487
"1604",1952,0.000111194924254931,36,19,20.0000018532487
"1605",1889,0.487464543701521,22.5,12.5,58.0081244090617
"1606",1885,0.0153188912541136,72,43,16.0002553148542
"1607",1868,0.475612258498103,16.5,8.5,44.007926870975
"1608",1955,0.521637711202483,51,29,20.0086939618534
"1609",1821,0.710221415219292,20,10,40.011837023587
"1610",1768,0.519404809116558,50,30,34.0086567468186
"1611",1767,0.0160979296072484,40,23,62.0002682988268
"1612",1769,0.00288537004954327,71,40,32.0000480895008
"1613",1771,0.00253304245988833,35,19,20.0000422173743
"1614",1770,0.0126330538294738,21,11,48.0002105508972
"1615",1772,0.01014362840697,54.5,30.5,54.0001690604734
"1616",1787,0.112345036599312,62.5,35.5,18.0018724172767
"1617",1796,0.00330515896587968,21,12,60.0000550859828
"1618",1819,0.0726853720218419,67.5,37.5,52.001211422867
"1619",1797,0.0726853720218419,63,37,40.001211422867
"1620",1802,0.000988319159582374,43.5,23.5,48.000016471986
"1621",1804,0.00135419852821926,56,32,16.0000225699755
"1622",1808,0.00990277451702082,20,12,60.000165046242
"1623",1807,0.0130633194581872,69.5,39.5,76.000217721991
"1624",1806,0.00609751710156092,88,50,58.000101625285
"1625",1801,0.00539036309561169,67.5,38.5,86.0000898393849
"1626",1798,0.000988319159582374,101,58,52.000016471986
"1627",1793,0.00274751787620671,58.5,32.5,66.0000457919646
"1628",1791,0.0021377551855596,78,45,26.0000356292531
"1629",1789,0.00600897047687477,30,17,62.000100149508
"1630",1785,0.00212118758025955,71,40,76.0000353531263
"1631",1794,0.00384212460044227,88.5,50.5,50.00006403541
"1632",1805,0.0272502237029456,56.5,31.5,58.0004541703951
"1633",1795,0.0172885627116131,67.5,38.5,46.0002881427119
"1634",1788,0.00330515896587968,52,29,74.0000550859828
"1635",1792,0.00600897047687477,85.5,48.5,18.0001001495079
"1636",1799,0.00274751787620671,20,11,58.0000457919646
"1637",1783,0.00631546570067438,71,42,36.0001052577617
"1638",1803,0.0214142735233151,41.5,23.5,56.0003569045587
"1639",1777,0.0229149058675285,69,41,56.0003819150978
"1640",1776,0.0226973355584972,69,41,28.000378288926
"1641",1800,0.0218013528704274,30,16,90.0003633558812
"1642",1809,0.0174244126233298,105,60,32.0002904068771
"1643",1811,0.0231559125901742,33.5,17.5,56.0003859318765
"1644",1782,0.266892222405506,69,41,40.0044482037068
"1645",1751,0.362191455768098,44,24,44.0060365242628
"1646",1754,0.00490576387602144,51.5,29.5,34.0000817627313
"1647",1752,0.0213007839052087,38,21,64.0003550130651
"1648",1745,0.474014153470237,74,42,46.0079002358912
"1649",1747,0.000448476398686289,54.5,31.5,72.0000074746066
"1650",1746,0.00324637579536159,84.5,48.5,46.0000541062633
"1651",1668,0.186567877471881,55,32,22.0031094646245
"1652",1673,0.00491930501734633,25,14,60.000081988417
"1653",1687,0.0900671281758184,73.5,43.5,38.0015011188029
"1654",1683,0.0163473401073628,41,22,12.0002724556685
"1655",1685,0.00937001727948438,15,9,80.0001561669547
"1656",1682,0.00794589190495518,93.5,53.5,56.0001324315317
"1657",1688,0.0163473401073628,64,36,22.0002724556685
"1658",1690,0.00121714588907761,22,11,86.0000202857648
"1659",1689,0.00125712321463423,100,57,38.0000209520536
"1660",1691,0.000444779705507603,42.5,23.5,16.0000074129951
"1661",1693,0.00189974478159817,18.5,10.5,54.000031662413
"1662",1707,0.0664881601225722,62,35,66.001108136002
"1663",1712,0.00318687968929345,79,46,28.0000531146615
"1664",1714,0.000563710666708534,33,19,22.0000093951778
"1665",1708,0.00434540844070715,26.5,15.5,72.000072423474
"1666",1710,0.000115435358145841,85.5,49.5,46.0000019239226
"1667",1709,0.000281849640657812,56.5,33.5,40.000004697494
"1668",1711,0.000229757649634406,43,23,58.0000038292942
"1669",1715,0.0028687684758952,68,39,26.0000478128079
"1670",1722,0.0148451819508383,28.5,15.5,38.0002474196992
"1671",1713,0.0228519330833721,43,24,34.0003808655514
"1672",1723,0.0223213516030418,37.5,20.5,54.0003720225267
"1673",1717,0.00717507242904154,66,39,32.0001195845405
"1674",1720,0.00301610109277582,38.5,22.5,26.0000502683515
"1675",1718,0.00515955896093286,30,17,70.0000859926493
"1676",1674,0.125214621642639,81.5,46.5,74.0020869103607
"1677",1676,0.00439451370638929,86.5,49.5,24.0000732418951
"1678",1675,0.00573240315572047,25.5,13.5,54.0000955400526
"1679",1677,0.00921646869337871,67.5,40.5,28.0001536078116
"1680",1679,0.00290585810739979,30.5,16.5,54.0000484309685
"1681",1692,0.0528549311686974,64,37,54.0008809155195
"1682",1701,0.00807964638018881,65.5,38.5,12.000134660773
"1683",1695,0.00154633454172402,15,9,40.0000257722424
"1684",1704,0.0011596867749092,43,23,38.0000193281129
"1685",1703,0.00248706090197053,41.5,22.5,60.000041451015
"1686",1696,0.0011596867749092,70,40,36.0000193281129
"1687",1700,0,44,26,42
"1688",1699,0,48,27,18
"1689",1698,0,20,11,68
"1690",1697,0,81.5,47.5,54
"1691",1702,0.00316650390860157,67.5,40.5,16.0000527750651
"1692",1705,0.00248706090197053,16,8,56.000041451015
"1693",1724,0.0296230106817801,65.5,37.5,26.0004937168447
"1694",1727,0.00649913534053714,28.5,15.5,52.0001083189223
"1695",1729,0.00726131399933829,62,36,52.0001210219
"1696",1716,0.0192980416628988,61.5,35.5,56.0003216340277
"1697",1731,0.0169288120216653,69,41,56.000282146867
"1698",1733,0.00243415452494503,69.5,41.5,40.0000405692421
"1699",1735,0.00404666336772142,44,24,36.0000674443895
"1700",1738,0.0036803625855029,40.5,22.5,16.0000613393764
"1701",1741,0.00903338376146305,16.5,8.5,28.000150556396
"1702",1744,0.00916709047344803,28.5,14.5,44.0001527848412
"1703",1743,0.332450733075334,53,31,20.0055408455513
"1704",1742,0.00916709047344803,21.5,11.5,20.0001527848412
"1705",1488,0.7652391121992,21,11,62.0127539852033
"1706",1753,1.31929404917632,71,40,28.0219882341529
"1707",1726,0.724032204522744,32,18,46.0120672034087
"1708",1730,0.00708775750528099,51.5,28.5,80.0001181292918
"1709",1706,0.0335880463176041,94,54,48.000559800772
"1710",1694,0.0664881601225722,58,34,24.001108136002
"1711",1680,0.063660164205176,28.5,16.5,30.0010610027368
"1712",1576,0.261240382926534,30.5,15.5,66.0043540063821
"1713",1574,0.00942656364050656,77.5,44.5,24.000157109394
"1714",1573,0.0031274752560915,24,12,18.0000521245876
"1715",1567,0.00782962004925444,20.5,11.5,22.0001304936675
"1716",1578,0.0196607775234438,26.5,15.5,54.0003276796254
"1717",1580,0.00586632293254033,66.5,39.5,58.0000977720489
"1718",1589,0.0283020436389544,70,41,28.0004717007273
"1719",1591,0.0238812900510861,32,18,52.0003980215008
"1720",1572,0.099215592835066,61,35,18.0016535932139
"1721",1575,0.0031274752560915,20,11,44.0000521245876
"1722",1561,0.0578727430797572,49.5,27.5,30.000964545718
"1723",1563,0.0278332180098962,36.5,21.5,76.0004638869668
"1724",1566,0.00748886673955118,88,50,56.0001248144457
"1725",1564,0.00614190376474911,67.5,39.5,64.0001023650627
"1726",1570,0.00645464268598742,77,45,32.0001075773781
"1727",1569,0.0037964526014784,39,23,24.00006327421
"1728",1565,0.00645464268598742,25,13,22.0001075773781
"1729",1571,0.0156861982610854,25,14,36.0002614366377
"1730",1592,0.099215592835066,41,23,52.0016535932139
"1731",1590,0.040927362442542,61,35,24.0006821227074
"1732",1594,0.0190014368321939,26.5,14.5,10.0003166906139
"1733",1596,0.00959683501638883,10.5,5.5,34.0001599472503
"1734",1595,0.0254599732120979,37.5,20.5,48.0004243328869
"1735",1597,0.0346750176651092,58,34,66.0005779169611
"1736",1588,0.0374219083870606,78.5,45.5,52.0006236984731
"1737",1581,0.0283020436389544,63,37,38.0004717007273
"1738",1579,0.0195529008489329,40.5,21.5,76.0003258816808
"1739",1582,0.0136936147772867,90,52,62.000228226913
"1740",1502,0.213351909485706,77,46,64.0035558651581
"1741",1505,0.00151690527569329,77.5,45.5,18.0000252817546
"1742",1508,0.0122400105044146,18,9,48.0002040001751
"1743",1504,0.0167132673954781,54,30,80.0002785544566
"1744",1503,0.00151690527569329,94.5,54.5,40.0000252817546
"1745",1501,0.0123627293613767,45,25,36.0002060454894
"1746",1495,0.191622789004676,42.5,24.5,78.0031937131501
"1747",1525,0.198194485804479,91,52,46.0033032414301
"1748",1529,0.00132139416412586,50,27,46.0000220232361
"1749",1533,0.00118517330863463,57,34,44.0000197528885
"1750",1528,0.00604631888529505,49,27,44.0001007719814
"1751",1526,0.00132139416412586,51,29,34.0000220232361
"1752",1532,0.00439603470207604,41.5,24.5,26.000073267245
"1753",1530,0.00118517330863463,31,18,22.0000197528885
"1754",1536,0.00408500916480061,25,14,28.0000680834861
"1755",1527,0.00675037423594764,35,21,66.0001125062373
"1756",1534,0.00604631888529505,79,46,44.0001007719814
"1757",1538,0.00121707110686016,47.5,25.5,60.0000202845184
"1758",1540,0.00292926466532505,72,42,46.0000488210778
"1759",1535,0.00301838606088102,50.5,27.5,54.0000503064343
"1760",1531,0.00408500916480061,61,34,36.0000680834861
"1761",1539,0.00466665385642794,45,27,44.0000777775643
"1762",1541,0.00373423205341311,54.5,32.5,52.0000622372009
"1763",1543,0.00815648476797895,64.5,38.5,58.0001359414128
"1764",1545,0.00286247759725166,67.5,38.5,46.00004770796
"1765",1547,0.0022505174275001,56,33,38.0000375086238
"1766",1553,0.00717871736230153,45,26,34.0001196452894
"1767",1557,0.00787309889832045,38,21,30.000131218315
"1768",1556,0.00188277079753734,30.5,15.5,30.0000313795133
"1769",1554,0.00787309889832045,36,21,76.000131218315
"1770",1559,0.00913738292295227,89.5,51.5,2.00015228971538
"1771",1641,0.294323844478674,2.5,1.5,42.004905397408
"1772",1643,0,52.5,31.5,70
"1773",1645,0,85,50,56
"1774",1640,0.00643259768517291,68,40,34.0001072099614
"1775",1665,0.0531079601133949,35,18,20.0008851326686
"1776",1660,0.0293871163534463,21.5,11.5,66.0004897852725
"1777",1659,0.00127930766204399,76,43,86.0000213217944
"1778",1669,0.00802712923007492,101,58,56.0001337854872
"1779",1671,0,67,39,52
"1780",1670,0.00275632422604155,61.5,35.5,28.0000459387371
"1781",1672,0.00275632422604155,33,19,28.0000459387371
"1782",1666,0.0327986968686904,32,18,34.0005466449478
"1783",1661,0.00633171158823674,41.5,24.5,68.0001055285265
"1784",1664,0.00578824211893167,81,47,62.000096470702
"1785",1663,0,72.5,41.5,46
"1786",1662,0.00578824211893167,51,28,40.000096470702
"1787",1654,0.0157808042536365,45.5,25.5,62.0002630134042
"1788",1656,0.000229693786722017,73,42,28.0000038282298
"1789",1658,0.00137816237258994,31,17,58.0000229693729
"1790",1646,0.00655078693463776,69,40,56.0001091797822
"1791",1652,0,65,37,40
"1792",1657,0.00153200728720881,43.5,23.5,48.0000255334548
"1793",1653,0.00264155320339038,60,36,22.0000440258867
"1794",1644,0.008197585455491,25,14,20.0001366264243
"1795",1642,0.0138001396381118,21.5,11.5,32.0002300023273
"1796",1651,0.00523975244317897,33,17,6.00008732920739
"1797",1650,0,6,3,42
"1798",1649,0,49,28,28
"1799",1648,0,33,19,38
"1800",1647,0,46,27,56
"1801",1655,0.00429950686587448,65.5,37.5,54.0000716584478
"1802",1667,0.00972648600053876,61.5,34.5,34.0001621081
"1803",1639,0.0200112974136641,36,19,78.0003335216236
"1804",1638,0.00804308495254597,90.5,51.5,30.0001340514159
"1805",1637,0.00804308495254597,30.5,15.5,70.0001340514159
"1806",1636,0,81,46,14
"1807",1635,0.00447757327708388,16,9,34.0000746262213
"1808",1633,0.00550066907911865,40.5,23.5,24.000091677818
"1809",1622,0.00622811179753809,29.5,17.5,22.0001038018633
"1810",1617,0.00209287803391142,24.5,13.5,78.0000348813006
"1811",1625,0.00179823789118586,90.5,51.5,26.0000299706315
"1812",1628,0,27,14,74
"1813",1222,0.835687744785321,87.5,50.5,62.0139281290798
"1814",1213,0.111053482688204,73,42,40.0018508913781
"1815",1212,0.0021865125345424,44.5,24.5,10.0000364418756
"1816",1160,0.105913235724704,12,7,58.0017652205954
"1817",1162,0.00116412813968932,68.5,39.5,44.0000194021357
"1818",1164,0.00606722898172803,52,30,56.000101120483
"1819",1159,0.00542296894987145,68.5,40.5,18.0000903828158
"1820",1223,0.116297577435394,22.5,13.5,78.0019382929572
"1821",1221,0.0512708285688074,91,52,32.0008545138095
"1822",1214,0.0219363748210344,38.5,22.5,32.000365606247
"1823",1217,0.00646507727970654,34.5,18.5,18.000107751288
"1824",1216,0.0063016147405158,22,13,24.0001050269123
"1825",1215,0.00646507727970654,28.5,16.5,64.000107751288
"1826",1218,0.0063016147405158,77.5,45.5,28.0001050269123
"1827",1211,0.0414227771506424,31.5,17.5,56.0006903796192
"1828",1210,0.0134989296342235,68,40,58.0002249821606
"1829",1220,0.0281702748905396,65.5,36.5,56.0004695045815
"1830",1224,0.0512708285688074,70,42,44.0008545138095
"1831",1261,0.0698104656742951,50.5,28.5,82.0011635077612
"1832",1264,0.00291044878372778,95.5,54.5,22.0000485074797
"1833",1259,0.014155350884357,24,13,16.0002359225147
"1834",1268,0.0234855508753601,19,11,52.0003914258479
"1835",1267,0.00735490388800155,59.5,33.5,24.0001225817315
"1836",1263,0.01910861661712,25.5,13.5,78.0003184769436
"1837",1262,0.00291044878372778,91,52,10.0000485074797
"1838",1269,0.012816253415252,10.5,5.5,38.0002136042236
"1839",1272,0.00102681618985377,46,27,34.0000171136032
"1840",1270,0.00228325172173077,37.5,20.5,56.0000380541954
"1841",1278,0.0064819640290338,63.5,35.5,28.0001080327338
"1842",1298,0.00575592358381924,32.5,18.5,44.0000959320597
"1843",1300,0,54,32,22
"1844",1304,0.00122632264569592,23.5,12.5,16.0000204387108
"1845",1306,0,18,10,44
"1846",1308,0,53.5,31.5,16
"1847",1307,0.00025031336645274,19,11,26.0000041718894
"1848",1309,0.00025031336645274,30,17,54.0000041718894
"1849",1305,0.000344665225263914,60.5,33.5,10.0000057444204
"1850",1310,0.000344665225263914,11.5,6.5,30.0000057444204
"1851",1313,0.0102644411102612,32.5,17.5,58.0001710740185
"1852",1316,0,72.5,43.5,26
"1853",1315,0.000250313198830786,30,17,6.00000417188665
"1854",1314,0,7.5,4.5,12
"1855",1317,0.000250313198830786,14,8,32.0000041718866
"1856",1319,0,34.5,18.5,78
"1857",1323,0.00100139481479494,92.5,53.5,32.0000166899136
"1858",1136,0.30074127442622,35.5,19.5,88.0050123545738
"1859",1187,0.0945385906046197,102.5,58.5,46.0015756431767
"1860",1195,0.00219838789727596,56,33,32.0000366397983
"1861",1199,0.00137961990451745,40,24,34.0000229936651
"1862",1205,0.00452294036029764,40,23,78.0000753823393
"1863",1203,0.00568217641974022,91.5,52.5,30.0000947029403
"1864",1209,0.0147331762979387,34,19,50.0002455529383
"1865",1176,0.0429759349603022,62,37,76.0007162655827
"1866",1137,0.0750568195412045,89.5,51.5,54.0012509469924
"1867",1139,0.0328831469240531,66,39,52.0005480524487
"1868",1141,0.000440330501806568,61,35,58.0000073388417
"1869",1140,0.000639778150996746,65,36,20.0000106629692
"1870",1142,0.000205194265578605,22,12,54.0000034199044
"1871",1133,0.0402032902321679,67.5,40.5,12.0006700548372
"1872",1132,0.00603440383882068,14,8,44.0001005733973
"1873",1143,0.0402032902321679,51,29,26.0006700548372
"1874",1145,0.00105852297319319,27,14,44.0000176420496
"1875",1147,0,49.5,27.5,16
"1876",1146,0.000448479074639285,16.5,8.5,80.0000074746512
"1877",1148,0.000448479074639285,94,54,58.0000074746512
"1878",1150,0,65.5,36.5,42
"1879",1153,0,50,29,36
"1880",1155,0.000517362308660166,44,26,26.0000086227051
"1881",1154,0.00156559250103952,29.5,16.5,48.0000260932083
"1882",1156,0.00130673991410107,55.5,31.5,44.0000217789986
"1883",1219,0.194392935722958,48,26,68.0032398822621
"1884",1157,0.249408369751838,78,44,32.0041568061625
"1885",1163,0.00655165580420986,37.5,21.5,66.0001091942634
"1886",1165,0.00248896292064963,77.5,44.5,54.0000414827153
"1887",1171,0.00872878026403083,62,35,60.0001454796711
"1888",1173,0.0135961845918844,74.5,44.5,70.0002266030765
"1889",1189,0.0241058130423561,80,45,64.0004017635507
"1890",1196,0.014367189342083,76,44,30.0002394531557
"1891",1198,0.00236951031005373,33.5,18.5,44.0000394918385
"1892",1197,0.00625893905290021,51.5,29.5,38.0001043156509
"1893",1192,0.00691713153025188,46,27,52.0001152855255
"1894",1191,0.000448488919664184,63,37,68.0000074748153
"1895",1188,0.00226079406966152,81,47,50.0000376799012
"1896",1194,0.00442733144603616,60.5,35.5,68.0000737888574
"1897",1185,0.0139155032635297,78,44,64.0002319250544
"1898",1193,0.00531630447802894,74,42,62.0000886050746
"1899",1202,0.0067904754626648,76.5,45.5,88.000113174591
"1900",1206,0.00568217641974022,103,59,40.0000947029403
"1901",1208,0.00523052360412189,48,28,54.0000871753934
"1902",1207,0.0146060364200006,64,37,62.0002434339403
"1903",1200,0.010426746484663,71,40,68.0001737791081
"1904",1204,0.0358613721695134,82,48,6.00059768953616
"1905",1201,0.0123116480483482,7.5,4.5,88.0002051941341
"1906",1174,0.0308046525972242,102.5,58.5,56.0005134108766
"1907",1336,0.272066081182195,66,38,60.0045344346864
"1908",1338,0.00450100624055863,74,44,62.0000750167707
"1909",1341,0.0037805660483679,76.5,45.5,74.0000630094341
"1910",1326,0.0338838078607717,85.5,48.5,72.000564730131
"1911",1330,0.00302907945621494,84,48,32.0000504846576
"1912",1328,0.00217323355061074,39.5,23.5,68.0000362205592
"1913",1190,0.332573785133143,80.5,46.5,64.0055428964189
"1914",1021,0.312561727830398,77,45,58.0052093621305
"1915",1026,0.0280422342046769,68,39,6.00046737057008
"1916",1028,0.00100133540079065,6.5,3.5,32.0000166889233
"1917",1030,0.00141131877506482,37,21,10.0000235219796
"1918",1027,0.00827173270794086,11,6,52.0001378622118
"1919",1031,0.00865308838127694,61.5,35.5,4.00014421813969
"1920",1033,0.00668092111468713,4.5,2.5,58.0001113486852
"1921",1112,0.153216758047548,69.5,40.5,42.0025536126341
"1922",1114,0,45.5,24.5,52
"1923",1117,0.00232188818568209,62.5,36.5,58.0000386981364
"1924",1138,0.123252576500271,72,43,56.0020542096083
"1925",1149,0.0036639610177544,65,37,54.000061066017
"1926",1152,0.000222389851339155,65,38,56.0000037064975
"1927",1151,0,63.5,35.5,58
"1928",1144,0.00182768393287819,65,36,56.0000304613989
"1929",1118,0.160042364862703,66.5,38.5,72.0026673727477
"1930",1116,0.00302007380330879,85.5,49.5,16.0000503345634
"1931",1119,0.00216396165794078,16.5,8.5,24.0000360660276
"1932",1122,0.00220517741154142,29,17,48.0000367529569
"1933",1120,0.00328127799749351,59.5,35.5,2.00005468796662
"1934",1128,0.00466104888542822,2.5,1.5,40.0000776841481
"1935",1126,0.00150188265629779,44,24,16.0000250313776
"1936",1131,0.00263674189188965,19.5,11.5,58.0000439456982
"1937",1134,0.00603440383882068,72.5,43.5,28.0001005733973
"1938",1251,0.254779977334807,29.5,15.5,28.0042463329556
"1939",1247,0.000205132224962631,30.5,16.5,70.0000034188704
"1940",1250,0,85,50,10
"1941",1249,0,11,6,14
"1942",1248,0,17,10,24
"1943",1254,0.00129444556038903,24,12,78.0000215740927
"1944",1257,0.000363316447581248,90,51,38.0000060552741
"1945",1332,0.128909359415315,43,24,48.0021484893236
"1946",1433,0.0857069231364841,52.5,28.5,38.0014284487189
"1947",1435,0.00111343173837354,43,24,60.0000185571956
"1948",1441,0,70.5,40.5,70
"1949",1452,5.74957361524214e-05,84.5,49.5,66.0000009582623
"1950",1460,0,78,45,68
"1951",1462,0,79,45,28
"1952",1455,0.000114991462337991,30,16,50.0000019165244
"1953",1459,0,59.5,34.5,70
"1954",1458,0,83.5,48.5,44
"1955",1457,0,54,32,32
"1956",1456,0,37,21,52
"1957",1453,0,60,34,62
"1958",1461,5.74957328301374e-05,71,40,28.0000009582622
"1959",1454,5.74957328301374e-05,29.5,15.5,42.0000009582622
"1960",1463,0.000114991462337991,49.5,28.5,22.0000019165244
"1961",1465,0,26.5,15.5,56
"1962",1477,0.011831686397305,66.5,38.5,56.0001971947733
"1963",1479,0.00138302532880724,68,40,22.0000230504221
"1964",1482,0.00290900364950109,24,13,16.0000484833942
"1965",1485,0.0021895422002363,16.5,8.5,26.00003649237
"1966",1484,0.00367179653693007,32,19,68.000061196609
"1967",1483,0.0021895422002363,77.5,43.5,60.00003649237
"1968",1486,0.00367179653693007,75,45,68.000061196609
"1969",1481,0.003949053455211,78.5,44.5,52.0000658175576
"1970",1480,0.00290900364950109,63.5,37.5,50.0000484833942
"1971",1487,0.003949053455211,56,31,76.0000658175576
"1972",1489,0.0164896909314121,89.5,51.5,10.0002748281822
"1973",1464,0.0416048745621791,12.5,7.5,58.000693414576
"1974",1442,0.000721579089066192,71.5,42.5,52.0000120263181
"1975",1450,0,58.5,32.5,72
"1976",1449,5.74957378135634e-05,87,51,20.0000009582623
"1977",1448,0,23.5,13.5,60
"1978",1446,0,67.5,37.5,14
"1979",1440,5.7495739840442e-05,16.5,9.5,28.0000009582623
"1980",1439,0,31,17,56
"1981",1438,0,66.5,38.5,70
"1982",1437,0,82.5,47.5,80
"1983",1436,0,95,55,66
"1984",1447,5.7495739840442e-05,81,48,40.0000009582623
"1985",1445,0,45.5,25.5,66
"1986",1444,0,77.5,44.5,16
"1987",1443,0,19.5,11.5,16
"1988",1451,5.74957378135634e-05,17,9,72.0000009582623
"1989",1490,0.0420469094474431,87,51,80.0007007818241
"1990",1492,0.00240225447036752,94.5,54.5,42.0000400375745
"1991",1494,0.0088613446546473,50,29,60.0001476890776
"1992",1510,0.166214216165994,74,44,64.0027702369361
"1993",1515,0.0247606768092562,73.5,41.5,22.0004126779468
"1994",1517,0.00229756514920329,25.5,14.5,54.0000382927525
"1995",1509,0.0258660919705471,67,40,26.0004311015328
"1996",1506,0.0397363820406993,30,17,40.000662273034
"1997",1548,0.165924414596896,46.5,26.5,56.0027654069099
"1998",1551,0.012064025571439,63.5,35.5,64.0002010670929
"1999",1537,0.0255658299757639,74,42,20.0004260971663
"2000",1552,0.020520805495518,21.5,11.5,48.0003420134249
"2001",1568,0.0638912500708056,55,31,32.0010648541679
"2002",1577,0.0168646535145687,37,21,24.0002810775586
"2003",1507,0.200969421641909,28.5,16.5,64.0033494903607
"2004",1499,0.403824148996989,75,43,58.0067304024833
"2005",1518,0.0618810070802396,67,38,74.001031350118
"2006",1558,0.285820678589412,85,48,8.00476367797649
"2007",1555,0.00913738292295227,10,6,80.0001522897154
"2008",1519,0.284132723801399,92.5,52.5,52.0047355453967
"2009",1523,0.315949512217659,58,32,56.0052658252036
"2010",1585,0.180357441062516,66.5,38.5,50.003005957351
"2011",1587,0,59.5,34.5,24
"2012",1584,0.0285487105365418,26,14,40.0004758118423
"2013",1586,0.00174514841138894,46.5,26.5,28.0000290858069
"2014",1598,0.0572156592418663,32,18,62.0009535943207
"2015",1600,0.00823125119078605,70,39,34.0001371875198
"2016",1599,0.0255107194797937,42.5,25.5,44.000425178658
"2017",1601,0.0177382744990427,54.5,32.5,88.0002956379083
"2018",1604,0.00511172029646361,103,59,32.0000851953383
"2019",1603,0.00758240755781258,39,23,50.0001263734593
"2020",1602,0.00511172029646361,56,31,52.0000851953383
"2021",1605,0.00758240755781258,57.5,31.5,40.0001263734593
"2022",1627,0.112217856048467,42.5,22.5,46.0018702976008
"2023",1626,0,55.5,32.5,58
"2024",1623,0.00326586107101724,69,40,52.0000544310179
"2025",1631,0.0010026927636553,61.5,35.5,66.0000167115461
"2026",1619,0.00474848270827841,77.5,44.5,42.0000791413785
"2027",1616,0.00201215625721748,48.5,27.5,50.0000335359376
"2028",1618,0.000558936303021816,59,34,20.000009315605
"2029",1615,0.00206451098270009,23,13,48.0000344085164
"2030",1621,0.00158393759456305,56.5,32.5,36.0000263989599
"2031",1620,0.00266434931879118,40,22,84.000044405822
"2032",1630,0.00421555472381354,98,56,32.0000702592454
"2033",1624,0.0010026927636553,33,17,84.0000167115461
"2034",1614,0.00406261724684973,98,56,54.0000677102874
"2035",1612,0.00359629719757276,60,33,32.0000599382866
"2036",1609,0.00529919139396908,37.5,21.5,62.0000883198566
"2037",1611,0,76,45,66
"2038",1610,0,77.5,44.5,78
"2039",1632,0.00759426483947082,90,51,72.0001265710807
"2040",1634,0.00211582713569312,85,49,38.0000352637856
"2041",1613,0.0110469995840947,41,22,56.0001841166597
"2042",1608,0.00551495426945804,65,37,58.0000919159045
"2043",1606,0.113404481843177,65.5,36.5,40.0018900746974
"2044",1544,0.577918866347101,49.5,29.5,18.0096319811058
"2045",1546,0.000477079623454043,21.5,12.5,68.0000079513271
"2046",1550,0.00456715551646242,80,46,24.0000761192586
"2047",1549,0.012064025571439,29.5,17.5,38.0002010670929
"2048",1542,0.014404462597599,45,26,36.0002400743766
"2049",1607,0.580164304815408,42.5,24.5,22.0096694050803
"2050",1560,0.356993353170885,24.5,13.5,42.0059498892195
"2051",1765,0.527381111139127,50,29,60.0087896851857
"2052",1887,0.763542232967732,68,38,46.0127257038828
"2053",1890,0.00582648135542738,57.5,34.5,20.0000971080226
"2054",1894,0.0706531960068045,23,13,30.0011775532668
"2055",1891,0.128694587453871,30,15,46.0021449097909
"2056",1774,0.436066520257901,56.5,33.5,50.0072677753376
"2057",1763,0.310504556702114,61.5,36.5,44.005175075945
"2058",1775,0.328827253172019,49,27,26.0054804542195
"2059",1871,0.616147848417695,26,13,44.010269130807
"2060",1728,0.601037054544702,47.5,25.5,70.0100172842424
"2061",1737,0.0978720906711336,84.5,49.5,48.0016312015112
"2062",1736,0.0036803625855029,54,30,58.0000613393764
"2063",1740,0.00337726848533172,70,41,30.0000562878081
"2064",1734,0.00797005461567513,30.5,15.5,68.0001328342436
"2065",1739,0.0109389528192251,80,46,68.0001823158803
"2066",1732,0.0372711342438949,80,46,74.0006211855707
"2067",1684,0.0847582266046423,86,49,32.0014126371101
"2068",1583,0.432703178539752,33.5,17.5,44.0072117196423
"2069",1524,0.180357441062516,49.5,27.5,56.003005957351
"2070",1496,0.198194485804479,65,37,44.0033032414301
"2071",1430,0.238657391951774,53,31,58.0039776231992
"2072",1434,0.00186953746147613,67,38,44.0000311589577
"2073",1431,0.00295930088344404,50.5,28.5,36.0000493216814
"2074",1423,0.0577883529664461,38,20,72.0009631392161
"2075",1369,0.0534489193970324,86,50,44.0008908153233
"2076",1371,0,53,31,54
"2077",1395,0.00228437432200461,62,35,18.0000380729054
"2078",1400,0.000281336815995761,19.5,10.5,26.0000046889469
"2079",1402,0.00111194926801295,31.5,18.5,34.0000185324878
"2080",1422,0.00393471024349719,36,19,32.0000655785041
"2081",1425,0.00478866146391248,40,24,52.0000798110244
"2082",1427,0.00505101942362983,61,35,16.0000841836571
"2083",1429,0,18,10,56
"2084",1426,0.0031661408944473,67.5,39.5,50.0000527690149
"2085",1421,0.0868500785100677,62.5,37.5,30.0014475013085
"2086",1403,0.00393471024349719,35,20,24.0000655785041
"2087",1405,0,26.5,14.5,36
"2088",1407,0,38,20,52
"2089",1409,0.000205078994220637,64.5,38.5,14.0000034179832
"2090",1411,0,15.5,8.5,50
"2091",1413,0.000229687776539798,57.5,32.5,66.0000038281296
"2092",1415,0.000582065993334497,78.5,45.5,32.0000097010999
"2093",1410,0.000664229776567278,35.5,19.5,44.0000110704963
"2094",1416,0.000664229776567278,51,29,2.00001107049628
"2095",1420,0,2,1,50
"2096",1419,0,59,34,36
"2097",1418,0,42.5,24.5,68
"2098",1417,0,83,49,28
"2099",1414,0.00208229666075258,34.5,20.5,70.0000347049443
"2100",1412,0.00179389281190291,85,50,28.0000298982135
"2101",1408,0.00245157729027991,33,19,40.0000408596215
"2102",1401,0.00128380636225075,47,27,44.0000213967727
"2103",1391,0.00122624193605079,52.5,30.5,22.0000204373656
"2104",1393,0,23,12,66
"2105",1390,0.000125154100461531,78,45,76.0000020859017
"2106",1394,0.000125154100461531,89.5,51.5,52.0000020859017
"2107",1392,0.0020048090456705,61,35,10.0000334134841
"2108",1372,0.00246261827914474,12.5,7.5,56.000041043638
"2109",1386,0.00425676692591155,63.5,35.5,74.0000709461154
"2110",1396,0.000669824820780198,88.5,51.5,24.000011163747
"2111",1399,0,24.5,12.5,44
"2112",1387,0.000918955927571166,48.5,26.5,1.53159321261861e-05
"2113",1381,0.00107862106375536,0,0,24.0000179770177
"2114",1388,0.00130661142178379,25.5,13.5,46.000021776857
"2115",1424,0.0692335882914988,52.5,29.5,58.0011538931382
"2116",1432,0.0587998470718467,66,37,8.0009799974512
"2117",1333,0.0857069231364841,9.5,5.5,44.0014284487189
"2118",1344,0.0157993168989547,52.5,30.5,44.0002633219483
"2119",1346,0,50.5,28.5,34
"2120",1351,0.00496086500854357,38.5,21.5,60.0000826810835
"2121",1353,0.00314724769128666,69,39,54.0000524541282
"2122",1357,0,64.5,37.5,30
"2123",1342,0.03908114999513,37.5,22.5,18.0006513524999
"2124",1389,0.180708034635279,18.5,9.5,46.0030118005773
"2125",1406,0.0010014673172101,51.5,28.5,16.000016691122
"2126",1398,0.0024696785990441,18.5,10.5,82.00004116131
"2127",1397,0,95,54,14
"2128",1380,0.00143555460033177,17,10,32.00002392591
"2129",1382,0.0020220084328979,38,22,38.0000337001405
"2130",1385,0,41,22,36
"2131",1384,0,42,24,22
"2132",1383,0,27.5,16.5,36
"2133",1373,0.00425676692591155,41.5,23.5,34.0000709461154
"2134",1365,0.00826039932102175,37,20,44.000137673322
"2135",1367,0,48.5,26.5,66
"2136",1364,0.0103524794357904,80,47,62.0001725413239
"2137",1374,0.00826039932102175,73.5,42.5,66.000137673322
"2138",1376,0,76.5,43.5,48
"2139",1379,0,58.5,34.5,16
"2140",1466,0.0306901319559056,20,12,46.0005115021993
"2141",1471,0.00834755561999141,57,34,56.000139125927
"2142",1469,0.00272515391313652,64.5,36.5,66.0000454192319
"2143",1468,0.00225446365374865,78.5,45.5,44.0000375743942
"2144",1472,0.00272515391313652,49.5,27.5,50.0000454192319
"2145",1475,0.0100312524509398,57,32,12.0001671875408
"2146",1474,0.00406490719193872,13,7,72.0000677484532
"2147",1476,0.00107299927795215,83.5,47.5,36.0000178833213
"2148",1478,0.00837298233803123,39.5,21.5,54.0001395497056
"2149",1473,0.015143075630589,61,34,42.0002523845938
"2150",1497,0.318754706519973,50.5,29.5,34.005312578442
"2151",1226,0.536458583777767,36.5,19.5,38.0089409763963
"2152",1228,0.00108648084054843,45.5,26.5,66.000018108014
"2153",1230,0.000567721171159355,77.5,44.5,56.0000094620195
"2154",1232,0.00499250670107055,64,36,62.000083208445
"2155",1242,0.0130040106549338,72.5,41.5,26.0002167335109
"2156",1241,0.00059967486165691,30.5,17.5,54.000009994581
"2157",1233,0.0130040106549338,60,33,90.0002167335109
"2158",1245,0.00359019998062647,105,60,62.0000598366663
"2159",1243,0.000625818722366442,75.5,44.5,36.000010430312
"2160",1253,0.00112647382573812,40.5,22.5,16.0000187745638
"2161",1255,0.00165938885069689,17,9,58.0000276564808
"2162",1252,0.00497816644840314,70,41,60.0000829694408
"2163",1244,0.00112647382573812,71,41,14.0000187745638
"2164",1234,0.00359019998062647,14,7,68.0000598366663
"2165",1236,0.000281375272533683,80,46,28.0000046895879
"2166",1239,0.00100267170082577,32,18,22.000016711195
"2167",1238,0.000229839891496526,27.5,16.5,46.0000038306649
"2168",1240,0.000582084725118875,50.5,27.5,58.0000097014121
"2169",1246,0.00121529711589654,71,42,36.0000202549519
"2170",1256,0.00493760239707459,39.5,21.5,42.0000822933733
"2171",1237,0.0107860260095164,47.5,26.5,30.0001797671002
"2172",1235,0.00278728653158798,37.5,22.5,64.0000464547755
"2173",1231,0.018832408208991,73.5,41.5,42.0003138734701
"2174",1288,0.0503961593906185,45,24,42.0008399359898
"2175",1297,0.00124901484611474,46.5,25.5,56.0000208169141
"2176",1312,0.00460222322169668,64,36,62.0000767037204
"2177",1322,0.00297182112802816,74,43,14.0000495303521
"2178",1321,0,14,7,38
"2179",1320,0.00100139481479494,45,26,70.0000166899136
"2180",1279,0.00947436537995851,80.5,45.5,68.0001579060897
"2181",1286,0.00252496865665641,81,47,60.0000420828109
"2182",1318,0.00556835807174382,68,38,48.0000928059679
"2183",1287,0.00556835807174382,57,33,68.0000928059679
"2184",1296,0.00271832266948541,77.5,43.5,22.0000453053778
"2185",1289,0.00124901484611474,25,14,80.0000208169141
"2186",1291,0,92.5,52.5,80
"2187",1302,0.0237213658975538,92.5,52.5,42.0003953560983
"2188",1293,0.00249200761312057,52,31,72.0000415334602
"2189",1295,0,82.5,46.5,32
"2190",1290,0.00116416970610962,36.5,20.5,66.0000194028284
"2191",1294,0.00075098283111567,81,48,1.25163805185945e-05
"2192",1299,0.00231197461855389,0,0,36.0000385329103
"2193",1303,0.00280882124546458,40,22,70.0000468136874
"2194",1301,0.00122632264569592,84.5,49.5,32.0000204387108
"2195",1285,0.0192844774842212,39,23,14.0003214079581
"2196",1280,0.00252496865665641,17.5,10.5,56.0000420828109
"2197",1282,0.00856220215899297,66.5,38.5,38.0001427033693
"2198",1311,0.0189000754442006,44.5,25.5,6.0003150012574
"2199",1283,0.0103398539181463,7,4,68.0001723308986
"2200",1273,0.022110507761319,78.5,44.5,50.0003685084627
"2201",1277,0,60,35,26
"2202",1276,0.00384013768950282,26,13,56.0000640022948
"2203",1275,0,68,40,38
"2204",1274,0,40.5,21.5,26
"2205",1271,0.00868252049473806,28,15,52.0001447086749
"2206",1284,0.0210245622519591,58.5,32.5,18.0003504093709
"2207",1292,0.0428254700495355,18.5,9.5,10.0007137578342
"2208",1281,0.00333907151643953,12,7,36.0000556511919
"2209",1260,0.217315571387767,44,26,50.0036219261898
"2210",1225,0.0698104656742951,56.5,31.5,74.0011635077612
"2211",1169,0.148283020340576,88,51,24.0024713836723
"2212",1172,0.0140344650149787,25.5,13.5,26.0002339077502
"2213",1170,0.0122900667738776,28.5,15.5,80.0002048344462
"2214",1167,0.00534539500122087,93,53,76.0000890899167
"2215",1166,0.0215252895575891,90.5,52.5,32.000358754826
"2216",1161,0.00900917876032224,40,24,26.0001501529793
"2217",1158,0.0114477702559388,26,13,20.0001907961709
"2218",1168,0.0238603668344226,21,11,18.0003976727806
"2219",879,0.311936740606434,20.5,11.5,58.0051989456768
"2220",877,0.0199828275139101,66.5,37.5,24.0003330471252
"2221",1038,0.131482819810797,28,16,16.0021913803302
"2222",1040,0.00940393186830482,19,11,60.0001567321978
"2223",1103,0.107738549379203,68,38,38.0017956424897
"2224",1105,0.000229689490528912,45,26,20.0000038281582
"2225",1104,0.00378237285609591,23,13,78.0000630395476
"2226",1080,0.0378851159995453,90,51,60.0006314186
"2227",1085,0.000970305322918514,71.5,41.5,52.0000161717554
"2228",1093,0.00127920173035115,64,38,82.0000213200288
"2229",1095,5.74905865280814e-05,97,56,58.0000009581764
"2230",1099,0.000522715912804302,69,40,72.0000087119319
"2231",1091,0.00127962481850242,84,48,40.0000213270803
"2232",1090,0.000375533383335464,43.5,23.5,72.0000062588897
"2233",1089,0.000172471824736599,85.5,49.5,80.0000028745304
"2234",1092,0.000375533383335464,95,55,48.0000062588897
"2235",1100,0.000755604607030868,55,31,56.0000125934101
"2236",1130,0.0346056832974131,70,42,8.00057676138829
"2237",1127,0.00263674189188965,9,5,30.0000439456982
"2238",1123,0.00453697787286529,37.5,22.5,38.0000756162979
"2239",1110,0.0321598122649638,45.5,26.5,84.0005359968711
"2240",1109,0.00353227143824858,97.5,55.5,48.0000588711906
"2241",1124,0.0321598122649638,58,34,34.0005359968711
"2242",1129,0.00150188265629779,36.5,19.5,66.0000250313776
"2243",1101,0.0346056832974131,75,42,46.0005767613883
"2244",1108,0.00244792404580962,56.5,33.5,78.0000407987341
"2245",1111,0.00353227143824858,90,51,68.0000588711906
"2246",872,0.264112119867736,80.5,46.5,82.0044018686645
"2247",830,0.190187693833647,97,56,42.0031697948972
"2248",834,0.00628784707059458,51,30,30.0001047974512
"2249",831,0.00628784707059458,36,21,20.0001047974512
"2250",837,0.0470568853166851,23.5,13.5,48.0007842814219
"2251",845,0.0208962822916955,60,36,52.0003482713715
"2252",826,0.063752033459314,61.5,35.5,72.001062533891
"2253",823,0.00108990156799885,83.5,47.5,36.0000181650261
"2254",825,0,43,25,48
"2255",672,0.194195054263488,58,34,36.0032365842377
"2256",754,0.0718229951248688,42,24,74.0011970499187
"2257",795,0.434146687773642,85,48,32.0072357781296
"2258",691,0.153860401091419,32.5,16.5,16.0025643400182
"2259",693,0.00168024981428896,16,8,38.0000280041636
"2260",692,0.0010028387359788,42.5,23.5,36.0000167139789
"2261",750,0.0440197666089236,38.5,20.5,58.0007336627768
"2262",708,0.0303358033011066,69,40,76.0005055967217
"2263",689,0.0161390016363588,90.5,52.5,66.0002689833606
"2264",657,0.07379813102955,75.5,42.5,60.0012299688505
"2265",660,0.00522171633157445,73.5,43.5,44.0000870286055
"2266",659,0.00921079421550293,49.5,27.5,64.0001535132369
"2267",559,0.0567973785079979,75,43,30.0009466229751
"2268",628,0.0241338953836643,31.5,16.5,14.0004022315897
"2269",561,0.024084795501984,16.5,9.5,76.0004014132584
"2270",568,0.00950896077230972,91,53,58.0001584826795
"2271",554,0.0756950049267081,68,39,36.0012615834154
"2272",552,0.00723800978155545,40.5,22.5,74.0001206334964
"2273",547,0.0044019908521947,87,50,18.0000733665142
"2274",549,0.0035283931535855,20.5,11.5,54.0000588065526
"2275",548,0.00501868807361171,66.5,39.5,60.0000836448012
"2276",550,0.0018919908188916,74.5,44.5,32.0000315331803
"2277",666,0.268463949809464,40,24,26.0044743991635
"2278",677,0.0351529704859601,29.5,16.5,24.0005858828414
"2279",551,0.29939522337355,28,16,54.0049899203896
"2280",1045,0.577503252569016,62.5,35.5,50.0096250542095
"2281",1107,0.219614207539902,61,36,40.0036602367923
"2282",1113,0.0120500316982078,43,23,38.0002008338616
"2283",1115,0.00941726206645607,41,22,38.0001569543678
"2284",1121,0.00750350743186759,41.5,22.5,50.0001250584572
"2285",1125,0.00696391507116573,62.5,37.5,34.0001160652512
"2286",1227,0.212557198473103,36,19,86.0035426199746
"2287",1229,0.00180780950083377,101,58,70.0000301301584
"2288",1343,0.253323254528571,81,46,40.0042220542421
"2289",1334,0.0157993168989547,45.5,25.5,48.0002633219483
"2290",1337,0.00604551307087685,54.5,30.5,50.0001007585512
"2291",1335,0.0102956799503734,59,34,34.0001715946658
"2292",1175,0.272066081182195,36.5,19.5,70.0045344346864
"2293",1258,0.653641891365728,80.5,45.5,38.0108940315228
"2294",1265,0.014155350884357,47.5,28.5,56.0002359225147
"2295",1135,0.298283238107872,68,40,28.0049713873018
"2296",1046,0.11259115799062,30,16,54.0018765192998
"2297",1054,0.00245020387214943,60,33,50.0000408367312
"2298",1052,0.00291040991653284,57.5,32.5,44.0000485068319
"2299",1049,0.0183623768177201,47.5,25.5,60.0003060396136
"2300",1081,0.0576667359725281,69.5,39.5,24.0009611122662
"2301",1083,0.000114981193356221,24,12,72.0000019163532
"2302",1088,0.00041041853535966,86,50,64.0000068403089
"2303",1087,0,77.5,45.5,84
"2304",1084,0.00041041853535966,98.5,56.5,34.0000068403089
"2305",1082,0.00124903278621806,41,24,46.0000208172131
"2306",1094,0.00148106352379019,56,33,44.0000246843921
"2307",1098,0.000375533369602543,48.5,26.5,36.0000062588895
"2308",1096,0.000522715912804302,44,26,34.0000087119319
"2309",1086,0.00333797088226194,42.5,25.5,62.000055632848
"2310",1097,0.00125177796875317,73.5,42.5,36.0000208629661
"2311",1050,0.0600506433810152,38.5,20.5,32.0010008440563
"2312",1047,0.00245326601876712,40,24,42.000040887767
"2313",832,0.242973314527356,49,28,16.0040495552421
"2314",827,0.00894596142865671,17,9,58.0001490993571
"2315",824,0.00292610741442443,68,39,48.0000487684569
"2316",822,0.000779021187392118,59,35,26.0000129836865
"2317",821,0,32,19,32
"2318",820,0,36.5,20.5,58
"2319",819,0,70,41,74
"2320",817,0.00355939065433538,85.5,48.5,38.0000593231776
"2321",813,0.00763243095905837,46.5,27.5,88.0001272071827
"2322",811,0.00172368279429624,102.5,58.5,68.0000287280466
"2323",815,0.00204622684219242,82,48,8.0000341037807
"2324",810,0.0037317901585818,9,5,54.0000621965026
"2325",816,0.0037317901585818,60,33,32.0000621965026
"2326",818,0.00813386995634508,38.5,22.5,26.0001355644993
"2327",783,0.0834843863875547,26,13,26.0013914064398
"2328",763,0.0465013256740681,28.5,15.5,54.0007750220946
"2329",770,0.0323643352534226,63.5,36.5,72.0005394055876
"2330",773,0.0682063545864027,82.5,46.5,50.0011367725764
"2331",725,0.0489875336561632,62,37,40.0008164588943
"2332",718,0.00972086549278637,47.5,27.5,64.0001620144249
"2333",687,0.091230538073937,75.5,43.5,62.0015205089679
"2334",809,0.176603739789222,75.5,44.5,68.0029433956632
"2335",1077,0.362030726953285,82.5,48.5,22.0060338454492
"2336",1025,0.208908475853405,27.5,16.5,46.0034818079309
"2337",1078,0.718735459528957,56,33,12.0119789243255
"2338",1179,0.235376928119207,15,9,58.003922948802
"2339",1178,0.00490541825051402,72.5,43.5,30.0000817569708
"2340",1036,0.256726186256759,37.5,22.5,68.0042787697709
"2341",1029,0.0399574047289193,79,45,58.0006659567455
"2342",1266,0.469309404066331,72.5,43.5,62.0078218234011
"2343",1520,0.694120228713873,71,40,66.0115686704786
"2344",1512,0.0271888858386971,80,47,52.0004531480973
"2345",1522,0.218928415836437,60.5,34.5,72.0036488069306
"2346",1513,0.150312310636578,82.5,46.5,50.0025052051773
"2347",1516,0.00300389569241134,57.5,32.5,58.0000500649282
"2348",1514,0.00511506322676765,69,40,68.0000852510538
"2349",1511,0.0247606768092562,78,44,64.0004126779468
"2350",1521,0.0271888858386971,73,41,70.0004531480973
"2351",1329,0.405228188452582,85,50,40.0067538031409
"2352",1331,0.00204238346814944,46,26,44.0000340397245
"2353",1629,1.05652100344009,54.5,32.5,60.0176086833907
"2354",1766,0.527392232700832,70,40,52.008789870545
"2355",1822,0.525366286529165,61.5,35.5,44.0087561047755
"2356",1749,0.570697724716904,48,26,56.0095116287453
"2357",1498,0.914198582818473,69.5,41.5,24.015236643047
"2358",1562,0.183854284684025,27,15,74.0030642380781
"2359",1593,0.0836740140171151,86.5,49.5,32.0013945669003
"2360",1500,0.243900730513182,36.5,20.5,28.0040650121752
"2361",1467,1.09865686121042,31,17,14.0183109476868
"2362",1470,0.00225446365374865,17.5,10.5,44.0000375743942
"2363",1184,3.72644986012722,55,33,10.0621074976688
"2364",1065,0.547509552656718,10,5,18.0091251592109
"2365",1058,0.0147270912784769,21,12,40.0002454515213
"2366",1345,0.441364245692928,44.5,24.5,24.0073560707615
"2367",1349,0.00232341757652576,28,16,56.0000387236263
"2368",1352,0.00378062750671715,68,40,26.0000630104584
"2369",1350,0.000810347243997367,30.5,17.5,56.0000135057874
"2370",1356,0.00495427347929914,68.5,40.5,34.0000825712247
"2371",1355,0,42.5,25.5,56
"2372",1354,0,67,39,66
"2373",1347,0.00911266705712132,81,48,18.0001518777843
"2374",1360,0.0271823583860353,21.5,12.5,82.0004530393064
"2375",1363,0.0038164165042079,95,54,32.0000636069417
"2376",1361,0.0038164165042079,35,19,28.0000636069417
"2377",1359,0.0246306793596473,33.5,19.5,58.0004105113227
"2378",1362,0.0246306793596473,67.5,38.5,26.0004105113227
"2379",1368,0.0103524794357904,31,18,40.0001725413239
"2380",1340,0.377393402823621,44.5,24.5,24.0062898900471
"2381",1339,0.0037805660483679,29,17,26.0000630094341
"2382",1325,0.0941110212616105,28,15,24.001568517021
"2383",1358,0.0360737767424356,29,17,32.0006012296124
"2384",1348,0.0271823583860353,35,19,58.0004530393064
"2385",1366,0.10607535682117,68,39,48.0017679226137
"2386",1370,0.00228719371481657,59.5,35.5,46.0000381198953
"2387",1404,0.0194042702824224,50,27,68.0003234045047
"2388",1375,0.0178216171022036,80,46,54.0002970269517
"2389",1378,0.00423517502237937,66,39,36.0000705862504
"2390",1377,0,42.5,24.5,30
"2391",1678,0.683217218694784,37,22,28.0113869536449
"2392",1810,0.482382099456711,33,19,38.0080397016576
"2393",1873,0.501014456289404,45.5,26.5,44.0083502409382
"2394",1324,1.44924399781729,55,33,28.0241540666303
"2395",1327,0.0609220007005264,33.5,19.5,64.0010153666783
"2396",679,0.872178190470637,78.5,46.5,2.01453630317451
"2397",529,0.287029099431735,2,1,38.0047838183239
"2398",543,0.135530721001798,45.5,26.5,40.00225884535
"2399",847,0.696372515370248,46,26,56.0116062085895
"2400",850,0.0188173165115217,64,36,34.0003136219419
"2401",852,0.0147271872881853,42,25,32.0002454531215
"2402",427,1.52959986838035,36.5,20.5,58.0254933311397
"2403",436,0.154366695540032,68.5,39.5,34.002572778259
"2404",438,0.0127183278369342,39,22,28.0002119721306
"2405",440,0.00178744665960158,33,19,36.0000297907777
"2406",456,0.0150210577881127,45,27,42.0002503509631
"2407",454,0.000615300643906301,49.5,28.5,42.0000102550107
"2408",472,0.00353240970128015,48.5,27.5,68.000058873495
"2409",474,0,78.5,44.5,64
"2410",476,0,74.5,42.5,66
"2411",475,0.000444779705507603,80.5,47.5,40.0000074129951
"2412",479,5.74474775743247e-05,50,30,46.000000957458
"2413",458,0.00458735277437948,54,31,52.0000764558796
"2414",460,0.000352816825124801,63,37,6.00000588028042
"2415",459,0.00111786944107695,6,3,64.0000186311574
"2416",462,0.000459530567728996,75,43,62.0000076588428
"2417",464,0.000114895191102935,70,39,32.0000019149198
"2418",470,0.000918935025791181,33,17,42.0000153155838
"2419",469,5.7447517453932e-05,51,30,26.0000009574586
"2420",471,5.7447517453932e-05,29,16,34.0000009574586
"2421",477,0.000125157994669936,42,25,30.0000020859666
"2422",481,0.000967405108779788,34,19,14.0000161234185
"2423",473,0.00119923254044647,14,7,72.000019987209
"2424",465,0.00100142500400234,84,48,84.0000166904167
"2425",467,5.74475855815713e-05,97.5,55.5,38.0000009574598
"2426",466,0.000159891249867035,42,23,90.0000026648542
"2427",468,0.000125158047296049,105,60,74.0000020859675
"2428",482,0.00127912930096618,87,50,58.0000213188217
"2429",484,0.0001251579635671,65.5,36.5,12.0000020859661
"2430",483,0.000125157964329797,12.5,6.5,76.0000020859661
"2431",485,0.000222389854168448,91,53,18.0000037064976
"2432",478,0.00481562669614402,21.5,12.5,54.0000802604449
"2433",455,0.00362089880029265,66,39,20.0000603483133
"2434",451,0.00127896606086115,20,10,40.000021316101
"2435",453,0,47,27,54
"2436",452,0,67.5,40.5,64
"2437",457,0.000615300643906301,73,41,24.0000102550107
"2438",461,0.00157762370183608,28,16,44.0000262937284
"2439",463,5.74475959168977e-05,51,29,60.0000009574599
"2440",480,0.00719120963766097,73,43,62.000119853494
"2441",486,0.00542596855943873,72,41,34.0000904328093
"2442",499,0.0125243223180467,42.5,25.5,22.0002087387053
"2443",501,0.00834174036537218,26,15,30.0001390290061
"2444",505,0.00551855152180975,32.5,17.5,42.0000919758587
"2445",508,0.0029280773764634,45.5,24.5,24.0000488012896
"2446",513,0.00359073112040253,29,17,34.0000598455187
"2447",516,0.00138116280222319,41.5,24.5,46.00002301938
"2448",515,0.00200480618568617,53.5,30.5,48.0000334134364
"2449",514,0.00138116280222319,55,31,38.00002301938
"2450",517,0.00200480618568617,47.5,28.5,72.0000334134364
"2451",519,0,84,48,46
"2452",525,0.00311945296585729,57.5,34.5,14.0000519908828
"2453",524,0.000308048004142378,16,9,56.0000051341334
"2454",526,0.00267855601106359,67.5,39.5,20.0000446426002
"2455",528,0.00102560794784792,24,14,22.0000170934658
"2456",523,0.00847111123604549,25.5,14.5,46.0001411851873
"2457",522,0.00177141323887557,53,30,68.000029523554
"2458",521,0.00133999805954266,78,44,42.000022333301
"2459",527,0.00419116476743538,49.5,28.5,42.0000698527461
"2460",520,0.00610544809424204,46.5,25.5,36.0001017574682
"2461",424,0.338302619131881,44,26,30.0056383769855
"2462",502,0.629152819807299,33.5,18.5,44.0104858803301
"2463",507,0.0104643561753244,48,26,34.0001744059363
"2464",506,0.0029280773764634,36,19,66.0000488012896
"2465",509,0.00390453949297925,81,48,50.0000650756582
"2466",511,0.00581017118564392,62,37,52.0000968361864
"2467",518,0.00674229880935844,64.5,38.5,58.0001123716468
"2468",512,0.00674229880935844,69.5,40.5,54.0001123716468
"2469",510,0.0152810429385691,61,34,50.000254684049
"2470",503,0.0303632049342999,61,36,62.0005060534156
"2471",435,0.167811677418324,75,44,32.0027968612903
"2472",441,0.00965804531492541,33.5,17.5,36.0001609674219
"2473",443,0.000333584781252672,41.5,23.5,24.0000055597464
"2474",446,0.000205100231390511,24.5,12.5,46.0000034183372
"2475",445,0.000625789662111646,53,30,64.0000104298277
"2476",444,0.000205100231390511,76.5,44.5,16.0000034183372
"2477",447,0.000625789662111646,16,8,64.0000104298277
"2478",442,0.000698278520856873,74.5,42.5,48.0000116379753
"2479",448,0.000724352032832022,56,32,2.00001207253388
"2480",439,0.00893224961028226,2,1,56.0001488708268
"2481",449,0.00956989683897585,63,35,8.00015949828065
"2482",488,0.0105883017254066,9.5,5.5,66.0001764716954
"2483",491,0,81,48,52
"2484",493,0,63,37,50
"2485",490,5.74476603557757e-05,56.5,31.5,50.000000957461
"2486",489,0,61,36,74
"2487",494,5.74476603557757e-05,88.5,51.5,26.000000957461
"2488",498,0,30.5,17.5,20
"2489",500,0.00371843324003578,21.5,11.5,50.0000619738873
"2490",487,0.0188364657586629,60,35,28.000313941096
"2491",492,0.000375474245020087,28,14,86.0000062579041
"2492",497,0.000159891362368774,101,58,26.000002664856
"2493",496,0,28,15,60
"2494",495,0,71,41,72
"2495",450,0.0106869607258607,85.5,49.5,80.0001781160121
"2496",437,0.0211704704482848,93,53,20.0003528411741
"2497",431,0.0190821689100181,21,11,34.0003180361485
"2498",434,0,37,20,70
"2499",433,0,84.5,49.5,36
"2500",432,0,45,27,20
"2501",504,0.167811677418324,24.5,14.5,78.0027968612903
"2502",412,0.422093935386209,91.5,52.5,34.0070348989231
"2503",404,0.0157346689602001,40.5,23.5,82.0002622444827
"2504",391,0.187087245889796,95,54,34.0031181207648
"2505",375,0.172749022820067,35.5,18.5,18.0028791503803
"2506",372,0.0327868481829852,19,10,22.0005464474697
"2507",357,0.0431232787670698,27.5,16.5,70.0007187213128
"2508",379,0.0733859589360554,80,45,76.0012230993156
"2509",581,1.02321947456749,90,52,74.0170536579095
"2510",580,0,86,49,40
"2511",579,0,44.5,24.5,32
"2512",578,0,37.5,21.5,70
"2513",664,0.0582739319101938,82.5,47.5,54.0009712321985
"2514",545,0.437948805169634,67,40,52.0072991467528
"2515",556,0.0549102747758271,58.5,32.5,48.0009151712463
"2516",530,0.15243489025095,53,29,58.0025405815042
"2517",532,0.00451701335477814,68.5,39.5,64.0000752835559
"2518",534,0.00192148221056769,76,44,54.0000320247035
"2519",536,0.0011134322527194,64,37,80.0000185572042
"2520",541,0.00205926963062049,92.5,52.5,18.0000343211605
"2521",539,0.00132860797620881,19,10,32.0000221434663
"2522",533,0.00253013576554713,40,24,48.0000421689294
"2523",537,0.00052248381234371,58.5,34.5,36.0000087080635
"2524",535,0.00236946651147027,37.5,19.5,50.0000394911085
"2525",538,0.00127078286385778,60,35,36.0000211797144
"2526",542,0.00132860797620881,39.5,21.5,18.0000221434663
"2527",765,0.267273745675869,19.5,10.5,30.0044545624279
"2528",540,2.48486659751889,33.5,18.5,16.041414443292
"2529",531,0.019591219881961,17.5,9.5,34.0003265203314
"2530",400,0.607622346657735,36.5,19.5,48.010127039111
"2531",399,0.0442357298780224,57.5,33.5,32.0007372621646
"2532",1956,3.5864194272215,40,24,42.0597736571204
"2533",1958,0.00112693674614627,47,26,4.0000187822791
"2534",1893,0.833664540791197,4.5,2.5,26.0138944090132
"2535",1957,0.421479273293755,28.5,15.5,38.0070246545549
"2536",1998,0.123239840827257,45,26,12.0020539973471
"2537",2006,0.00753020228101686,12,6,72.0001255033714
"2538",2019,0.00155429540985443,85,49,54.0000259049235
"2539",2018,0,67,40,50
"2540",2007,0.00155429540985443,60.5,35.5,32.0000259049235
"2541",2032,0.00466237762716297,37,21,60.0000777062938
"2542",2069,0.00882249319481687,68.5,38.5,46.0001470415532
"2543",2075,0.00538542364395833,57.5,34.5,14.0000897570607
"2544",2036,0.00894041798705366,16,9,48.0001490069665
"2545",2033,0.00645161775737411,56,32,46.0001075269626
"2546",2025,0.0115825539205863,57.5,34.5,32.0001930425653
"2547",2008,0.00481010162926195,36.5,20.5,24.0000801683605
"2548",2034,0.00510224625161859,30,18,48.0000850374375
"2549",2045,0.00662484623571101,54,30,60.0001104141039
"2550",2044,0,70,40,24
"2551",1975,0.0297427019108334,28,16,18.0004957116985
"2552",1973,0.00473807113910008,22.5,13.5,12.0000789678523
"2553",1995,0.0198314213140203,13,7,16.0003305236886
"2554",2005,0.012215048039363,18,10,48.000203584134
"2555",1999,0.00753020228101686,53.5,29.5,42.0001255033714
"2556",1960,0.0388699266288838,46.5,25.5,46.0006478321105
"2557",2022,0.179625190615243,57.5,34.5,72.0029937531769
"2558",1991,0.432868123512748,86.5,50.5,80.0072144687252
"2559",2160,0.863040309492076,92.5,52.5,54.0143840051582
"2560",2158,0.00296924909352781,66,39,60.0000494874849
"2561",2161,0.00256361840687746,68,38,52.0000427269734
"2562",1428,2.61548214109556,63,37,60.0435913690183
"2563",2131,3.83985806824666,73,43,18.0639976344708
"2564",2137,0.342704456232862,19,10,62.0057117409372
"2565",2156,6.38416538607268,75.5,44.5,62.1064027564345
"2566",2155,0.00710697994113971,71.5,40.5,36.0001184496657
"2567",430,5.96637811129072,43.5,25.5,66.0994396351882
"2568",4,6.95260373575325,81,48,64.1158767289292
"2569",3,0.0131292101188966,72.5,40.5,32.0002188201686
"2570",5,0.0167324377155537,35,19,40.0002788739619
"2571",7,0.13288232049731,47,27,58.0022147053416
"2572",2,3.25251226356153,66.5,37.5,26.054208537726
"2573",1493,27.3775944863675,32,19,76.4562932414395
"2574",1491,0.00846532411430791,90.5,52.5,60.0001410887352
