"","total_route","single_distance","single_cargo_weight","single_cargo_volume","total_travel_time"
"1",1,0,0,0,0
"2",14,0.00703058130552308,67.5,39.5,36.0001171763551
"3",5,0.00819339870217293,45,27,40.000136556645
"4",13,0,45,25,56
"5",12,0,65,37,54
"6",11,0,65,38,16
"7",10,0,19.5,11.5,74
"8",9,0,87,50,72
"9",8,0,86,50,6
"10",7,0,6.5,3.5,18
"11",6,0,18.5,9.5,52
"12",2,0.00703058130552308,59.5,33.5,74.0001171763551
"13",15,0.040088914926559,88.5,51.5,58.0006681485821
"14",22,0.0276518639619047,70,41,54.0004608643994
"15",24,0.00720975903822453,65,38,66.0001201626506
"16",23,0.00937068831940053,76.5,43.5,50.0001561781387
"17",25,0.00366516565334047,61.5,36.5,4.00006108609422
"18",42,0,4.5,2.5,58
"19",50,0,66,37,24
"20",55,0,27.5,15.5,40
"21",61,0,44.5,24.5,22
"22",95,0,25.5,14.5,64
"23",99,0,75.5,43.5,56
"24",127,0,63,35,84
"25",145,0,98.5,56.5,78
"26",181,0,91,52,44
"27",184,0,54,32,62
"28",144,0.00410525270064178,75,44,62.0000684208783
"29",143,0,72.5,41.5,46
"30",142,0,53,30,28
"31",141,0,33,19,26
"32",140,0,28.5,15.5,70
"33",139,0,81.5,46.5,40
"34",138,0,47.5,27.5,80
"35",137,0,94,54,66
"36",136,0,79.5,46.5,14
"37",135,0,17.5,10.5,12
"38",134,0,14.5,8.5,48
"39",133,0,53.5,29.5,64
"40",132,0,74.5,42.5,86
"41",131,0,100,57,6
"42",130,0,7.5,4.5,88
"43",129,0,103,59,46
"44",128,0,50.5,27.5,76
"45",126,0.0019071453186867,89.5,51.5,52.0000317857553
"46",125,0,64.5,38.5,28
"47",124,0,31.5,17.5,74
"48",123,0,85.5,48.5,72
"49",122,0,85.5,49.5,12
"50",121,0,14,8,46
"51",120,0,54,31,56
"52",119,0,66.5,38.5,60
"53",118,0,70,40,72
"54",117,0,85,49,50
"55",116,0,55,30,48
"56",115,0,57,33,28
"57",114,0,33.5,19.5,66
"58",113,0,76.5,43.5,50
"59",112,0,58.5,33.5,40
"60",111,0,45.5,25.5,66
"61",110,0,77,44,44
"62",109,0,52.5,30.5,20
"63",108,0,24,14,34
"64",107,0,37.5,20.5,30
"65",106,0,30.5,15.5,36
"66",105,0,42.5,24.5,42
"67",104,0,47,26,20
"68",103,0,23.5,13.5,62
"69",102,0,74.5,43.5,74
"70",101,0,87.5,50.5,18
"71",100,0,20,11,38
"72",180,0.00216373680916045,43,24,34.0000360622802
"73",179,0,40,23,72
"74",178,0,86.5,50.5,22
"75",177,0,23.5,12.5,14
"76",176,0,16,9,40
"77",175,0,46.5,26.5,38
"78",174,0,44.5,25.5,10
"79",173,0,10.5,5.5,58
"80",172,0,66.5,37.5,10
"81",171,0,11,6,46
"82",170,0,53.5,30.5,60
"83",169,0,72,42,24
"84",168,0,26,14,50
"85",167,0,62.5,37.5,46
"86",166,0,57,34,18
"87",165,0,18,9,50
"88",164,0,58.5,33.5,70
"89",163,0,81.5,46.5,54
"90",162,0,66,39,60
"91",161,0,72.5,42.5,46
"92",160,0,56.5,33.5,56
"93",159,0,68,40,52
"94",158,0,60.5,34.5,62
"95",157,0,73,42,24
"96",156,0,28,16,40
"97",155,0,43.5,23.5,72
"98",154,0,84,48,48
"99",153,0,54.5,30.5,26
"100",152,0,32.5,19.5,54
"101",151,0,63,36,66
"102",150,0,81,48,52
"103",149,0,64.5,38.5,84
"104",148,0,99,57,28
"105",147,0,30,16,58
"106",146,0,72.5,43.5,66
"107",185,0.00485374416899875,76.5,43.5,84.0000808957361
"108",189,0.00633886371920202,98.5,56.5,36.0001056477287
"109",197,0.0173710445283747,37.5,19.5,54.0002895174088
"110",202,0.00427821471200713,65,38,56.0000713035785
"111",204,0,68.5,40.5,66
"112",201,0.00694955011461532,78.5,45.5,52.0001158258352
"113",200,0,63.5,37.5,26
"114",199,0,30.5,17.5,36
"115",198,0.00427821471200713,39,21,46.0000713035785
"116",205,0.00694955011461532,55,32,52.0001158258352
"117",214,0.0662194837778836,62,36,20.001103658063
"118",216,0.00400014430982385,22,12,52.0000666690718
"119",219,0,63.5,37.5,72
"120",218,0.00150464125298915,86,50,62.0000250773542
"121",217,0,73.5,42.5,38
"122",220,0.00150464125298915,46.5,27.5,18.0000250773542
"123",222,0,18.5,9.5,60
"124",221,0.00260039708622349,71,41,46.0000433399514
"125",223,0.00260039708622349,51,28,76.0000433399514
"126",234,0.0197578736955925,87.5,49.5,12.0003292978949
"127",243,0,13,7,38
"128",245,0,40.5,21.5,70
"129",249,0,82.5,47.5,50
"130",251,0,59.5,34.5,40
"131",257,0,46,26,58
"132",269,0,65,36,32
"133",276,0,34.5,18.5,50
"134",292,0,60.5,35.5,54
"135",304,0,65,38,16
"136",316,0,17,9,62
"137",325,0,71.5,40.5,10
"138",328,0.0563880377016296,11.5,6.5,52.0009398006284
"139",340,0.0670840878846333,59,33,14.0011180681314
"140",342,0.0086830841477859,14,7,40.0001447180691
"141",344,0.0156280572568353,43.5,23.5,28.0002604676209
"142",343,0.0582091829168512,28.5,14.5,36.0009701530486
"143",345,0.0428068586880355,45,27,68.0007134476448
"144",350,0.03085299527721,79,45,24.000514216588
"145",346,0.0310706570169295,27,15,44.0005178442836
"146",349,0,48,26,56
"147",351,0.000475607700862444,66.5,38.5,8.00000792679501
"148",356,0.00892972537408993,8.5,4.5,74.0001488287562
"149",352,0.0308399049494213,85.5,48.5,54.0005139984158
"150",380,0.123726517412763,64.5,37.5,28.0020621086235
"151",386,0.0290613559416554,31,17,52.0004843559324
"152",385,0.0449726488633669,63.5,37.5,32.0007495441477
"153",381,0.0290613559416554,39,23,64.0004843559324
"154",383,0.0120091912619062,79,47,58.0002001531877
"155",382,0.0191640590679673,71,42,80.0003194009845
"156",384,0.00772660154011677,93,53,42.0001287766923
"157",387,0.0449726488633669,47.5,26.5,62.0007495441477
"158",390,0.100536468704398,71.5,40.5,34.0016756078117
"159",389,0.0106938606709853,42,25,26.0001782310112
"160",388,0.100536468704398,28.5,15.5,42.0016756078117
"161",391,0.0106938606709853,45,24,18.0001782310112
"162",393,0,20,11,34
"163",396,0.00113183539478749,36.5,19.5,82.0000188639232
"164",399,0,96.5,55.5,34
"165",401,0,42.5,25.5,24
"166",398,0.000375989774348117,28,16,60.0000062664962
"167",397,0,72,42,38
"168",402,0.000375989774348117,47,28,48.0000062664962
"169",404,0.000222389851339155,53,29,34.0000037064975
"170",413,0.00167192801450216,42.5,25.5,54.0000278654669
"171",417,0,63.5,36.5,70
"172",420,0,84.5,49.5,62
"173",443,0.0016414048901735,76.5,45.5,32.0000273567482
"174",441,0.0001604288754871,36,20,58.0000026738146
"175",424,0.000364745254444125,66.5,37.5,52.0000060790876
"176",426,0,59.5,33.5,32
"177",429,0,32.5,16.5,24
"178",434,0,25,13,40
"179",423,0.000173463222696445,47.5,27.5,54.0000028910537
"180",442,0.000364745254444125,63,36,38.0000060790876
"181",428,0.000524498951167203,46,27,14.0000087416492
"182",427,0,17,10,38
"183",419,0.000173463118261426,47.5,28.5,48.000002891052
"184",418,0,56,32,28
"185",406,0.000282040243420586,31,17,68.0000047006707
"186",409,0,77.5,43.5,60
"187",412,0,68.5,38.5,34
"188",411,0,36.5,19.5,18
"189",410,0,22,13,28
"190",450,0.00109860233229581,34.5,20.5,74.0000183100389
"191",472,0.00114813134204426,86,49,64.0000191355224
"192",475,0,75,43,42
"193",468,0.00179589633947831,45.5,24.5,82.0000299316057
"194",471,0,95,54,10
"195",451,0.00114813134204426,10,5,18.0000191355224
"196",458,0.000797458916392135,21.5,12.5,64.0000132909819
"197",457,0.000558973224210772,74.5,42.5,72.0000093162204
"198",459,0.000558973224210772,85,49,76.0000093162204
"199",474,0.00121424593597309,89,51,56.0000202374323
"200",473,0,69.5,41.5,52
"201",460,0.00121424593597309,59,33,26.0000202374323
"202",467,0.000477408011625884,28.5,15.5,34.0000079568002
"203",461,0.00151774103113217,35,18,52.0000252956839
"204",453,0.000481286662043805,64.5,38.5,22.0000080214444
"205",456,0,22,11,40
"206",452,0.000797458916392135,47,27,84.0000132909819
"207",455,0.000111194927084224,98.5,56.5,62.0000018532488
"208",454,0,72,41,68
"209",462,0.000564080694826131,82,48,46.0000094013449
"210",466,0,55,32,26
"211",421,0.00190298092557687,28,15,62.0000317163488
"212",437,0.000256625834706974,73.5,42.5,40.0000042770972
"213",440,0,50,30,54
"214",444,0.0001604288754871,63,36,38.0000026738146
"215",446,0,42.5,23.5,4
"216",449,0.00233580923287121,5,3,52.0000389301539
"217",445,0.00137870203681816,64.5,38.5,20.0000229783673
"218",405,0.00312503168763568,21.5,11.5,24.0000520838615
"219",400,0.00112796913534,27,15,52.0000187994856
"220",403,0.000524499038629266,63.5,37.5,30.0000087416506
"221",433,0.00122769558570434,31,16,38.0000204615931
"222",432,0,45,26,56
"223",431,0,65,37,54
"224",430,0,60.5,33.5,60
"225",435,0.000353060776039934,67.5,37.5,74.0000058843463
"226",422,0.000256625834706974,86.5,49.5,74.0000042770972
"227",425,0.00100075433809943,87.5,50.5,36.000016679239
"228",439,0.00124481893968297,41.5,23.5,32.0000207469823
"229",438,0,37.5,21.5,62
"230",408,0.000729490967038413,71,40,40.0000121581828
"231",407,0,45.5,25.5,8
"232",436,0.000618129928812374,10,6,38.0000103021655
"233",416,0.000524499405765171,43.5,24.5,58.0000087416568
"234",415,0,71,42,68
"235",414,0,80,46,18
"236",470,0.00229846925170534,21.5,12.5,70.0000383078209
"237",469,0,84.5,49.5,36
"238",478,0.00213087646064999,38,20,50.0000355146077
"239",489,0.0592379442886065,57,32,38.0009872990715
"240",491,0.0110120935294825,44,25,88.0001835348922
"241",509,0,103,59,26
"242",514,0.0160350758490123,30,17,52.0002672512641
"243",516,0,59,33,72
"244",524,0.00515106206392281,86,50,4.0000858510344
"245",521,0.0192953781042082,4,2,20.0003215896351
"246",520,0.0110266574524271,21,11,54.0001837776242
"247",525,0.0192953781042082,60,33,62.0003215896351
"248",513,0.108163007825117,76,45,28.0018027167971
"249",522,0.00635053640616777,34.5,20.5,10.0001058422734
"250",510,0.0202878431652735,11.5,6.5,26.0003381307194
"251",512,0.0632602928275924,26,13,12.0010543382138
"252",526,0.108163007825117,15,9,44.0018027167971
"253",528,0.122366913917514,48.5,26.5,32.0020394485653
"254",566,0.084100295621149,40,24,50.0014016715937
"255",529,0.136091543227752,57,32,52.0022681923871
"256",531,0,59,33,60
"257",536,0,67.5,37.5,56
"258",540,0.00125816773611802,67,39,80.0000209694623
"259",545,0.00135270167984444,94,54,12.000022545028
"260",552,0.00141210555968511,12.5,6.5,10.0000235350927
"261",558,0,11,6,40
"262",563,0,48,28,76
"263",562,0.000655169928408905,89,51,30.0000109194988
"264",561,0,36.5,21.5,62
"265",560,0,70.5,39.5,48
"266",559,0,59.5,35.5,16
"267",564,0.000655169928408905,16,8,74.0000109194988
"268",542,0.00457964208842439,87.5,50.5,14.0000763273681
"269",544,0,15,8,26
"270",543,0,27,14,12
"271",541,0.00135270167984444,12,6,56.000022545028
"272",538,0.00201072925176637,68.5,40.5,88.0000335121542
"273",530,0.00405810754887786,102.5,58.5,66.0000676351258
"274",539,0.00405810754887786,77,44,42.0000676351258
"275",537,0.00125816773611802,49,28,36.0000209694623
"276",535,0.00388329090499802,43.5,25.5,66.0000647215151
"277",534,0,77.5,44.5,56
"278",533,0,68,40,68
"279",532,0,81,47,60
"280",557,0.00444642061759312,71.5,41.5,56.0000741070103
"281",556,0,66.5,38.5,76
"282",555,0,87.5,49.5,48
"283",554,0,58.5,34.5,18
"284",553,0,18,9,12
"285",551,0.00200484059971779,13.5,7.5,82.00003341401
"286",550,0,96,55,8
"287",549,0,8.5,4.5,48
"288",548,0,55.5,31.5,32
"289",547,0,33.5,17.5,6
"290",546,0.00141210555968511,6,3,60.0000235350927
"291",565,0.00889914893206505,71.5,41.5,26.0001483191489
"292",567,0.0528339383886517,29,16,50.0008805656398
"293",569,0.148939686460222,62,37,82.0024823281077
"294",573,0,97,56,42
"295",575,0.115631358915171,46,25,36.0019271893153
"296",574,0.447190945015307,43,25,62.0074531824169
"297",572,0.25941166859741,74.5,43.5,20.00432352781
"298",571,0,21.5,11.5,50
"299",570,0,57.5,32.5,6
"300",568,0.199613629214464,6,3,52.0033268938202
"301",527,0.616387204137646,59,33,80.010273120069
"302",488,0.226336789448252,95,55,46.0037722798241
"303",479,0.0592379442886065,53,30,56.0009872990715
"304",484,0,69,41,70
"305",483,0.0280289519352442,82,47,18.0004671491989
"306",482,0,19,10,40
"307",481,0,44.5,24.5,18
"308",480,0,18,9,62
"309",476,0.00533520668453968,76,45,72.0000889201114
"310",394,0.00622908658370541,87,51,70.0001038181097
"311",477,0.00773690999134536,82.5,47.5,0.000128948499855756
"312",392,0.00741013809221907,0,0,42.0001235023015
"313",395,0.00844498949430553,48.5,27.5,24.0001407498249
"314",448,0.0133530491082739,26.5,14.5,12.0002225508185
"315",447,0.00233580923287121,13.5,7.5,16.0000389301539
"316",465,0.00465191297713788,19.5,11.5,6.00007753188295
"317",464,0,7.5,4.5,58
"318",463,0,67,38,52
"319",485,0.0560881007756912,57.5,31.5,68.0009348016796
"320",511,0.128344856324648,78,44,64.0021390809387
"321",486,0.0900425717436234,74,42,66.0015007095291
"322",490,0.0291769267623681,81,48,46.0004862821127
"323",487,0.020930039486494,55.5,32.5,12.0003488339914
"324",363,0.233854302374985,12,6,52.0038975717062
"325",365,0.0140049076363163,59,33,40.0002334151273
"326",372,0.0178721306551744,45.5,25.5,44.0002978688443
"327",374,0.00156101769828823,48,26,24.0000260169616
"328",360,0.0701927637691774,29,17,72.0011698793961
"329",362,0.00588788228627523,84,48,54.0000981313714
"330",364,0.0570076177336374,65.5,38.5,76.0009501269622
"331",370,0.0369371386920057,89,51,28.0006156189782
"332",368,0.00289297301197493,29.5,15.5,64.0000482162169
"333",353,0.129425751138783,76.5,44.5,52.0021570958523
"334",358,0.017941428826936,64,38,70.0002990238138
"335",361,0.0148466785256788,80.5,45.5,44.0002474446421
"336",359,0.0206563901689689,53.5,31.5,36.0003442731695
"337",375,0.0701927637691774,38.5,20.5,16.0011698793962
"338",378,0.0288722061176562,20,12,76.0004812034353
"339",376,0.0383638202641703,89,51,58.0006393970044
"340",369,0.193473478442003,69.5,40.5,52.003224557974
"341",377,0.194236282038333,58.5,32.5,54.0032372713673
"342",379,0.00983844766927229,65,38,30.0001639741278
"343",354,0.275507520581898,35.5,20.5,36.0045917920097
"344",210,0.312127463036161,39.5,21.5,24.0052021243839
"345",213,0.0122842829815123,24.5,12.5,62.0002047380497
"346",211,0.0395193564704724,70.5,39.5,48.0006586559412
"347",215,0.0270559764113705,56,32,52.0004509329402
"348",242,0.0145560327948505,59,33,26.0002426005466
"349",241,0,32,19,34
"350",240,0,40.5,23.5,48
"351",239,0,52.5,28.5,32
"352",238,0,37,21,38
"353",237,0,41.5,22.5,32
"354",236,0,34.5,18.5,38
"355",235,0,47,28,44
"356",275,0.000877199605176054,49.5,27.5,16.0000146199934
"357",274,0,17,9,48
"358",273,0,60,36,46
"359",272,0,57,34,50
"360",271,0,59,34,66
"361",270,0,76.5,43.5,48
"362",291,0.000786898119640749,59,35,70.0000131149687
"363",290,0,81.5,46.5,40
"364",289,0,43,23,46
"365",288,0,56.5,33.5,48
"366",287,0,54,30,48
"367",286,0,54.5,30.5,58
"368",285,0,70,41,0
"369",284,0,0,0,24
"370",283,0,25,13,32
"371",282,0,33.5,17.5,22
"372",281,0,24,13,66
"373",280,0,79,46,32
"374",279,0,39.5,23.5,70
"375",278,0,82.5,47.5,16
"376",277,0,16.5,8.5,52
"377",315,5.77870431893777e-05,61.5,35.5,14.0000009631174
"378",314,0,15.5,8.5,48
"379",313,0,54.5,30.5,50
"380",312,0,59.5,34.5,10
"381",311,0,12,7,12
"382",310,0,15,9,30
"383",309,0,36,21,54
"384",308,0,66.5,39.5,66
"385",307,0,79.5,46.5,46
"386",306,0,52.5,29.5,54
"387",305,0,60,33,70
"388",324,0.000558969704705544,84.5,49.5,52.0000093161617
"389",323,0,62.5,36.5,46
"390",322,0,50,27,36
"391",321,0,45,27,6
"392",320,0,7,4,54
"393",319,0,62,35,54
"394",318,0,66.5,39.5,60
"395",317,0,74.5,44.5,54
"396",303,0.000891434401037337,61.5,34.5,26.00001485724
"397",302,0,31,18,56
"398",301,0,63,35,14
"399",300,0,16.5,9.5,72
"400",299,0,83,47,16
"401",298,0,19,11,62
"402",297,0,71.5,40.5,68
"403",296,0,78,44,28
"404",295,0,31,17,56
"405",294,0,63,35,42
"406",293,0,47.5,26.5,54
"407",268,0.000530388985252251,66,39,32.0000088398164
"408",267,0,36,20,56
"409",266,0,67.5,39.5,46
"410",265,0,56.5,33.5,60
"411",264,0,73.5,43.5,46
"412",263,0,55,32,60
"413",262,0,75,45,48
"414",261,0,53,29,58
"415",260,0,70.5,41.5,34
"416",259,0,39,22,28
"417",258,0,30,16,50
"418",256,0.000558969704605664,60.5,35.5,72.0000093161617
"419",255,0,85.5,49.5,30
"420",254,0,35.5,20.5,20
"421",253,0,24.5,14.5,20
"422",252,0,24.5,14.5,60
"423",226,0.0224635184570409,73.5,43.5,54.0003743919743
"424",228,0,61,34,34
"425",231,0,36,19,64
"426",233,0,73,41,68
"427",224,0.0197578736955925,81,47,42.0003292978949
"428",248,0.0048350402429862,48.5,27.5,32.0000805840041
"429",247,0,34.5,18.5,20
"430",246,0,22.5,12.5,10
"431",244,0.0012245084753223,11.5,6.5,74.0000204084746
"432",250,0.000173359770879865,85,48,60.0000028893295
"433",232,0.000962274857370505,74,44,44.0000160379143
"434",227,0.00229179370562491,54,32,72.0000381965618
"435",230,0.00220658624542103,82.5,46.5,64.0000367764374
"436",229,0,73,41,20
"437",225,0.00979897028519083,24,14,52.0001633161714
"438",212,0.0526784879800915,63,37,58.0008779747997
"439",203,0.0279009601656191,67,38,28.0004650160028
"440",19,0.0695995529625534,28.5,14.5,38.0011599925494
"441",21,0,42.5,23.5,32
"442",20,0,38,22,16
"443",16,0.0276518639619047,19,11,36.0004608643994
"444",18,0.00560386739225816,37.5,19.5,32.0000933977899
"445",17,0.0134595429270951,39,23,28.0002243257155
"446",4,0.0117503378537169,30,16,26.0001958389642
"447",3,0.0472765367326736,28,15,64.0007879422789
"448",206,0.115884836328596,74,42,48.0019314139388
"449",330,0.160728878611913,60,36,46.0026788146435
"450",332,0.0356973604864859,55.5,32.5,36.0005949560081
"451",334,0.106180681330885,43,25,40.0017696780222
"452",337,0.00175038064509084,50,30,64.0000291730107
"453",341,0.0673565397284834,73,41,62.0011226089955
"454",338,0.0598697704818352,73.5,42.5,30.000997829508
"455",335,0.00724390929171627,36.5,21.5,60.0001207318215
"456",327,0.0862220991706094,68.5,38.5,46.0014370349862
"457",326,0.0563880377016296,53.5,30.5,50.0009398006284
"458",336,0.0862220991706094,59.5,34.5,56.0014370349862
"459",339,0.00618523505929222,66,38,20.000103087251
"460",329,0.0670840878846333,25,15,8.00111806813141
"461",331,0.148250592667065,10,6,12.0024708432111
"462",207,0.29034735835944,13,7,60.0048391226393
"463",188,0.0675214987682245,68,38,58.0011253583128
"464",186,0.00633886371920202,65,36,42.0001056477287
"465",98,0.0227477799606469,48,27,36.000379129666
"466",97,0,42,24,6
"467",96,0,6,3,50
"468",60,0.00151768778595704,56,31,50.0000252947964
"469",59,0,61,36,58
"470",58,0,71.5,42.5,64
"471",57,0,78,46,56
"472",56,0,63,35,30
"473",94,0.00128832371608566,35,20,30.0000214720619
"474",93,0,32,17,40
"475",92,0,46.5,26.5,76
"476",91,0,89.5,51.5,46
"477",90,0,55,32,46
"478",89,0,52.5,29.5,46
"479",88,0,50.5,27.5,16
"480",87,0,18,10,58
"481",86,0,71,42,70
"482",85,0,81.5,46.5,48
"483",84,0,58.5,34.5,62
"484",83,0,76.5,45.5,64
"485",82,0,76,44,38
"486",81,0,44.5,25.5,42
"487",80,0,45.5,24.5,78
"488",79,0,90,51,42
"489",78,0,50,29,54
"490",77,0,61,34,56
"491",76,0,69.5,41.5,44
"492",75,0,50.5,28.5,28
"493",74,0,32,18,50
"494",73,0,62,37,38
"495",72,0,45,26,62
"496",71,0,75,44,52
"497",70,0,64,38,4
"498",69,0,4.5,2.5,34
"499",68,0,42.5,25.5,46
"500",67,0,51,28,48
"501",66,0,55.5,31.5,52
"502",65,0,60.5,34.5,20
"503",64,0,22.5,12.5,52
"504",63,0,64.5,38.5,62
"505",62,0,74,43,44
"506",54,0.0081253217684607,50,28,20.0001354220295
"507",53,0,20,10,60
"508",52,0,68,38,68
"509",51,0,81.5,47.5,40
"510",49,0.0014865512961617,44.5,24.5,34.0000247758549
"511",48,0,41.5,24.5,52
"512",47,0,60,34,50
"513",46,0,60,35,36
"514",45,0,41,23,46
"515",44,0,52,29,62
"516",43,0,72.5,41.5,18
"517",41,0.0120956718401103,21.5,12.5,44.0002015945307
"518",40,0,55,33,24
"519",39,0,25,13,20
"520",38,0,24.5,14.5,52
"521",37,0,59.5,33.5,38
"522",36,0,46.5,27.5,26
"523",35,0,27,14,58
"524",34,0,72,43,54
"525",33,0,63,36,40
"526",32,0,50,30,2
"527",31,0,2.5,1.5,46
"528",30,0,54.5,31.5,76
"529",29,0,89.5,51.5,60
"530",28,0,75,45,42
"531",27,0,51.5,30.5,0
"532",26,0,0,0,50
"533",187,0.0469156471480492,62.5,37.5,36.0007819274525
"534",190,0.0555185104866954,42,24,60.0009253085081
"535",196,0,69,39,56
"536",195,0,65.5,37.5,70
"537",194,0,80.5,45.5,22
"538",193,0,27.5,16.5,28
"539",192,0,32,18,34
"540",191,0,36,19,24
"541",183,0.03402969579413,29.5,17.5,64.0005671615966
"542",182,0,76,44,10
"543",209,0.0671574149539138,10.5,5.5,6.00111929024923
"544",355,0.312127463036161,7.5,4.5,8.00520212438394
"545",348,0.0190147556261713,8.5,4.5,62.0003169125938
"546",347,0,77,46,38
"547",357,0.0430115156663683,40.5,21.5,30.0007168585944
"548",367,0.305731205518446,34,19,50.005095520092
"549",371,0.00289297301197493,62,37,10.0000482162169
"550",366,0.0178721306551744,11,6,56.0002978688442
"551",373,0.0106226286697728,66.5,38.5,60.0001770438112
"552",508,0.286115418522344,71.5,41.5,66.0047685903087
"553",507,0,79,46,74
"554",506,0,85,48,68
"555",505,0,82,48,42
"556",504,0,48.5,27.5,68
"557",503,0,79,45,90
"558",502,0,105,60,60
"559",501,0,74,44,64
"560",500,0,75,43,30
"561",499,0,30,15,36
"562",498,0,40.5,22.5,12
"563",497,0,12.5,6.5,46
"564",496,0,56,33,58
"565",495,0,71,42,34
"566",494,0,40,23,40
"567",493,0,50,30,50
"568",492,0,55,30,16
"569",515,0.490076243679774,18,10,68.0081679373947
"570",523,0.0924105529235659,81,47,24.0015401758821
"571",517,0.00515106206392281,24,12,12.0000858510344
"572",519,0.0141099407051247,15,9,32.0002351656784
"573",518,0.0908802739701509,35.5,19.5,12.0015146712328
"574",576,0.716149742448215,13,7,56.0119358290408
"575",578,0.00303745128047961,68,40,28.000050624188
"576",580,0.000172877384331997,29,15,6.00000288128974
"577",579,0.0082215724777096,6.5,3.5,52.000137026208
"578",577,0.00321628425819817,61.5,35.5,48.0000536047376
"579",581,0.00840230456919931,56,32,56.0001400384095
"580",723,0.118932005062054,69.5,41.5,58.0019822000844
"581",582,0.286791704702129,72,43,6.00477986174504
"582",649,0.000229737850450922,7,4,56.0000038289642
"583",655,0,62.5,34.5,62
"584",674,0.000250492105920373,73.5,42.5,32.0000041748684
"585",676,0,33,17,52
"586",692,0,58,32,24
"587",694,0,25,13,26
"588",700,0,30.5,17.5,24
"589",703,0,24,12,86
"590",658,0.000172916973127998,100,57,64.0000028819496
"591",657,0.000229737899083991,74,42,26.000003828965
"592",704,0.000172916973127998,28,15,38.0000028819496
"593",693,5.76390373900557e-05,46,27,56.0000009606506
"594",705,5.76390373900557e-05,69,41,24.0000009606506
"595",707,0.000160166605272509,24,12,38.0000026694434
"596",712,0.000222389854168448,43,24,12.0000037064976
"597",659,0.000411167169630875,12,6,46.0000068527862
"598",713,0.000954419784079388,53.5,30.5,10.0000159069964
"599",711,0.000255969593141665,12.5,7.5,58.0000042661599
"600",710,0.000111194927084224,70,41,20.0000018532488
"601",709,0,22.5,12.5,54
"602",706,0.000205583629095283,63,36,38.0000034263938
"603",714,0.000308902494450432,41,22,22.0000051483749
"604",660,0.00132860235141864,25.5,14.5,72.0000221433725
"605",662,0,86.5,50.5,30
"606",667,0,31.5,16.5,24
"607",673,0,28.5,16.5,82
"608",672,0,95.5,54.5,44
"609",671,0,54.5,32.5,66
"610",670,0,77,44,30
"611",669,0,35,20,54
"612",668,0,64,37,28
"613",702,5.76390672633664e-05,34,20,38.0000009606511
"614",701,0,44.5,25.5,34
"615",699,0.000111194927084224,38.5,21.5,58.0000018532488
"616",698,0,72,43,46
"617",697,0,52,29,24
"618",696,0,24.5,12.5,62
"619",695,0,76,45,18
"620",666,5.76390656037381e-05,19.5,10.5,60.0000009606511
"621",665,0,72.5,42.5,72
"622",664,0,82.5,46.5,62
"623",663,0,70,39,32
"624",661,0.000111194927084224,34.5,18.5,36.0000018532488
"625",656,0.000459475826149675,39,21,32.0000076579304
"626",708,0.00127109517095196,35.5,19.5,30.0000211849195
"627",722,0.00196427622865798,31,16,80.0000327379371
"628",724,0.16790414588183,93.5,53.5,62.0027984024314
"629",727,5.75798637999171e-05,72.5,41.5,62.0000009596644
"630",725,0.000160081463800537,74.5,43.5,26.0000026680244
"631",729,0.000115159724645598,31.5,18.5,62.0000019193287
"632",735,0.000125218814150634,74,43,74.0000020869802
"633",739,0.000111194927084224,88.5,51.5,52.0000018532488
"634",732,5.75798641661889e-05,61.5,35.5,16.0000009596644
"635",734,0,17.5,9.5,20
"636",733,0,20,10,54
"637",730,0.000125218814150634,62,35,24.0000020869802
"638",740,0.000125218819121807,25,13,70.0000020869803
"639",738,5.75798558649181e-05,81,46,62.0000009596643
"640",737,0,74,43,38
"641",741,5.75798558649181e-05,47.5,28.5,56.0000009596643
"642",731,0.00153379172705023,63.5,35.5,60.0000255631955
"643",728,0.000205434367215257,75,45,56.0000034239061
"644",726,0.000115159724645598,63.5,35.5,8.00000191932874
"645",736,0.000500875265835118,10,6,48.0000083479211
"646",742,0.00180076292583296,52.5,28.5,34.0000300127154
"647",1915,2.10590997725874,38.5,21.5,44.035098499621
"648",1921,0.00900483953108906,54,32,82.0001500806588
"649",1905,0.0254084271372848,97,56,38.0004234737856
"650",1857,0.161879465515,43,24,68.0026979910919
"651",1856,0.0132215818277706,82.5,48.5,40.0002203596971
"652",1818,0.00179014145568995,49.5,29.5,22.0000298356909
"653",1855,0,27.5,16.5,48
"654",1854,0,54,30,22
"655",1853,0,25.5,14.5,62
"656",1852,0,73.5,42.5,26
"657",1851,0,32,19,70
"658",1850,0,82.5,47.5,34
"659",1849,0,35.5,18.5,30
"660",1848,0,31.5,16.5,54
"661",1847,0,64.5,37.5,72
"662",1846,0,87,51,76
"663",1845,0,91,53,2
"664",1844,0,2.5,1.5,10
"665",1843,0,11.5,6.5,32
"666",1842,0,37.5,21.5,68
"667",1841,0,78.5,44.5,14
"668",1840,0,16,9,24
"669",1839,0,24,12,56
"670",1838,0,63,35,84
"671",1837,0,99,57,34
"672",1836,0,36,19,52
"673",1835,0,63.5,37.5,64
"674",1834,0,72.5,40.5,36
"675",1833,0,44,26,54
"676",1832,0,66,39,76
"677",1831,0,91,53,40
"678",1830,0,45.5,25.5,60
"679",1829,0,73,43,78
"680",1828,0,91.5,52.5,70
"681",1827,0,83.5,48.5,76
"682",1826,0,88,50,62
"683",1825,0,72,41,28
"684",1824,0,29.5,15.5,44
"685",1823,0,52,30,54
"686",1822,0,65.5,38.5,70
"687",1821,0,81.5,46.5,68
"688",1820,0,82.5,48.5,46
"689",1819,0,56,33,24
"690",1858,0.0132215818277706,25.5,13.5,56.0002203596971
"691",1861,0.00619018212196373,70,42,46.000103169702
"692",1970,0.570358706238303,55,32,70.0095059784373
"693",1969,0.11237605048402,80,45,26.0018729341747
"694",1862,0.570358706238303,31,18,36.0095059784373
"695",1867,0.00845423557203556,42.5,24.5,26.0001409039262
"696",1866,0.00207959572229983,27,14,30.0000346599287
"697",1863,0.00845423557203556,31,16,56.0001409039262
"698",1865,0.000363870279485238,70,42,78.0000060645047
"699",1868,0.00207959572229983,90,51,18.0000346599287
"700",1864,0.0112962757690532,20,11,50.0001882712628
"701",1869,0.0110173570603252,55,30,78.0001836226177
"702",1871,0,91.5,52.5,64
"703",1814,0.0368642716516091,79,47,22.0006144045275
"704",1811,0.00251369713728479,26.5,15.5,6.00004189495229
"705",1815,0.00255946430765282,7,4,60.0000426577385
"706",1860,0.012670228844825,71,41,14.0002111704807
"707",1859,0.00619018212196373,17.5,10.5,56.000103169702
"708",1816,0.012670228844825,66.5,38.5,12.0002111704807
"709",1791,0.11643830834419,12.5,6.5,26.0019406384724
"710",1793,0.0280007565533937,27.5,14.5,48.0004666792759
"711",1795,0.0241569585343273,57.5,33.5,76.0004026159756
"712",1802,0.0351056446837261,89,51,32.0005850940781
"713",1801,0.00191015535593636,38,22,14.0000318359226
"714",1798,0.00933810455751978,17.5,10.5,68.000155635076
"715",1800,0.00222111251455415,78,44,16.0000370185419
"716",1803,0.00191015535593636,17.5,9.5,16.0000318359226
"717",1805,0.0143591699218657,17.5,9.5,80.0002393194987
"718",1807,0.00857431425428393,95,55,32.0001429052376
"719",1810,0.0358670848555805,36,20,62.0005977847476
"720",1812,0.00116435953854514,74.5,43.5,48.0000194059923
"721",1809,0.0277695744934611,58,34,40.0004628262416
"722",1808,0.0358670848555805,49,29,38.0005977847476
"723",1813,0.0277695744934611,44.5,25.5,76.0004628262416
"724",1872,0.0368642716516091,87.5,49.5,50.0006144045275
"725",1891,0.0352395517422203,61.5,36.5,30.0005873258624
"726",1890,0.00480271434580022,30,15,34.0000800452391
"727",1873,0.0352395517422203,36.5,19.5,52.0005873258624
"728",1888,0.00234147866233053,58.5,32.5,20.0000390246444
"729",1887,0.00339548856413691,22,12,48.0000565914761
"730",1886,0,56.5,32.5,54
"731",1885,0,60.5,33.5,38
"732",1884,0,45.5,26.5,66
"733",1883,0,77,44,30
"734",1882,0,33.5,18.5,56
"735",1881,0,64.5,36.5,14
"736",1880,0,16.5,9.5,68
"737",1879,0,82.5,48.5,78
"738",1878,0,91,52,74
"739",1877,0,86,49,72
"740",1876,0,86.5,50.5,50
"741",1875,0,55.5,30.5,28
"742",1874,0.00234147866233053,30,16,74.0000390246444
"743",1889,0.00339548856413691,86.5,49.5,44.0000565914761
"744",1892,0.00480271434580022,50,28,54.0000800452391
"745",1870,0.0637563445702325,63.5,36.5,36.0010626057428
"746",1893,0.0637563445702325,43,25,34.0010626057428
"747",1920,0.0854039184592855,38.5,21.5,54.001423398641
"748",1916,0.00900483953108906,67,40,32.0001500806589
"749",1919,0.0192074066668688,34.5,18.5,22.0003201234444
"750",1894,0.0854039184592855,22.5,11.5,32.001423398641
"751",1897,0.012163205253807,34,18,34.0002027200876
"752",1903,0.0210357746175692,41.5,24.5,68.0003505962436
"753",1922,0.100634607705279,77.5,43.5,46.0016772434618
"754",1924,0.0538910542223138,53,30,78.000898184237
"755",1933,0.0609020378511995,92,53,14.0010150339642
"756",1954,0.0913534676906663,16,9,46.0015225577948
"757",1951,0.114407247423196,52,29,60.0019067874571
"758",1956,0.0794402458297495,72,42,12.0013240040972
"759",1950,0.035866269685471,13,7,42.0005977711614
"760",1955,0.114407247423196,49,28,54.0019067874571
"761",1958,0.0118965722427503,62,35,62.000198276204
"762",1963,0.0691073919131479,71,40,74.0011517898652
"763",1945,0.0724258132192515,87,50,46.001207096887
"764",1947,0.000229711696642207,52,29,42.0000038285283
"765",1965,0.0889015489394152,47.5,26.5,14.0014816924823
"766",1959,0.112198533027486,15.5,8.5,40.0018699755505
"767",1962,0.0147185045606123,44.5,24.5,60.0002453084093
"768",1966,0.0431814578234085,75,45,18.0007196909637
"769",1973,0.0910322150351369,21,12,18.0015172035839
"770",1998,0.0630857111246633,18,9,46.0010514285187
"771",1992,0.183438343769875,54.5,31.5,28.0030573057295
"772",1994,0.000600303877523789,32.5,18.5,20.0000100050646
"773",1997,0.000564038165499408,21,11,64.0000094006361
"774",1974,0.0630857111246633,73.5,41.5,16.0010514285187
"775",1978,0.106621086771666,16,8,72.0017770181129
"776",1976,0.35224097573146,83,47,46.0058706829289
"777",1984,0.0329521400400922,55.5,32.5,46.000549202334
"778",1971,0.119859141997064,51,28,42.0019976523666
"779",1985,0.407576984659591,48.5,27.5,76.0067929497443
"780",1982,0.00828368235917852,90.5,52.5,62.0001380613727
"781",1981,0.00271216015632876,73.5,42.5,46.0000452026693
"782",1983,0.00188473577940503,51.5,28.5,48.000031412263
"783",1977,0.0329521400400922,58.5,34.5,28.000549202334
"784",1975,0.106621086771666,32,18,12.0017770181129
"785",1972,0.260168572428045,13,7,68.0043361428738
"786",1967,0.0910322150351369,79,45,84.0015172035839
"787",2065,0.41823516840683,98.5,56.5,52.0069705861401
"788",2071,0.135704143328329,62.5,36.5,68.0022617357221
"789",2070,0.00153148759879774,82,48,50.0000255247933
"790",2072,0.00232962208239747,60,35,20.0000388270347
"791",2007,0.440170151898766,23.5,13.5,28.0073361691983
"792",2056,0.0914894348010598,31.5,17.5,34.0015248239133
"793",1957,0.146576608512661,35,18,68.0024429434752
"794",1960,0.0282583497828285,79,45,30.0004709724964
"795",1952,0.132130878150617,36,21,82.0022021813025
"796",1934,0.0913534676906663,96,55,48.0015225577948
"797",2011,0.176806290685346,55,31,74.0029467715114
"798",1999,0.247536816629369,87.5,50.5,56.0041256136105
"799",2006,0,63.5,35.5,30
"800",2005,0.00206811783651037,34.5,19.5,50.0000344686306
"801",2004,0,56.5,31.5,26
"802",2003,0,31,18,64
"803",2002,0,73.5,41.5,4
"804",2001,0,4.5,2.5,62
"805",2000,0,75.5,44.5,24
"806",2073,0.442205312213404,24,12,44.0073700885369
"807",2075,5.75238006731579e-05,54.5,32.5,68.00000095873
"808",2077,0.00251319382555307,81,47,54.0000418865638
"809",2046,0.592790822780046,64.5,37.5,10.0098798470463
"810",2048,0.000281638241566444,12.5,7.5,66.0000046939707
"811",2050,5.76029014571731e-05,77,44,70.0000009600484
"812",2049,0.000230411606561529,84.5,49.5,52.0000038401934
"813",2051,0.000172808705104356,62,36,20.0000028801451
"814",2054,0.00231315692426798,24,14,62.0000385526154
"815",2052,0.00401416547401477,75,44,28.0000669027579
"816",2047,0.00176286651915727,32.5,18.5,60.0000293811087
"817",2053,0.00148167479280636,68.5,38.5,88.0000246945799
"818",2055,0.00170365989174702,103,59,22.0000283943315
"819",2008,0.0914894348010598,27,16,22.0015248239133
"820",1948,0.375103456197859,26.5,15.5,48.00625172427
"821",1938,0.159894826952935,54.5,30.5,58.0026649137825
"822",1944,0.102014441362537,66.5,37.5,72.0017002406894
"823",1941,0.00598217572268739,83,47,4.00009970292871
"824",1943,0.0121202470040824,4.5,2.5,76.0002020041167
"825",1939,0.102014441362537,89,51,30.0017002406894
"826",1942,0.0249675681693937,32.5,17.5,46.0004161261362
"827",1940,0.0129037114381004,52,29,64.0002150618573
"828",1964,0.0782432108187888,76.5,44.5,64.0013040535136
"829",2009,0.293832868338539,78,46,54.0048972144723
"830",1988,0.19707376745791,66.5,39.5,38.003284562791
"831",1991,0.0233772496847852,47.5,28.5,54.0003896208281
"832",1987,0.165961629305292,66.5,39.5,86.0027660271551
"833",2010,0.19707376745791,100,57,18.003284562791
"834",2013,0.00558410158922404,22.5,13.5,10.0000930683598
"835",2015,0.00261290497002101,12,7,32.0000435484162
"836",2017,0,34.5,18.5,16
"837",2019,0,19.5,11.5,64
"838",2022,0,74.5,42.5,22
"839",2025,5.76028317367097e-05,25.5,14.5,32.0000009600472
"840",2024,0.00195223597935778,32.5,16.5,28.0000325372663
"841",2023,5.76028317367097e-05,32,18,58.0000009600472
"842",2016,0.00025045876540843,70.5,41.5,32.0000041743128
"843",2018,0.000111194927084224,39,23,52.0000018532488
"844",2021,0.000111194927084224,61,35,16.0000018532488
"845",2020,0,19,11,44
"846",2026,0.00201609911554825,48.5,26.5,26.0000336016519
"847",2040,0.00880193813571798,27,14,84.0001466989689
"848",2043,0.000115205865994745,99,57,64.0000019200978
"849",2042,5.76029313373622e-05,79,47,24.0000009600489
"850",2045,5.76029333637911e-05,26,14,20.0000009600489
"851",2041,0.000320229318932857,25,15,54.0000053371553
"852",2044,5.76029313373622e-05,63,36,8.00000096004886
"853",2039,0.00276383520015097,10,6,56.00004606392
"854",2029,0.00360207673126223,64.5,36.5,72.0000600346122
"855",2028,0.000125229411830622,82.5,46.5,78.0000020871569
"856",2030,0.000125229411830622,93,54,64.0000020871569
"857",2033,0.000111194927084224,75.5,43.5,42.0000018532488
"858",2031,0.000125229411609119,46,25,12.0000020871569
"859",2034,0.000229728840668594,15,9,68.000003828814
"860",2036,0.000125229415817017,78.5,44.5,66.0000020871569
"861",2035,0.000250458832229059,81,48,42.0000041743139
"862",2037,0.000125229416412042,48.5,27.5,64.0000020871569
"863",2032,0.0017274730744572,74,42,70.0000287912179
"864",2038,0.0017274730744572,83,48,28.0000287912179
"865",2027,0.0121231347280075,32.5,18.5,42.0002020522455
"866",2014,0.0115155277465729,48,27,68.0001919254624
"867",1935,0.183842927083765,79,45,64.0030640487847
"868",1778,0.453913381607855,74,42,40.0075652230268
"869",1776,0.0289031479757896,46,26,60.0004817191329
"870",1936,0.45536260653973,74,44,90.0075893767757
"871",1927,0.0679671077626438,105,60,78.0011327851294
"872",1926,0.00273087972893628,90,51,48.0000455146621
"873",1928,0.0217954319608758,53.5,29.5,8.00036325719935
"874",1930,0.00967413129905086,9.5,5.5,40.0001612355217
"875",1929,0.0282559712936328,43,23,24.0004709328549
"876",1931,0.0192994341921235,25.5,13.5,50.0003216572365
"877",1937,0.149806121883563,59.5,34.5,54.0024967686981
"878",1949,0.159894826952935,67,40,8.00266491378255
"879",1923,0.12186696949243,8.5,4.5,22.0020311161582
"880",1917,0.140899511872834,25,14,48.0023483251979
"881",1908,0.0272443684721787,58,34,76.0004540728079
"882",1904,0.120068270958119,90.5,52.5,48.0020011378493
"883",1909,0.0237653673751248,54.5,30.5,62.0003960894563
"884",1914,0,71.5,40.5,30
"885",1913,0,31,16,34
"886",1912,0,36.5,19.5,64
"887",1911,0,73.5,41.5,62
"888",1910,0,73.5,42.5,56
"889",1918,0.229207498044922,62.5,34.5,26.0038201249674
"890",1932,0.268079837826178,30,17,64.0044679972971
"891",1925,0.0609020378511995,76,44,22.0010150339642
"892",2057,0.316643821890639,26.5,15.5,64.0052773970315
"893",1996,0.0811649050085801,78,46,60.0013527484168
"894",1995,0.000564038165499408,72,42,26.0000094006361
"895",1993,0.00173896103888611,26.5,13.5,52.000028982684
"896",1990,0.0147668189624285,64,38,76.0002461136494
"897",1989,0.0233772496847852,87.5,49.5,88.0003896208281
"898",2058,0.0894582089043357,103,59,68.0014909701484
"899",2060,0,78,44,48
"900",2064,0.128920150154596,59.5,35.5,52.0021486691692
"901",2066,0.0134215618992146,62,36,66.0002236926983
"902",2061,0.166192386319816,80,47,4.00276987310533
"903",1979,0.412729089755239,4,2,86.0068788181626
"904",1986,0.0110818406774409,100,57,38.0001846973446
"905",2069,0.463858691581113,46,27,88.007730978193
"906",2232,0.506418538391099,103,59,44.0084403089732
"907",2088,0.318171746747814,48,26,30.0053028624458
"908",2084,0.282740160296655,35.5,20.5,38.0047123360049
"909",2086,0,41.5,22.5,32
"910",2085,0.0149416326494469,39,23,34.0002490272108
"911",2087,0.0149416326494469,41.5,24.5,28.0002490272108
"912",2233,0.318171746747814,31.5,17.5,76.0053028624458
"913",2235,0.0324763885190031,89,51,60.000541273142
"914",2238,0.0116157173552701,72.5,42.5,66.0001935952893
"915",2241,0.106600639878698,79,46,58.0017766773313
"916",2248,0.183309856244296,72.5,43.5,36.0030551642707
"917",2250,0,44.5,26.5,36
"918",2255,0,39.5,21.5,52
"919",2254,0.001898176865446,62,36,28.0000316362811
"920",2253,0,31,17,68
"921",2252,0,78.5,44.5,18
"922",2251,0,19.5,10.5,32
"923",2256,0.001898176865446,34.5,18.5,64.0000316362811
"924",2258,0.0077337325720497,73.5,41.5,68.0001288955429
"925",2261,0.020824776392426,79,45,12.0003470796065
"926",2276,0.0100557689818223,14.5,8.5,56.0001675961497
"927",2285,0.0968811564229956,67,39,46.0016146859404
"928",2288,0,52,29,42
"929",2292,0,46.5,25.5,74
"930",2296,0.00145587101309806,87.5,50.5,62.0000242645169
"931",2293,0.00173003912440158,76.5,45.5,52.0000288339854
"932",2295,0.000440788192494258,61,35,44.0000073464699
"933",2297,0.00200896055239223,53.5,31.5,56.0000334826759
"934",2507,0.0971908965644446,66.5,38.5,74.0016198482761
"935",2509,0.00688132112620628,88.5,51.5,40.0001146886854
"936",2514,0,44.5,24.5,14
"937",2521,0,17.5,10.5,24
"938",2523,0,27.5,15.5,50
"939",2526,0,62,37,6
"940",2506,0.00740814801956771,7.5,4.5,6.00012346913366
"941",2505,0,6.5,3.5,54
"942",2504,0,67.5,40.5,24
"943",2527,0.00740814801956771,25.5,13.5,26.0001234691337
"944",2548,0,28.5,15.5,32
"945",2552,0,33.5,17.5,74
"946",2551,0.00446598531470038,85.5,48.5,56.0000744330886
"947",2550,0,62.5,34.5,18
"948",2549,0,18,9,58
"949",2553,0.00446598531470038,65,36,72.0000744330886
"950",2497,0.162087222969744,87,51,40.0027014537162
"951",2501,0.00387062445782886,47,27,56.0000645104076
"952",2503,0,66.5,38.5,78
"953",2513,0.0498559794836235,91.5,52.5,64.0008309329914
"954",2512,0,75.5,43.5,10
"955",2511,0,10.5,5.5,46
"956",2510,0,52.5,29.5,58
"957",2525,0.000522880670978291,70.5,41.5,28.0000087146779
"958",2524,0,30.5,16.5,4
"959",2547,0.000125191824687705,5,3,62.0000020865304
"960",2546,0,73.5,42.5,54
"961",2545,0,61,34,62
"962",2544,0,72.5,41.5,34
"963",2543,0,37.5,20.5,60
"964",2542,0,73,43,60
"965",2541,0,72,42,32
"966",2540,0,35,19,56
"967",2539,0,67.5,39.5,0
"968",2538,0,0,0,58
"969",2537,0,71,42,44
"970",2536,0,51,29,18
"971",2535,0,19,10,54
"972",2534,0,64,37,36
"973",2533,0,40.5,22.5,46
"974",2532,0,55,32,52
"975",2531,0,62,36,46
"976",2530,0,50,27,74
"977",2529,0,86,49,40
"978",2528,0,45.5,25.5,46
"979",2520,0.000319994000894345,52,29,44.0000053332333
"980",2519,0,50,28,34
"981",2518,0,37.5,20.5,34
"982",2517,0,35,18,62
"983",2516,0,71.5,40.5,26
"984",2515,0,27,14,48
"985",2306,0.10999720976434,57,33,34.0018332868294
"986",2403,0.140228995313904,35,18,40.0023371499219
"987",2407,0.000333584778423379,43,23,72.0000055597463
"988",2411,0.00124990443664666,84,48,52.0000208317406
"989",2413,0.000125194609568648,64,38,36.0000020865768
"990",2412,0.000558942904887041,44.5,26.5,44.0000093157151
"991",2414,0.000444779705507603,52.5,30.5,54.0000074129951
"992",2423,0.00137297786312007,64,37,10.0000228829644
"993",2435,0.00888417031397037,12.5,7.5,62.0001480695052
"994",2438,0,73.5,42.5,24
"995",2440,0,29.5,17.5,52
"996",2434,0.00100250798413964,63,37,40.0000167084664
"997",2441,0.00100250798413964,46,26,42.0000167084664
"998",2444,0.000461600783164928,52,31,30.0000076933464
"999",2446,0,35.5,20.5,34
"1000",2454,0.000779278161449583,41,24,72.0000129879694
"1001",2456,0,85.5,49.5,66
"1002",2462,5.75273229222012e-05,77,44,12.0000009587887
"1003",2465,0,15,9,28
"1004",2472,5.75273282705652e-05,28,14,72.0000009587888
"1005",2488,0.000404497392603676,87,51,34.0000067416232
"1006",2490,0,36.5,19.5,46
"1007",2487,0.0002819743884835,54,31,26.0000046995731
"1008",2491,0.0002819743884835,31,18,58.0000046995731
"1009",2493,0,71.5,42.5,72
"1010",2495,0.000222389854168448,84.5,48.5,54.0000037064976
"1011",2494,0.000448484543345467,61,34,28.0000074747424
"1012",2496,0.000669645145099711,33,19,50.0000111607524
"1013",2480,0.00410530851353668,56.5,31.5,46.0000684218086
"1014",2484,0,54.5,31.5,0
"1015",2486,0,0,0,40
"1016",2473,0.000404497392603676,47,27,10.0000067416232
"1017",2470,5.75273295654364e-05,12,7,54.0000009587888
"1018",2466,5.75273282705652e-05,63.5,36.5,46.0000009587888
"1019",2461,0.000125194667567764,50,27,78.0000020865778
"1020",2457,5.75273229222012e-05,91.5,52.5,36.0000009587887
"1021",2460,0,37.5,19.5,52
"1022",2459,0.000125194666804617,60,34,42.0000020865778
"1023",2458,0,49,28,40
"1024",2455,5.75273216273299e-05,47.5,27.5,68.0000009587887
"1025",2467,0.000281499171058688,80,46,62.0000046916528
"1026",2445,0.000839005675038866,73.5,42.5,56.0000139834279
"1027",2453,0.000567859478116315,67.5,39.5,36.0000094643246
"1028",2443,0.000670739413011193,39,21,74.0000111789902
"1029",2442,0.000461600783164928,86,49,66.0000076933464
"1030",2447,0.000918839434752813,76.5,43.5,20.0000153139906
"1031",2451,0.000229774644646774,22.5,12.5,26.0000038295774
"1032",2450,0.000448517707842293,31,18,82.0000074752951
"1033",2448,0.000229774644646774,96,55,4.00000382957741
"1034",2452,0.000448517707842293,4.5,2.5,30.0000074752951
"1035",2449,0.000448517707842293,34.5,19.5,44.0000074752951
"1036",2433,0.00140456614963796,49,27,44.0000234094358
"1037",2427,0.00711495770452653,50,28,8.00011858262841
"1038",2429,0,10,6,32
"1039",2439,0.00234448963425842,39.5,23.5,28.0000390748272
"1040",2428,0.0017460175529197,29,15,40.0000291002926
"1041",2432,0.00169184637652423,49.5,29.5,62.0000281974396
"1042",2468,0.00258086472297112,74.5,43.5,64.0000430144121
"1043",2464,0.000125194574463946,72.5,40.5,40.0000020865762
"1044",2463,0,44.5,24.5,68
"1045",2469,0.000125194574463946,79,45,42.0000020865762
"1046",2474,5.75273295654364e-05,51.5,30.5,80.0000009587888
"1047",2476,0,93,53,48
"1048",2437,0.00255222404345267,54.5,30.5,20.0000425370674
"1049",2436,0,22.5,12.5,48
"1050",2477,0.00255222404345267,59,35,50.0000425370674
"1051",2479,0,61.5,36.5,70
"1052",2471,0.000281499181042029,84.5,49.5,8.00000469165302
"1053",2475,0.000125194669094057,8,4,16.0000020865778
"1054",2478,5.75273266097564e-05,18,10,62.0000009587888
"1055",2483,5.75273262438188e-05,71.5,40.5,74.0000009587888
"1056",2482,0,86.5,49.5,68
"1057",2481,0,81,47,64
"1058",2419,0.0132962529849789,74,42,38.0002216042164
"1059",2421,0,43,24,38
"1060",2420,0.0010073463904103,40,21,60.0000167891065
"1061",2418,0.000250389198700507,69.5,39.5,16.0000041731533
"1062",2416,0.0019120724186927,16.5,8.5,76.0000318678736
"1063",2415,0.00151702616587675,89,51,26.0000252837694
"1064",2394,0.00580727614127439,28.5,15.5,28.0000967879357
"1065",2397,0.000255566936747856,29,15,50.0000042594489
"1066",2400,0.000440469554477753,62.5,37.5,24.0000073411592
"1067",2404,0.00120542621451531,29.5,17.5,34.0000200904369
"1068",2406,0,35.5,18.5,60
"1069",2405,0,71,41,36
"1070",2410,0.000599990509287531,38,20,60.0000099998418
"1071",2408,0.00124990443664666,71,41,62.0000208317406
"1072",2396,0.00196852803544894,76.5,45.5,32.0000328088006
"1073",2395,0.000255566936747856,36,20,56.0000042594489
"1074",2387,0.00160259824812715,67,39,34.0000267099708
"1075",2386,0.000320011355327585,39,22,12.0000053335226
"1076",2391,0.00110150329539049,15,9,56.0000183583883
"1077",2393,0.000500778559727647,64.5,36.5,54.0000083463093
"1078",2399,0.00102926006943896,67.5,40.5,26.0000171543345
"1079",2398,0.000440469554477753,32,19,80.0000073411592
"1080",2402,0.000615905079010003,94.5,54.5,42.0000102650846
"1081",2430,0.0198167124415008,51.5,30.5,38.0003302785407
"1082",2424,0.0101175898916127,47.5,28.5,4.00016862649819
"1083",2426,0,4.5,2.5,12
"1084",2425,0,14,8,22
"1085",2485,0.00686066017764674,26,15,44.0001143443363
"1086",2489,0.000563948693796868,51.5,29.5,54.0000093991449
"1087",2492,0.00250626862863293,65.5,38.5,48.0000417711438
"1088",2500,0.00542509425157306,58,34,70.0000904182375
"1089",2498,0.00387062445782886,81.5,46.5,60.0000645104076
"1090",2502,0.0033403597334076,75,45,18.0000556726622
"1091",2499,0.0033403597334076,18.5,9.5,32.0000556726622
"1092",2431,0.0175977351179098,36.5,20.5,44.0002932955853
"1093",2307,0.161813998740338,53.5,31.5,18.002696899979
"1094",2311,0,19,10,66
"1095",2310,0.00393844102896561,76,43,68.0000656406838
"1096",2309,0,80.5,46.5,62
"1097",2308,0,75,44,64
"1098",2312,0.00393844102896561,74,42,74.0000656406838
"1099",2315,0.00667194360371372,88.5,51.5,72.0001111990601
"1100",2325,0.00189321680924672,86.5,50.5,50.0000315536135
"1101",2321,0.00088637100527376,59.5,34.5,26.0000147728501
"1102",2320,0.00321593399404389,30.5,17.5,50.0000535988999
"1103",2326,0.00088637100527376,56,31,26.0000147728501
"1104",2328,0,32,19,32
"1105",2327,0.000125194501370171,39,23,8.00000208657502
"1106",2329,0.000125194501370171,8.5,4.5,4.00000208657502
"1107",2324,0.000529681774327369,5,3,78.0000088280296
"1108",2335,0.000654403986663519,90.5,51.5,66.0000109067331
"1109",2355,0.000927126309758,79.5,46.5,48.0000154521052
"1110",2354,0.000229709853202869,58.5,34.5,82.0000038284976
"1111",2356,0.000558942897061792,96,55,76.0000093157149
"1112",2358,0.000115053685895431,89.5,51.5,22.0000019175614
"1113",2352,0.000345162214709868,26,15,88.0000057527036
"1114",2339,0.000715340788256207,102.5,58.5,28.0000119223465
"1115",2360,0.00129540832078243,31.5,17.5,26.0000215901387
"1116",2363,0.000440469142589697,26,13,56.0000073411524
"1117",2365,0,64.5,36.5,8
"1118",2368,0.000115054260902453,8.5,4.5,4.00000191757101
"1119",2362,0.000759714509324187,4.5,2.5,40.0000126619085
"1120",2366,0.000115054260902453,48,28,38.000001917571
"1121",2361,0.000511133004620241,42,23,40.0000085188834
"1122",2369,0.000759714509324187,48,28,76.0000126619085
"1123",2337,0.0023506053842051,89,51,74.0000391767564
"1124",2341,0.00170326339759615,88,51,48.0000283877233
"1125",2344,0,53.5,29.5,24
"1126",2346,0,27,15,64
"1127",2348,0,78,46,20
"1128",2345,0.00155672897352055,20,10,86.0000259454829
"1129",2349,0.00155672897352055,101,58,30.0000259454829
"1130",2351,0,34,19,16
"1131",2350,0,18,10,42
"1132",2347,0.00011505407120402,50.5,29.5,66.0000019175679
"1133",2343,5.75270359679459e-05,80.5,47.5,36.0000009587839
"1134",2342,0,41.5,23.5,32
"1135",2359,0.000517743321881834,36,20,46.0000086290554
"1136",2340,0.00129540832078243,56,33,16.0000215901387
"1137",2357,0.000880936395031857,18.5,10.5,36.0000146822732
"1138",2338,0.00255438568449943,43.5,25.5,66.0000425730947
"1139",2353,0.000715340788256207,78.5,45.5,28.0000119223465
"1140",2336,0.00128004478905423,31,17,68.0000213340798
"1141",2370,0.0023506053842051,81.5,47.5,40.0000391767564
"1142",2373,0,45,25,40
"1143",2375,0,44,24,46
"1144",2380,0.000654404073610443,56.5,33.5,32.0000109067346
"1145",2383,0.000664993033390181,37,21,68.0000110832172
"1146",2379,0.000747852716907579,81,47,18.0000124642119
"1147",2376,0.000654404073610443,19,10,64.0000109067346
"1148",2378,0.000250389166648388,73.5,41.5,16.0000041731528
"1149",2374,0.000599990150117714,18,10,18.0000099998358
"1150",2377,0.00028149883504907,20,11,30.0000046916472
"1151",2367,0.000919537452560354,33,18,44.0000153256242
"1152",2381,0.000960033605695658,52,30,40.0000160005601
"1153",2372,0.00122657643035721,43,23,60.0000204429405
"1154",2371,0,73,43,28
"1155",2382,0.00122657643035721,34,20,52.0000204429405
"1156",2384,0.00112526241296947,59,33,36.0000187543735
"1157",2388,0.00192990884950002,43.5,25.5,28.0000321651475
"1158",2401,0.00194158594303871,35,21,50.0000323597657
"1159",2392,0.00132779116008292,56,31,36.0000221298527
"1160",2409,0.00362450346529678,43,25,52.0000604083911
"1161",2389,0.0034233680722014,58,32,32.0000570561345
"1162",2385,0.00210249500769971,37.5,21.5,22.0000350415835
"1163",2390,0.00347048452437606,22,11,8.00005784140874
"1164",2422,0.00495979509092191,9,5,82.0000826632515
"1165",2417,0.0025806701211268,97,56,34.0000430111687
"1166",2334,0.0100311388469381,36.5,19.5,64.0001671856475
"1167",2332,0.00145579973517873,75.5,43.5,74.0000242633289
"1168",2323,0.000480016091139365,88.5,51.5,68.0000080002682
"1169",2333,0.000480016091139365,80,46,40.0000080002682
"1170",2331,0.00823023421278875,50,30,30.0001371705702
"1171",2330,0.000555974632591827,37,22,70.0000092662439
"1172",2316,0.00190164402567278,80,45,34.0000316940671
"1173",2314,0.00525569178202177,35.5,18.5,74.000087594863
"1174",2317,0.00525569178202177,87.5,50.5,68.000087594863
"1175",2319,0,82,48,66
"1176",2322,0.00321593399404389,80,47,58.0000535988999
"1177",2313,0.0244770036179126,70.5,41.5,48.0004079500603
"1178",2318,0.0358271264797865,57.5,33.5,54.0005971187747
"1179",2260,0.219387294400196,65,38,36.0036564549067
"1180",2259,0.020824776392426,41.5,23.5,42.0003470796065
"1181",2277,0.15252842854195,50.5,29.5,62.0025421404757
"1182",2279,0,70,39,64
"1183",2281,0.00236055126943209,78.5,46.5,20.0000393425212
"1184",2284,0,21,11,72
"1185",2283,0,85,49,82
"1186",2282,0,97,56,38
"1187",2291,0.0134353504420606,42.5,23.5,44.0002239225074
"1188",2290,0,50,28,40
"1189",2289,0,44,24,36
"1190",2305,0.0260361253899035,38,20,68.0004339354232
"1191",2298,0.111090554807006,80.5,46.5,74.0018515092468
"1192",2300,0,86.5,49.5,40
"1193",2302,0.00103724721732922,42.5,22.5,32.0000172874536
"1194",2299,0.00144490518608775,34.5,18.5,32.0000240817531
"1195",2303,0.00144490518608775,39,23,66.0000240817531
"1196",2301,0.001870889299799,78,45,52.0000311814883
"1197",2304,0.000932895026279776,63,37,64.0000155482504
"1198",2522,0.254939390196987,77,45,60.0042489898366
"1199",2554,0.67283502407587,70.5,40.5,10.0112139170679
"1200",2569,0.19527998782722,11.5,6.5,36.0032546664638
"1201",2572,0,42,24,58
"1202",2576,0,65.5,36.5,54
"1203",2578,0.00524821258050541,61,34,34.0000874702097
"1204",2575,0.130457193486447,35,18,74.0021742865581
"1205",2574,0,86,49,22
"1206",2573,0,27,16,10
"1207",2579,0.130457193486447,12.5,7.5,20.0021742865581
"1208",2577,0.114614183595006,22.5,12.5,40.0019102363933
"1209",2580,0.109531570668138,47,27,54.0018255261778
"1210",2582,0.0137694044855742,60.5,33.5,46.0002294900748
"1211",2584,0,50,27,36
"1212",2586,0.00305343729022864,39,21,32.0000508906215
"1213",2590,0.00704965494073441,37.5,21.5,32.000117494249
"1214",2592,0.0171255789834245,32.5,16.5,42.0002854263164
"1215",2594,0.00046233470396377,46,25,84.0000077055784
"1216",2591,0.26901094955441,99,57,58.0044835158259
"1217",2593,0.0349199895493704,69,40,42.0005819998258
"1218",2587,0.0118278686994593,52,31,44.000197131145
"1219",2597,0.0226867033323289,48.5,26.5,60.0003781117222
"1220",2599,0.00738885832754153,70.5,40.5,40.0001231476388
"1221",2601,0.0121937145695006,48,28,54.0002032285762
"1222",2603,0,66.5,39.5,8
"1223",2610,0,9,5,36
"1224",2602,0.00384650644082214,40.5,22.5,38.0000641084407
"1225",2609,0.00370793619292932,47.5,28.5,30.0000617989365
"1226",2608,0,32.5,17.5,68
"1227",2607,0,82,48,36
"1228",2606,0,41.5,23.5,42
"1229",2605,0,45,24,74
"1230",2604,0,87,50,62
"1231",2611,0.00454291377507957,72.5,41.5,34.0000757152296
"1232",2626,0.62879181105788,35.5,18.5,54.0104798635176
"1233",2634,0,60.5,33.5,58
"1234",2625,0.00492165435247831,72.5,43.5,12.0000820275725
"1235",2623,0.00487876698265969,14,8,20.000081312783
"1236",2620,0.00588634828725801,21.5,11.5,30.0000981058048
"1237",2635,0.011001488782714,35,20,42.0001833581464
"1238",2637,0,51,30,28
"1239",2640,0,29.5,15.5,46
"1240",2643,0,51,28,46
"1241",2642,0.00856374891091504,52,29,4.00014272914852
"1242",2641,0,4,2,32
"1243",2639,0.000172601295569487,39,23,26.0000028766883
"1244",2638,0,29.5,16.5,30
"1245",2636,0.000125197627120478,37.5,22.5,56.0000020866271
"1246",2644,0.00868254970541895,63.5,35.5,52.0001447091618
"1247",2618,0.1638052165992,61.5,35.5,80.0027300869433
"1248",2622,0.00504556710413621,94,54,40.0000840927851
"1249",2633,0.0102982983729491,49.5,29.5,54.0001716383062
"1250",2632,0,61.5,34.5,76
"1251",2631,0,88,50,26
"1252",2630,0,30.5,17.5,50
"1253",2629,0,56.5,31.5,26
"1254",2628,0,30,17,18
"1255",2627,0,20,11,60
"1256",2621,0.0161350406680969,72.5,42.5,28.0002689173445
"1257",2619,0.00504556710413621,35,21,48.0000840927851
"1258",2624,0.00588634828725801,54.5,30.5,28.0000981058048
"1259",2646,0.193130550681324,30,16,60.0032188425114
"1260",2658,0,71.5,41.5,40
"1261",2660,0,43.5,23.5,52
"1262",2662,0.000125210590138117,60.5,34.5,26.0000020868432
"1263",2680,0.000125210592055697,28,15,2.0000020868432
"1264",2695,0.0601389688927693,2.5,1.5,54.0010023161482
"1265",2795,0.825298018813765,65.5,38.5,78.0137549669802
"1266",2797,0,90.5,51.5,12
"1267",2801,0,13.5,7.5,20
"1268",2803,0,21.5,11.5,38
"1269",4467,0.99084020961657,47,28,22.0165140034936
"1270",2804,0.99086768327987,27.5,16.5,56.016514461388
"1271",4469,0.902904662779454,64.5,36.5,72.0150484110463
"1272",4481,0.302475918452005,85,49,32.0050412653075
"1273",4479,1.60870588750909,36.5,20.5,44.0268117647918
"1274",4472,0.0542727893767611,50.5,28.5,14.0009045464896
"1275",4477,0,17.5,10.5,40
"1276",4471,0.0115660005058761,48.5,28.5,42.0001927666751
"1277",4476,0.00678386807799906,52.5,31.5,40.000113064468
"1278",4475,0,46.5,26.5,34
"1279",4474,0,40.5,23.5,84
"1280",4473,0,99,57,46
"1281",4478,0.0131391824143866,53,30,72.0002189863736
"1282",4480,0.0730376288496681,86.5,50.5,50.0012172938142
"1283",4470,0.302475918452005,62,37,58.0050412653075
"1284",2805,1.25277098211974,65.5,36.5,68.0208795163687
"1285",2812,0,81,47,28
"1286",2815,0,29,15,32
"1287",2817,0,33.5,17.5,78
"1288",2819,0,92,53,42
"1289",2827,0,52.5,31.5,16
"1290",2841,0,17,9,68
"1291",2846,0,78.5,44.5,36
"1292",2848,0,39.5,21.5,12
"1293",2851,0,13.5,7.5,12
"1294",2847,0.000364515349872421,13.5,7.5,14.0000060752558
"1295",2845,0.000173289087222254,14.5,7.5,46.0000028881515
"1296",2844,0,53,30,62
"1297",2843,0,75.5,44.5,42
"1298",2842,0,49.5,28.5,66
"1299",2840,5.77630293190425e-05,79,46,64.0000009627172
"1300",2839,0,76.5,44.5,2
"1301",2838,0,2,1,80
"1302",2837,0,92.5,52.5,68
"1303",2836,0,82.5,48.5,54
"1304",2835,0,62.5,35.5,38
"1305",2834,0,46,27,54
"1306",2833,0,67.5,40.5,20
"1307",2832,0,24,14,26
"1308",2831,0,27,14,56
"1309",2830,0,64,36,30
"1310",2829,0,37,22,0
"1311",2828,0,0,0,12
"1312",2826,0.000160345194754208,14,8,54.0000026724199
"1313",2825,0,64.5,37.5,52
"1314",2824,0,64,38,90
"1315",2823,0,105,60,64
"1316",2822,0,72.5,40.5,36
"1317",2821,0,37.5,19.5,68
"1318",2820,0,78,44,26
"1319",2818,5.77630276607276e-05,31.5,18.5,42.0000009627171
"1320",2816,0.000205896621384335,48,27,38.0000034316104
"1321",2814,0.000256416439927427,42.5,23.5,70.0000042736073
"1322",2813,0,82.5,47.5,78
"1323",2811,0.000173289082247309,91,52,10.0000028881514
"1324",2810,0,10.5,5.5,34
"1325",2809,0,36,19,28
"1326",2808,0,29,15,34
"1327",2807,0,37.5,20.5,18
"1328",2806,0,19.5,10.5,30
"1329",2852,0.00131384075775176,32.5,17.5,38.000021897346
"1330",2855,0,47.5,28.5,78
"1331",2868,0,91,52,64
"1332",2870,0,76.5,44.5,50
"1333",2884,0,60.5,35.5,30
"1334",2886,0,32,17,30
"1335",2888,0,31,16,60
"1336",2890,0,73.5,43.5,56
"1337",2898,0,69,41,60
"1338",2900,0,74.5,44.5,68
"1339",2902,0,79.5,45.5,44
"1340",2904,0,53,31,34
"1341",2906,0,41.5,24.5,32
"1342",2915,0,34,18,62
"1343",2917,0,70.5,39.5,32
"1344",2919,0,39,23,30
"1345",2930,0,37.5,22.5,44
"1346",2933,0,48,26,64
"1347",2937,0,74,42,50
"1348",2973,0.00104837072656986,60,35,38.0000174728454
"1349",2977,5.77628349286482e-05,43,24,10.0000009627139
"1350",2988,0,10,5,24
"1351",2997,0,26,14,38
"1352",3037,0,41.5,22.5,68
"1353",3042,0,80.5,46.5,42
"1354",3044,0,45,24,32
"1355",3053,0,37,21,64
"1356",3081,0,77.5,45.5,34
"1357",3083,0,38,21,40
"1358",3062,5.77628303211332e-05,46.5,26.5,2.00000096271384
"1359",3080,0,2,1,72
"1360",3079,0,83,47,36
"1361",3078,0,41.5,23.5,66
"1362",3077,0,77.5,44.5,72
"1363",3076,0,83,47,52
"1364",3075,0,61,35,68
"1365",3074,0,81,47,66
"1366",3073,0,78,45,46
"1367",3072,0,53.5,30.5,46
"1368",3071,0,55,32,58
"1369",3070,0,66.5,37.5,30
"1370",3069,0,31,16,60
"1371",3068,0,72,42,42
"1372",3067,0,46.5,25.5,60
"1373",3066,0,73.5,43.5,76
"1374",3065,0,88.5,50.5,40
"1375",3064,0,50,30,26
"1376",3063,0,27,14,48
"1377",3055,0,55,31,26
"1378",3061,0,28,15,34
"1379",3060,0,39,22,64
"1380",3059,0,77.5,45.5,40
"1381",3058,0,49.5,29.5,38
"1382",3057,0,44.5,25.5,48
"1383",3056,0,56.5,32.5,42
"1384",3084,5.77628303211332e-05,46,25,28.0000009627138
"1385",3092,0,28,14,36
"1386",3052,0.000281933166119222,38.5,20.5,48.0000046988861
"1387",3051,0,58,34,86
"1388",3050,0,100.5,57.5,38
"1389",3049,0,46.5,27.5,38
"1390",3048,0,46.5,27.5,24
"1391",3047,0,28.5,16.5,50
"1392",3046,0,60.5,35.5,36
"1393",3045,0,44,26,30
"1394",3093,0.000281933166119222,36.5,21.5,86.0000046988861
"1395",3091,0.000115525669857296,100,57,84.0000019254278
"1396",3090,0,98,56,36
"1397",3089,0,38.5,20.5,22
"1398",3088,0,27.5,16.5,38
"1399",3087,0,46.5,27.5,48
"1400",3086,0,56.5,32.5,22
"1401",3085,0,26,15,40
"1402",3094,0.000115525669857296,42.5,22.5,10.0000019254278
"1403",3097,0,10.5,5.5,44
"1404",3105,0,54.5,32.5,26
"1405",3107,0,27.5,14.5,16
"1406",3109,0,16.5,8.5,36
"1407",3543,0.00294591668280574,42,24,54.0000490986114
"1408",3546,0,60.5,33.5,64
"1409",3550,0,79,47,38
"1410",3579,5.77629244777354e-05,44.5,25.5,58.0000009627154
"1411",3587,0,66,37,58
"1412",3589,0,72,43,50
"1413",3592,0,57.5,32.5,70
"1414",3524,0.000364515144487637,83.5,48.5,14.0000060752524
"1415",3539,0,17,10,78
"1416",3542,0,92,53,60
"1417",3621,0.00171623490858588,68,38,26.0000286039151
"1418",3626,0,29,16,36
"1419",3635,0,40.5,22.5,72
"1420",3686,0,86.5,50.5,62
"1421",3692,0.000111194927084224,73,42,42.0000018532488
"1422",3699,0,47,26,6
"1423",3756,0,6,3,56
"1424",3761,0,69.5,41.5,54
"1425",3764,0.000338548904467849,66.5,39.5,66.0000056424817
"1426",3809,0.00066703499417147,80,47,8.0000111172499
"1427",3878,0.000419351190392837,10,6,44.0000069891865
"1428",3880,0,49.5,27.5,54
"1429",3873,5.77628432202326e-05,65,38,46.0000009627141
"1430",3875,0,55,32,16
"1431",3871,5.77630475605048e-05,18,10,38.0000009627175
"1432",3881,5.77628432202326e-05,42,23,70.0000009627141
"1433",3893,5.77632432415125e-05,82.5,47.5,64.0000009627207
"1434",3910,0,75,43,50
"1435",3808,0.00128068572087986,61,36,22.000021344762
"1436",3803,0.000125303156190688,26.5,15.5,46.0000020883859
"1437",3812,0.000173289136971696,51.5,28.5,64.0000028881523
"1438",3817,0,78.5,46.5,36
"1439",3821,0,43.5,25.5,26
"1440",3823,0,27,14,44
"1441",3865,0,53.5,31.5,42
"1442",3870,0,50.5,29.5,66
"1443",3876,5.77630475605048e-05,77.5,44.5,66.0000009627175
"1444",3914,0.000288814531916166,79,46,14.0000048135755
"1445",3916,0,17.5,10.5,44
"1446",3918,0,53.5,31.5,60
"1447",3927,0,71.5,41.5,70
"1448",3933,0,83,48,22
"1449",3935,0,24,13,48
"1450",3939,0,58.5,34.5,20
"1451",3917,5.77632412157616e-05,22,12,18.0000009627207
"1452",3940,5.77632412157616e-05,19,10,48.0000009627207
"1453",3962,0.000160345510178406,59.5,35.5,10.0000026724252
"1454",3964,0,12,7,84
"1455",3966,0,97.5,55.5,84
"1456",3994,0.000353022692799639,97.5,55.5,62.0000058837115
"1457",4000,0,75.5,44.5,38
"1458",4007,0,47.5,28.5,16
"1459",4033,0,19,11,28
"1460",3938,0.00107935205200187,34.5,20.5,58.0000179892009
"1461",3937,0,72.5,43.5,14
"1462",3936,0,17.5,10.5,52
"1463",3891,0.000441240141917345,64.5,38.5,38.0000073540024
"1464",3882,5.77632432415125e-05,44,25,40.0000009627207
"1465",3924,0.000530324321576926,43,23,28.0000088387387
"1466",3926,0,33,19,78
"1467",3925,0,90,51,46
"1468",3920,0,51,28,46
"1469",3923,0,53.5,30.5,42
"1470",3922,0,48,27,34
"1471",3921,0,42.5,25.5,50
"1472",3959,0.000256417318561881,60,35,12.000004273622
"1473",3961,0,12,6,32
"1474",3960,0,39,23,26
"1475",3941,0.000160345510178406,29.5,16.5,56.0000026724252
"1476",3944,0.000111194927084224,69,41,26.0000018532488
"1477",3954,5.77632561405742e-05,26,13,44.0000009627209
"1478",3957,0,47.5,25.5,50
"1479",3953,5.77632561405742e-05,55,30,40.0000009627209
"1480",3952,0,47,27,24
"1481",3951,0,27,15,30
"1482",3950,0,37,22,54
"1483",3949,0,60.5,33.5,28
"1484",3948,0,32.5,18.5,74
"1485",3947,0,85,48,38
"1486",3958,5.77632561405742e-05,47.5,28.5,48.0000009627209
"1487",4065,0.000256417324870076,54,30,40.0000042736221
"1488",4068,0,48,28,62
"1489",4067,0.000111194927084224,71,40,30.0000018532488
"1490",4066,0,32,17,78
"1491",4069,0.000111194927084224,92,53,62.0000018532488
"1492",4077,0,72.5,41.5,42
"1493",4083,0,49.5,28.5,32
"1494",4039,5.77628117122099e-05,39.5,23.5,54.0000009627135
"1495",4107,0.000363977947446902,65,38,40.0000060662991
"1496",4111,0,49,29,20
"1497",4120,0,23,13,30
"1498",4141,0,36.5,21.5,50
"1499",4154,0,56,31,18
"1500",4156,0,18,9,70
"1501",4159,0,80.5,45.5,68
"1502",4110,0.000501213018581592,80.5,46.5,12.0000083535503
"1503",4109,0,14,8,50
"1504",4108,0,62,37,80
"1505",4100,0.000205897190825785,93.5,53.5,26.0000034316198
"1506",4158,0.000405787676255648,29,16,48.0000067631279
"1507",4157,0,52.5,28.5,40
"1508",4101,0.000405787676255648,45.5,25.5,22.0000067631279
"1509",4163,0.000346577497851805,27.5,16.5,34.0000057762916
"1510",4171,0,40.5,23.5,44
"1511",4173,0,51,29,68
"1512",4193,0,80,46,14
"1513",4106,0.000729029134445921,14,7,58.0000121504856
"1514",4040,0.000363977947446902,70.5,41.5,32.0000060662991
"1515",4051,0,34,18,82
"1516",4064,0,96,55,26
"1517",4063,0,26.5,13.5,48
"1518",4062,0,55,31,48
"1519",4061,0,52.5,28.5,48
"1520",4060,0,57.5,33.5,80
"1521",4059,0,93,53,70
"1522",4058,0,83.5,48.5,28
"1523",4057,0,33.5,19.5,60
"1524",4056,0,68,38,38
"1525",4055,0,40,21,18
"1526",4054,0,18,9,26
"1527",4053,0,32.5,19.5,58
"1528",4052,0,66,37,68
"1529",4105,0.000530324328235239,82.5,48.5,46.0000088387388
"1530",4194,0.000729029134445921,54,31,24.0000121504856
"1531",4198,0,29.5,17.5,50
"1532",4200,0,61.5,36.5,74
"1533",4197,5.77629095528911e-05,86,49,30.0000009627152
"1534",4196,0,35.5,20.5,60
"1535",4195,0,68,38,50
"1536",4201,5.77629095528911e-05,61.5,36.5,60.0000009627152
"1537",4203,0,70,40,56
"1538",4225,0,69.5,41.5,56
"1539",4228,0,64,36,64
"1540",4230,0,72.5,40.5,66
"1541",4233,0,75.5,42.5,50
"1542",4245,0,62,37,80
"1543",4252,0,94,54,6
"1544",4254,0,7,4,64
"1545",4251,0.000256416021860921,75.5,43.5,78.0000042736004
"1546",4250,0,92.5,53.5,72
"1547",4249,0,84,48,36
"1548",4248,0,42.5,24.5,68
"1549",4247,0,79.5,45.5,6
"1550",4246,0,6.5,3.5,86
"1551",4244,5.77629112112072e-05,101,58,22.0000009627152
"1552",4243,0,24.5,13.5,8
"1553",4242,0,8,4,56
"1554",4241,0,65.5,37.5,30
"1555",4240,0,32,17,20
"1556",4239,0,23.5,13.5,40
"1557",4238,0,48,28,54
"1558",4237,0,67.5,40.5,30
"1559",4236,0,33.5,18.5,32
"1560",4235,0,35,19,16
"1561",4234,0,18,10,42
"1562",4229,0.000173288734368494,49.5,28.5,64.0000028881456
"1563",4224,0.000115525822422414,76,44,58.0000019254304
"1564",4223,0,69,40,46
"1565",4222,0,52,29,80
"1566",4221,0,93.5,53.5,16
"1567",4220,0,19,11,56
"1568",4219,0,67.5,39.5,30
"1569",4218,0,36.5,21.5,76
"1570",4217,0,89,51,30
"1571",4216,0,33.5,18.5,48
"1572",4215,0,56,32,34
"1573",4214,0,39,22,24
"1574",4213,0,26.5,14.5,16
"1575",4212,0,16,8,70
"1576",4211,0,81.5,46.5,68
"1577",4210,0,82.5,48.5,52
"1578",4209,0,61.5,35.5,38
"1579",4208,0,40,21,42
"1580",4207,0,47,26,42
"1581",4206,0,47,26,30
"1582",4205,0,33.5,18.5,10
"1583",4204,0,12.5,7.5,52
"1584",4202,0.000205896324102332,61.5,35.5,26.0000034316054
"1585",4192,0.000173288729026109,27.5,14.5,22.0000028881455
"1586",4191,0,26,15,56
"1587",4190,0,68.5,40.5,6
"1588",4189,0,6,3,62
"1589",4188,0,71.5,40.5,24
"1590",4187,0,29,17,62
"1591",4186,0,74.5,43.5,30
"1592",4185,0,31,16,26
"1593",4184,0,26.5,13.5,36
"1594",4183,0,41,23,68
"1595",4182,0,80.5,46.5,30
"1596",4181,0,30,15,34
"1597",4180,0,41.5,24.5,60
"1598",4179,0,69,39,82
"1599",4178,0,96,55,20
"1600",4177,0,24.5,14.5,42
"1601",4176,0,48.5,27.5,30
"1602",4175,0,33,18,72
"1603",4174,0,84.5,48.5,14
"1604",4155,0.000404340367972546,16.5,9.5,24.0000067390061
"1605",4153,0.000125303094269424,27,15,60.0000020883849
"1606",4152,0,71.5,41.5,26
"1607",4151,0,28.5,15.5,54
"1608",4150,0,61.5,34.5,24
"1609",4149,0,26.5,14.5,24
"1610",4148,0,30,18,62
"1611",4147,0,70,39,50
"1612",4146,0,55,30,10
"1613",4145,0,11.5,6.5,22
"1614",4144,0,24,13,62
"1615",4143,0,73.5,42.5,40
"1616",4142,0,42.5,22.5,24
"1617",4119,5.77629082620111e-05,24,12,56.0000009627151
"1618",4118,0,69.5,41.5,30
"1619",4117,0,32,17,10
"1620",4116,0,12,7,78
"1621",4115,0,91,52,64
"1622",4114,0,79,47,46
"1623",4113,0,56,33,76
"1624",4112,0,91,53,42
"1625",4094,0.000288814540207747,52.5,31.5,38.0000048135757
"1626",4098,0,42.5,23.5,22
"1627",4140,0.000689307071956994,24.5,13.5,56.0000114884512
"1628",4139,0,67,39,16
"1629",4138,0,19.5,11.5,50
"1630",4137,0,58.5,33.5,72
"1631",4136,0,87,51,50
"1632",4135,0,56,31,32
"1633",4134,0,37,21,60
"1634",4133,0,72,42,38
"1635",4132,0,42.5,23.5,42
"1636",4131,0,49.5,28.5,56
"1637",4130,0,69.5,41.5,74
"1638",4129,0,88.5,51.5,68
"1639",4128,0,78.5,44.5,82
"1640",4127,0,96,55,48
"1641",4126,0,56.5,32.5,84
"1642",4125,0,99,57,24
"1643",4124,0,25,13,20
"1644",4123,0,22.5,12.5,16
"1645",4122,0,20,12,52
"1646",4121,0,62,36,58
"1647",4099,0.000689307071956994,71,42,42.0000114884512
"1648",4097,0.000125303253446619,52,31,24.0000020883876
"1649",4096,0,29.5,17.5,18
"1650",4095,0,19,10,60
"1651",4050,0.000160345522126295,68,38,24.0000026724254
"1652",4049,0,27.5,15.5,14
"1653",4048,0,15,8,34
"1654",4047,0,36.5,19.5,48
"1655",4046,0,57,33,48
"1656",4045,0,56,32,38
"1657",4044,0,41,22,8
"1658",4043,0,10,6,38
"1659",4042,0,47,28,14
"1660",4041,0,15.5,8.5,60
"1661",3985,0.000160345522391029,71.5,41.5,68.0000026724254
"1662",3993,0,79.5,45.5,34
"1663",3992,0,36.5,19.5,66
"1664",3991,0,75.5,42.5,62
"1665",3990,0,70.5,39.5,50
"1666",3989,0,56,31,62
"1667",3988,0,74,43,36
"1668",3987,0,37.5,19.5,38
"1669",3986,0,41.5,22.5,8
"1670",4032,5.7762907894575e-05,8.5,4.5,14.0000009627151
"1671",4031,0,17.5,10.5,70
"1672",4030,0,83.5,48.5,36
"1673",4029,0,40.5,22.5,56
"1674",4028,0,66.5,38.5,64
"1675",4027,0,78,46,34
"1676",4026,0,39.5,22.5,32
"1677",4025,0,38.5,22.5,42
"1678",4024,0,49,28,66
"1679",4023,0,80.5,47.5,20
"1680",4022,0,24.5,14.5,60
"1681",4021,0,72,42,70
"1682",4020,0,80,45,38
"1683",4019,0,47.5,28.5,46
"1684",4018,0,51.5,28.5,68
"1685",4017,0,78.5,44.5,18
"1686",4016,0,22,13,66
"1687",4015,0,77.5,44.5,24
"1688",4014,0,28.5,16.5,18
"1689",4013,0,20,11,60
"1690",4012,0,70.5,40.5,34
"1691",4011,0,39,22,50
"1692",4010,0,58.5,33.5,76
"1693",4009,0,91,53,58
"1694",4008,0,71.5,42.5,62
"1695",4093,0.000115525816156586,71.5,40.5,66.0000019254303
"1696",4092,0,76.5,43.5,58
"1697",3965,0.000309480448574622,68.5,39.5,60.0000051580075
"1698",3913,0.00028881453154873,68,38,40.0000048135755
"1699",3912,0,46,26,54
"1700",3877,0.000288814531916166,66.5,39.5,48.0000048135755
"1701",3810,0.000419351190392837,54.5,30.5,52.0000069891865
"1702",3820,5.77630459021902e-05,64,38,24.0000009627174
"1703",3819,0,26,14,46
"1704",3818,0,57,34,26
"1705",3864,5.77630455347531e-05,32,19,56.0000009627174
"1706",3863,0,66,38,40
"1707",3862,0,45,25,30
"1708",3861,0,35,20,8
"1709",3860,0,8.5,4.5,84
"1710",3859,0,98.5,56.5,12
"1711",3858,0,14.5,8.5,74
"1712",3857,0,85.5,48.5,58
"1713",3856,0,68,39,52
"1714",3855,0,64,38,68
"1715",3854,0,79,45,10
"1716",3853,0,11.5,6.5,56
"1717",3852,0,68,40,26
"1718",3851,0,29.5,16.5,42
"1719",3850,0,45,24,58
"1720",3849,0,71.5,42.5,48
"1721",3848,0,54,30,52
"1722",3847,0,62,36,34
"1723",3846,0,42,25,54
"1724",3845,0,61,34,6
"1725",3844,0,7.5,4.5,48
"1726",3843,0,58,34,66
"1727",3842,0,81,48,64
"1728",3841,0,73.5,41.5,70
"1729",3840,0,80.5,45.5,78
"1730",3839,0,93,54,68
"1731",3838,0,80,46,60
"1732",3837,0,73,43,74
"1733",3836,0,89,52,48
"1734",3835,0,55.5,31.5,28
"1735",3834,0,35,21,66
"1736",3833,0,77,44,40
"1737",3832,0,45.5,25.5,56
"1738",3831,0,68,40,70
"1739",3830,0,83.5,48.5,52
"1740",3829,0,58.5,32.5,44
"1741",3828,0,54,32,42
"1742",3827,0,51,30,56
"1743",3826,0,63.5,35.5,6
"1744",3825,0,6,3,72
"1745",3824,0,86.5,50.5,38
"1746",3822,0.000111194927084224,43,24,56.0000018532488
"1747",3811,0.000160345221304285,68,40,58.0000026724204
"1748",3804,0.000173289136971696,72,43,74.0000028881523
"1749",3807,0,88,51,56
"1750",3886,0.000565437313744308,67.5,39.5,42.0000094239552
"1751",3890,0,48.5,27.5,22
"1752",3889,0,24,13,26
"1753",3888,0,29,16,40
"1754",3887,0,44,24,64
"1755",3946,0.00150101970241467,76,44,62.000025016995
"1756",3945,5.77632561405742e-05,76,45,16.0000009627209
"1757",4199,0.00138708428495603,16.5,8.5,24.0000231180714
"1758",4294,0.00226486089836372,26.5,14.5,88.0000377476816
"1759",4298,0,102.5,58.5,26
"1760",4302,0,27.5,14.5,76
"1761",4311,0,91,53,54
"1762",4310,0.00233509346028082,61,34,54.0000389182243
"1763",4309,0,63.5,36.5,32
"1764",4308,0,32.5,16.5,34
"1765",4307,0,38.5,21.5,72
"1766",4306,0,82.5,46.5,62
"1767",4305,0,70.5,39.5,70
"1768",4304,0,84.5,49.5,56
"1769",4303,0,66.5,38.5,78
"1770",4318,5.77628270044992e-05,92,53,48.0000009627138
"1771",4317,0.000115525653274127,53.5,29.5,46.0000019254276
"1772",4316,0,50,27,76
"1773",4315,0,91,53,66
"1774",4314,0,75,42,30
"1775",4313,0,32,17,44
"1776",4319,0.000115525653274127,47.5,25.5,30.0000019254276
"1777",4321,5.77628253461821e-05,33,18,24.0000009627138
"1778",4293,0.00199206941882048,24,12,26.000033201157
"1779",4292,0,27.5,14.5,60
"1780",4289,0.000582354544961134,70.5,40.5,16.0000097059091
"1781",4291,0,16,8,84
"1782",4276,0.000602073684024172,98,56,64.0000100345614
"1783",4288,0,77.5,45.5,40
"1784",4275,5.7762941060894e-05,42.5,22.5,28.0000009627157
"1785",4274,0,32.5,18.5,44
"1786",4273,0.000256416122244857,52.5,30.5,54.000004273602
"1787",4272,0.000256416122244857,67,40,54.000004273602
"1788",4271,0,67,40,54
"1789",4270,0,63.5,36.5,30
"1790",4269,0,35,20,24
"1791",4266,5.77629394025783e-05,25,13,68.0000009627157
"1792",4268,0.000111194924254931,77.5,43.5,26.0000018532487
"1793",4265,5.77629394025783e-05,26.5,13.5,18.0000009627157
"1794",4267,0.00100075434092872,20,11,1.66792390154787e-05
"1795",4261,0.000309480532674977,0,0,66.0000051580089
"1796",4264,0,77,44,62
"1797",4287,0.00159484203484301,76,45,62.0000265807006
"1798",4286,0,73,42,6
"1799",4285,0,6,3,26
"1800",4284,0,27.5,14.5,22
"1801",4283,0,27,16,24
"1802",4282,0,27.5,15.5,38
"1803",4281,0,40.5,21.5,34
"1804",4280,0,36.5,19.5,62
"1805",4279,0,70,39,54
"1806",4278,0,65.5,38.5,36
"1807",4277,0,39,21,46
"1808",4255,0.000894528907012587,54.5,31.5,64.0000149088151
"1809",4257,0,78,46,8
"1810",4260,0,8.5,4.5,40
"1811",4232,0.00122747386496547,46.5,26.5,66.0000204578977
"1812",4231,0,80,47,76
"1813",4253,0.000567850336240526,89,51,20.0000094641723
"1814",4162,0.00148347401160658,20.5,10.5,74.0000247245669
"1815",4161,0,87.5,50.5,34
"1816",4102,0.000346577497851805,40.5,23.5,54.0000057762916
"1817",4104,0,67.5,40.5,38
"1818",4103,0,46,27,20
"1819",3883,0.00106325655349847,22.5,12.5,6.00001772094256
"1820",3885,0,6,3,24
"1821",3884,0,25.5,13.5,50
"1822",3909,5.77630459021902e-05,59.5,34.5,30.0000009627174
"1823",3908,0,32.5,17.5,20
"1824",3907,0,24,14,72
"1825",3906,0,86.5,50.5,78
"1826",3905,0,90,51,28
"1827",3904,0,32.5,18.5,2
"1828",3903,0,2,1,54
"1829",3902,0,61,34,40
"1830",3901,0,45,25,26
"1831",3900,0,31,18,62
"1832",3899,0,72.5,41.5,16
"1833",3898,0,18,10,54
"1834",3897,0,64,37,42
"1835",3896,0,50,29,58
"1836",3895,0,69,40,52
"1837",3894,0,62,36,40
"1838",3934,0.000320690444733414,46.5,26.5,12.0000053448407
"1839",3963,0.000706045570572905,12.5,6.5,30.0000117674262
"1840",3979,0.000125303164004676,36.5,21.5,48.0000020883861
"1841",3984,0,59.5,35.5,44
"1842",3983,0,52.5,30.5,64
"1843",3982,0,74.5,42.5,36
"1844",3981,0,38.5,20.5,66
"1845",3980,0,75,42,40
"1846",3972,5.77632544822618e-05,47.5,27.5,60.0000009627209
"1847",3978,0,69.5,39.5,60
"1848",3977,0,70,40,48
"1849",3976,0,52.5,28.5,16
"1850",3975,0,19,11,60
"1851",3974,0,73,43,18
"1852",3973,0,20,11,44
"1853",4006,0.000160345242545744,50.5,28.5,36.0000026724207
"1854",4005,0,38.5,20.5,14
"1855",4004,0,16.5,9.5,28
"1856",4003,0,31,17,30
"1857",4002,0,33.5,18.5,70
"1858",4001,0,81,46,28
"1859",4076,0.000125303165533597,28.5,14.5,46.0000020883861
"1860",4075,0,53.5,30.5,40
"1861",4074,0,47,27,66
"1862",4073,0,81,48,38
"1863",4072,0,46.5,27.5,22
"1864",4071,0,23.5,12.5,48
"1865",4070,0,52.5,28.5,16
"1866",4082,0.000111194924254931,19.5,11.5,68.0000018532487
"1867",4081,0,79,45,28
"1868",4080,0,33.5,19.5,30
"1869",4079,0,35.5,20.5,64
"1870",4078,0,73,41,50
"1871",3763,0.00226486361546306,57.5,32.5,42.0000377477269
"1872",3796,0.000231051671745322,49.5,28.5,34.0000038508612
"1873",3801,0,38,21,22
"1874",3762,0.000411792667612051,25.5,14.5,40.0000068632111
"1875",3765,0.000669665431693042,43,23,48.0000111610905
"1876",3790,5.77629029196265e-05,58,34,52.000000962715
"1877",3800,0.000160345020579856,63.5,37.5,20.000002672417
"1878",3799,0,21.5,11.5,44
"1879",3798,0,51.5,29.5,50
"1880",3797,0,56,31,10
"1881",3791,0.000160345020579856,11.5,6.5,62.000002672417
"1882",3802,0.000582354522646183,77,46,14.0000097059087
"1883",3911,0.00140589741555706,15,8,80.0000234316236
"1884",3967,0.000530323327943324,93.5,53.5,34.0000088387221
"1885",3969,0,41,24,44
"1886",3971,0,52,30,20
"1887",3970,0,21,11,34
"1888",3968,0.000222389854168448,36,19,36.0000037064976
"1889",4091,0.000256417240859542,41.5,23.5,62.0000042736207
"1890",3789,0.00187827296726307,70.5,39.5,60.0000313045495
"1891",3788,0,70.5,40.5,22
"1892",3787,0,24,13,62
"1893",3786,0,73,42,74
"1894",3785,0,88.5,51.5,46
"1895",3784,0,53.5,30.5,14
"1896",3783,0,15.5,8.5,28
"1897",3782,0,34,20,68
"1898",3781,0,80.5,46.5,68
"1899",3780,0,78.5,44.5,40
"1900",3779,0,46.5,26.5,20
"1901",3778,0,20.5,10.5,38
"1902",3777,0,46,27,42
"1903",3776,0,48.5,27.5,12
"1904",3775,0,15,9,22
"1905",3774,0,22,11,14
"1906",3773,0,17,10,34
"1907",3772,0,38.5,21.5,62
"1908",3766,5.77629029196265e-05,77,46,38.000000962715
"1909",3771,0,46,27,54
"1910",3770,0.00055896721241981,60.5,33.5,72.0000093161202
"1911",3769,0,86,50,44
"1912",3768,0,53,31,2
"1913",3767,0,2.5,1.5,54
"1914",3755,0.000969281454571657,65,38,58.0000161546909
"1915",3754,0,65,36,20
"1916",3753,0,20,10,70
"1917",3752,0,85,50,72
"1918",3751,0,83.5,47.5,38
"1919",3750,0,40,21,20
"1920",3749,0,21.5,11.5,30
"1921",3748,0,36,21,38
"1922",3747,0,44,25,44
"1923",3746,0,48,26,74
"1924",3745,0,88.5,51.5,46
"1925",3744,0,56.5,33.5,44
"1926",3743,0,49,27,26
"1927",3742,0,31.5,18.5,60
"1928",3741,0,70.5,40.5,86
"1929",3740,0,100.5,57.5,56
"1930",3739,0,67,39,42
"1931",3738,0,52,31,60
"1932",3737,0,70.5,40.5,30
"1933",3736,0,31,16,84
"1934",3735,0,97.5,55.5,84
"1935",3734,0,99,57,50
"1936",3733,0,55,30,72
"1937",3732,0,86.5,50.5,88
"1938",3731,0,102.5,58.5,26
"1939",3730,0,29,16,62
"1940",3729,0,74,43,76
"1941",3728,0,90,52,42
"1942",3727,0,45,24,18
"1943",3726,0,19,10,32
"1944",3725,0,39,23,52
"1945",3724,0,58.5,32.5,72
"1946",3723,0,83.5,47.5,64
"1947",3722,0,77.5,45.5,62
"1948",3721,0,70,39,58
"1949",3720,0,70,41,48
"1950",3719,0,56.5,32.5,78
"1951",3718,0,91.5,52.5,34
"1952",3717,0,38.5,21.5,40
"1953",3716,0,49.5,29.5,56
"1954",3715,0,68.5,40.5,84
"1955",3714,0,97.5,55.5,46
"1956",3713,0,53.5,30.5,10
"1957",3712,0,11.5,6.5,30
"1958",3711,0,32,17,76
"1959",3710,0,87.5,49.5,42
"1960",3709,0,51.5,30.5,72
"1961",3708,0,83.5,47.5,62
"1962",3707,0,73,42,14
"1963",3706,0,14.5,7.5,8
"1964",3705,0,9,5,40
"1965",3704,0,47,27,60
"1966",3703,0,69,39,18
"1967",3702,0,18.5,9.5,28
"1968",3701,0,29.5,15.5,86
"1969",3700,0,100.5,57.5,72
"1970",3685,0.0004773447104093,85,49,14.0000079557452
"1971",3684,0,17,10,6
"1972",3683,0,7,4,36
"1973",3682,0,38.5,20.5,26
"1974",3681,0,30.5,17.5,58
"1975",3680,0,71.5,42.5,42
"1976",3679,0,52,31,64
"1977",3678,0,79,47,46
"1978",3677,0,57.5,34.5,58
"1979",3676,0,72,43,40
"1980",3675,0,48.5,28.5,48
"1981",3674,0,57,33,82
"1982",3673,0,95.5,54.5,66
"1983",3672,0,79.5,46.5,68
"1984",3671,0,83,49,46
"1985",3670,0,57,34,28
"1986",3669,0,28,14,46
"1987",3668,0,56,33,16
"1988",3667,0,19,11,40
"1989",3666,0,46.5,26.5,56
"1990",3665,0,67.5,39.5,26
"1991",3664,0,32,19,20
"1992",3663,0,24.5,14.5,22
"1993",3662,0,22,11,36
"1994",3661,0,39.5,21.5,78
"1995",3660,0,90,51,28
"1996",3659,0,32,18,62
"1997",3658,0,71.5,40.5,48
"1998",3657,0,53,29,62
"1999",3656,0,76,45,46
"2000",3655,0,54,31,76
"2001",3654,0,90.5,52.5,20
"2002",3653,0,20,10,22
"2003",3652,0,27,16,52
"2004",3651,0,59.5,33.5,20
"2005",3650,0,22.5,12.5,32
"2006",3649,0,34.5,18.5,66
"2007",3648,0,80.5,47.5,56
"2008",3647,0,69.5,41.5,34
"2009",3646,0,40,23,28
"2010",3645,0,28.5,14.5,34
"2011",3644,0,40,23,32
"2012",3643,0,39,23,22
"2013",3642,0,25,14,60
"2014",3641,0,71.5,41.5,48
"2015",3640,0,53,29,54
"2016",3639,0,63,36,48
"2017",3638,0,57,33,90
"2018",3637,0,105,60,48
"2019",3636,0,59,35,48
"2020",3698,0.00025060619137933,55,31,68.0000041767699
"2021",3697,0,82,48,60
"2022",3696,0,74.5,44.5,22
"2023",3695,0,27,16,86
"2024",3694,0,101,58,22
"2025",3693,0,22,11,20
"2026",3618,0.000288814581298213,24.5,14.5,46.0000048135764
"2027",3620,0,55,32,64
"2028",3619,0,76.5,44.5,60
"2029",3110,0.00374248645930754,72.5,42.5,20.0000623747743
"2030",3116,0,20.5,10.5,22
"2031",3120,0,25.5,14.5,58
"2032",3122,0,72,43,10
"2033",3125,0,10.5,5.5,42
"2034",3132,0,50.5,29.5,76
"2035",3136,5.77628166871612e-05,89,51,80.0000009627136
"2036",3143,0,94.5,54.5,42
"2037",3145,0,47.5,26.5,14
"2038",3153,0.000375909321965102,17,10,66.0000062651554
"2039",3155,0,76,43,30
"2040",3160,0,36,21,12
"2041",3159,5.77628962863616e-05,13.5,7.5,34.0000009627149
"2042",3158,0,41.5,24.5,58
"2043",3157,0,68.5,39.5,40
"2044",3156,0,48.5,28.5,18
"2045",3161,5.77628962863616e-05,20.5,11.5,12.0000009627149
"2046",3163,0,12,6,78
"2047",3166,0,90.5,51.5,34
"2048",3171,0,42.5,25.5,38
"2049",3174,0,41,22,70
"2050",3200,0.000205896294792837,85,50,68.0000034316049
"2051",3202,0,80.5,46.5,76
"2052",3201,0.000222389851339155,90,52,42.0000037064975
"2053",3203,0.000222389851339155,50,29,26.0000037064975
"2054",3207,0,28,15,82
"2055",3211,0,95.5,54.5,36
"2056",3223,0.000229769025284577,41,23,8.00000382948375
"2057",3225,0,8,4,44
"2058",3302,0.000231051831311077,51.5,29.5,24.0000038508639
"2059",3309,0.000229769019211002,28,16,32.0000038294837
"2060",3316,5.77629029196265e-05,32.5,16.5,18.000000962715
"2061",3311,5.77628087630111e-05,19,10,28.0000009627135
"2062",3313,0,35,21,58
"2063",3315,0,72.5,43.5,34
"2064",3314,0,41,24,60
"2065",3310,5.77629029196265e-05,73,43,42.000000962715
"2066",3317,5.77628087630111e-05,48,27,9.62713479383518e-07
"2067",3319,0.000333584778423379,0,0,62.0000055597463
"2068",3322,0,73,42,62
"2069",3184,0.00069315575226301,74,43,60.0000115525959
"2070",3198,0,71.5,41.5,6
"2071",3175,0.000205896294792837,7.5,4.5,82.0000034316049
"2072",3179,0,97,56,46
"2073",3182,0,54,31,24
"2074",3224,0.000320690124530151,26,14,46.0000053448354
"2075",3271,0.000281933074610228,57.5,34.5,50.0000046988846
"2076",3273,0,55.5,30.5,32
"2077",3276,0,40,24,78
"2078",3259,0.000111194929913516,91,52,84.0000018532488
"2079",3261,0,98.5,56.5,20
"2080",3263,0,20.5,10.5,80
"2081",3266,0,92.5,52.5,74
"2082",3268,0,87,50,60
"2083",3270,0,73.5,43.5,10
"2084",3269,0,12.5,7.5,84
"2085",3324,0.000309480580118929,99,57,12.0000051580097
"2086",3312,0.000250606225184945,15,9,16.0000041767704
"2087",3308,0.000125303114909839,16,8,44.0000020883853
"2088",3303,0.000229769019211002,52,30,74.0000038294837
"2089",3305,0,87.5,50.5,14
"2090",3307,0,14,7,16
"2091",3306,0,17.5,9.5,32
"2092",3280,0.000160345087487993,38,22,72.0000026724181
"2093",3282,0,87,51,68
"2094",3286,0,81,47,34
"2095",3296,0,38,21,54
"2096",3300,0,66.5,39.5,64
"2097",3279,0.000125303114314762,74,42,4.00000208838524
"2098",3301,0.000125303114314762,4.5,2.5,40.0000020883852
"2099",3226,0.000231051831311077,46.5,26.5,28.0000038508639
"2100",3228,0,34.5,20.5,80
"2101",3236,0,95,55,58
"2102",3238,0,70.5,41.5,18
"2103",3318,0.000346577776816296,19.5,10.5,60.0000057762963
"2104",3239,0.00048103528917686,75,45,56.0000080172548
"2105",3242,0,65.5,37.5,36
"2106",3250,0,38,20,42
"2107",3258,0,45.5,24.5,84
"2108",3257,0,98.5,56.5,30
"2109",3256,0,35.5,20.5,74
"2110",3255,0,86,49,28
"2111",3254,0,35,21,52
"2112",3253,0,58,32,70
"2113",3252,0,82,47,56
"2114",3251,0,69,41,30
"2115",3277,0.000111194929913516,32.5,17.5,34.0000018532488
"2116",3249,5.77628100538927e-05,39,22,50.0000009627135
"2117",3247,0,55.5,30.5,28
"2118",3233,5.77628087630111e-05,35,21,14.0000009627135
"2119",3235,0,16,9,48
"2120",3234,0,59,35,62
"2121",3232,0,73,42,68
"2122",3248,5.77628087630111e-05,81,47,8.00000096271348
"2123",3246,0,10,6,72
"2124",3245,0,87,51,42
"2125",3244,0,50,29,14
"2126",3243,0,14,7,58
"2127",3278,5.77628100538927e-05,66,37,64.0000009627135
"2128",3237,0.000250606225184945,78,46,52.0000041767704
"2129",3304,0.000205896420714204,58.5,32.5,38.000003431607
"2130",3267,0.000160345077929688,43,24,36.000002672418
"2131",3262,0.000111194927084224,38.5,20.5,34.0000018532488
"2132",3212,0.000256416135425998,37,20,80.0000042736023
"2133",3215,0,93,53,62
"2134",3222,0,74,43,44
"2135",3210,0.000558967217732223,48,26,36.0000093161203
"2136",3209,0,41,23,14
"2137",3208,0,14.5,7.5,32
"2138",3325,0.000667034231970223,32.5,16.5,62.0000111172372
"2139",3265,0.000411792510031326,75.5,44.5,22.0000068632085
"2140",3264,0,27.5,16.5,46
"2141",3241,5.77628817289507e-05,55.5,32.5,84.0000009627147
"2142",3240,0,98,56,52
"2143",3227,5.77628813615147e-05,57.5,31.5,90.0000009627147
"2144",3326,0.000512831834191906,105,60,56.0000085471972
"2145",3329,0,70,42,16
"2146",3331,0,16.5,8.5,46
"2147",3354,0.000205896303166978,51,28,54.0000034316051
"2148",3359,0,63.5,36.5,46
"2149",3375,0,50,27,60
"2150",3377,0,68,38,46
"2151",3330,0.000309480448574622,55,32,50.0000051580075
"2152",3332,0.000229769012540708,56.5,31.5,40.0000038294835
"2153",3328,0.000125303096345447,49.5,29.5,54.0000020883849
"2154",3327,0,63,36,32
"2155",3321,5.77629178444715e-05,38.5,22.5,58.0000009627153
"2156",3320,0,70,41,76
"2157",3333,0.000160345035080121,89.5,51.5,30.0000026724173
"2158",3337,0,35,20,46
"2159",3350,5.77629327693149e-05,55.5,32.5,40.0000009627155
"2160",3323,0.000830220032194127,46.5,26.5,58.0000138370005
"2161",3349,0.000256416111186472,65.5,36.5,64.0000042736019
"2162",3338,5.77629327693149e-05,76,44,32.0000009627155
"2163",3347,0,39.5,23.5,24
"2164",3358,0.000160345065981806,25.5,13.5,58.0000026724178
"2165",3357,0,70,41,30
"2166",3356,0,31.5,16.5,48
"2167",3355,0,57.5,33.5,42
"2168",3396,5.77629394025783e-05,49,28,2.00000096271566
"2169",3398,0,2.5,1.5,48
"2170",3400,0,58,34,78
"2171",3419,0.000205896629758475,90.5,51.5,82.0000034316105
"2172",3421,0,97,56,86
"2173",3426,0,101,58,46
"2174",3418,5.77630306099204e-05,55,32,50.0000009627172
"2175",3417,0,55,30,20
"2176",3416,0,22,12,66
"2177",3415,0,81,48,32
"2178",3427,5.77630306099204e-05,32.5,16.5,46.0000009627172
"2179",3439,0.000111194924254931,57,34,42.0000018532487
"2180",3441,0,48,27,44
"2181",3460,0,53.5,31.5,58
"2182",3462,0,69.5,40.5,26
"2183",3472,0,30,17,26
"2184",3425,0.000281932940891905,31,18,70.0000046988823
"2185",3424,0,81,46,34
"2186",3423,0,40,23,24
"2187",3422,0,25,13,52
"2188",3473,0.000281932940891905,61.5,35.5,52.0000046988823
"2189",3459,5.77629215285397e-05,65,39,18.0000009627154
"2190",3458,0,20,11,34
"2191",3457,0,37.5,20.5,30
"2192",3456,0,30.5,15.5,12
"2193",3455,0,15,9,56
"2194",3454,0,66.5,38.5,58
"2195",3453,0,72,43,38
"2196",3452,0,41,22,38
"2197",3451,0,44.5,25.5,64
"2198",3450,0,79,47,84
"2199",3449,0,97.5,55.5,56
"2200",3448,0,70,42,72
"2201",3447,0,85,49,40
"2202",3446,0,42.5,22.5,14
"2203",3445,0,15,8,66
"2204",3444,0,75,42,56
"2205",3443,0,64.5,36.5,36
"2206",3442,0,44,26,26
"2207",3474,5.77629215285397e-05,26.5,13.5,64.0000009627154
"2208",3481,0,78,46,30
"2209",3484,0,35.5,20.5,42
"2210",3499,0,45.5,24.5,72
"2211",3515,0,85,49,38
"2212",3520,0,44.5,25.5,64
"2213",3572,0.000353022710165398,78,46,48.0000058837118
"2214",3578,0.000111194927084224,54.5,30.5,60.0000018532488
"2215",3577,0,70,40,36
"2216",3576,0,45,27,32
"2217",3575,0,35,19,44
"2218",3574,0,50,28,48
"2219",3551,5.77629244777354e-05,59,35,88.0000009627154
"2220",3571,0,103,59,78
"2221",3610,0.00023105173807796,92.5,53.5,40.0000038508623
"2222",3613,0,50,30,58
"2223",3617,0,67.5,38.5,40
"2224",3545,0.000346577497851805,48.5,28.5,40.0000057762916
"2225",3544,0,48.5,28.5,64
"2226",3480,0.000288814581665649,73.5,41.5,24.0000048135764
"2227",3479,0,27,15,6
"2228",3478,0,7,4,30
"2229",3477,0,30,15,30
"2230",3476,0,36.5,21.5,18
"2231",3475,0,19,10,52
"2232",3433,0.000173288749293339,60.5,34.5,12.0000028881458
"2233",3436,0,14,8,14
"2234",3438,0,14.5,7.5,48
"2235",3437,0,58.5,34.5,38
"2236",3428,0.000111194924254931,41.5,22.5,56.0000018532487
"2237",3430,0,63.5,35.5,66
"2238",3432,0,80.5,47.5,44
"2239",3431,0,47.5,25.5,40
"2240",3440,0.000111194929913516,48,28,38.0000018532488
"2241",3461,0.000353022696055718,40.5,21.5,78.0000058837116
"2242",3483,0.000125303095967726,91.5,52.5,46.0000020883849
"2243",3482,0,53,30,46
"2244",3519,0.000173288734001058,51,28,62.0000028881456
"2245",3518,0,74.5,43.5,38
"2246",3517,0,42,23,46
"2247",3516,0,51.5,28.5,50
"2248",3541,5.77629112112072e-05,57.5,32.5,26.0000009627152
"2249",3540,0,26.5,13.5,62
"2250",3435,0.000404340379580759,72,41,58.0000067390063
"2251",3434,0,72.5,43.5,60
"2252",3378,0.000461463303104482,74,44,54.0000076910551
"2253",3380,0,63,36,18
"2254",3413,0.000256416099563343,22,13,76.0000042736017
"2255",3412,0.000111194924254931,87.5,49.5,46.0000018532487
"2256",3381,0.000256416099563343,52,29,8.00000427360166
"2257",3385,0,8,4,56
"2258",3394,0,63.5,35.5,44
"2259",3399,5.77629394025783e-05,47.5,25.5,74.0000009627157
"2260",3395,5.77629394025783e-05,86,49,66.0000009627157
"2261",3348,0.000205896395282535,80,47,46.0000034316066
"2262",3346,0.000333584778423379,51.5,28.5,36.0000055597463
"2263",3345,0,44.5,26.5,68
"2264",3344,0,82.5,48.5,46
"2265",3343,0,54,31,50
"2266",3342,0,57.5,32.5,8
"2267",3341,0,8.5,4.5,48
"2268",3340,0,59,35,42
"2269",3339,0,45.5,24.5,56
"2270",3407,0.000363978553796835,63,35,70.0000060663092
"2271",3406,0.000333584781252672,83.5,48.5,82.0000055597464
"2272",3405,0,96,55,34
"2273",3408,0.000333584781252672,35.5,18.5,44.0000055597464
"2274",3410,0,50,28,28
"2275",3397,0.000320689979458271,34,20,84.000005344833
"2276",3411,0.000320689979458271,99,57,60.000005344833
"2277",3414,0.000111194924254931,70.5,40.5,24.0000018532487
"2278",3401,0.000205896629758475,28,16,64.0000034316105
"2279",3379,0.00025060629343925,75,43,48.0000041767716
"2280",3402,0.00025060629343925,54,30,68.0000041767716
"2281",3404,0,79,45,68
"2282",3409,0.00033854890620709,80,46,56.0000056424818
"2283",3521,0.000519866455725513,63,35,64.0000086644409
"2284",3523,0,76,44,50
"2285",3522,0,57,32,80
"2286",3570,0.000353022735128686,93,53,26.0000058837123
"2287",3569,0,31.5,18.5,60
"2288",3568,0,71.5,41.5,34
"2289",3567,0,37,20,20
"2290",3566,0,23.5,13.5,62
"2291",3565,0,71,40,26
"2292",3564,0,31,18,2
"2293",3563,0,2,1,66
"2294",3562,0,77,44,10
"2295",3561,0,10,5,76
"2296",3560,0,90,52,30
"2297",3559,0,32.5,17.5,46
"2298",3558,0,57,34,64
"2299",3557,0,78,46,30
"2300",3556,0,34,19,54
"2301",3555,0,63,36,68
"2302",3554,0,79.5,45.5,40
"2303",3553,0,50,30,74
"2304",3552,0,89,52,6
"2305",3591,0.000160345113773334,6.5,3.5,56.0000026724186
"2306",3590,0,70,42,12
"2307",3593,0.000669665425971422,15,9,30.0000111610904
"2308",3595,0,35.5,20.5,60
"2309",3605,0,68.5,38.5,82
"2310",3609,0,96.5,55.5,72
"2311",3586,0.000250606210708181,86,50,44.0000041767702
"2312",3585,0,54,32,48
"2313",3584,0,53,29,60
"2314",3583,0,69.5,39.5,30
"2315",3582,0,31.5,16.5,48
"2316",3581,0,59,35,54
"2317",3580,0,61.5,34.5,48
"2318",3538,0.000405787754119864,59,35,60.0000067631292
"2319",3537,0,74.5,44.5,36
"2320",3536,0,38,20,66
"2321",3535,0,79.5,46.5,36
"2322",3534,0,38.5,20.5,68
"2323",3533,0,81.5,47.5,20
"2324",3532,0,22.5,12.5,58
"2325",3531,0,71,42,8
"2326",3530,0,9.5,5.5,32
"2327",3529,0,40,24,68
"2328",3528,0,78.5,44.5,24
"2329",3527,0,27.5,15.5,38
"2330",3526,0,46,27,10
"2331",3525,0,12.5,7.5,56
"2332",3573,0.000281933050747836,69,41,60.0000046988842
"2333",3608,0.000160345044475619,70.5,40.5,28.0000026724174
"2334",3607,0,35,21,48
"2335",3606,0,58.5,34.5,82
"2336",3514,0.000419351302715684,97,56,30.0000069891884
"2337",3513,0,37.5,22.5,62
"2338",3512,0,71.5,40.5,50
"2339",3511,0,55.5,30.5,20
"2340",3510,0,22,12,80
"2341",3509,0,93,53,32
"2342",3508,0,34.5,18.5,36
"2343",3507,0,43.5,25.5,38
"2344",3506,0,44,25,78
"2345",3505,0,91,52,56
"2346",3504,0,63.5,35.5,54
"2347",3503,0,62,35,56
"2348",3502,0,66.5,38.5,64
"2349",3501,0,76,44,70
"2350",3500,0,85,50,86
"2351",3403,0.000617689071577973,100,57,26.0000102948179
"2352",3384,0.000115525852639539,28.5,15.5,44.0000019254309
"2353",3383,0,51.5,29.5,22
"2354",3382,0,24.5,13.5,18
"2355",3393,0.000111194929913516,22.5,13.5,72.0000018532488
"2356",3392,0,84.5,48.5,30
"2357",3391,0,30.5,15.5,30
"2358",3390,0,30,15,58
"2359",3389,0,66,37,66
"2360",3388,0,80.5,47.5,32
"2361",3387,0,38.5,22.5,76
"2362",3386,0,89,51,86
"2363",3420,0.000309480549167329,101,58,82.0000051580091
"2364",3429,5.77629294526832e-05,96.5,55.5,32.0000009627155
"2365",3374,0.000601099172929624,38,22,24.0000100183195
"2366",3373,0,25.5,13.5,68
"2367",3372,0,82.5,48.5,34
"2368",3371,0,38,21,48
"2369",3370,0,59,35,56
"2370",3369,0,66,38,22
"2371",3368,0,22,11,14
"2372",3367,0,17,10,38
"2373",3366,0,47,28,44
"2374",3365,0,54,32,22
"2375",3364,0,22.5,11.5,40
"2376",3363,0,47.5,27.5,82
"2377",3362,0,96,55,64
"2378",3361,0,78,46,56
"2379",3360,0,63.5,35.5,16
"2380",3376,0.000333584778423379,18.5,10.5,70.0000055597463
"2381",3353,5.77629182119077e-05,83.5,48.5,60.0000009627153
"2382",3281,0.000531624956568376,71.5,41.5,60.0000088604159
"2383",3285,0.000222389851339155,69.5,39.5,64.0000037064975
"2384",3284,0,78.5,46.5,62
"2385",3283,0,71,40,36
"2386",3260,5.77629062362588e-05,37.5,19.5,46.0000009627151
"2387",3206,0.000309480439820169,50,27,60.0000051580073
"2388",3205,0,73.5,43.5,44
"2389",3204,0,52,30,74
"2390",3199,0.000338548902204326,88,51,62.0000056424817
"2391",3336,0.00120219815685658,73,42,64.0000200366359
"2392",3335,0,73,41,30
"2393",3334,0,30.5,15.5,10
"2394",3275,0.000722943487666863,12.5,7.5,70.0000120490581
"2395",3274,0,80.5,45.5,28
"2396",3272,0.000333584778423379,32.5,18.5,70.0000055597463
"2397",3221,0.000173288779143027,85,50,64.0000028881463
"2398",3220,0,79,47,48
"2399",3219,0,59.5,35.5,56
"2400",3218,0,67,39,12
"2401",3217,0,12.5,6.5,46
"2402",3216,0,52,29,38
"2403",3183,0.000602073660972939,44,25,56.000010034561
"2404",3170,0.00016034512333164,67.5,39.5,74.0000026724187
"2405",3169,0,89,52,78
"2406",3168,0,92.5,53.5,20
"2407",3167,0,24.5,14.5,76
"2408",3173,0.000667169559676051,89.5,51.5,48.0000111194927
"2409",3172,0,59,35,70
"2410",3124,0.00128665291231732,80.5,45.5,58.0000214442152
"2411",3123,0,65,36,80
"2412",3131,0.000125303138013024,93.5,53.5,30.0000020883856
"2413",3130,0,36,21,56
"2414",3129,0,62.5,34.5,16
"2415",3128,0,16,8,34
"2416",3127,0,37.5,20.5,28
"2417",3126,0,29,15,48
"2418",3115,0.000115526008888635,53,29,22.0000019254335
"2419",3114,0,22.5,11.5,84
"2420",3113,0,98,56,56
"2421",3112,0,70,42,50
"2422",3111,0,58.5,33.5,68
"2423",3142,0.000309480904437032,78.5,44.5,58.0000051580151
"2424",3141,0,71,42,54
"2425",3140,0,63.5,36.5,40
"2426",3139,0,47.5,27.5,36
"2427",3138,0,42,24,46
"2428",3137,0,55.5,32.5,42
"2429",3154,0.000363978913816962,45.5,24.5,70.0000060663152
"2430",3178,0.000288815037702429,80.5,45.5,84.000004813584
"2431",3177,0,98,56,70
"2432",3176,0,83.5,48.5,66
"2433",3197,0.000353022757801017,75,42,40.0000058837126
"2434",3196,0,49.5,29.5,26
"2435",3195,0,27.5,14.5,66
"2436",3194,0,78.5,45.5,36
"2437",3193,0,38,20,72
"2438",3192,0,83.5,47.5,82
"2439",3191,0,96,55,50
"2440",3190,0,57,32,34
"2441",3189,0,42.5,25.5,58
"2442",3188,0,67.5,38.5,50
"2443",3187,0,58,33,24
"2444",3186,0,26.5,14.5,52
"2445",3185,0,59.5,33.5,54
"2446",3299,0.000641380706426421,63.5,36.5,56.0000106896784
"2447",3298,0,69.5,41.5,68
"2448",3297,0,80,46,56
"2449",3352,0.000722944030147348,63,35,32.0000120490672
"2450",3146,0.00191540602439819,33,17,76.0000319234337
"2451",3150,0,91,53,18
"2452",3152,0,20,11,16
"2453",3351,0.00234417233942777,20,12,50.000039069539
"2454",3612,0.0012756421717964,58.5,33.5,74.0000212607029
"2455",3611,0,86.5,49.5,26
"2456",3549,0.00180240892777431,26.5,13.5,38.0000300401488
"2457",3548,0,42,23,22
"2458",3547,0,23,12,62
"2459",3471,0.000655151966067127,75,44,44.0000109191994
"2460",3470,0,50.5,28.5,4
"2461",3469,0,4,2,28
"2462",3468,0,34,20,54
"2463",3467,0,65.5,38.5,80
"2464",3466,0,93,53,38
"2465",3465,0,40,21,86
"2466",3464,0,101,58,36
"2467",3463,0,43.5,25.5,44
"2468",3106,0.00290735073414185,54.5,32.5,46.0000484558456
"2469",3104,0.000761163219848679,52,29,54.0000126860537
"2470",3103,0,62,35,36
"2471",3102,0,41,23,80
"2472",3101,0,92.5,52.5,54
"2473",3100,0,61.5,34.5,36
"2474",3099,0,38.5,20.5,38
"2475",3098,0,47.5,28.5,20
"2476",2976,0.00112241592577609,20.5,10.5,52.0000187069321
"2477",2974,5.77628349286482e-05,61,35,38.0000009627139
"2478",2972,0.000125303126376739,45,26,34.0000020883854
"2479",2971,0,39,22,36
"2480",2970,0,38.5,20.5,54
"2481",2975,0.000125303126376739,62.5,35.5,56.0000020883854
"2482",2938,0.00116472208014811,67.5,39.5,22.0000194120347
"2483",2969,0.000919075945672293,26,15,42.0000153179324
"2484",3082,0.00260978592155932,48.5,27.5,84.000043496432
"2485",3604,0.00633100775673906,98.5,56.5,72.0001055167959
"2486",3603,0,84.5,48.5,66
"2487",3602,0,80,47,26
"2488",3601,0,31,18,34
"2489",3600,0,35,18,54
"2490",3599,0,67.5,40.5,50
"2491",3598,0,56,31,42
"2492",3597,0,52,31,80
"2493",3596,0,94,54,46
"2494",3588,0.000125303111087539,57,34,30.0000020883852
"2495",3792,0.00176495992273263,30,15,50.0000294159987
"2496",3795,0,60,35,70
"2497",3498,0.00308927469561623,80.5,45.5,64.0000514879116
"2498",3497,0,78,46,46
"2499",3496,0,50.5,27.5,12
"2500",3495,0,13.5,7.5,30
"2501",3494,0,32.5,17.5,54
"2502",3493,0,62,35,38
"2503",3492,0,46,27,68
"2504",3491,0,80,46,48
"2505",3490,0,56.5,32.5,42
"2506",3489,0,52,31,48
"2507",3488,0,60,36,64
"2508",3487,0,79,47,26
"2509",3486,0,27,14,52
"2510",3485,0,59.5,33.5,26
"2511",3594,0.000845798881502582,28,15,46.000014096648
"2512",3806,0.00232332165990185,52,29,70.0000387220277
"2513",3805,0,81,46,76
"2514",3816,0.00017328853537052,88,50,36.0000028881423
"2515",3815,0,41,23,68
"2516",3814,0,81.5,47.5,32
"2517",3813,0,35.5,19.5,72
"2518",3872,0.000309480153517797,85.5,49.5,78.0000051580026
"2519",3879,0.000125303066201781,93,54,22.0000020883844
"2520",3869,0.000115525683491267,26,15,64.0000019254281
"2521",3868,0,77.5,45.5,74
"2522",3867,0,86.5,49.5,56
"2523",3866,0,64,36,26
"2524",3915,0.000419350753877765,28,15,74.0000069891792
"2525",3794,0.0018870571744103,87,50,18.0000314509529
"2526",3793,0,19,10,30
"2527",3760,0.000823584399157402,33,18,76.0000137264066
"2528",3759,0,91,53,62
"2529",3758,0,71,40,26
"2530",3757,0,31,18,76
"2531",3691,0.000173288475303675,88.5,50.5,74.0000028881413
"2532",3690,0,88.5,51.5,26
"2533",3689,0,27.5,14.5,48
"2534",3688,0,59,35,30
"2535",3687,0.000111194927084224,32,17,20.0000018532488
"2536",3634,0.000115525650324929,21.5,11.5,46.0000019254275
"2537",3633,0,51.5,28.5,4
"2538",3632,0,4.5,2.5,22
"2539",3631,0,24.5,13.5,20
"2540",3630,0,22,12,70
"2541",3629,0,80.5,45.5,76
"2542",3628,0,88,50,48
"2543",3627,0,59,35,58
"2544",3625,0.000111194927084224,69.5,40.5,46.0000018532488
"2545",3624,0,52.5,29.5,48
"2546",3623,0,57,33,32
"2547",3622,0,39,23,64
"2548",3616,0.000115525646640859,76.5,44.5,66.0000019254274
"2549",3615,0,78,45,6
"2550",3614,0,6,3,26
"2551",3295,0.00200109916433284,28,15,42.0000333516527
"2552",3288,0,47,26,34
"2553",3294,0,36.5,19.5,58
"2554",3287,0,72.5,43.5,24
"2555",3293,0.000111194927084224,25.5,13.5,22.0000018532488
"2556",3292,0,26,15,56
"2557",3291,0,64.5,36.5,32
"2558",3290,0,37,21,70
"2559",3289,0,82.5,47.5,56
"2560",3231,0.00028193283915757,70,42,54.0000046988807
"2561",3230,0,62,35,56
"2562",3229,0,65,37,20
"2563",3214,0.000115525620475221,22,12,66.000001925427
"2564",3213,0,79,46,36
"2565",3181,0.000602073480169728,39,21,64.000010034558
"2566",3180,0,78,46,44
"2567",3151,0.000512831356023044,50.5,28.5,42.0000085471893
"2568",3144,0.000115525630425124,48.5,27.5,56.0000019254272
"2569",3149,0.00012530305086462,66.5,38.5,58.0000020883842
"2570",3148,0,65,36,86
"2571",3147,0,100,57,22
"2572",3135,0.000320689775916777,25,14,22.0000053448296
"2573",3134,0,22,11,42
"2574",3133,5.77628166871612e-05,50.5,29.5,74.0000009627136
"2575",3121,0.000173288450428919,85.5,48.5,10.0000028881408
"2576",3119,0.000111194927084224,10,5,70.0000018532488
"2577",3118,0,80.5,45.5,42
"2578",3117,0,47.5,26.5,60
"2579",3108,0.000115525637058392,68.5,38.5,74.0000019254273
"2580",3096,0.00137491593305558,88,51,46.0000229152656
"2581",3095,0,56.5,33.5,70
"2582",3041,0.000363977927634116,82,47,20.0000060662988
"2583",3040,0,24,14,56
"2584",3038,0,65,37,86
"2585",3043,0,100,57,76
"2586",3039,0,89.5,51.5,70
"2587",3054,0.000125303061615025,80.5,45.5,8.00000208838436
"2588",3036,0.000173288495203479,8,4,50.0000028881416
"2589",3035,0,55.5,30.5,58
"2590",3034,0,66.5,37.5,20
"2591",3033,0,22.5,12.5,60
"2592",3032,0,71,41,66
"2593",3031,0,75.5,42.5,26
"2594",3030,0,28.5,15.5,44
"2595",3029,0,48.5,26.5,48
"2596",3028,0,57.5,33.5,22
"2597",3027,0,25.5,14.5,24
"2598",3026,0,26.5,14.5,24
"2599",3025,0,26,14,66
"2600",3024,0,78,45,30
"2601",3023,0,35,20,66
"2602",3022,0,76.5,43.5,50
"2603",3021,0,56.5,31.5,60
"2604",3020,0,73.5,43.5,88
"2605",3019,0,103,59,10
"2606",3018,0,11,6,72
"2607",3017,0,82.5,46.5,70
"2608",3016,0,82.5,47.5,72
"2609",3015,0,84.5,48.5,58
"2610",3014,0,66,37,60
"2611",3013,0,74.5,44.5,32
"2612",3012,0,36,20,58
"2613",3011,0,72.5,43.5,78
"2614",3010,0,92.5,53.5,30
"2615",3009,0,35,20,60
"2616",3008,0,73.5,43.5,62
"2617",3007,0,74.5,43.5,62
"2618",3006,0,75.5,44.5,80
"2619",3005,0,95,55,18
"2620",3004,0,19,10,30
"2621",3003,0,31,16,60
"2622",3002,0,69.5,39.5,42
"2623",3001,0,52,31,30
"2624",3000,0,34.5,19.5,42
"2625",2999,0,48.5,27.5,54
"2626",2998,0,67,40,12
"2627",2996,0.000125303061784408,13,7,28.0000020883844
"2628",2995,0,34.5,20.5,20
"2629",2994,0,21,11,28
"2630",2993,0,32.5,18.5,62
"2631",2992,0,74,43,50
"2632",2991,0,57.5,32.5,64
"2633",2990,0,75.5,43.5,40
"2634",2989,0,50,30,20
"2635",2987,0.000160344913211741,24.5,14.5,40.0000026724152
"2636",2986,0,45.5,25.5,16
"2637",2985,0,18.5,10.5,52
"2638",2984,0,63.5,37.5,16
"2639",2983,0,18.5,10.5,58
"2640",2982,0,65.5,36.5,30
"2641",2981,0,34,19,48
"2642",2980,0,59.5,35.5,28
"2643",2979,0,34.5,20.5,32
"2644",2978,0,35.5,19.5,44
"2645",2936,0.0014902145600889,53.5,31.5,54.0000248369093
"2646",2935,0,61,34,48
"2647",2934,0,55.5,31.5,74
"2648",2914,0.000419350787851784,87,50,24.0000069891798
"2649",2913,0,28,16,38
"2650",2912,0,46.5,27.5,48
"2651",2911,0,60,36,22
"2652",2910,0,27,16,46
"2653",2909,0,51,28,30
"2654",2908,0,34,19,50
"2655",2907,0,60.5,35.5,60
"2656",2932,0.00112537109418141,68.5,38.5,22.0000187561849
"2657",2931,0,24,13,20
"2658",2929,0.000111194927084224,20,10,46.0000018532488
"2659",2928,0,57,34,26
"2660",2927,0,27,14,16
"2661",2926,0,19,11,46
"2662",2925,0,54.5,31.5,50
"2663",2924,0,56,31,40
"2664",2923,0,50,30,26
"2665",2922,0,29.5,16.5,42
"2666",2921,0,47,26,36
"2667",2920,0,41.5,23.5,34
"2668",2916,0.000115525726607502,42,25,38.0000019254288
"2669",2905,0.000115525726607502,47,28,54.0000019254288
"2670",2903,0.000115525726240066,63.5,36.5,28.0000019254288
"2671",2897,0.000588233931925451,28.5,14.5,26.0000098038989
"2672",2896,0,27.5,14.5,86
"2673",2895,0,100.5,57.5,84
"2674",2894,0,98.5,56.5,12
"2675",2893,0,12,6,68
"2676",2892,0,78,44,30
"2677",2891,0,32.5,17.5,52
"2678",2899,0.00335380324372169,62.5,36.5,36.0000558967207
"2679",2939,0.00184585073022946,40.5,22.5,48.0000307641788
"2680",2968,0,54,30,52
"2681",2967,0,65,39,26
"2682",2966,0,28,15,22
"2683",2965,0,23,12,56
"2684",2964,0,68,40,58
"2685",2963,0,70,41,26
"2686",2962,0,30.5,17.5,60
"2687",2961,0,71,41,26
"2688",2960,0,30,17,42
"2689",2959,0,46.5,25.5,62
"2690",2958,0,71.5,40.5,66
"2691",2957,0,75,42,10
"2692",2956,0,12,7,62
"2693",2955,0,72,41,62
"2694",2954,0,71,40,72
"2695",2953,0,82.5,46.5,58
"2696",2952,0,66.5,37.5,8
"2697",2951,0,8.5,4.5,12
"2698",2950,0,12,6,38
"2699",2949,0,45,26,44
"2700",2948,0,47.5,25.5,24
"2701",2947,0,28.5,16.5,20
"2702",2946,0,22.5,12.5,36
"2703",2945,0,43,25,30
"2704",2944,0,33.5,18.5,60
"2705",2943,0,74.5,44.5,46
"2706",2942,0,53.5,30.5,56
"2707",2941,0,66.5,38.5,64
"2708",2940,0,75.5,43.5,46
"2709",2918,0.00136978399127956,55.5,32.5,66.0000228297332
"2710",2901,0.000524184328030341,78,45,76.0000087364055
"2711",2885,0.00159073928961877,90.5,52.5,34.0000265123215
"2712",2887,0.00145399949205543,42.5,25.5,90.0000242333249
"2713",2889,0.000346576492911743,105,60,44.0000057762749
"2714",3162,0.00978483091826034,50,28,62.0001630805153
"2715",3165,0.000111194927084224,72,41,44.0000018532488
"2716",3164,0,51,29,40
"2717",4227,0.00676532722128472,43.5,23.5,36.0001127554537
"2718",4226,0,41,23,58
"2719",4256,0.00166043959759464,66.5,37.5,22.0000276739933
"2720",4259,0.000160344905880207,25,14,20.0000026724151
"2721",4258,0,25,15,34
"2722",4263,0.000363977881127359,36,19,30.000006066298
"2723",4262,0,36,21,28
"2724",4290,0.000462102600932279,33,19,62.00000770171
"2725",4297,0.000309480069417414,72.5,41.5,44.0000051580012
"2726",4296,0,49,27,32
"2727",4295,0,35,19,46
"2728",4301,0.000231051307283125,55,32,54.0000038508551
"2729",4300,0,67,40,58
"2730",4299,0,72.5,43.5,60
"2731",4320,0.000702016136831662,74,44,32.0000117002689
"2732",4312,0.00246327841021187,33.5,17.5,28.0000410546402
"2733",4170,0.00318805055410692,29,15,34.0000531341759
"2734",4169,0,36,19,8
"2735",4168,0,10,6,38
"2736",4167,0,42.5,23.5,50
"2737",4166,0,57.5,32.5,46
"2738",4165,0,53,30,24
"2739",4164,0,26,14,52
"2740",4172,0.000111194927084224,61.5,35.5,66.0000018532488
"2741",4084,0.000693153742383695,80.5,47.5,16.0000115525624
"2742",4090,0,20,12,44
"2743",4089,0,52,30,14
"2744",4088,0,17,10,6
"2745",4087,0,7.5,4.5,70
"2746",4086,0,84.5,49.5,4
"2747",4085,0,4,2,38
"2748",3999,0.000250606498861891,46.5,27.5,64.000004176775
"2749",3998,0,74,42,50
"2750",3997,0,59.5,34.5,46
"2751",3996,0,50.5,27.5,32
"2752",3995,0,40,24,50
"2753",3943,0.00036451619706402,55,30,84.00000607527
"2754",3942,0.000111194927084224,97.5,55.5,14.0000018532488
"2755",3919,0.000115526486115587,17.5,10.5,46.0000019254414
"2756",3892,0.000231052971863735,55,32,50.0000038508829
"2757",3956,0.000475295917200004,58.5,33.5,18.0000079215986
"2758",3955,0,19.5,10.5,20
"2759",3932,0.00102708068690983,21,11,40.0000171180114
"2760",3931,0,47.5,27.5,32
"2761",3930,0,37.5,21.5,50
"2762",3929,0,57.5,32.5,20
"2763",3928,0,22.5,12.5,40
"2764",3874,0.000346579537578322,48,28,62.0000057763256
"2765",4160,0.00142588813896003,73,42,42.0000237648023
"2766",4322,0.00488235914947543,52.5,31.5,22.0000813726525
"2767",4325,0,22.5,11.5,62
"2768",4334,0,73.5,42.5,10
"2769",4339,5.77627225304931e-05,10.5,5.5,56.000000962712
"2770",4349,0.000173288221581103,67,39,76.000002888137
"2771",4351,0,88.5,50.5,48
"2772",4355,0,57,33,20
"2773",4359,0,20,10,46
"2774",4364,0,55,32,80
"2775",4367,0,93,53,52
"2776",4369,0,62.5,36.5,50
"2777",4385,5.77627221630581e-05,55.5,30.5,54.000000962712
"2778",4392,0,67.5,40.5,28
"2779",4402,0,34.5,20.5,58
"2780",4407,0,65,36,40
"2781",4444,0,48.5,28.5,46
"2782",4448,0,50.5,27.5,54
"2783",4452,0,62,35,90
"2784",4459,0,105,60,26
"2785",4461,0,29,16,76
"2786",4464,0,91,53,52
"2787",4466,0,62.5,36.5,6
"2788",4468,0.000338526341906661,6.5,3.5,60.0000056421057
"2789",4482,1.93154225351817,73,43,54.032192370892
"2790",4485,0,63.5,36.5,38
"2791",4487,0,42.5,23.5,40
"2792",4501,0,50,30,50
"2793",4519,0,56.5,31.5,50
"2794",4521,0,62,37,32
"2795",4646,0,38,22,40
"2796",4672,0,46.5,26.5,54
"2797",4730,0.000111194927084224,63,36,24.0000018532488
"2798",4806,0,25,13,26
"2799",4810,0,28.5,15.5,30
"2800",4924,0,33,18,74
"2801",4938,0,88,51,12
"2802",4944,0,12.5,6.5,60
"2803",5074,0,72,42,34
"2804",5185,0,41.5,24.5,34
"2805",5211,0,42.5,25.5,20
"2806",5220,0,22.5,12.5,28
"2807",5184,0.000375899724412881,28.5,14.5,36.0000062649954
"2808",5183,0,40,22,12
"2809",5182,0,14.5,8.5,64
"2810",5181,0,73.5,41.5,48
"2811",5180,0,53.5,29.5,56
"2812",5179,0,66.5,38.5,10
"2813",5178,0,10,5,30
"2814",5177,0,36,21,40
"2815",5176,0,49,29,68
"2816",5175,0,78.5,44.5,30
"2817",5174,0,31,16,34
"2818",5173,0,35,18,66
"2819",5172,0,78.5,45.5,44
"2820",5171,0,50,28,38
"2821",5170,0,47.5,28.5,58
"2822",5169,0,65,36,8
"2823",5168,0,8,4,44
"2824",5167,0,50,28,52
"2825",5166,0,64.5,38.5,60
"2826",5165,0,75,45,46
"2827",5164,0,52,29,20
"2828",5163,0,24.5,14.5,68
"2829",5162,0,82,48,48
"2830",5161,0,59,35,26
"2831",5160,0,28,15,4
"2832",5159,0,4.5,2.5,72
"2833",5158,0,87,51,26
"2834",5157,0,27.5,14.5,32
"2835",5156,0,32.5,16.5,24
"2836",5155,0,27.5,15.5,72
"2837",5154,0,83,47,86
"2838",5153,0,100.5,57.5,32
"2839",5152,0,39,23,30
"2840",5151,0,30,15,36
"2841",5150,0,39.5,21.5,86
"2842",5149,0,101,58,54
"2843",5148,0,63,36,80
"2844",5147,0,93.5,53.5,50
"2845",5146,0,59,34,60
"2846",5145,0,71,41,48
"2847",5144,0,58.5,34.5,32
"2848",5143,0,39.5,23.5,12
"2849",5142,0,12.5,6.5,10
"2850",5141,0,11,6,50
"2851",5140,0,57.5,32.5,82
"2852",5139,0,97,56,46
"2853",5138,0,52.5,29.5,44
"2854",5137,0,49.5,27.5,40
"2855",5136,0,43.5,23.5,20
"2856",5135,0,24.5,14.5,42
"2857",5134,0,52,31,40
"2858",5133,0,43.5,23.5,12
"2859",5132,0,14,8,56
"2860",5131,0,68,40,14
"2861",5130,0,15,8,24
"2862",5129,0,27,15,84
"2863",5128,0,98.5,56.5,30
"2864",5127,0,34.5,19.5,26
"2865",5126,0,32.5,19.5,32
"2866",5125,0,37.5,21.5,8
"2867",5124,0,8.5,4.5,48
"2868",5123,0,53.5,29.5,44
"2869",5122,0,55,33,62
"2870",5121,0,74.5,43.5,68
"2871",5120,0,83,49,60
"2872",5077,0,73,43,2
"2873",5119,0,2,1,16
"2874",5076,0,18,10,36
"2875",5075,0,45,27,44
"2876",4937,0.000346535966065139,51.5,29.5,26.0000057755994
"2877",4936,0,28.5,15.5,16
"2878",4935,0,19.5,11.5,30
"2879",4934,0,32,17,54
"2880",4933,0,60,33,70
"2881",4932,0,85,50,70
"2882",4931,0,85,50,42
"2883",4930,0,45.5,24.5,24
"2884",4929,0,30,18,0
"2885",4928,0,0,0,66
"2886",4927,0,80.5,47.5,46
"2887",4926,0,52.5,29.5,56
"2888",4925,0,66,38,46
"2889",4923,5.77559942217257e-05,51.5,28.5,38.0000009625999
"2890",4922,0,45,26,36
"2891",4921,0,37.5,19.5,32
"2892",4920,0,34.5,18.5,74
"2893",4919,0,88.5,51.5,36
"2894",4918,0,39.5,21.5,44
"2895",4917,0,50,28,18
"2896",4916,0,22.5,13.5,24
"2897",4915,0,27,15,44
"2898",4914,0,54.5,32.5,44
"2899",4913,0,47.5,25.5,40
"2900",4912,0,45,25,56
"2901",4911,0,63.5,35.5,64
"2902",4910,0,78,46,58
"2903",4909,0,67,38,62
"2904",4908,0,71,40,32
"2905",4907,0,35.5,19.5,70
"2906",4906,0,80.5,45.5,82
"2907",4905,0,95,54,44
"2908",4904,0,51,29,46
"2909",4903,0,50,27,10
"2910",4902,0,11.5,6.5,82
"2911",4901,0,96.5,55.5,10
"2912",4900,0,10.5,5.5,60
"2913",4899,0,71,41,60
"2914",4898,0,71.5,41.5,70
"2915",4897,0,84.5,49.5,54
"2916",4896,0,62.5,35.5,52
"2917",4895,0,59.5,33.5,20
"2918",4894,0,21,11,38
"2919",4893,0,42.5,23.5,18
"2920",4892,0,19,10,50
"2921",4891,0,59,34,66
"2922",4890,0,76.5,43.5,68
"2923",4889,0,79,45,48
"2924",4888,0,57.5,33.5,76
"2925",4887,0,87.5,49.5,44
"2926",4886,0,52.5,30.5,26
"2927",4885,0,28.5,15.5,72
"2928",4884,0,86.5,50.5,36
"2929",4883,0,43,25,36
"2930",4882,0,41,23,64
"2931",4881,0,76,44,60
"2932",4880,0,68,38,20
"2933",4879,0,21.5,11.5,34
"2934",4878,0,36,19,20
"2935",4877,0,24.5,14.5,34
"2936",4876,0,40,23,36
"2937",4875,0,41,23,30
"2938",4874,0,30,15,46
"2939",4873,0,56,33,58
"2940",4872,0,66,37,18
"2941",4871,0,21.5,12.5,72
"2942",4870,0,83,47,48
"2943",4869,0,53,29,40
"2944",4868,0,43,23,28
"2945",4867,0,31,17,52
"2946",4866,0,58.5,32.5,62
"2947",4865,0,77,46,38
"2948",4864,0,45.5,26.5,56
"2949",4863,0,67,39,64
"2950",4862,0,75,43,50
"2951",4861,0,61,36,26
"2952",4860,0,29.5,16.5,24
"2953",4859,0,26,14,34
"2954",4858,0,36,19,52
"2955",4857,0,59,33,78
"2956",4856,0,93,54,24
"2957",4855,0,25,13,76
"2958",4854,0,89.5,51.5,58
"2959",4853,0,72.5,43.5,54
"2960",4852,0,62,35,46
"2961",4851,0,51.5,28.5,14
"2962",4850,0,14.5,7.5,58
"2963",4849,0,66,37,56
"2964",4848,0,65.5,37.5,58
"2965",4847,0,72.5,43.5,24
"2966",4846,0,26,14,60
"2967",4845,0,74.5,44.5,34
"2968",4844,0,35,18,60
"2969",4843,0,67.5,37.5,16
"2970",4842,0,20,12,48
"2971",4841,0,60,36,68
"2972",4840,0,83,49,48
"2973",4839,0,57,33,72
"2974",4838,0,83.5,47.5,46
"2975",4837,0,57,34,54
"2976",4836,0,62.5,35.5,32
"2977",4835,0,32.5,16.5,42
"2978",4834,0,52.5,31.5,50
"2979",4833,0,56,31,40
"2980",4832,0,50,30,60
"2981",4831,0,73,43,34
"2982",4830,0,38.5,21.5,72
"2983",4829,0,85,49,66
"2984",4828,0,75.5,42.5,54
"2985",4827,0,61.5,34.5,2
"2986",4826,0,2.5,1.5,56
"2987",4825,0,66,38,24
"2988",4824,0,25.5,13.5,8
"2989",4823,0,9,5,34
"2990",4822,0,37,20,54
"2991",4821,0,63,36,12
"2992",4820,0,13.5,7.5,40
"2993",4819,0,47,27,42
"2994",4818,0,49,28,72
"2995",4817,0,84,48,70
"2996",4816,0,84,49,28
"2997",4815,0,31,17,42
"2998",4814,0,46.5,25.5,62
"2999",4813,0,70.5,39.5,50
"3000",4812,0,55.5,30.5,50
"3001",4811,0,59.5,34.5,16
"3002",4943,0.000353018162026477,17,9,40.000005883636
"3003",4942,0,47.5,27.5,62
"3004",4941,0,72,41,74
"3005",4940,0,88,51,38
"3006",4939,0,47,28,60
"3007",4673,0.000726986308869724,73,43,58.0000121164385
"3008",4729,0,68.5,39.5,70
"3009",4728,0,83,48,44
"3010",4727,0,54,32,48
"3011",4726,0,54,30,14
"3012",4725,0,14,7,36
"3013",4724,0,37.5,19.5,24
"3014",4723,0,27.5,15.5,66
"3015",4722,0,80,47,46
"3016",4721,0,56,33,64
"3017",4720,0,76.5,44.5,40
"3018",4719,0,44.5,24.5,48
"3019",4718,0,55.5,31.5,78
"3020",4717,0,90.5,51.5,22
"3021",4716,0,27.5,16.5,48
"3022",4715,0,58.5,34.5,54
"3023",4714,0,60,33,46
"3024",4713,0,56,33,56
"3025",4712,0,65.5,37.5,40
"3026",4711,0,42.5,22.5,42
"3027",4710,0,45.5,24.5,78
"3028",4709,0,90,51,8
"3029",4708,0,8,4,50
"3030",4707,0,61.5,36.5,72
"3031",4706,0,84.5,48.5,44
"3032",4705,0,54.5,32.5,20
"3033",4704,0,20.5,10.5,38
"3034",4703,0,46.5,27.5,46
"3035",4702,0,57.5,34.5,68
"3036",4701,0,77.5,43.5,20
"3037",4700,0,24.5,14.5,66
"3038",4699,0,76.5,43.5,26
"3039",4698,0,28.5,15.5,68
"3040",4697,0,80.5,46.5,42
"3041",4696,0,46.5,25.5,48
"3042",4695,0,55,31,28
"3043",4694,0,31.5,17.5,64
"3044",4693,0,73.5,41.5,40
"3045",4692,0,48,28,10
"3046",4691,0,12,7,50
"3047",4690,0,60,35,22
"3048",4689,0,26,15,20
"3049",4688,0,20.5,10.5,26
"3050",4687,0,27.5,14.5,38
"3051",4686,0,40.5,21.5,38
"3052",4685,0,40,21,32
"3053",4684,0,40,24,30
"3054",4683,0,34,19,22
"3055",4682,0,27.5,16.5,46
"3056",4681,0,55.5,32.5,30
"3057",4680,0,35.5,20.5,66
"3058",4679,0,79,46,6
"3059",4678,0,6,3,30
"3060",4677,0,33,18,52
"3061",4676,0,58,32,48
"3062",4675,0,58,34,82
"3063",4674,0,95,54,48
"3064",5221,0.000759017127678516,54.5,30.5,56.0000126502855
"3065",5280,0,67,39,74
"3066",5394,0,87,50,50
"3067",5393,0.000229767287911289,59.5,34.5,20.0000038294548
"3068",5392,0,24,14,30
"3069",5391,0,31,16,22
"3070",5390,0,23,12,36
"3071",5389,0,41,23,44
"3072",5388,0,54,32,78
"3073",5387,0,92.5,53.5,64
"3074",5386,0,77.5,45.5,18
"3075",5385,0,20.5,11.5,18
"3076",5384,0,21,12,36
"3077",5383,0,37.5,19.5,82
"3078",5382,0,95,54,36
"3079",5381,0,39,21,58
"3080",5380,0,66,37,24
"3081",5379,0,29,17,32
"3082",5378,0,33,17,44
"3083",5377,0,47.5,25.5,36
"3084",5376,0,39.5,21.5,52
"3085",5375,0,63.5,37.5,62
"3086",5374,0,74.5,43.5,58
"3087",5373,0,66,37,30
"3088",5372,0,36,21,32
"3089",5371,0,40,24,84
"3090",5370,0,97.5,55.5,28
"3091",5369,0,33,19,26
"3092",5368,0,32.5,19.5,34
"3093",5367,0,39.5,22.5,76
"3094",5366,0,90,52,46
"3095",5365,0,55,32,62
"3096",5364,0,76,45,42
"3097",5363,0,45.5,24.5,80
"3098",5362,0,95,55,52
"3099",5361,0,57.5,31.5,46
"3100",5360,0,51.5,28.5,36
"3101",5359,0,41.5,23.5,24
"3102",5358,0,26.5,14.5,6
"3103",5357,0,6,3,56
"3104",5356,0,62.5,34.5,60
"3105",5355,0,71,41,50
"3106",5354,0,56,31,36
"3107",5353,0,37.5,19.5,36
"3108",5352,0,40.5,22.5,46
"3109",5351,0,53.5,30.5,66
"3110",5350,0,75,42,60
"3111",5349,0,71.5,41.5,28
"3112",5348,0,31.5,17.5,60
"3113",5347,0,72,42,36
"3114",5346,0,39,21,40
"3115",5345,0,49.5,29.5,76
"3116",5344,0,88.5,50.5,68
"3117",5343,0,78,44,62
"3118",5342,0,71,40,26
"3119",5341,0,28.5,15.5,40
"3120",5340,0,48.5,28.5,66
"3121",5339,0,80,47,22
"3122",5338,0,22,11,4
"3123",5337,0,5,3,76
"3124",5336,0,88,50,32
"3125",5335,0,34.5,18.5,22
"3126",5334,0,27.5,16.5,14
"3127",5333,0,16.5,9.5,20
"3128",5332,0,21,11,50
"3129",5331,0,57.5,32.5,20
"3130",5330,0,22.5,12.5,66
"3131",5329,0,75,42,56
"3132",5328,0,67.5,39.5,44
"3133",5327,0,54,32,46
"3134",5326,0,54,31,46
"3135",5325,0,51,28,38
"3136",5324,0,40.5,21.5,34
"3137",5323,0,38,21,36
"3138",5322,0,42,24,48
"3139",5321,0,57,33,12
"3140",5320,0,13,7,66
"3141",5319,0,78,45,62
"3142",5318,0,77,46,56
"3143",5317,0,64.5,36.5,56
"3144",5316,0,68.5,40.5,38
"3145",5315,0,45,26,50
"3146",5314,0,57.5,32.5,18
"3147",5313,0,20.5,11.5,80
"3148",5312,0,92.5,52.5,42
"3149",5311,0,48.5,27.5,50
"3150",5310,0,58.5,33.5,60
"3151",5309,0,68.5,38.5,30
"3152",5308,0,34,19,38
"3153",5307,0,47.5,28.5,34
"3154",5306,0,37,20,54
"3155",5305,0,66.5,39.5,76
"3156",5304,0,90,52,34
"3157",5303,0,37,20,60
"3158",5302,0,68,38,56
"3159",5301,0,62.5,34.5,56
"3160",5300,0,64,36,38
"3161",5299,0,44.5,25.5,50
"3162",5298,0,55.5,30.5,60
"3163",5297,0,68.5,38.5,38
"3164",5296,0,40.5,21.5,58
"3165",5295,0,67,38,4
"3166",5294,0,4,2,62
"3167",5293,0,77,46,56
"3168",5292,0,66.5,38.5,40
"3169",5291,0,48.5,28.5,36
"3170",5290,0,42,24,30
"3171",5289,0,33.5,18.5,52
"3172",5288,0,59.5,33.5,54
"3173",5287,0,61,34,28
"3174",5286,0,31.5,17.5,58
"3175",5285,0,66,37,62
"3176",5284,0,70,39,62
"3177",5283,0,72,41,50
"3178",5282,0,58.5,33.5,28
"3179",5281,0,31.5,17.5,22
"3180",5395,0.000229767287911289,24.5,13.5,44.0000038294548
"3181",5455,0,55,33,42
"3182",5459,0.00087496684697173,47,26,12.0000145827808
"3183",5458,0.000115554414168202,13,7,70.0000019259069
"3184",5460,0.000229772608080789,83.5,48.5,52.0000038295435
"3185",5467,0.000934486256573398,60.5,34.5,46.0000155747709
"3186",5511,0.00138465348245981,56,33,48.000023077558
"3187",5509,0.000160365549017851,59,35,40.0000026727592
"3188",5512,0.000558968682112955,42.5,22.5,58.0000093161447
"3189",5516,0.000256467172823707,68.5,39.5,32.0000042744529
"3190",5518,0.000160365542276781,34.5,18.5,62.000002672759
"3191",5520,0.000364571498821624,71.5,40.5,72.0000060761917
"3192",5526,0.000531749678127825,85.5,49.5,68.0000088624946
"3193",5521,0.000693324892435671,79.5,45.5,54.0000115554149
"3194",5519,0.00106072446094772,65,38,40.000017678741
"3195",5522,0.00114886303838014,49.5,29.5,80.0000191477173
"3196",5529,0.0012041908921487,93,53,22.0000200698482
"3197",5528,0.000173331432037761,23,12,36.0000028888572
"3198",5530,0.000897033299940953,40.5,22.5,60.000014950555
"3199",5527,0.00187058351385489,68,38,30.0000311763919
"3200",5525,0.000530362098324246,36,21,66.0000088393683
"3201",5531,0.00182924138042815,76,43,40.0000304873563
"3202",5523,0.00525690266254852,45,25,42.0000876150444
"3203",5515,0.00196556192758727,52.5,31.5,34.0000327593655
"3204",5513,0.000256467172823707,40.5,23.5,44.0000042744529
"3205",5503,0.000667157413895072,48.5,26.5,60.0000111192902
"3206",5506,0.000250619407665846,70.5,40.5,44.0000041769901
"3207",5505,0.000906289076084473,48.5,26.5,22.0000151048179
"3208",5504,0.000250619407665846,27.5,16.5,34.0000041769901
"3209",5507,0.000906289076084473,40,23,40.0000151048179
"3210",5517,0.00051293468632743,49,29,66.0000085489114
"3211",5510,0.000570020619220536,80,47,28.0000095003437
"3212",5493,0.00118550945758913,30.5,16.5,38.000019758491
"3213",5492,5.77771339410876e-05,40.5,21.5,58.0000009629522
"3214",5478,0.00137863574727543,69,40,10.0000229772625
"3215",5482,0,10,5,50
"3216",5484,0,59,34,52
"3217",5487,0,62.5,36.5,84
"3218",5483,5.77771326504491e-05,98.5,56.5,84.0000009629522
"3219",5488,5.77771326504491e-05,98.5,56.5,48.0000009629522
"3220",5490,5.77771326504491e-05,57.5,33.5,30.0000009629522
"3221",5499,0.000115554274882363,31,16,34.0000019259046
"3222",5514,0.00104237829772076,38,21,50.0000173729716
"3223",5500,0.00116424750474731,55,30,22.0000194041251
"3224",5461,0.00151857964501164,26.5,15.5,14.0000253096607
"3225",5465,0.00028195952848001,15,8,68.0000046993255
"3226",5462,0.000364060484000314,78,44,36.0000060676747
"3227",5464,0,42,24,48
"3228",5466,0.000375929163020424,55,31,6.00000626548605
"3229",5501,0.000821848897489148,6.5,3.5,78.0000136974816
"3230",5498,5.77771372574179e-05,92.5,53.5,28.0000009629523
"3231",5497,0,29,15,70
"3232",5496,0,82,47,62
"3233",5502,5.77771372574179e-05,71.5,40.5,44.0000009629523
"3234",5508,0.00147411793748283,52.5,30.5,12.0000245686323
"3235",5491,0.00115556440658941,12.5,6.5,62.0000192594068
"3236",5494,5.77771339410876e-05,72,41,54.0000009629522
"3237",5489,0.000281959256316384,62.5,35.5,10.0000046993209
"3238",5486,0.000205932236263424,11,6,10.0000034322039
"3239",5485,0,11,6,76
"3240",5481,5.77771343086143e-05,90,52,70.0000009629522
"3241",5480,0,85,50,18
"3242",5479,0,19.5,10.5,28
"3243",5476,5.77771343086143e-05,32.5,18.5,76.0000009629522
"3244",5470,5.77771319153958e-05,90,52,50.0000009629522
"3245",5475,0,59,34,60
"3246",5474,0,70.5,40.5,34
"3247",5473,0,36.5,19.5,42
"3248",5472,0,45,24,28
"3249",5471,0,28.5,14.5,22
"3250",5477,0.000111194927084224,26.5,15.5,28.0000018532488
"3251",5463,0.00128677862484793,31.5,17.5,46.0000214463104
"3252",5468,0.00404449862503131,51,28,44.0000674083104
"3253",5495,0.00122752803680009,51,29,34.0000204588006
"3254",5469,0.00135273847079146,36.5,19.5,56.0000225456412
"3255",5457,0.00377672024344365,62.5,34.5,28.0000629453374
"3256",5456,0.000934486204595444,35,21,6.00001557477008
"3257",5524,0.0053150258478863,6,3,52.0000885837641
"3258",5454,1.43608703064813,64,38,38.0239347838441
"3259",5453,0,41,22,34
"3260",5452,0,37,20,26
"3261",5451,0,26.5,13.5,44
"3262",5450,0,52,30,70
"3263",5449,0,80,45,80
"3264",5448,0,94,54,26
"3265",5447,0,30,17,32
"3266",5446,0,37.5,21.5,64
"3267",5445,0,76.5,44.5,76
"3268",5444,0,90,52,40
"3269",5443,0,48.5,28.5,28
"3270",5442,0,28.5,14.5,52
"3271",5441,0,60.5,34.5,34
"3272",5440,0,42,25,50
"3273",5439,0,61.5,36.5,36
"3274",5438,0,41.5,23.5,42
"3275",5437,0,52.5,31.5,54
"3276",5436,0,67.5,40.5,54
"3277",5435,0,67.5,40.5,50
"3278",5434,0,57.5,32.5,54
"3279",5433,0,65.5,38.5,30
"3280",5432,0,37.5,22.5,72
"3281",5431,0,84,48,44
"3282",5430,0,52,30,54
"3283",5429,0,66,39,44
"3284",5428,0,55,33,70
"3285",5427,0,80,45,34
"3286",5426,0,42.5,25.5,62
"3287",5425,0,73.5,42.5,18
"3288",5424,0,20.5,11.5,50
"3289",5423,0,59.5,34.5,38
"3290",5422,0,42,23,36
"3291",5421,0,38,20,18
"3292",5420,0,19,10,70
"3293",5419,0,81,46,24
"3294",5418,0,24.5,12.5,38
"3295",5417,0,45,26,30
"3296",5416,0,35.5,20.5,20
"3297",5415,0,23.5,13.5,70
"3298",5414,0,84,49,54
"3299",5413,0,67.5,40.5,76
"3300",5412,0,88.5,50.5,62
"3301",5411,0,75,44,26
"3302",5410,0,27,14,36
"3303",5409,0,39,21,50
"3304",5408,0,59,34,66
"3305",5407,0,77,44,20
"3306",5406,0,20.5,10.5,34
"3307",5405,0,42.5,25.5,68
"3308",5404,0,81,47,62
"3309",5403,0,70.5,39.5,38
"3310",5402,0,47.5,28.5,54
"3311",5401,0,65,38,78
"3312",5400,0,91,52,6
"3313",5399,0,6,3,18
"3314",5398,0,20,11,28
"3315",5397,0,31,17,36
"3316",5396,0,41,23,62
"3317",4500,0.0043725387156555,77,46,12.0000728756453
"3318",4499,0,13,7,54
"3319",4498,0,60,33,60
"3320",4497,0,68,38,14
"3321",4496,0,16.5,9.5,58
"3322",4495,0,66,37,22
"3323",4494,0,23,12,30
"3324",4493,0,35,20,64
"3325",4492,0,72.5,40.5,44
"3326",4491,0,50.5,28.5,70
"3327",4490,0,80.5,45.5,26
"3328",4489,0,26,13,30
"3329",4488,0,37,22,32
"3330",4486,0.000229767291575819,33,17,74.0000038294549
"3331",4484,0.000338547729154178,87,50,12.0000056424622
"3332",4483,0,15,9,28
"3333",4518,0.000160335125410289,28,14,54.0000026722521
"3334",4517,0,63.5,36.5,62
"3335",4516,0,77,46,6
"3336",4515,0,6.5,3.5,66
"3337",4514,0,76.5,43.5,80
"3338",4513,0,95,55,18
"3339",4512,0,19.5,10.5,62
"3340",4511,0,71,40,20
"3341",4510,0,21.5,11.5,30
"3342",4509,0,30.5,15.5,42
"3343",4508,0,45.5,24.5,32
"3344",4507,0,34.5,18.5,28
"3345",4506,0,29,15,58
"3346",4505,0,71,42,78
"3347",4504,0,91,52,46
"3348",4503,0,53,30,68
"3349",4502,0,81,47,48
"3350",4520,0.000125299927956139,55,31,42.0000020883321
"3351",5073,0.00113976738757856,46,25,48.0000189961231
"3352",5072,0,53,29,48
"3353",5071,0,59.5,35.5,62
"3354",5070,0,71.5,40.5,50
"3355",5069,0,56.5,31.5,44
"3356",5068,0,51.5,29.5,32
"3357",5067,0,34.5,18.5,22
"3358",5066,0,25.5,14.5,22
"3359",5065,0,24.5,13.5,40
"3360",5064,0,46,26,44
"3361",5063,0,54.5,32.5,54
"3362",5062,0,64,37,72
"3363",5061,0,83.5,47.5,74
"3364",5060,0,88.5,51.5,42
"3365",5059,0,47.5,26.5,62
"3366",5058,0,77,46,40
"3367",5057,0,50,30,62
"3368",5056,0,73,42,62
"3369",5055,0,74.5,43.5,52
"3370",5054,0,60,34,48
"3371",5053,0,55,31,64
"3372",5052,0,74,42,24
"3373",5051,0,25,13,72
"3374",5050,0,85.5,49.5,66
"3375",5049,0,78,45,26
"3376",5048,0,27.5,14.5,4
"3377",5047,0,5,3,74
"3378",5046,0,85.5,48.5,40
"3379",5045,0,50,30,82
"3380",5044,0,96,55,18
"3381",5043,0,18.5,9.5,62
"3382",5042,0,76.5,45.5,40
"3383",5041,0,49,29,60
"3384",5040,0,71,41,42
"3385",5039,0,51.5,30.5,48
"3386",5038,0,58.5,34.5,46
"3387",5037,0,54,31,78
"3388",5036,0,90,51,66
"3389",5035,0,77,44,72
"3390",5034,0,84.5,48.5,6
"3391",5033,0,7.5,4.5,12
"3392",5032,0,13.5,7.5,42
"3393",5031,0,46,25,56
"3394",5030,0,68.5,40.5,46
"3395",5029,0,50,27,56
"3396",5028,0,64,36,20
"3397",5027,0,21,11,32
"3398",5026,0,34.5,18.5,14
"3399",5025,0,15.5,8.5,26
"3400",5024,0,28,15,88
"3401",5023,0,102.5,58.5,54
"3402",5022,0,66,39,48
"3403",5021,0,55,31,44
"3404",5020,0,49,27,10
"3405",5019,0,10,5,36
"3406",5018,0,41.5,23.5,36
"3407",5017,0,39,21,14
"3408",5016,0,16.5,9.5,42
"3409",5015,0,45.5,24.5,4
"3410",5014,0,4.5,2.5,56
"3411",5013,0,69,41,48
"3412",5012,0,58,34,54
"3413",5011,0,64,37,56
"3414",5010,0,66.5,38.5,66
"3415",5009,0,80.5,47.5,48
"3416",5008,0,54.5,30.5,24
"3417",5007,0,26.5,14.5,64
"3418",5006,0,74.5,42.5,62
"3419",5005,0,74.5,43.5,26
"3420",5004,0,30.5,17.5,46
"3421",5003,0,56.5,33.5,80
"3422",5002,0,94.5,54.5,50
"3423",5001,0,61.5,36.5,44
"3424",5000,0,55,33,60
"3425",4999,0,75,45,56
"3426",4998,0,68,40,56
"3427",4997,0,66,38,46
"3428",4996,0,52,29,68
"3429",4995,0,83,49,44
"3430",4994,0,49,27,72
"3431",4993,0,83,47,40
"3432",4992,0,46.5,26.5,48
"3433",4991,0,57.5,33.5,26
"3434",4990,0,29.5,16.5,6
"3435",4989,0,7,4,30
"3436",4988,0,36.5,21.5,46
"3437",4987,0,51,28,74
"3438",4986,0,87.5,50.5,28
"3439",4985,0,32.5,18.5,52
"3440",4984,0,59,33,30
"3441",4983,0,35.5,20.5,24
"3442",4982,0,25.5,13.5,26
"3443",4981,0,26,13,16
"3444",4980,0,19,11,52
"3445",4979,0,64.5,38.5,58
"3446",4978,0,72.5,43.5,62
"3447",4977,0,72,41,48
"3448",4976,0,58,34,36
"3449",4975,0,45,27,56
"3450",4974,0,67,39,62
"3451",4973,0,76.5,45.5,30
"3452",4972,0,37,22,72
"3453",4971,0,83.5,47.5,32
"3454",4970,0,36,20,14
"3455",4969,0,17,10,42
"3456",4968,0,50.5,29.5,42
"3457",4967,0,48.5,27.5,52
"3458",4966,0,57.5,31.5,82
"3459",4965,0,97,56,66
"3460",4964,0,78.5,45.5,54
"3461",4963,0,64.5,37.5,76
"3462",4962,0,91,53,2
"3463",4961,0,2,1,52
"3464",4960,0,58,32,36
"3465",4959,0,38.5,20.5,60
"3466",4958,0,75,45,38
"3467",4957,0,45,26,4
"3468",4956,0,4,2,38
"3469",4955,0,43,24,30
"3470",4954,0,30,15,8
"3471",4953,0,9,5,44
"3472",4952,0,49,27,46
"3473",4951,0,54,31,62
"3474",4950,0,74.5,43.5,8
"3475",4949,0,9,5,48
"3476",4948,0,58.5,34.5,50
"3477",4947,0,59.5,34.5,24
"3478",4946,0,30,18,62
"3479",4945,0,74,43,58
"3480",5279,0.000419304785414503,69,40,88.0000069884131
"3481",5278,0,102.5,58.5,62
"3482",5277,0,76,45,28
"3483",5276,0,31.5,17.5,24
"3484",5275,0,26,14,60
"3485",5274,0,68,38,34
"3486",5273,0,41,24,52
"3487",5272,0,59.5,33.5,56
"3488",5271,0,70,42,48
"3489",5270,0,58,34,86
"3490",5269,0,100.5,57.5,34
"3491",5268,0,42,25,44
"3492",5267,0,55,33,26
"3493",5266,0,32,19,54
"3494",5265,0,64.5,37.5,34
"3495",5264,0,39.5,22.5,42
"3496",5263,0,45.5,24.5,60
"3497",5262,0,74,44,38
"3498",5261,0,47,28,46
"3499",5260,0,54,31,36
"3500",5259,0,42,24,54
"3501",5258,0,60,33,54
"3502",5257,0,66,39,40
"3503",5256,0,50,30,20
"3504",5255,0,24,14,48
"3505",5254,0,56,32,58
"3506",5253,0,72.5,43.5,56
"3507",5252,0,68,40,46
"3508",5251,0,54,31,50
"3509",5250,0,62,37,40
"3510",5249,0,49.5,29.5,4
"3511",5248,0,4.5,2.5,32
"3512",5247,0,39,23,32
"3513",5246,0,34,18,52
"3514",5245,0,61,35,42
"3515",5244,0,51.5,30.5,32
"3516",5243,0,37,21,12
"3517",5242,0,12.5,6.5,4
"3518",5241,0,5,3,58
"3519",5240,0,71,42,74
"3520",5239,0,86.5,49.5,26
"3521",5238,0,26,13,62
"3522",5237,0,74.5,43.5,44
"3523",5236,0,54,32,56
"3524",5235,0,68,40,80
"3525",5234,0,93.5,53.5,16
"3526",5233,0,16,8,76
"3527",5232,0,87.5,49.5,30
"3528",5231,0,36,21,30
"3529",5230,0,37.5,22.5,56
"3530",5229,0,69.5,41.5,30
"3531",5228,0,31.5,16.5,24
"3532",5227,0,25,13,20
"3533",5226,0,24,14,38
"3534",5225,0,44,25,60
"3535",5224,0,69.5,39.5,38
"3536",5223,0,47.5,28.5,10
"3537",5222,0,12,7,32
"3538",5219,0.000567847537478487,34,18,50.0000094641256
"3539",5218,0,58,33,76
"3540",5217,0,88,50,84
"3541",5216,0,97.5,55.5,78
"3542",5215,0,92,53,54
"3543",5214,0,60.5,33.5,82
"3544",5213,0,96.5,55.5,42
"3545",5212,0,50.5,29.5,68
"3546",5210,0.0004485139312203,78.5,44.5,30.0000074752322
"3547",5209,0,31.5,16.5,66
"3548",5208,0,75.5,42.5,88
"3549",5207,0,102.5,58.5,54
"3550",5206,0,61.5,34.5,10
"3551",5205,0,12,7,12
"3552",5204,0,14,8,74
"3553",5203,0,86,49,56
"3554",5202,0,69.5,41.5,16
"3555",5201,0,18.5,10.5,12
"3556",5200,0,14.5,8.5,74
"3557",5199,0,85,48,62
"3558",5198,0,72,41,52
"3559",5197,0,63.5,37.5,74
"3560",5196,0,88,51,60
"3561",5195,0,72.5,42.5,20
"3562",5194,0,21.5,11.5,30
"3563",5193,0,35,20,34
"3564",5192,0,35,18,8
"3565",5191,0,8,4,20
"3566",5190,0,22,12,40
"3567",5189,0,44.5,24.5,46
"3568",5188,0,54,31,72
"3569",5187,0,84,48,42
"3570",5186,0,45,24,36
"3571",5118,5.77560144897906e-05,37.5,19.5,22.0000009626002
"3572",5117,0,24.5,13.5,32
"3573",5116,0,38.5,22.5,38
"3574",5115,0,45,26,34
"3575",5114,0,36,19,38
"3576",5113,0,45.5,26.5,72
"3577",5112,0,82.5,46.5,24
"3578",5111,0,25,13,22
"3579",5110,0,23.5,12.5,10
"3580",5109,0,10,5,46
"3581",5108,0,55,32,58
"3582",5107,0,68.5,39.5,70
"3583",5106,0,84.5,49.5,24
"3584",5105,0,30,18,36
"3585",5104,0,40,22,38
"3586",5103,0,41,22,48
"3587",5102,0,58,34,74
"3588",5101,0,87.5,50.5,48
"3589",5100,0,58.5,34.5,12
"3590",5099,0,13.5,7.5,56
"3591",5098,0,67,39,50
"3592",5097,0,56,31,50
"3593",5096,0,61.5,36.5,54
"3594",5095,0,61,34,32
"3595",5094,0,37,21,76
"3596",5093,0,87.5,49.5,88
"3597",5092,0,103,59,60
"3598",5091,0,73.5,43.5,54
"3599",5090,0,67,40,30
"3600",5089,0,32.5,17.5,56
"3601",5088,0,63.5,35.5,40
"3602",5087,0,50,30,26
"3603",5086,0,30.5,17.5,66
"3604",5085,0,79.5,46.5,74
"3605",5084,0,86.5,49.5,22
"3606",5083,0,24.5,13.5,54
"3607",5082,0,60,33,16
"3608",5081,0,18,10,50
"3609",5080,0,56.5,31.5,54
"3610",5079,0,67.5,40.5,28
"3611",5078,0,31,17,30
"3612",4809,0.000531564328298461,33,18,76.0000088594055
"3613",4808,0,88.5,50.5,40
"3614",4807,0,44,24,26
"3615",4664,0.000353018177340779,31,18,22.0000058836363
"3616",4671,0,27,16,44
"3617",4670,0,52.5,30.5,32
"3618",4669,0,37,21,18
"3619",4668,0,18.5,9.5,32
"3620",4667,0,35,19,62
"3621",4666,0,71,40,58
"3622",4665,0,71.5,42.5,70
"3623",4647,0,83.5,48.5,24
"3624",4663,0,25.5,13.5,38
"3625",4662,0,44.5,25.5,56
"3626",4661,0,66.5,38.5,58
"3627",4660,0,69,40,44
"3628",4659,0,52.5,30.5,38
"3629",4658,0,40.5,21.5,74
"3630",4657,0,88.5,51.5,34
"3631",4656,0,40,23,82
"3632",4655,0,95,54,36
"3633",4654,0,43,25,38
"3634",4653,0,45,26,52
"3635",4652,0,65,39,38
"3636",4651,0,40,21,50
"3637",4650,0,59.5,34.5,36
"3638",4649,0,40,22,38
"3639",4648,0,40.5,21.5,36
"3640",4805,0.000229767284489111,41.5,23.5,12.0000038294547
"3641",4804,0,12.5,6.5,46
"3642",4803,0,51,28,42
"3643",4802,0,51.5,30.5,32
"3644",4801,0,35,19,56
"3645",4800,0,65,37,4
"3646",4799,0,4.5,2.5,48
"3647",4798,0,55.5,31.5,34
"3648",4797,0,40.5,23.5,52
"3649",4796,0,57.5,31.5,58
"3650",4795,0,65,36,20
"3651",4794,0,20,10,48
"3652",4793,0,53.5,29.5,14
"3653",4792,0,17,10,30
"3654",4791,0,32,17,42
"3655",4790,0,48,27,68
"3656",4789,0,80.5,46.5,34
"3657",4788,0,38.5,21.5,54
"3658",4787,0,66,39,50
"3659",4786,0,58,33,86
"3660",4785,0,101,58,70
"3661",4784,0,81.5,46.5,80
"3662",4783,0,92.5,52.5,66
"3663",4782,0,76.5,43.5,42
"3664",4781,0,51.5,30.5,14
"3665",4780,0,14.5,7.5,56
"3666",4779,0,69.5,41.5,82
"3667",4778,0,96.5,55.5,10
"3668",4777,0,10,5,20
"3669",4776,0,20,10,44
"3670",4775,0,52.5,30.5,22
"3671",4774,0,24,13,66
"3672",4773,0,79.5,46.5,30
"3673",4772,0,36.5,21.5,62
"3674",4771,0,77,46,76
"3675",4770,0,90,52,40
"3676",4769,0,45.5,25.5,18
"3677",4768,0,18.5,9.5,46
"3678",4767,0,53.5,30.5,50
"3679",4766,0,55,30,74
"3680",4765,0,86.5,49.5,36
"3681",4764,0,37.5,19.5,22
"3682",4763,0,24.5,13.5,54
"3683",4762,0,62,35,60
"3684",4761,0,67.5,37.5,48
"3685",4760,0,59,35,54
"3686",4759,0,66,39,42
"3687",4758,0,52.5,31.5,50
"3688",4757,0,60.5,35.5,70
"3689",4756,0,84.5,49.5,26
"3690",4755,0,32.5,19.5,40
"3691",4754,0,49,29,24
"3692",4753,0,25.5,13.5,48
"3693",4752,0,53.5,29.5,42
"3694",4751,0,51.5,30.5,48
"3695",4750,0,53.5,29.5,72
"3696",4749,0,87,51,68
"3697",4748,0,83,49,4
"3698",4747,0,4,2,56
"3699",4746,0,70,42,34
"3700",4745,0,40,23,38
"3701",4744,0,45,26,56
"3702",4743,0,67.5,39.5,8
"3703",4742,0,10,6,30
"3704",4741,0,31,16,44
"3705",4740,0,50.5,28.5,66
"3706",4739,0,76.5,43.5,80
"3707",4738,0,94,54,46
"3708",4737,0,54.5,31.5,10
"3709",4736,0,10,5,66
"3710",4735,0,76.5,43.5,28
"3711",4734,0,32.5,18.5,84
"3712",4733,0,98,56,14
"3713",4732,0,15.5,8.5,6
"3714",4731,0,6.5,3.5,74
"3715",4645,0.000363938998642969,85,48,60.00000606565
"3716",4644,0,68.5,38.5,40
"3717",4643,0,43.5,23.5,66
"3718",4642,0,78,45,68
"3719",4641,0,82,48,40
"3720",4640,0,44,24,18
"3721",4639,0,19.5,10.5,30
"3722",4638,0,32.5,17.5,44
"3723",4637,0,51,29,6
"3724",4636,0,7.5,4.5,68
"3725",4635,0,81,47,38
"3726",4634,0,44,25,72
"3727",4633,0,83,47,68
"3728",4632,0,81,47,62
"3729",4631,0,74,43,40
"3730",4630,0,42.5,22.5,44
"3731",4629,0,47.5,25.5,44
"3732",4628,0,52,30,26
"3733",4627,0,29.5,16.5,62
"3734",4626,0,76.5,45.5,62
"3735",4625,0,74,43,70
"3736",4624,0,82,47,54
"3737",4623,0,60.5,33.5,30
"3738",4622,0,37.5,22.5,54
"3739",4621,0,65.5,38.5,34
"3740",4620,0,42.5,25.5,38
"3741",4619,0,44,25,52
"3742",4618,0,61.5,35.5,68
"3743",4617,0,78,44,46
"3744",4616,0,53,30,20
"3745",4615,0,20.5,10.5,38
"3746",4614,0,41.5,22.5,58
"3747",4613,0,70.5,41.5,30
"3748",4612,0,35,20,30
"3749",4611,0,36,21,70
"3750",4610,0,84.5,49.5,10
"3751",4609,0,11,6,46
"3752",4608,0,52,29,50
"3753",4607,0,56,31,46
"3754",4606,0,53,30,52
"3755",4605,0,58.5,32.5,82
"3756",4604,0,96,55,32
"3757",4603,0,34.5,18.5,48
"3758",4602,0,53.5,29.5,30
"3759",4601,0,32,17,4
"3760",4600,0,4,2,40
"3761",4599,0,42.5,22.5,18
"3762",4598,0,18,9,44
"3763",4597,0,49.5,27.5,60
"3764",4596,0,74.5,44.5,28
"3765",4595,0,32.5,18.5,44
"3766",4594,0,51,29,60
"3767",4593,0,69,39,56
"3768",4592,0,64.5,36.5,68
"3769",4591,0,82.5,48.5,70
"3770",4590,0,85,50,46
"3771",4589,0,53,30,30
"3772",4588,0,33,18,28
"3773",4587,0,29.5,15.5,76
"3774",4586,0,91,53,76
"3775",4585,0,91,53,76
"3776",4584,0,89,51,38
"3777",4583,0,45.5,26.5,54
"3778",4582,0,67.5,40.5,26
"3779",4581,0,31.5,18.5,66
"3780",4580,0,78,45,40
"3781",4579,0,47.5,27.5,84
"3782",4578,0,99,57,46
"3783",4577,0,54.5,31.5,40
"3784",4576,0,46,26,68
"3785",4575,0,81,47,26
"3786",4574,0,31.5,18.5,78
"3787",4573,0,93,54,50
"3788",4572,0,57.5,32.5,74
"3789",4571,0,86.5,49.5,40
"3790",4570,0,47,27,64
"3791",4569,0,76.5,44.5,56
"3792",4568,0,70,42,52
"3793",4567,0,57.5,31.5,50
"3794",4566,0,57,32,64
"3795",4565,0,78,46,30
"3796",4564,0,31,16,16
"3797",4563,0,17,9,76
"3798",4562,0,90,52,48
"3799",4561,0,57.5,33.5,26
"3800",4560,0,29.5,16.5,56
"3801",4559,0,63,35,68
"3802",4558,0,81.5,47.5,40
"3803",4557,0,49,29,30
"3804",4556,0,31,16,34
"3805",4555,0,35.5,18.5,22
"3806",4554,0,25,14,44
"3807",4553,0,48.5,26.5,24
"3808",4552,0,26.5,14.5,72
"3809",4551,0,83,47,52
"3810",4550,0,57.5,31.5,60
"3811",4549,0,72,42,60
"3812",4548,0,69.5,39.5,36
"3813",4547,0,43,25,32
"3814",4546,0,36.5,20.5,16
"3815",4545,0,19.5,11.5,58
"3816",4544,0,67.5,38.5,72
"3817",4543,0,83.5,47.5,24
"3818",4542,0,29.5,17.5,20
"3819",4541,0,21.5,11.5,62
"3820",4540,0,73.5,42.5,58
"3821",4539,0,65.5,36.5,16
"3822",4538,0,18.5,10.5,30
"3823",4537,0,37,22,70
"3824",4536,0,81,46,58
"3825",4535,0,66.5,37.5,70
"3826",4534,0,83.5,48.5,40
"3827",4533,0,42.5,22.5,64
"3828",4532,0,74.5,42.5,36
"3829",4531,0,38.5,20.5,34
"3830",4530,0,41.5,24.5,26
"3831",4529,0,26,13,52
"3832",4528,0,64.5,38.5,16
"3833",4527,0,17,9,48
"3834",4526,0,56,32,44
"3835",4525,0,48,26,18
"3836",4524,0,18.5,9.5,56
"3837",4523,0,64,36,48
"3838",4522,0,55,31,72
"3839",4465,2.86737648340704,84.5,48.5,74.0477896080568
"3840",4401,0.00925154834001778,85.5,48.5,48.0001541924723
"3841",4400,0,58,34,78
"3842",4399,0,90,51,10
"3843",4398,0,10,5,78
"3844",4397,0,92,53,54
"3845",4396,0,62,35,38
"3846",4395,0,43.5,24.5,72
"3847",4394,0,82.5,46.5,12
"3848",4393,0,13.5,7.5,38
"3849",4406,0.00200150867902815,42,23,40.000033358478
"3850",4405,0,47,27,54
"3851",4404,0,62.5,35.5,58
"3852",4403,0,65,36,64
"3853",4443,5.77627407719912e-05,73,41,72.0000009627123
"3854",4442,0,83,47,32
"3855",4441,0,35,19,78
"3856",4440,0,90,51,60
"3857",4439,0,71,41,38
"3858",4438,0,47,28,62
"3859",4437,0,77,46,20
"3860",4436,0,20.5,10.5,22
"3861",4435,0,27,16,76
"3862",4434,0,89.5,51.5,60
"3863",4433,0,68,38,24
"3864",4432,0,26,14,76
"3865",4431,0,89,51,14
"3866",4430,0,14,7,22
"3867",4429,0,22.5,11.5,24
"3868",4428,0,28.5,16.5,74
"3869",4427,0,85,48,28
"3870",4426,0,30,16,32
"3871",4425,0,37,21,72
"3872",4424,0,87,51,32
"3873",4423,0,32.5,16.5,22
"3874",4422,0,25,14,62
"3875",4421,0,76.5,45.5,80
"3876",4420,0,93.5,53.5,56
"3877",4419,0,67.5,39.5,48
"3878",4418,0,56.5,32.5,84
"3879",4417,0,99,57,78
"3880",4416,0,90.5,51.5,36
"3881",4415,0,41,23,64
"3882",4414,0,77.5,45.5,8
"3883",4413,0,9,5,34
"3884",4412,0,37,20,2
"3885",4411,0,2.5,1.5,28
"3886",4410,0,33,19,44
"3887",4409,0,47.5,25.5,62
"3888",4408,0,72.5,41.5,38
"3889",4451,0.000115525480809112,47.5,28.5,76.0000019254247
"3890",4450,0,91,53,82
"3891",4449,0,97,56,28
"3892",4460,5.77627407719912e-05,33,19,12.0000009627123
"3893",4382,0.000288813703125086,12,6,48.0000048135617
"3894",4384,0,54.5,30.5,28
"3895",4383,0,34.5,20.5,14
"3896",4370,5.77627221630581e-05,17,10,28.000000962712
"3897",4381,0,31.5,17.5,32
"3898",4380,0,36.5,20.5,18
"3899",4379,0,18.5,9.5,36
"3900",4378,0,44.5,26.5,54
"3901",4377,0,67.5,40.5,64
"3902",4376,0,74,42,50
"3903",4375,0,62,37,26
"3904",4374,0,29,16,18
"3905",4373,0,21,12,16
"3906",4372,0,19.5,11.5,42
"3907",4371,0,46.5,25.5,34
"3908",4358,0.000115525480809112,40,23,4.00000192542468
"3909",4357,0,5,3,40
"3910",4356,0,43,23,50
"3911",4340,0.000288813702757651,58.5,33.5,42.0000048135617
"3912",4345,0,52,31,34
"3913",4348,0,36.5,19.5,40
"3914",4463,0.00100448464559986,47,27,34.0000167414108
"3915",4462,0,36.5,19.5,50
"3916",4363,0.000844291556619952,56.5,31.5,58.0000140715259
"3917",4362,0,66,37,22
"3918",4361,0,27,16,40
"3919",4360,0,44,24,56
"3920",4354,5.77627225304931e-05,66,38,34.000000962712
"3921",4353,0,39.5,22.5,50
"3922",4352,0,57,32,74
"3923",4347,0.000115525444326116,89,52,40.0000019254241
"3924",4346,0,43.5,23.5,30
"3925",4344,0.000115525444693551,32,17,62.0000019254241
"3926",4343,0,72,41,80
"3927",4342,0,93.5,53.5,48
"3928",4341,0,56.5,32.5,76
"3929",4338,5.77627221630581e-05,88.5,50.5,32.000000962712
"3930",4337,0,33,17,44
"3931",4336,0,51.5,29.5,8
"3932",4335,5.77627225304931e-05,9,5,50.000000962712
"3933",4333,0.000173288167224044,58,33,30.0000028881361
"3934",4332,0,33.5,18.5,70
"3935",4331,0,81,46,64
"3936",4330,0,77,45,50
"3937",4329,0,57,32,14
"3938",4328,0,15.5,8.5,78
"3939",4327,0,91.5,52.5,20
"3940",4326,0,23.5,13.5,62
"3941",4324,0.000229768969004024,76,45,84.0000038294828
"3942",4323,0,97.5,55.5,50
"3943",4350,0.000512830637542637,59,34,62.0000085471773
"3944",4368,0.000115525431427006,72,41,30.0000019254239
"3945",4391,0.000115525431059571,36.5,21.5,10.0000019254239
"3946",4390,0,12,7,10
"3947",4389,0,11.5,6.5,22
"3948",4388,0,24,13,70
"3949",4387,0,83,48,44
"3950",4386,0,48.5,26.5,56
"3951",4447,0.000115525431794441,65,37,74.0000019254239
"3952",4446,0,85,48,2
"3953",4445,0,2,1,50
"3954",4458,0.000115525431059571,55,30,28.0000019254239
"3955",4457,0,31.5,17.5,32
"3956",4456,0,37,21,62
"3957",4455,0,76.5,45.5,44
"3958",4454,0,54,32,56
"3959",4453,0,69.5,41.5,52
"3960",4366,0.000411791671089073,57.5,31.5,72.0000068631945
"3961",4365,0,83.5,47.5,38
"3962",4038,0.00881429803713939,40.5,21.5,34.0001469049673
"3963",4037,0,37,20,28
"3964",4036,0,28,14,36
"3965",4035,0,43,25,16
"3966",4034,0.0126763532427693,17.5,9.5,66.0002112725541
"3967",2883,0.0146847087573487,77.5,44.5,8.00024474514596
"3968",2882,0,9,5,64
"3969",2881,0,76.5,44.5,46
"3970",2880,0,56.5,33.5,40
"3971",2879,0,49,29,42
"3972",2878,0,52,31,44
"3973",2877,0,49,27,58
"3974",2876,0,66.5,37.5,12
"3975",2875,0,15,9,26
"3976",2874,0,26,13,26
"3977",2873,0,30.5,17.5,64
"3978",2872,0,73.5,41.5,54
"3979",2871,0,67.5,40.5,30
"3980",2869,0.000205896303166978,35,20,28.0000034316051
"3981",2867,0.000363978326415646,31.5,17.5,32.0000060663054
"3982",2866,0,38.5,22.5,46
"3983",2865,0,51.5,28.5,88
"3984",2864,0,103,59,80
"3985",2863,0,95,55,78
"3986",2862,0,90.5,51.5,48
"3987",2861,0,57,33,28
"3988",2860,0,34,20,66
"3989",2859,0,77.5,44.5,66
"3990",2858,0,78.5,45.5,10
"3991",2857,0,10.5,5.5,42
"3992",2856,0,46,25,68
"3993",2854,0.000981362379961975,81.5,47.5,36.0000163560397
"3994",2853,0,41,23,84
"3995",2850,0.00844212875755265,99,57,54.000140702146
"3996",2849,0,65.5,38.5,42
"3997",2645,2.81907349203613,45.5,24.5,66.0469845582006
"3998",2688,0.287770861696316,79,46,86.0047961810283
"3999",2694,0,101,58,26
"4000",2693,0,28,15,34
"4001",2692,0,39,22,88
"4002",2691,0,102.5,58.5,14
"4003",2690,0,17,10,40
"4004",2689,0,43,23,66
"4005",2687,0.0530545403254031,76,43,42.0008842423388
"4006",2686,0,50,29,38
"4007",2685,0,47.5,28.5,54
"4008",2684,0,61,34,28
"4009",2683,0,34.5,20.5,40
"4010",2682,0,46,26,72
"4011",2681,0.102949293327401,84,48,44.0017158215555
"4012",2770,0.380551176148001,53.5,31.5,48.0063425196025
"4013",2772,0,55,31,58
"4014",2781,0,69.5,40.5,34
"4015",2786,0.0136032796917984,42,25,8.0002267213282
"4016",2788,0,9.5,5.5,42
"4017",2790,0,52.5,31.5,10
"4018",2793,0,10.5,5.5,36
"4019",2800,0.748825542853057,44,26,38.0124804257142
"4020",2799,0,41,22,82
"4021",2798,0,95,54,48
"4022",2794,0.748825542853057,52.5,28.5,12.0124804257142
"4023",2696,0.825298018813765,13.5,7.5,70.0137549669802
"4024",2702,0,81,46,70
"4025",2704,0.0144304985360272,84,49,72.0002405083089
"4026",2708,0,86.5,50.5,54
"4027",2711,0.0123439023693286,66.5,39.5,42.0002057317062
"4028",2713,0,47.5,26.5,6
"4029",2717,0,7.5,4.5,40
"4030",2720,0,42.5,22.5,18
"4031",2722,0,18.5,9.5,46
"4032",2724,0,54,31,64
"4033",2723,0.00109940377814155,79,47,40.0000183233963
"4034",2725,0.00109940377814155,42.5,22.5,30.0000183233963
"4035",2732,0,35.5,20.5,62
"4036",2735,0,72,41,56
"4037",2737,0.000229719694943993,66.5,38.5,36.0000038286616
"4038",2739,0,41.5,23.5,58
"4039",2738,0.000229719692863565,70.5,41.5,16.0000038286615
"4040",2742,0.000172699196053078,16.5,8.5,38.0000028783199
"4041",2744,0.000205401511482007,42,23,78.0000034233585
"4042",2747,0.000205401536610882,90,51,28.0000034233589
"4043",2749,0,34.5,20.5,32
"4044",2748,0.000160062750964718,36.5,20.5,26.0000026677125
"4045",2750,0.000160062750964718,28,15,34.0000026677125
"4046",2753,0,41,24,36
"4047",2755,0,43.5,25.5,44
"4048",2757,0.0023090269395261,53.5,31.5,60.0000384837823
"4049",2752,0.0141496416940025,68,38,28.0002358273616
"4050",2751,0,32.5,18.5,34
"4051",2741,0.014045066346148,40.5,23.5,64.0002340844391
"4052",2740,0.00025042525338003,75,43,10.0000041737542
"4053",2736,0.00116435871788038,12.5,7.5,70.0000194059786
"4054",2734,0.00544659092297086,85,50,32.0000907765154
"4055",2733,0,39,23,40
"4056",2731,0.0119028696338244,49,29,56.0001983811606
"4057",2730,0,63.5,35.5,30
"4058",2729,0,33.5,18.5,70
"4059",2728,0,82,47,78
"4060",2727,0,92,53,72
"4061",2726,0,82.5,46.5,48
"4062",2721,0.00705855429893608,54,30,10.0001176425716
"4063",2712,0.00195820033653966,10.5,5.5,46.0000326366723
"4064",2716,0.00127961570785548,52,29,74.0000213269285
"4065",2715,0,87.5,50.5,50
"4066",2714,0,61.5,36.5,42
"4067",2710,0.0140080240730672,46,25,36.0002334670679
"4068",2709,0.0123439023693286,41.5,23.5,52.0002057317062
"4069",2754,0.023812733794069,58.5,32.5,42.0003968788966
"4070",2756,0.00390711951864672,48.5,27.5,18.0000651186586
"4071",2743,0.0132675158766278,20.5,11.5,44.0002211252646
"4072",2745,0.00065453012854334,54,32,32.0000109088355
"4073",2759,0.00829092509903544,39.5,23.5,36.000138182085
"4074",2758,0.0291857369548873,41.5,23.5,76.0004864289492
"4075",2746,0.00829092509903544,87.5,49.5,68.000138182085
"4076",2760,0.0312670342919471,81.5,47.5,12.0005211172382
"4077",2769,0,13.5,7.5,34
"4078",2802,0.244731177642202,38.5,21.5,34.0040788529607
"4079",2796,0.167959691182959,40,23,38.0027993281864
"4080",2780,0.132523571553382,41,22,36.0022087261926
"4081",2779,0,43,25,70
"4082",2778,0,82.5,47.5,54
"4083",2777,0,65,38,50
"4084",2776,0,55,30,54
"4085",2775,0,61,34,30
"4086",2774,0,31.5,16.5,56
"4087",2773,0,64,36,34
"4088",2657,0.870445961266112,41,24,52.0145074326878
"4089",2656,0,62.5,36.5,32
"4090",2655,0,39.5,23.5,40
"4091",2654,0,46.5,26.5,28
"4092",2653,0,31.5,17.5,56
"4093",2652,0,64.5,36.5,50
"4094",2651,0,57.5,32.5,58
"4095",2650,0,67,38,40
"4096",2649,0,49,29,24
"4097",2648,0,29,17,30
"4098",2647,0,32.5,17.5,42
"4099",2659,0.0307209827673762,46.5,25.5,28.0005120163795
"4100",2663,0.000160055721095314,34,20,68.0000026675954
"4101",2675,0,82.5,48.5,66
"4102",2679,0,77,44,38
"4103",2678,0,45.5,26.5,26
"4104",2677,0,30,17,66
"4105",2676,0,79,46,62
"4106",2661,0.000281562908723764,71.5,40.5,80.0000046927152
"4107",2674,0.000229718581697053,93,53,24.000003828643
"4108",2673,0,25.5,13.5,62
"4109",2672,0,73.5,42.5,18
"4110",2671,0,22.5,13.5,54
"4111",2670,0,60.5,33.5,54
"4112",2669,0,67.5,40.5,60
"4113",2668,0,70.5,40.5,32
"4114",2667,0,36.5,20.5,42
"4115",2666,0,46,25,50
"4116",2665,0,59.5,34.5,56
"4117",2664,0,70,42,64
"4118",2703,0.315790439507151,73,41,70.0052631739918
"4119",2707,0.00732384677245073,84.5,49.5,14.0001220641129
"4120",2706,0,17,10,56
"4121",2705,0,69,41,72
"4122",2719,0.0296537370205913,86,50,44.0004942289503
"4123",2718,0,54.5,32.5,28
"4124",2771,0.104036455126175,29.5,15.5,48.0017339409188
"4125",2782,0.0309202705278653,54.5,30.5,60.0005153378421
"4126",2785,0,70,40,52
"4127",2784,0,57.5,31.5,10
"4128",2783,0,10,5,80
"4129",2792,0.063148824207924,94.5,54.5,38.0010524804035
"4130",2791,0,41.5,22.5,60
"4131",2789,0.000338515040224542,73,43,6.00000564191734
"4132",2701,0.518276921915919,6.5,3.5,54.0086379486986
"4133",2700,0,62.5,35.5,70
"4134",2699,0,80,45,22
"4135",2698,0,24,13,48
"4136",2697,0,53.5,29.5,40
"4137",2617,0.640619187944741,49.5,29.5,42.0106769864657
"4138",2568,0.867076629419141,50.5,29.5,18.014451277157
"4139",2567,0.036414904360614,18.5,9.5,16.0006069150727
"4140",2555,0.217296994379128,20,12,50.003621616573
"4141",2562,0,55,30,42
"4142",2561,0.00941097207119269,48.5,27.5,44.0001568495345
"4143",2560,0,50,28,48
"4144",2559,0,55.5,31.5,12
"4145",2558,0,15,9,14
"4146",2557,0,14.5,7.5,10
"4147",2556,0,12,7,20
"4148",2563,0.00941097207119269,25,15,34.0001568495345
"4149",2566,0,35,18,38
"4150",2588,0.960001970493521,44.5,25.5,42.0160000328416
"4151",2585,0.0368013945709433,47,26,48.0006133565762
"4152",2589,0.0387080095448894,56,32,28.0006451334924
"4153",2600,0.0413529423999226,33.5,19.5,34.0006892157067
"4154",2598,0.108842251423842,35,18,8.00181403752373
"4155",2596,0.00893840998407969,10,6,70.0001489734997
"4156",2595,0.405156888343179,80,45,30.0067526148057
"4157",2240,1.52207094006257,32,17,40.025367849001
"4158",2239,0.106600639878698,43,23,34.0017766773313
"4159",2231,0.303620391360124,36,19,32.005060339856
"4160",2083,0.621673386903199,40,24,60.0103612231151
"4161",2082,0.148239716755373,71,41,46.0024706619459
"4162",2089,0.40246284229795,55.5,32.5,26.0067077140383
"4163",2091,0.000376114728266682,31,18,24.0000062685788
"4164",2093,0.000160558992110399,24,12,36.0000026759832
"4165",2095,0.000125371575818639,38.5,20.5,50.0000020895263
"4166",2101,0.000160559015847783,60.5,35.5,30.0000026759836
"4167",2115,0.00114903182557141,31,16,40.0000191505304
"4168",2122,5.79113411489916e-05,44.5,24.5,18.000000965189
"4169",2120,0,18.5,9.5,30
"4170",2130,5.791134280573e-05,30.5,15.5,30.000000965189
"4171",2133,0.000125371580623833,33,18,44.0000020895263
"4172",2132,5.791134280573e-05,50,28,18.000000965189
"4173",2131,0.000125371580623833,19,10,22.0000020895263
"4174",2134,5.791134280573e-05,25,14,52.000000965189
"4175",2127,0.00017373406854729,63.5,37.5,14.0000028955678
"4176",2118,0.000125371581389109,17.5,10.5,18.0000020895264
"4177",2116,5.79113411489916e-05,22,13,38.000000965189
"4178",2123,0.000229806365809255,42.5,23.5,72.0000038301061
"4179",2136,0.000256951171303172,84.5,48.5,66.0000042825195
"4180",2129,0.000206271225629904,78,45,26.0000034378538
"4181",2121,5.791134280573e-05,31.5,18.5,16.000000965189
"4182",2119,0,18,10,34
"4183",2117,0.000229806365809255,36,19,12.0000038301061
"4184",2112,0.000115822649531594,14,8,62.0000019303775
"4185",2109,0.000160559039750253,76,45,46.000002675984
"4186",2106,0.000160559021059101,52.5,29.5,54.0000026759837
"4187",2108,0,65.5,38.5,24
"4188",2113,0.000160559039750253,28,16,16.000002675984
"4189",2111,0.000111194927084224,16,8,68.0000018532488
"4190",2114,0.000111194927084224,77.5,43.5,72.0000018532488
"4191",2107,0.00037611471886983,83,47,48.0000062685786
"4192",2104,0.000125371575266897,56.5,32.5,46.0000020895263
"4193",2097,0.000310173077672528,55.5,32.5,66.0000051695513
"4194",2100,0.000111194927084224,75.5,42.5,46.0000018532488
"4195",2096,0.000160559015847783,53,30,36.0000026759836
"4196",2094,0.000173733959202553,42,24,46.000002895566
"4197",2103,0.000364826336801636,54.5,31.5,4.00000608043895
"4198",2098,0.000206271162836696,5,3,52.0000034378527
"4199",2110,0.000364826412190511,58,32,42.0000060804402
"4200",2128,0.000206271196326408,51,30,12.0000034378533
"4201",2126,0.000125371585980768,12.5,6.5,6.00000208952643
"4202",2135,0.00017373406854729,7,4,40.0000028955678
"4203",2146,0.000115822699233747,42.5,22.5,80.0000019303783
"4204",2150,0.000111194924254931,94.5,54.5,52.0000018532487
"4205",2139,0.00011582268561146,58.5,32.5,10.0000019303781
"4206",2141,0.000111194929913516,11.5,6.5,4.00000185324883
"4207",2152,0.000115822755562845,4.5,2.5,74.0000019303793
"4208",2156,0.000111194927084224,88.5,51.5,66.0000018532488
"4209",2151,0.000160559044530747,75.5,42.5,36.0000026759841
"4210",2142,0.000115822755562845,42,24,18.0000019303793
"4211",2137,0.000250743173448717,19,10,22.0000041790529
"4212",2160,0.000289556582226329,27,16,82.000004825943
"4213",2167,5.79113481443255e-05,96,55,60.0000009651891
"4214",2163,0.000125371601242929,74,44,6.00000208952669
"4215",2169,0.000115822738995464,6.5,3.5,66.000001930379
"4216",2171,0.000111194927084224,76.5,43.5,46.0000018532488
"4217",2175,5.79113378355148e-05,50.5,27.5,26.000000965189
"4218",2180,0.000125371610639785,31.5,18.5,44.0000020895268
"4219",2173,0.000115822709174177,51.5,29.5,18.0000019303785
"4220",2165,0.000173733984422012,22,13,24.0000028955664
"4221",2153,0.000115822662417122,26,14,50.0000019303777
"4222",2176,0.000364826743551765,62,37,50.0000060804457
"4223",2174,0.000229806370819243,59,34,46.0000038301062
"4224",2172,5.79113378355148e-05,56,33,46.000000965189
"4225",2181,0.000115822709174177,54,31,28.0000019303785
"4226",2200,0.000289556781034944,34,20,48.0000048259463
"4227",2192,0.000115822765503273,57,33,40.0000019303794
"4228",2198,0.000125371601242929,48,28,62.0000020895267
"4229",2202,0.0002062713470301,76,45,70.0000034378558
"4230",2183,0.000476447983270165,82,47,86.0000079407997
"4231",2199,0.000501486443749369,100,57,26.0000083581074
"4232",2182,0.000289556781034944,30,17,24.0000048259463
"4233",2187,0.000250743181101483,26,14,26.000004179053
"4234",2193,0.000160559084899209,31.5,18.5,70.0000026759847
"4235",2186,0.000206271196326408,82.5,47.5,78.0000034378533
"4236",2197,0.000206271246560973,90,51,20.0000034378541
"4237",2189,0.000250743209630255,24,14,28.0000041790535
"4238",2195,0.000250743194876463,28,14,60.0000041790532
"4239",2203,0.000477506551669495,75,45,62.0000079584425
"4240",2210,0.000256951230153897,71.5,40.5,14.0000042825205
"4241",2209,0.000250743221874685,14.5,7.5,20.0000041790537
"4242",2213,0.000206271305167965,24.5,14.5,30.0000034378551
"4243",2208,0.000231645504498738,34.5,19.5,48.0000038607584
"4244",2211,0.000250743221874685,59.5,35.5,28.0000041790537
"4245",2207,0.000282206981222017,34,20,66.0000047034497
"4246",2206,0.000125371604347408,80,47,34.0000020895267
"4247",2212,0.000282206981222017,42.5,25.5,38.0000047034497
"4248",2214,0.000444779705507603,45.5,26.5,28.0000074129951
"4249",2217,0.000160559104286926,30.5,16.5,88.0000026759851
"4250",2216,5.79113809107082e-05,102.5,58.5,4.00000096518968
"4251",2215,0.000160559104286926,5,3,44.0000026759851
"4252",2218,5.79113809107082e-05,52,30,56.0000009651897
"4253",2220,0.000963354358178954,64,36,42.000016055906
"4254",2223,0.000897067923763358,51.5,30.5,22.0000149511321
"4255",2219,0.00155387217820146,24,13,54.0000258978696
"4256",2224,0.000620346409522913,64.5,37.5,44.0000103391068
"4257",2226,0.000727295396958411,47.5,25.5,68.0000121215899
"4258",2221,0.00120530905278191,81.5,47.5,78.0000200884842
"4259",2228,0.00200532252154586,93,54,18.000033422042
"4260",2227,0.00154170768339195,18.5,9.5,56.0000256951281
"4261",2225,0.0014474070532441,67.5,39.5,10.0000241234509
"4262",2222,0.00203471543077487,12.5,7.5,8.00003391192385
"4263",2205,0.00213172677724031,8,4,24.0000355287796
"4264",2191,0.000524987102301945,26.5,14.5,58.000008749785
"4265",2201,0.000115822765503273,70.5,41.5,82.0000019303794
"4266",2179,0.000566665010240952,95,54,64.0000094444168
"4267",2184,0.000353119983377986,76.5,44.5,42.0000058853331
"4268",2188,0.000448533960526436,48.5,27.5,22.000007475566
"4269",2185,0.000115822755562845,23.5,12.5,26.0000019303793
"4270",2194,0.000206271196326408,26.5,13.5,44.0000034378533
"4271",2190,0.000250743194876463,52.5,30.5,56.0000041790532
"4272",2159,0.000674728312281853,63.5,35.5,28.0000112454719
"4273",2138,0.000289556582226329,35,21,52.000004825943
"4274",2143,0.000125371589041875,60,34,46.0000020895265
"4275",2147,0.000125371595377622,55.5,32.5,10.0000020895266
"4276",2158,0.000115822729055036,10,5,54.0000019303788
"4277",2168,0.000250743205590338,62.5,35.5,66.0000041790534
"4278",2164,0.000115822738995464,77,44,72.000001930379
"4279",2166,0.000222389851339155,84,48,72.0000037064975
"4280",2161,5.79113481443255e-05,83,47,22.0000009651891
"4281",2149,0.000206271285762087,26.5,15.5,66.0000034378548
"4282",2144,0.000229806378567214,76.5,43.5,18.0000038301063
"4283",2125,0.00048167707400115,20.5,11.5,16.0000080279512
"4284",2145,0.000564413845602627,18.5,10.5,30.0000094068974
"4285",2124,0.00036482652666243,31,16,70.0000060804421
"4286",2099,0.00053293135167945,84.5,49.5,12.0000088821892
"4287",2092,0.000524986742304515,13.5,7.5,22.000008749779
"4288",2090,0.000532931162107251,26,15,40.000008882186
"4289",2105,0.000930519208804014,49.5,29.5,62.0000155086535
"4290",2177,0.00112256444194055,74,43,28.0000187094074
"4291",2148,0.000420353300560016,30.5,16.5,38.0000070058883
"4292",2140,0.000160559070126901,46.5,27.5,32.0000026759845
"4293",2162,0.000310173263937192,32.5,16.5,10.0000051695544
"4294",2178,0.000602301769127707,12,7,58.0000100383628
"4295",2154,0.000601798703922438,66.5,37.5,30.0000100299784
"4296",2157,0.000780515854251945,32,17,46.0000130085976
"4297",2155,0.000558982573723012,57.5,34.5,2.00000931637623
"4298",2170,0.00070623989573472,2,1,34.0000117706649
"4299",2196,0.000521202101635737,39,22,56.0000086867017
"4300",2204,0.0014639768716113,65,37,38.0000243996145
"4301",2229,0.0045836592561208,44,25,50.0000763943209
"4302",2234,0.162952527989083,62,37,18.0027158754665
"4303",2236,0.00811862293232615,20.5,11.5,48.0001353103822
"4304",2230,0.212990519134921,54,30,48.0035498419856
"4305",2079,0.321598111982187,56.5,32.5,36.005359968533
"4306",2062,1.03702805515983,43.5,25.5,54.0172838009193
"4307",2068,0.11771428019238,67,40,58.0019619046699
"4308",1968,0.50894400609659,72.5,43.5,32.0084824001016
"4309",2080,0.648704038940518,35.5,19.5,20.0108117339823
"4310",2237,0.367161717927826,25,15,36.0061193619655
"4311",2081,0.364845905939754,42.5,24.5,36.006080765099
"4312",2067,0.373332841794813,41,23,40.0062222140299
"4313",2063,0.11771428019238,43,23,54.0019619046699
"4314",1898,0.646613196282748,67,40,32.0107768866047
"4315",1900,0.00103750093549414,35.5,19.5,52.0000172916823
"4316",1899,0.00663567421384828,58,32,82.0001105945702
"4317",1901,0.00608436224500285,96,55,74.0001014060374
"4318",1907,0.0386180928104051,87,50,62.0006436348802
"4319",1902,0.0386180928104051,75,44,50.0006436348802
"4320",1895,0.084354734166177,55.5,30.5,28.0014059122361
"4321",1806,0.489165522222787,28,14,56.0081527587037
"4322",1804,0.0665187384275731,63.5,35.5,64.0011086456405
"4323",1799,0.0291031580818372,76,44,82.0004850526347
"4324",1796,0.0473481111457865,95,54,64.0007891351858
"4325",1744,0.194019354474598,78.5,46.5,6.00323365590791
"4326",1412,0.5320792888898,7,4,80.0088679881482
"4327",1410,0.00531561110867663,93.5,53.5,24.0000885935185
"4328",1154,0.275870979617064,27.5,15.5,54.0045978496603
"4329",1156,0.000111194927084224,60,33,10.0000018532488
"4330",1155,0.00162330776170796,12,7,28.0000270551294
"4331",1157,0.00151700088257836,32,18,56.000025283348
"4332",1152,0.0047211363750042,66.5,38.5,34.0000786856062
"4333",1163,0.00687303346084977,36.5,19.5,64.0001145505577
"4334",1166,0.00621348043984,76,44,34.0001035580073
"4335",1162,0.00733918759373939,35.5,18.5,22.0001223197932
"4336",1153,0.00687303346084977,22.5,11.5,14.0001145505577
"4337",1130,0.111548557121973,14.5,7.5,12.0018591426187
"4338",1129,0.0106174744311001,14.5,8.5,26.0001769579072
"4339",1127,0.116388579271998,26.5,13.5,50.0019398096545
"4340",1131,0.0425502775084007,56,31,36.0007091712918
"4341",1133,0.0559499626416236,45,27,14.0009324993774
"4342",1136,0.0101386227580037,15.5,8.5,70.000168977046
"4343",1138,0.0179396492500752,84,49,22.0002989941542
"4344",1141,0.0114500733734675,27,16,54.0001908345562
"4345",1143,0.0562205800171703,63.5,36.5,52.000937009667
"4346",1168,0.178377978499613,65,39,28.0029729663083
"4347",1164,0.0342178075115144,31.5,17.5,6.00057029679186
"4348",1160,0.0557932487137062,6.5,3.5,78.0009298874786
"4349",1167,0.0074451290896994,91.5,52.5,38.0001240854848
"4350",1144,0.178377978499613,47,28,24.0029729663083
"4351",1146,0.000500759438358831,25.5,13.5,52.0000083459906
"4352",1151,0.00198620907749677,60,34,48.0000331034846
"4353",1149,0.00294474968455754,58,34,52.0000490791614
"4354",1161,0.0103078360358733,60,34,72.0001717972673
"4355",1158,0.0101769256594059,84,48,60.0001696154277
"4356",1148,0.0190234794925088,70,40,82.0003170579915
"4357",1147,0.00310657749517992,96.5,55.5,12.0000517762916
"4358",1145,0.00146440659047993,13,7,58.0000244067765
"4359",1159,0.0199730542311598,72,43,58.0003328842372
"4360",1150,0.00902344326684541,65,36,60.0001503907211
"4361",1169,0.0430651018416123,73,43,74.0007177516974
"4362",1174,0.0145179896950026,87,50,24.0002419664949
"4363",1180,0.0104247415271467,27.5,15.5,26.0001737456921
"4364",1183,0.000780074372705343,31,18,76.0000130012396
"4365",1194,0.00626284674904551,89,51,70.0001043807791
"4366",1213,0.00841492059026618,80.5,45.5,62.0001402486765
"4367",1195,0.013621969126766,71,40,68.0002270328188
"4368",1200,0.000810448875453464,78.5,44.5,34.0000135074813
"4369",1182,0.105924452577572,40,23,88.001765407543
"4370",1186,0.000172546687252457,103,59,12.0000028757781
"4371",1189,0.000205272209320398,13,7,58.0000034212035
"4372",1188,0.000115031124956926,67,38,68.0000019171854
"4373",1187,0.000205272209320398,79.5,45.5,78.0000034212035
"4374",1190,0.000115031124956926,91,52,76.0000019171854
"4375",1212,0.103002762937719,90,52,38.0017167127156
"4376",1214,0.00907345959754641,44,25,40.0001512243266
"4377",1216,0.00091909801951935,49,29,34.0000153183003
"4378",1215,0.0119058597031549,37,20,52.0001984309951
"4379",1217,0.0109868605972999,62.5,36.5,58.0001831143433
"4380",1221,0.0200836330293158,65.5,36.5,70.0003347272172
"4381",1263,0,84,49,40
"4382",1218,0.0331345933042066,50,30,68.0005522432217
"4383",1196,0.0734287706061286,78.5,44.5,38.0012238128434
"4384",1193,0.00887947168042533,47.5,28.5,84.0001479911947
"4385",1184,0.00626284674904551,98.5,56.5,66.0001043807791
"4386",1181,0.000978511004406379,75.5,42.5,24.0000163085167
"4387",1201,0.105924452577572,26,14,66.001765407543
"4388",1203,0.00015998896995355,76,43,30.0000026664828
"4389",1202,0.000205272184189899,36.5,21.5,38.0000034212031
"4390",1204,5.75155606345987e-05,41,22,80.0000009585927
"4391",1206,5.75155556517998e-05,92.5,52.5,56.0000009585926
"4392",1208,0,65.5,37.5,70
"4393",1205,0.000115031111669462,83,48,76.0000019171852
"4394",1209,5.75155560176625e-05,88.5,50.5,64.0000009585926
"4395",1207,0.00112670330261338,78,46,68.0000187783884
"4396",1210,0.00112670330261338,81,47,40.0000187783884
"4397",1197,0.0152541441754732,50,30,46.0002542357363
"4398",1199,0,57.5,34.5,84
"4399",1198,0.000558941674629116,97.5,55.5,58.0000093156946
"4400",1185,0.0232940310047931,65,36,36.0003882338501
"4401",1192,0.00339879268673118,44.5,26.5,38.0000566465448
"4402",1175,0.0230654968510235,42,23,74.0003844249475
"4403",1191,0.1079236141967,85.5,48.5,82.0017987269033
"4404",1211,0.0253376650108597,95,54,66.0004222944169
"4405",1176,0.210924635434805,78,45,26.0035154105906
"4406",937,0.522621609037054,28.5,15.5,80.0087103601506
"4407",970,0.0883759641328538,92.5,52.5,50.0014729327356
"4408",927,0.11839367927387,57,32,24.0019732279879
"4409",935,0.0103132332290266,28,16,74.0001718872205
"4410",932,0.00152852988205363,86.5,49.5,44.000025475498
"4411",936,0.00466356813539231,49,27,74.0000777261356
"4412",931,0.00457270315435371,88,51,18.0000762117192
"4413",930,0.00442182034582807,22.5,13.5,10.0000736970058
"4414",929,0.0024760655993241,12.5,7.5,54.00004126776
"4415",933,0.00881815542820763,67.5,40.5,30.0001469692571
"4416",928,0.0103132332290266,32.5,17.5,52.0001718872205
"4417",938,0.134388226660209,63,37,40.0022398037777
"4418",942,0.0308852580133464,42.5,22.5,66.0005147543002
"4419",948,0.00578863356910282,76.5,43.5,82.0000964772262
"4420",947,0.00041189368504344,96,55,22.0000068648948
"4421",949,0.00078689690460473,23,12,78.0000131149484
"4422",951,0.000687540607948778,90,51,46.0000114590101
"4423",953,0.0013343391193521,53,30,52.0000222389853
"4424",969,0.00422957534525844,58.5,32.5,16.0000704929224
"4425",972,0.0401135948477181,17.5,9.5,40.0006685599141
"4426",974,0.0223528681604787,45,25,62.0003725478027
"4427",983,0.0202222034149025,75,44,86.0003370367236
"4428",982,0.0171183329653978,100,57,26.0002853055494
"4429",975,0.0202222034149025,30,17,60.0003370367236
"4430",977,0.00980112872894956,69.5,39.5,52.0001633521455
"4431",980,0.0188871988087544,61,35,48.0003147866468
"4432",978,0.0192810118231176,58.5,34.5,14.0003213501971
"4433",994,0.0414173907009232,17,10,62.000690289845
"4434",991,0.0177362538402377,72,41,58.0002956042307
"4435",993,0.00104590215260814,70,41,72.0000174317025
"4436",990,0.00488590736917811,83,47,76.0000814317895
"4437",988,0.0127655229016548,89.5,51.5,58.000212758715
"4438",987,0.0039532723051839,71.5,42.5,36.0000658878718
"4439",986,0.00621218662184949,38,20,30.0001035364437
"4440",989,0.0039532723051839,36,21,6.00006588787175
"4441",992,0.00245291705555765,7,4,24.0000408819509
"4442",1007,0.0224095634918148,29.5,17.5,28.0003734927249
"4443",1009,0.00480018282296455,34,20,46.000080003047
"4444",1011,0.00467054441455405,50,27,40.0000778424069
"4445",1037,0.00629256159743087,42.5,22.5,8.00010487602662
"4446",1034,0.000702174144953114,10,6,64.0000117029024
"4447",1042,0.000874953818742203,78,46,24.0000145825636
"4448",1045,0.000617789787691068,25,13,52.0000102964965
"4449",1012,0.00901265469708648,60,34,52.0001502109116
"4450",1020,0.00169635230290784,61,35,32.0000282725384
"4451",1022,0.00016036414699217,38.5,22.5,34.0000026727358
"4452",1024,0.00113571138484132,35,18,16.0000189285231
"4453",1016,0.000751089356660297,19.5,11.5,38.0000125181559
"4454",1018,0.000338551150299102,46,27,26.0000056425192
"4455",1017,0.000353031319131967,30,17,60.0000058838553
"4456",1019,5.77760909517213e-05,72.5,42.5,32.0000009629348
"4457",1023,0.0016927557302715,38,22,36.0000282125955
"4458",1013,0.00199250870336956,42,24,54.0000332084784
"4459",1036,0.00246102028476083,60,33,60.0000410170047
"4460",1046,0.00388606176007405,68,38,82.000064767696
"4461",1003,0.0220742414333009,95.5,54.5,76.0003679040239
"4462",1006,0.00296523428116279,89.5,51.5,56.0000494205714
"4463",1043,0.0212789871566161,62.5,34.5,52.0003546497859
"4464",1040,0.000702174302044163,62,36,68.000011702905
"4465",1039,0.000338551156482641,83,49,8.00000564251927
"4466",1044,0.000702174302044163,8,4,36.000011702905
"4467",1035,0.00228373326205514,39.5,21.5,66.000038062221
"4468",1041,0.000801820302599546,75.5,42.5,58.0000133636717
"4469",1033,0.0018105125041931,67,38,60.0000301752084
"4470",1026,0.000626546027405477,71,41,18.0000104424338
"4471",1032,0,21.5,12.5,48
"4472",1021,0.000769391494959884,57,33,72.0000128231916
"4473",1038,0.0018831644465557,84,48,82.0000313860741
"4474",1025,0.00123816817674922,96.5,55.5,16.0000206361363
"4475",1014,0.00261024247588168,18.5,10.5,40.0000435040413
"4476",1031,0.00169186035171833,45,25,64.0000281976725
"4477",1030,0,76,44,30
"4478",1029,0,32.5,17.5,16
"4479",1028,0,16.5,8.5,54
"4480",1027,0,67.5,40.5,8
"4481",1015,0.00169186035171833,8,4,48.0000281976725
"4482",985,0.054042836614051,57.5,33.5,72.0009007139436
"4483",984,0.0259874737042927,82.5,46.5,50.0004331245617
"4484",981,0.0435635208291862,61.5,36.5,80.0007260586805
"4485",954,0.0534555655485342,94.5,54.5,56.0008909260925
"4486",968,0.00166365976578527,70,42,62.0000277276628
"4487",944,0.0212973404197413,72,41,42.0003549556737
"4488",952,0.0050381580979929,51.5,30.5,32.0000839693016
"4489",956,0.00239281803873414,38.5,22.5,48.0000398803006
"4490",967,0,55,31,36
"4491",955,0.00166365976578527,45,27,66.0000277276628
"4492",966,0.00139429713493705,77.5,44.5,54.0000232382856
"4493",965,0,61,34,72
"4494",964,0,86.5,50.5,38
"4495",963,0,45,26,80
"4496",962,0,93.5,53.5,60
"4497",961,0,67.5,37.5,26
"4498",960,0,30.5,17.5,68
"4499",959,0,82.5,48.5,84
"4500",958,0,97.5,55.5,56
"4501",957,0,69,41,12
"4502",945,0.00742217813033647,14.5,8.5,42.0001237029688
"4503",941,0.0216418421861164,47,26,84.0003606973698
"4504",946,0.0283115164002438,98.5,56.5,28.0004718586067
"4505",950,0.00172293965429294,34.5,20.5,46.0000287156609
"4506",943,0.00808062462620263,53.5,30.5,42.0001346770771
"4507",940,0.0104828724511843,48,27,62.0001747145409
"4508",939,0.0372351360584867,72.5,41.5,18.000620585601
"4509",976,0.0795443735144188,19.5,10.5,12.0013257395586
"4510",1072,0.121218950681622,13.5,7.5,20.0020203158447
"4511",1067,0.0452276069002402,23,13,28.0007537934483
"4512",997,0.120695949665448,34,20,40.0020115991611
"4513",999,0.00312683530911057,43,23,50.0000521139218
"4514",998,0.00918320063091239,59.5,34.5,68.0001530533439
"4515",1000,0.00608182701826573,80,46,44.0001013637836
"4516",996,0.0254600482504766,52.5,30.5,44.0004243341375
"4517",1068,0.120695949665448,54,32,78.0020115991611
"4518",1070,0.0293867195371837,90,51,34.000489778659
"4519",1074,0.0114024318334813,42,25,70.0001900405306
"4520",1076,0.0131865215042831,80,45,26.0002197753584
"4521",1173,0.335935304117445,28.5,15.5,12.0055989217353
"4522",1171,0.00857956659131963,14.5,8.5,28.0001429927765
"4523",1077,0.335935304117445,35,21,32.0055989217353
"4524",1079,0.0017308146287787,36,20,78.0000288469105
"4525",1082,0.00744264434198082,93,54,86.0001240440724
"4526",995,0.124920255420109,100.5,57.5,60.002082004257
"4527",1001,0.0254600482504766,70.5,40.5,78.0004243341375
"4528",1047,0.0256797744732983,92.5,53.5,78.0004279962412
"4529",979,0.137859086211089,90.5,51.5,60.0022976514368
"4530",973,0.15159482935015,74,44,66.0025265804892
"4531",934,0.341747186046878,81,48,34.0056957864341
"4532",1048,0.152670685648729,41,24,62.0025445114275
"4533",1050,0.0145254283715834,70.5,39.5,40.0002420904729
"4534",1052,0.0012358815236318,43,23,34.0000205980254
"4535",1055,0.0170229720384221,42,25,42.0002837162006
"4536",1058,0.00764055995355756,46,25,82.0001273426659
"4537",1054,0.00451483640914716,97,56,74.0000752472735
"4538",1056,0.00748784199232721,89,52,84.0001247973665
"4539",1059,0.00834042055511738,97.5,55.5,66.0001390070093
"4540",1062,0.0267805720815804,80.5,47.5,58.000446342868
"4541",1060,0.031208633441964,72.5,43.5,40.0005201438907
"4542",1057,0.0106988543503696,44.5,24.5,66.0001783142392
"4543",1053,0.0319474322305636,78.5,45.5,52.0005324572038
"4544",1051,0.00921837740069362,64.5,38.5,32.0001536396233
"4545",1064,0.0280491898140252,35,19,14.0004674864969
"4546",1066,0.00178005734692835,16.5,9.5,36.0000296676224
"4547",1065,0.00516985523502976,41,23,44.0000861642539
"4548",1073,0.0486076379787378,47.5,25.5,10.0008101272996
"4549",1071,0.0114024318334813,12.5,7.5,38.0001900405306
"4550",1083,0.0989778563839218,45.5,26.5,42.0016496309397
"4551",1085,0.0163385765820319,48,27,72.0002723096097
"4552",1087,0.00602215363343911,84,48,62.0001003692272
"4553",1089,0.017492232631394,70,39,72.0002915372105
"4554",1093,0.00333183518761002,85.5,49.5,14.0000555305865
"4555",1091,0.00256470164567272,14.5,7.5,62.0000427450274
"4556",1090,0.00668257121020073,72.5,41.5,26.0001113761868
"4557",1094,0.00256470164567272,32.5,19.5,40.0000427450274
"4558",1092,0.0122997930101028,48,28,28.0002049965502
"4559",1095,0.00348713653328432,32.5,18.5,28.0000581189422
"4560",1100,0.08219194414467,33,19,44.0013698657357
"4561",1099,0.00714094814829902,52.5,30.5,58.0001190158025
"4562",1096,0.08219194414467,70.5,41.5,26.0013698657357
"4563",1098,0.0318025433352031,29,16,36.0005300423889
"4564",1101,0.00714094814829902,44.5,26.5,18.0001190158025
"4565",1103,0.0110253393542854,18,9,60.0001837556559
"4566",1109,0.082060899941069,69.5,39.5,38.0013676816657
"4567",1111,0.000346750769231472,43.5,24.5,54.0000057791795
"4568",1113,0.000530401980569714,65,38,46.000008840033
"4569",1118,0.00887132421746394,52.5,29.5,50.0001478554036
"4570",1120,0.00569066348604305,57.5,32.5,44.0000948443914
"4571",1123,0.00143582570876678,48,26,78.0000239304285
"4572",1121,0.0149562324794026,91,52,26.0002492705413
"4573",1119,0.00847338749383077,27,14,60.0001412231249
"4574",1122,0.0138118886436343,70.5,40.5,76.0002301981441
"4575",1124,0.0149569671296067,90.5,52.5,50.0002492827855
"4576",1126,0.00400157018543182,61.5,36.5,34.0000666928364
"4577",1135,0.311986161011537,36,19,78.0051997693502
"4578",1134,0.0101386227580037,90,51,56.000168977046
"4579",1411,0.562786903341334,69.5,41.5,78.0093797817224
"4580",1745,0.5320792888898,90,51,48.0088679881482
"4581",1766,0,58,34,56
"4582",1770,0.0168062868365796,65.5,37.5,14.0002801047806
"4583",1774,0.00554344912178813,16.5,9.5,78.0000923908187
"4584",1779,0.0361433606369973,92,53,42.000602389344
"4585",1781,0.0115788906316976,51.5,30.5,84.0001929815105
"4586",1784,0.0172269648983885,99,57,42.0002871160816
"4587",1787,0.00622695431394703,49,28,74.0001037825719
"4588",1789,0,88,51,40
"4589",1780,0.0464051995473928,45,25,32.0007734199925
"4590",1786,0.0258425512513655,34.5,18.5,14.0004307091875
"4591",1788,0.000461575561317013,16.5,9.5,54.000007692926
"4592",1785,0.00659010170244547,67,40,24.0001098350284
"4593",1782,0.0268030356369988,26,14,28.0004467172606
"4594",1002,1.84768838390436,29.5,15.5,16.0307948063984
"4595",1177,1.31082612262319,16,8,52.0218471020437
"4596",1170,0.014663627240534,65,39,42.0002443937873
"4597",1178,0.0279714930695684,52.5,31.5,56.0004661915512
"4598",1140,0.0766394482801721,67,39,74.001277324138
"4599",1139,0.0114500733734675,88.5,51.5,56.0001908345562
"4600",1142,0.0693446174383558,65.5,37.5,36.001155743624
"4601",1265,0.113097054156497,44.5,26.5,62.0018849509026
"4602",1267,0.0134491971826585,72,41,58.0002241532864
"4603",1270,0.0162941775716153,69,40,54.0002715696262
"4604",1272,0.0200301326147975,66.5,39.5,56.0003338355436
"4605",1274,0.0235758736378667,64,36,18.0003929312273
"4606",1276,0.00602074791062346,19,10,70.0001003457985
"4607",1275,0.00801169063148165,84,49,68.0001335281772
"4608",1277,0.00200498211664945,83,49,16.0000334163686
"4609",1280,0.0315100765049738,19.5,11.5,24.0005251679417
"4610",1283,0.00566353527080606,28.5,16.5,42.0000943922545
"4611",1285,0.0010304072491817,51.5,30.5,4.00001717345415
"4612",1287,0.00173278211113865,5,3,70.0000288797019
"4613",1289,0.00439617783474939,82.5,47.5,54.0000732696306
"4614",1299,0,64,37,48
"4615",1288,0.0646380371789858,58,34,52.0010773006196
"4616",1286,0.0103937608207764,59,33,58.000173229347
"4617",1284,0.00674796781772393,66.5,37.5,30.0001124661303
"4618",1282,0.0100673200178906,30.5,15.5,56.000167788667
"4619",1281,0.00566353527080606,65.5,37.5,22.0000943922545
"4620",1279,0.0175360729275589,26,15,80.0002922678821
"4621",1278,0.0315100765049738,95,55,72.0005251679418
"4622",1300,0.0989194471041649,85,49,10.0016486574517
"4623",1742,0.190545897961044,11,6,42.003175764966
"4624",1737,0.0189911468408275,51.5,30.5,30.000316519114
"4625",1739,5.75324285317371e-05,37,22,60.0000009588738
"4626",1734,0.00649888433219621,74,44,66.0001083147389
"4627",1269,0.295681811800829,80,47,30.0049280301967
"4628",1271,0.0151096249844102,37.5,22.5,70.0002518270831
"4629",1273,0.0101278091067977,83.5,48.5,56.0001687968184
"4630",1268,0.0791428432498202,65,37,66.0013190473875
"4631",1219,0.178583868130369,77,44,62.0029763978022
"4632",1262,0.00421355554164975,75.5,44.5,72.0000702259257
"4633",1261,0,86.5,50.5,16
"4634",1260,0,18.5,10.5,48
"4635",1259,0,55.5,31.5,42
"4636",1258,0,47,26,28
"4637",1257,0,34.5,20.5,54
"4638",1256,0,64,37,6
"4639",1255,0,7,4,70
"4640",1254,0,80.5,45.5,74
"4641",1253,0,88.5,51.5,34
"4642",1252,0,36.5,19.5,10
"4643",1251,0,12.5,7.5,56
"4644",1250,0,69,41,26
"4645",1249,0,27,14,48
"4646",1248,0,55.5,31.5,42
"4647",1247,0,51,30,24
"4648",1246,0,28.5,16.5,72
"4649",1245,0,85.5,49.5,50
"4650",1244,0,60,35,46
"4651",1243,0,52.5,29.5,46
"4652",1242,0,52.5,29.5,4
"4653",1241,0,4.5,2.5,14
"4654",1240,0,14.5,7.5,60
"4655",1239,0,68,38,68
"4656",1238,0,83,49,60
"4657",1237,0,68,38,16
"4658",1236,0,19,11,26
"4659",1235,0,29,16,24
"4660",1234,0,25.5,13.5,10
"4661",1233,0,12,7,48
"4662",1232,0,54,30,32
"4663",1231,0,32.5,16.5,60
"4664",1230,0,69.5,39.5,64
"4665",1229,0,73,41,68
"4666",1228,0,82.5,48.5,2
"4667",1227,0,2.5,1.5,56
"4668",1226,0,69.5,41.5,50
"4669",1225,0,62.5,37.5,58
"4670",1224,0,66.5,37.5,44
"4671",1223,0,55,33,60
"4672",1222,0,71,41,44
"4673",1220,0.00421355554164975,53,31,54.0000702259257
"4674",1264,0.0130813770243585,66,39,54.0002180229504
"4675",1266,0.0570009134266219,61,34,36.0009500152238
"4676",1402,0.120236608957066,40.5,22.5,6.00200394348262
"4677",1404,0.00792432816550971,6,3,26.0001320721361
"4678",1407,0.00464868856379668,31,18,56.0000774781427
"4679",1406,0.00571153329608211,68.5,40.5,60.0000951922216
"4680",1405,0.00464868856379668,69.5,39.5,46.0000774781427
"4681",1408,0.00571153329608211,54,31,50.0000951922216
"4682",1413,0.0163861219928204,58.5,33.5,18.0002731020332
"4683",1416,0.00508819220422852,20.5,11.5,54.0000848032034
"4684",1691,0.0146949226508377,62,35,84.0002449153775
"4685",1701,0,98,56,58
"4686",1700,0.000222389854168448,71,42,56.0000037064976
"4687",1699,0,68.5,40.5,18
"4688",1698,0,21.5,12.5,32
"4689",1697,0,39,23,60
"4690",1696,0,70,40,12
"4691",1695,0,12.5,6.5,78
"4692",1694,0,90.5,51.5,62
"4693",1693,0,77,46,66
"4694",1692,0,78.5,45.5,4
"4695",1702,0.000222389854168448,4.5,2.5,62.0000037064976
"4696",1656,0.00428426708105826,76,45,32.0000714044513
"4697",1663,0,38.5,22.5,20
"4698",1675,0.00155779706627418,22.5,12.5,70.0000259632844
"4699",1679,0.00078049849125029,85,50,38.0000130083082
"4700",1684,0.00114873668589016,42,23,52.0000191456114
"4701",1687,0,63,37,28
"4702",1714,0.00205678778308438,32.5,18.5,22.0000342797964
"4703",1690,0.00221695877063082,26.5,15.5,76.0000369493128
"4704",1704,0.00672776704785857,90.5,52.5,48.0001121294508
"4705",1713,0,53.5,29.5,18
"4706",1712,0,19,10,74
"4707",1711,0,88,51,54
"4708",1710,0,65.5,38.5,80
"4709",1709,0,93.5,53.5,60
"4710",1708,0,72.5,42.5,44
"4711",1707,0,47.5,25.5,52
"4712",1706,0,59,33,38
"4713",1705,0,44,25,36
"4714",1718,0.00195005622834871,40.5,22.5,10.0000325009371
"4715",1723,0.00309806906848896,10.5,5.5,46.0000516344845
"4716",1728,0,54,31,60
"4717",1731,0.00219585855064737,74.5,44.5,52.0000365976425
"4718",1733,0.00137864840136432,64.5,38.5,38.0000229774734
"4719",1732,0.00589744910794873,46,27,76.0000982908185
"4720",1730,0.00533274953667601,90.5,52.5,38.0000888791589
"4721",1729,0.00219585855064737,41.5,22.5,52.0000365976425
"4722",1740,0.0179567385485995,64,38,78.0002992789758
"4723",1301,0.190545897961044,91,52,2.00317576496602
"4724",1401,0,2.5,1.5,20
"4725",1403,0.0187250663343722,20,10,14.0003120844389
"4726",1409,0.0549798695070905,17,10,54.0009163311585
"4727",1415,0.104243670599361,66.5,39.5,22.00173739451
"4728",1414,0.00508819220422852,27.5,16.5,34.0000848032034
"4729",1703,0.0524482396260028,42,25,68.0008741373271
"4730",1649,0.00410431553861763,80.5,46.5,50.000068405259
"4731",1651,0,58.5,33.5,44
"4732",1634,0.000672292815676892,52,30,4.00001120488026
"4733",1637,0,5,3,46
"4734",1628,0.000173030522858654,55,32,32.0000028838421
"4735",1614,0.000173030492992541,32.5,16.5,20.0000028838415
"4736",1616,0,21,11,48
"4737",1620,0,57,33,64
"4738",1606,0.000173030453171055,75.5,43.5,32.0000028838409
"4739",1608,0,34,18,32
"4740",1610,0,38.5,22.5,64
"4741",1633,0.000256105737812751,74,42,74.000004268429
"4742",1632,0,86,49,12
"4743",1631,0,12.5,6.5,64
"4744",1611,0.000256105737812751,74,42,32.000004268429
"4745",1613,0,34.5,18.5,30
"4746",1612,0,35,20,58
"4747",1629,0.000173030492992541,65,36,86.0000028838415
"4748",1626,0.000125263443194519,101,58,42.0000020877241
"4749",1638,0.000173030522858654,51,30,44.000002883842
"4750",1640,0.000229747390172945,51.5,29.5,56.0000038291232
"4751",1644,0,63.5,35.5,50
"4752",1646,0,56,31,70
"4753",1627,0.000474623923664138,80,45,24.0000079103987
"4754",1647,0.000474623923664138,26.5,14.5,34.0000079103987
"4755",1678,0.0010244237996617,42.5,25.5,66.00001707373
"4756",1677,0,78.5,45.5,40
"4757",1676,0.00078049849125029,47,27,24.0000130083082
"4758",1648,0.0010244237996617,27.5,15.5,68.00001707373
"4759",1417,0.0188540526121162,79.5,45.5,4.0003142342102
"4760",1419,0,4.5,2.5,54
"4761",1421,0,61.5,34.5,34
"4762",1423,0,41,24,26
"4763",1428,0,30.5,17.5,68
"4764",1433,0,83,49,82
"4765",1432,0.000352966353747647,95.5,54.5,74.0000058827726
"4766",1431,0,88,51,62
"4767",1430,0,71.5,40.5,52
"4768",1429,0,64,38,16
"4769",1465,0.000288383873040965,19.5,11.5,46.0000048063979
"4770",1515,0.000807475703775085,55,32,34.0000134579284
"4771",1517,0,37.5,20.5,52
"4772",1522,0,57.5,31.5,16
"4773",1528,0,20,12,10
"4774",1531,0,12,7,24
"4775",1542,0,29.5,17.5,0
"4776",1548,0.000250526489338423,0,0,26.0000041754415
"4777",1568,0.000256105929131762,32,19,26.0000042684321
"4778",1574,0,28.5,15.5,56
"4779",1544,0.000346060806788385,69.5,41.5,28.0000057676801
"4780",1541,0.0002307072508617,28,14,8.00000384512085
"4781",1540,0,9,5,24
"4782",1539,0,27.5,15.5,68
"4783",1538,0,80.5,46.5,58
"4784",1537,0,72.5,43.5,34
"4785",1536,0,38,21,34
"4786",1535,0,40.5,23.5,44
"4787",1534,0,47.5,25.5,54
"4788",1533,0,67,40,56
"4789",1532,0,68,40,36
"4790",1545,0.0002307072508617,38,20,42.0000038451208
"4791",1547,0,47,26,8
"4792",1546,0,8,4,26
"4793",1543,0.000250526489338423,26,13,90.0000041754415
"4794",1575,0.000346060806788385,105,60,38.0000057676801
"4795",1585,0,45,26,22
"4796",1596,0.000474623704289231,27.5,16.5,68.0000079103951
"4797",1599,0,81.5,47.5,58
"4798",1605,0.000320442140940438,72,43,24.0000053407024
"4799",1621,0.000173030453171055,27,15,44.0000028838409
"4800",1645,0.000411357858670672,51.5,29.5,34.0000068559643
"4801",1622,0.000411357858670672,39,22,74.0000068559643
"4802",1625,0,88.5,51.5,38
"4803",1630,0.000125263443194519,45.5,26.5,36.0000020877241
"4804",1643,0.000477251007496067,44,26,52.0000079541835
"4805",1642,0,63.5,37.5,50
"4806",1641,0,56.5,31.5,66
"4807",1639,0.000338534226101158,75.5,42.5,62.0000056422371
"4808",1609,0.000512211553348855,75.5,44.5,64.0000085368592
"4809",1589,0.000929504196293703,78,46,62.0000154917366
"4810",1593,0.000115353585792802,77,46,60.0000019225598
"4811",1600,0.000375790350819182,70,40,68.0000062631725
"4812",1602,0,78,44,48
"4813",1604,0,59.5,35.5,72
"4814",1624,0.000563548855118053,83.5,47.5,12.0000093924809
"4815",1623,0,15,9,38
"4816",1594,0.00075799946387258,45.5,26.5,72.0000126333244
"4817",1586,0.000474623704289231,84,48,74.0000079103951
"4818",1527,0.000634445341861587,88.5,51.5,30.000010574089
"4819",1526,0,35.5,20.5,30
"4820",1525,0,34,19,58
"4821",1524,0,66,37,20
"4822",1523,0,23.5,13.5,30
"4823",1521,0.000111194924254931,33.5,18.5,82.0000018532487
"4824",1520,0,97,56,58
"4825",1519,0,72.5,43.5,62
"4826",1518,0,74,43,66
"4827",1509,0.000160221057755373,80,47,58.000002670351
"4828",1513,0,67.5,38.5,48
"4829",1516,0.000125263439763123,59,35,48.000002087724
"4830",1514,0.000125263439763123,58.5,34.5,6.000002087724
"4831",1550,0.000480663127020542,7.5,4.5,18.0000080110521
"4832",1567,0.000405591738977244,19,10,58.0000067598623
"4833",1573,0.000111194927084224,68,39,16.0000018532488
"4834",1572,0,18.5,10.5,56
"4835",1571,0,67.5,39.5,46
"4836",1570,0,55,32,24
"4837",1569,0,28.5,16.5,36
"4838",1549,0.000320442169346399,42,24,28.0000053407028
"4839",1512,0.000600694006159279,30.5,16.5,42.0000100115668
"4840",1511,0,52,31,64
"4841",1510,0,74.5,42.5,20
"4842",1502,0.000230707390603785,25,15,38.0000038451232
"4843",1504,0,47.5,28.5,40
"4844",1506,0,47,27,52
"4845",1500,0.000411357749794343,64.5,38.5,36.0000068559625
"4846",1494,0.000918989589702265,41.5,23.5,54.0000153164932
"4847",1497,0,64,37,8
"4848",1499,0,10,6,58
"4849",1498,0,67.5,38.5,36
"4850",1507,0.000411357749794343,44,26,52.0000068559625
"4851",1584,0.00134112902386625,59,33,46.0000223521504
"4852",1583,0,56.5,33.5,56
"4853",1582,0,68.5,40.5,20
"4854",1581,0,23.5,13.5,10
"4855",1580,0,10.5,5.5,40
"4856",1579,0,44,24,60
"4857",1578,0,73,43,24
"4858",1577,0,25.5,13.5,74
"4859",1576,0,88.5,51.5,38
"4860",1530,0.0010601775342032,44,25,76.0000176696256
"4861",1529,0,90.5,52.5,24
"4862",1505,0.000563548396842861,28,16,42.0000093924733
"4863",1427,0.00109045820350978,52,31,46.0000181743034
"4864",1426,0,50.5,27.5,22
"4865",1425,0,25.5,14.5,16
"4866",1424,0,16.5,8.5,64
"4867",1483,0.00208295408468567,73,41,34.0000347159014
"4868",1490,0,37.5,20.5,32
"4869",1493,0,32.5,16.5,30
"4870",1492,0,35,20,0
"4871",1491,0,0,0,50
"4872",1501,0.000918989589702265,62.5,37.5,16.0000153164932
"4873",1466,0.000935578611645145,18,10,58.0000155929769
"4874",1482,0,71.5,42.5,72
"4875",1481,0,84,48,42
"4876",1480,0,52.5,31.5,18
"4877",1479,0,19.5,10.5,44
"4878",1478,0,53,31,36
"4879",1477,0,39.5,21.5,14
"4880",1476,0,16.5,9.5,66
"4881",1475,0,78.5,45.5,8
"4882",1474,0,9.5,5.5,40
"4883",1473,0,46.5,26.5,28
"4884",1472,0,28,14,30
"4885",1471,0,32.5,17.5,82
"4886",1470,0,97,56,4
"4887",1469,0,4,2,14
"4888",1468,0,16,9,56
"4889",1467,0,69.5,41.5,66
"4890",1464,0.000811835592159518,76.5,43.5,32.0000135305932
"4891",1463,0,34,18,84
"4892",1462,0,97.5,55.5,54
"4893",1461,0,62,35,18
"4894",1460,0,21,12,60
"4895",1459,0,68,38,58
"4896",1458,0,66.5,37.5,64
"4897",1457,0,73,41,42
"4898",1456,0,50,29,36
"4899",1455,0,38,20,36
"4900",1454,0,39.5,21.5,60
"4901",1453,0,73,43,46
"4902",1452,0,57,34,40
"4903",1451,0,49.5,29.5,62
"4904",1450,0,77,46,68
"4905",1449,0,79.5,45.5,82
"4906",1448,0,96.5,55.5,48
"4907",1447,0,54,30,82
"4908",1446,0,95.5,54.5,64
"4909",1434,0.000375790233929906,77,45,62.0000062631706
"4910",1436,0,74.5,43.5,22
"4911",1445,0,25,14,12
"4912",1418,0.00116340587314569,15,9,58.0000193900979
"4913",1435,0.00121677503148618,71,42,16.0000202795839
"4914",1489,0.00041877007109935,17,9,80.0000069795012
"4915",1488,0,94,54,32
"4916",1487,0,38.5,22.5,10
"4917",1486,0,10,5,36
"4918",1485,0,40.5,22.5,60
"4919",1484,0,70,40,22
"4920",1503,0.00036348644713312,27,16,34.0000060581075
"4921",1496,0.00028177432445589,39.5,22.5,36.0000046962387
"4922",1495,0,41,23,16
"4923",1444,0.000617036919913863,17,9,62.0000102839487
"4924",1443,0,77,46,70
"4925",1442,0,83,48,52
"4926",1441,0,61,35,32
"4927",1440,0,35.5,19.5,52
"4928",1439,0,63.5,37.5,42
"4929",1438,0,51,30,16
"4930",1437,0,19,11,72
"4931",1551,0.00143836265825205,83,47,64.000023972711
"4932",1555,0,77.5,45.5,30
"4933",1566,0.000448503737853368,37,22,24.0000074750623
"4934",1565,0,27,15,78
"4935",1564,0,92,53,72
"4936",1563,0,83.5,47.5,58
"4937",1562,0,67.5,38.5,22
"4938",1561,0,22.5,11.5,64
"4939",1588,0.000230707297320102,78,46,26.0000038451216
"4940",1556,0.000530089046829254,26.5,13.5,56.0000088348175
"4941",1560,0,67,39,60
"4942",1595,0.000881916532928941,70,40,38.0000146986089
"4943",1603,0.000563548675598154,46,27,36.0000093924779
"4944",1601,0.000352966374858273,40,22,26.0000058827729
"4945",1591,0.000530867233451961,27,14,34.0000088477872
"4946",1598,0.000523719931935875,40,23,16.0000087286655
"4947",1597,0,17,9,20
"4948",1615,0.000519090717391526,20.5,10.5,64.000008651512
"4949",1592,0.000981269733978277,73,41,52.0000163544956
"4950",1590,0.000115353585792802,59.5,33.5,54.0000019225598
"4951",1619,0.00112716415714989,60,33,48.0000187860693
"4952",1618,0,57,33,74
"4953",1617,0,88.5,51.5,66
"4954",1652,0.00128589483712466,80.5,47.5,20.0000214315806
"4955",1655,0,24,14,58
"4956",1743,0.0671172827218875,68.5,39.5,20.0011186213787
"4957",1741,0.109991252390444,22.5,12.5,78.0018331875398
"4958",1797,0.22270236799509,91.5,52.5,58.0037117061333
"4959",1794,0.113096335293949,71.5,42.5,74.0018849389216
"4960",1792,0.0549217570699322,86.5,49.5,52.0009153626178
"4961",1790,0.0359618336833784,65,39,32.0005993638947
"4962",1817,0.11643830834419,39.5,23.5,64.0019406384724
"4963",1906,0.163647848555596,79,47,66.0027274641426
"4964",1980,0.396980674773018,79.5,46.5,74.0066163445796
"4965",2059,0.168733166450795,87.5,50.5,72.0028122194408
"4966",2078,1.16989934448695,86.5,50.5,12.0194983224081
"4967",1896,0.88453982747334,14.5,8.5,44.0147423304579
"4968",1767,0.693136634890568,50.5,28.5,4.01155227724818
"4969",1769,0,4,2,74
"4970",1772,0.071645178993131,85,48,32.0011940863166
"4971",1771,0.0219289161340249,32.5,16.5,60.0003654819356
"4972",1773,0.00202549747244938,73,43,42.0000337582912
"4973",1775,0.0591928260856642,52.5,31.5,46.0009865471014
"4974",1179,0.436093089300738,55.5,32.5,80.007268218155
"4975",1735,0.421928679402441,94.5,54.5,78.0070321446567
"4976",1738,0.00428102437454677,90.5,51.5,32.0000713504062
"4977",1736,0.00430531047021531,36.5,20.5,72.0000717551745
"4978",1137,0.4023906099651,85.5,49.5,26.0067065101661
"4979",1132,0.179185685811047,26.5,13.5,38.0029864280968
"4980",1128,0.137337050705528,42.5,23.5,52.0022889508451
"4981",1104,0.102263041458792,64.5,38.5,22.0017043840243
"4982",1107,0.00656018580425897,24.5,13.5,52.0001093364301
"4983",1110,0.00437217937140826,64.5,38.5,36.0000728696562
"4984",1112,0.000588518018383736,41.5,23.5,56.0000098086336
"4985",1108,0.00551654695390573,68,40,70.0000919424492
"4986",1114,0.017569158903389,84.5,49.5,82.0002928193151
"4987",1116,0.00284616125884874,96,55,72.000047436021
"4988",1115,0.0121262794173205,84,48,82.0002021046569
"4989",1117,0.0135005114286216,95.5,54.5,48.0002250085238
"4990",1125,0.0419265654569794,56.5,32.5,58.0006987760909
"4991",1106,0.0875175975167261,69.5,40.5,42.0014586266253
"4992",1105,0.00656018580425897,49.5,28.5,42.0001093364301
"4993",1102,0.0679575894735123,49.5,28.5,14.0011326264912
"4994",1086,0.0574011063529341,14,7,50.0009566851059
"4995",1084,0.0280661660316849,61,36,36.0004677694339
"4996",1081,0.0741119926310446,41.5,23.5,72.0012351998772
"4997",1080,0.00744264434198082,85,49,40.0001240440724
"4998",1078,0.00259084864530687,48.5,28.5,62.0000431808108
"4999",1075,0.0191607691252902,74.5,43.5,64.0003193461521
"5000",1063,0.107476826914504,74.5,42.5,72.0017912804486
"5001",1061,0.0458818303400659,85.5,49.5,14.0007646971723
"5002",1049,0.140770697322456,16,9,40.0023461782887
"5003",1010,0.0847643159245212,46.5,26.5,54.0014127385987
"5004",1008,0.011273643628517,60.5,33.5,64.0001878940605
"5005",1004,0.0317089333806293,78,46,56.000528482223
"5006",1165,0.498634249619501,68.5,40.5,88.008310570827
"5007",1005,0.452714616528823,103,59,16.0075452436088
"5008",1097,0.51152447114389,17,9,62.0085254078524
"5009",1088,0.066902259992839,73.5,42.5,44.0011150376665
"5010",1069,0.442959986975165,53.5,31.5,16.0073826664496
"5011",2012,2.54076997042124,17.5,9.5,30.0423461661737
"5012",1777,0.817401314374624,31.5,16.5,54.0136233552396
"5013",1961,0.837636730753859,67.5,40.5,84.0139606121792
"5014",1953,0.443156109632719,99,57,64.0073859351605
"5015",817,1.62155762563036,76.5,44.5,4.02702596042717
"5016",823,0.00729454261374506,5,3,44.0001215757102
"5017",825,0.000851695049453414,51,29,82.0000141949175
"5018",829,0.000363959145849731,95.5,54.5,42.0000060659858
"5019",827,0.0243062227763444,48,27,40.0004051037129
"5020",826,0.000363959145849731,47.5,27.5,48.0000060659858
"5021",818,0.00836901155634638,54,30,18.0001394835259
"5022",820,0.00277987316578843,22,13,54.0000463312194
"5023",816,0.0035293193848245,62.5,35.5,52.0000588219897
"5024",815,0.0022826822981438,63,37,36.000038044705
"5025",813,0.00178980533605988,43,25,28.0000298300889
"5026",809,0.00506499715714874,35,21,36.0000844166193
"5027",811,0.00378457780138702,45,27,68.0000630762967
"5028",807,0.00104317732107029,79,45,64.0000173862887
"5029",806,0.000686888124814982,75,43,26.0000114481354
"5030",812,0.00104317732107029,32,19,18.0000173862887
"5031",814,0.00439138661570968,21.5,12.5,34.0000731897769
"5032",821,0.00398146849220099,38,21,38.0000663578082
"5033",828,0.00403181071012683,40.5,21.5,40.0000671968452
"5034",833,0.00276361706185728,48.5,28.5,78.0000460602844
"5035",832,0.0132537910212617,91.5,52.5,2.00022089651702
"5036",831,0.00320230576217637,2,1,32.0000533717627
"5037",834,0.0132537910212617,40,24,70.000220896517
"5038",838,0.00289911554768657,80.5,45.5,68.0000483185925
"5039",841,0.00196232910011647,77.5,43.5,44.000032705485
"5040",844,0.0163410760743874,54.5,32.5,50.0002723512679
"5041",850,0.000111194927084224,59.5,34.5,76.0000018532488
"5042",856,0.000281498563411293,87.5,49.5,10.0000046916427
"5043",854,0.000345161965222119,12.5,7.5,86.0000057526994
"5044",857,0.000362630800518594,100.5,57.5,72.0000060438467
"5045",867,0.00521455566195775,85,49,68.000086909261
"5046",869,0,79,45,64
"5047",868,0.000125195147533544,76,44,16.0000020865858
"5048",870,0.000125195147533544,18,10,42.0000020865858
"5049",872,0.0024294371368227,45.5,24.5,22.0000404906189
"5050",874,0.000705738600418548,24,13,34.00001176231
"5051",876,0.00411461447213722,36.5,19.5,24.0000685769079
"5052",878,0.000222389854168448,29,17,82.0000037064976
"5053",882,0,95,54,72
"5054",877,0.000250390439413567,84.5,48.5,54.000004173174
"5055",883,0.00011505704736482,60.5,33.5,16.0000019176175
"5056",880,0.000459420413145048,19,11,22.0000076570069
"5057",879,0,27.5,16.5,58
"5058",881,0.000111194927084224,72,43,50.0000018532488
"5059",884,0.000567755159629906,61.5,36.5,18.000009462586
"5060",891,0.00529692465974928,22,13,88.0000882820777
"5061",900,0.00172586458350685,102.5,58.5,60.0000287644097
"5062",902,0.000448484729537636,68,38,70.0000074747455
"5063",905,0,84,49,52
"5064",885,0.00909224423854023,58,32,18.000151537404
"5065",888,0.00122658196997859,22,13,20.0000204430328
"5066",890,0.000555974635421119,21.5,11.5,54.0000092662439
"5067",886,0.000727174255293395,63,36,28.0000121195709
"5068",875,0.00444526194889095,34,20,42.0000740876991
"5069",887,0.00132782005087736,51,30,46.0000221303342
"5070",906,0.0108489874991549,55.5,32.5,40.0001808164583
"5071",873,0.0159924345689895,44,24,20.0002665405761
"5072",871,0.00320902636264337,24,14,52.0000534837727
"5073",858,0.00816357775613508,63,37,64.0001360596293
"5074",860,0.00178004866790895,73,41,38.0000296674778
"5075",862,0.00166891569578487,43.5,24.5,28.0000278152616
"5076",865,0.000111194927084224,33.5,19.5,48.0000018532488
"5077",864,0.000125194951458951,56.5,32.5,46.0000020865825
"5078",863,0.000111194927084224,55.5,32.5,18.0000018532488
"5079",866,0.000125194951458951,22.5,13.5,58.0000020865825
"5080",907,0.0156913448285238,68.5,39.5,2.00026152241381
"5081",911,0.000352869168934225,2,1,68.0000058811528
"5082",921,0.00032001353667739,83,49,50.0000053335589
"5083",919,0.00091884018899705,56,31,10.0000153140032
"5084",914,0.000160006775292944,11.5,6.5,50.0000026667796
"5085",917,0.000125194953748402,58.5,33.5,48.0000020865826
"5086",916,5.75279507066895e-05,59.5,35.5,76.0000009587992
"5087",915,0.000125194953748402,89,51,48.0000020865826
"5088",918,5.75279507066895e-05,59.5,35.5,44.0000009587992
"5089",908,0.000851464539369868,50.5,28.5,16.0000141910757
"5090",910,0.000125194956206005,18.5,10.5,32.0000020865826
"5091",922,0.00141147663777716,37,21,48.0000235246106
"5092",924,0.00344352377754092,58.5,34.5,40.000057392063
"5093",923,0.00352171342365217,46,26,8.00005869522373
"5094",925,0.000670747100042785,8.5,4.5,38.0000111791183
"5095",897,0.0385158225509945,41.5,22.5,48.0006419303758
"5096",899,0.000669645267658901,57,33,50.0000111607545
"5097",901,0.000448484731491411,60,35,46.0000074747455
"5098",904,0.000338509041686778,52.5,29.5,62.0000056418174
"5099",903,0,72,41,40
"5100",893,0.00209168889770841,46.5,26.5,18.0000348614816
"5101",896,0.00279471541874849,22.5,13.5,64.0000465785903
"5102",894,0.00290534235055611,78.5,46.5,30.0000484223725
"5103",898,0.000842356697999518,37.5,22.5,52.0000140392783
"5104",895,0.00140451370246592,63,37,58.0000234085617
"5105",892,0.00905973044075922,66.5,37.5,58.0001509955073
"5106",889,0.00502489237555596,67,38,28.0000837482063
"5107",926,0.0487092301369642,32.5,18.5,56.0008118205023
"5108",851,0.099452463826378,69.5,41.5,58.0016575410638
"5109",848,5.75270077341414e-05,68,39,72.0000009587835
"5110",847,0,85,49,10
"5111",852,5.75270077341414e-05,10.5,5.5,70.0000009587835
"5112",855,0.000448484494821012,81.5,46.5,8.00000747474158
"5113",853,0.000558942884070907,8.5,4.5,50.0000093157147
"5114",849,0.00101552619299012,62.5,37.5,20.0000169254366
"5115",846,0,21,11,42
"5116",845,0.000111194927084224,48,27,16.0000018532488
"5117",843,0.00925496039395196,18.5,10.5,44.0001542493399
"5118",842,0.0163410760743874,52.5,30.5,14.0002723512679
"5119",859,0.0528844403003019,15.5,8.5,80.0008814073383
"5120",861,0.000778364483930982,93,53,38.0000129727414
"5121",909,0.0176054668918696,47,28,22.0002934244482
"5122",913,0.000115055901413379,27,16,68.0000019175984
"5123",920,0.000160006775292944,78.5,44.5,70.0000026667796
"5124",912,0.00032001353667739,83,48,68.0000053335589
"5125",971,0.246429195926725,81.5,47.5,46.0041071532654
"5126",333,3.20922670055776,53,30,40.053487111676
"5127",208,0.225314615097399,44.5,24.5,56.003755243585
"5128",1172,5.37863903379047,67,39,64.0896439838965
"5129",1768,0.373046280474438,77.5,45.5,36.0062174380079
"5130",2242,2.24396770816364,41,23,40.0373994618027
"5131",2245,0.00744719256953856,43.5,23.5,66.0001241198762
"5132",2247,0.00323624776538365,75,42,68.0000539374628
"5133",2102,4.12216959409944,78,44,46.0687028265683
"5134",1783,12.5562658209464,57.5,34.5,22.2092710970158
"5135",1400,6.52783322941702,23,12,8.10879722049028
"5136",1399,0,9,5,46
"5137",1398,0,57,34,6
"5138",1397,0,6,3,14
"5139",1396,0,17.5,10.5,20
"5140",1395,0,22.5,12.5,58
"5141",1394,0,66.5,37.5,24
"5142",1393,0,27,15,50
"5143",1392,0,57.5,32.5,4
"5144",1391,0,4.5,2.5,56
"5145",1390,0,63.5,35.5,46
"5146",1389,0,52,29,20
"5147",1388,0,20.5,10.5,26
"5148",1387,0,32,19,62
"5149",1386,0,76.5,45.5,62
"5150",1385,0,73,42,28
"5151",1384,0,34,20,38
"5152",1383,0,45.5,26.5,18
"5153",1382,0,18.5,9.5,58
"5154",1381,0,65,36,50
"5155",1380,0,60.5,35.5,58
"5156",1379,0,70.5,41.5,24
"5157",1378,0,24.5,12.5,64
"5158",1377,0,76,44,50
"5159",1376,0,56,31,70
"5160",1375,0,80.5,45.5,80
"5161",1374,0,95,55,36
"5162",1373,0,41,23,52
"5163",1372,0,57.5,31.5,56
"5164",1371,0,68,40,64
"5165",1370,0,72.5,40.5,54
"5166",1369,0,65,38,54
"5167",1368,0,60.5,33.5,26
"5168",1367,0,27,14,18
"5169",1366,0,19,10,80
"5170",1365,0,94.5,54.5,70
"5171",1364,0,82.5,47.5,18
"5172",1363,0,18.5,9.5,56
"5173",1362,0,66,38,58
"5174",1361,0,71,42,6
"5175",1360,0,6.5,3.5,42
"5176",1359,0,52.5,31.5,66
"5177",1358,0,77.5,44.5,44
"5178",1357,0,54.5,32.5,28
"5179",1356,0,32,18,44
"5180",1355,0,49,27,52
"5181",1354,0,58.5,32.5,46
"5182",1353,0,50.5,27.5,84
"5183",1352,0,98,56,16
"5184",1351,0,17,9,24
"5185",1350,0,26.5,14.5,64
"5186",1349,0,72.5,40.5,20
"5187",1348,0,25,15,4
"5188",1347,0,5,3,42
"5189",1346,0,52.5,31.5,46
"5190",1345,0,52,29,52
"5191",1344,0,58.5,32.5,8
"5192",1343,0,9,5,50
"5193",1342,0,62,37,26
"5194",1341,0,30.5,17.5,40
"5195",1340,0,47.5,27.5,82
"5196",1339,0,97,56,70
"5197",1338,0,81.5,46.5,56
"5198",1337,0,67,39,38
"5199",1336,0,47,28,44
"5200",1335,0,51.5,29.5,44
"5201",1334,0,49.5,27.5,38
"5202",1333,0,43,24,18
"5203",1332,0,21.5,12.5,32
"5204",1331,0,37,21,66
"5205",1330,0,77.5,44.5,16
"5206",1329,0,17,9,62
"5207",1328,0,75.5,44.5,46
"5208",1327,0,50,27,66
"5209",1326,0,78.5,45.5,32
"5210",1325,0,38.5,22.5,52
"5211",1324,0,61.5,35.5,76
"5212",1323,0,88.5,50.5,46
"5213",1322,0,51,28,34
"5214",1321,0,39,22,48
"5215",1320,0,60,36,12
"5216",1319,0,12.5,6.5,46
"5217",1318,0,53.5,30.5,84
"5218",1317,0,98.5,56.5,50
"5219",1316,0,61.5,36.5,18
"5220",1315,0,19.5,10.5,28
"5221",1314,0,29.5,15.5,48
"5222",1313,0,56,32,38
"5223",1312,0,45.5,26.5,86
"5224",1311,0,101,58,86
"5225",1310,0,100.5,57.5,54
"5226",1309,0,61,34,62
"5227",1308,0,75.5,44.5,12
"5228",1307,0,12,6,54
"5229",1306,0,63.5,36.5,62
"5230",1305,0,72.5,41.5,60
"5231",1304,0,75,45,54
"5232",1303,0,63.5,36.5,52
"5233",1302,0,60.5,34.5,66
"5234",1298,0.0127782242276022,75.5,42.5,22.0002129704038
"5235",1297,0,27.5,16.5,46
"5236",1296,0,51,28,26
"5237",1295,0,29.5,16.5,78
"5238",1294,0,92,53,16
"5239",1293,0,17.5,9.5,38
"5240",1292,0,42,23,74
"5241",1291,0,89,52,34
"5242",1290,0,42.5,25.5,70
"5243",1765,0.165745894897838,84,49,54.0027624315816
"5244",1764,0,63,36,8
"5245",1763,0,8,4,50
"5246",1762,0,62,37,14
"5247",1761,0,17,10,32
"5248",1760,0,34.5,18.5,50
"5249",1759,0,61,36,56
"5250",1758,0,65.5,37.5,26
"5251",1757,0,27.5,14.5,30
"5252",1756,0,37,22,68
"5253",1755,0,82.5,48.5,32
"5254",1754,0,34,18,24
"5255",1753,0,25,13,36
"5256",1752,0,40,22,32
"5257",1751,0,39.5,23.5,88
"5258",1750,0,103,59,72
"5259",1749,0,85,49,46
"5260",1748,0,57,34,26
"5261",1747,0,27,14,52
"5262",1746,0,59.5,33.5,34
"5263",1650,0.44536648877203,40.5,23.5,32.0074227748129
"5264",1654,0.000891427265074926,39.5,23.5,48.0000148571211
"5265",1653,0,53.5,29.5,60
"5266",1587,0.00220599710233712,67.5,37.5,58.0000367666184
"5267",1554,0.00270827377177541,67,38,76.0000451378962
"5268",1553,0,88,50,38
"5269",1552,0,42.5,23.5,40
"5270",1607,0.00204528283098688,49,29,56.0000340880472
"5271",1662,0.00139157986673447,70,42,44.0000231929978
"5272",1661,0,49,27,54
"5273",1660,0,63.5,36.5,52
"5274",1659,0,64.5,38.5,80
"5275",1658,0,93.5,53.5,60
"5276",1657,0,75,45,34
"5277",1664,0.00160823161511778,40.5,23.5,22.0000268038603
"5278",1636,0.00121121122131078,23,12,40.0000201868537
"5279",1635,0,49,29,32
"5280",1665,0.00121121122131078,37.5,21.5,46.0000201868537
"5281",1674,0,52,29,78
"5282",1673,0,93,54,72
"5283",1672,0,85.5,49.5,42
"5284",1671,0,51.5,30.5,48
"5285",1670,0,54,30,56
"5286",1669,0,68,40,42
"5287",1668,0,49,28,32
"5288",1667,0,38.5,22.5,46
"5289",1666,0,56.5,33.5,48
"5290",1686,0.00164422256667867,53.5,29.5,64.0000274037095
"5291",1685,0,73,41,54
"5292",1689,0.00377771561119432,66,39,48.0000629619269
"5293",1715,0.00221695877063082,58,34,28.0000369493128
"5294",1717,0,29.5,15.5,50
"5295",1716,0,61,36,32
"5296",1720,0.00107666983464379,39.5,23.5,50.0000179444972
"5297",1722,0,62.5,37.5,34
"5298",1719,0.00309806906848896,37,20,74.0000516344845
"5299",1727,0.00414545762757441,86.5,49.5,66.0000690909605
"5300",1726,0,80,47,48
"5301",1725,0,59.5,35.5,88
"5302",1724,0,102.5,58.5,58
"5303",1721,0.00378630967202684,67.5,38.5,60.0000631051612
"5304",1688,0.00726010141038179,70,40,84.0001210016902
"5305",1508,0.00705381336185888,98.5,56.5,20.000117563556
"5306",1422,0.00156416867684793,23.5,13.5,10.0000260694779
"5307",1559,0.012296815565898,11.5,6.5,56.0002049469261
"5308",1558,0,68,40,30
"5309",1557,0,37.5,22.5,78
"5310",1420,0.00341700954301037,90.5,51.5,12.0000569501591
"5311",1680,0.0054771919956769,14.5,8.5,44.0000912865333
"5312",1683,0,49.5,27.5,56
"5313",1682,0,70,42,54
"5314",1681,0,60.5,33.5,74
"5315",717,2.97843245330947,89,52,46.0496405408885
"5316",721,0,52.5,29.5,46
"5317",715,0.00175344425110272,55,32,60.0000292240709
"5318",718,0.000125246057568733,70,40,70.0000020874343
"5319",720,0,81,46,64
"5320",719,0.000111194924254931,74,42,76.0000018532487
"5321",716,0.000229737914157754,90.5,52.5,32.0000038289652
"5322",691,0.000980702920361512,36,20,78.0000163450487
"5323",690,0,90,51,64
"5324",689,0,77.5,45.5,68
"5325",688,0,79,45,28
"5326",687,0,31.5,17.5,58
"5327",686,0,66,37,44
"5328",685,0,51,29,66
"5329",684,0,78,45,40
"5330",683,0,49.5,29.5,62
"5331",682,0,72.5,41.5,28
"5332",681,0,31,17,34
"5333",680,0,41,24,82
"5334",679,0,96.5,55.5,20
"5335",678,0,20,10,32
"5336",677,0,34.5,18.5,44
"5337",675,0.000111194927084224,52,30,56.0000018532488
"5338",596,0.0159563707562115,63.5,35.5,20.0002659395126
"5339",600,0,24,14,56
"5340",638,0,68.5,40.5,76
"5341",642,0,90.5,52.5,60
"5342",648,0,70,40,50
"5343",647,0,57.5,32.5,36
"5344",646,0,39,21,20
"5345",645,0,25,15,56
"5346",644,0,67,39,32
"5347",643,0,38,22,56
"5348",641,0.000111194927084224,67,39,12.0000018532488
"5349",640,0,12.5,6.5,78
"5350",639,0,93,54,76
"5351",583,0.000338527751079988,91,53,2.00000564212918
"5352",595,0,2,1,56
"5353",594,0,64,36,60
"5354",593,0,69.5,39.5,74
"5355",592,0,89,52,28
"5356",591,0,34,20,52
"5357",590,0,60,34,24
"5358",589,0,26.5,14.5,50
"5359",588,0,59.5,34.5,8
"5360",587,0,10,6,34
"5361",586,0,41,24,64
"5362",585,0,76.5,44.5,52
"5363",584,0,63.5,37.5,60
"5364",599,0.00100075433809943,75,45,56.000016679239
"5365",598,0,63,35,18
"5366",597,0,18.5,9.5,66
"5367",654,0.0021134897117134,79.5,46.5,58.0000352248285
"5368",653,0,66.5,37.5,44
"5369",652,0,50.5,28.5,68
"5370",651,0,78.5,44.5,34
"5371",650,0,37.5,20.5,34
"5372",637,0.00122450150936902,35.5,18.5,58.0000204083585
"5373",636,0,65.5,36.5,66
"5374",635,0,78.5,45.5,22
"5375",634,0,23.5,12.5,60
"5376",633,0,69,39,24
"5377",632,0,30,18,50
"5378",631,0,57,32,66
"5379",630,0,80.5,47.5,68
"5380",629,0,78,44,42
"5381",628,0,48,27,38
"5382",627,0,45.5,26.5,42
"5383",626,0,48,27,34
"5384",625,0,39.5,22.5,56
"5385",624,0,65.5,37.5,40
"5386",623,0,43.5,23.5,36
"5387",622,0,41.5,23.5,46
"5388",621,0,54,31,54
"5389",620,0,60,33,48
"5390",619,0,58,34,10
"5391",618,0,12,7,8
"5392",617,0,9,5,52
"5393",616,0,59,33,52
"5394",615,0,60.5,34.5,28
"5395",614,0,30,16,52
"5396",613,0,64.5,38.5,18
"5397",612,0,22.5,13.5,50
"5398",611,0,57.5,32.5,52
"5399",610,0,57.5,31.5,80
"5400",609,0,92.5,52.5,32
"5401",608,0,38.5,22.5,60
"5402",607,0,75,45,78
"5403",606,0,91,52,34
"5404",605,0,35,18,34
"5405",604,0,38,21,10
"5406",603,0,11.5,6.5,16
"5407",602,0,18.5,10.5,40
"5408",601,0,48.5,28.5,68
"5409",772,1.11731193597478,80.5,46.5,14.0186218655996
"5410",774,0.00350187548989581,16,9,66.0000583645915
"5411",773,0.005369434187111,77,44,48.0000894905698
"5412",775,0.0019145624145963,58,34,68.0000319093736
"5413",803,0.00808488276960565,77.5,43.5,42.0001347480462
"5414",805,0.00145583438559591,46.5,25.5,68.0000242639064
"5415",808,0.000686888124814982,83,49,64.0000114481354
"5416",804,0.00442787066103076,76.5,44.5,26.0000737978444
"5417",776,0.00925213625620015,31,18,16.0001542022709
"5418",802,0,19,11,68
"5419",771,0.0217867163339691,81.5,47.5,50.0003631119389
"5420",810,0.0394288941206718,59.5,34.5,58.0006571482353
"5421",819,0.00935055722862751,68,39,86.0001558426205
"5422",830,0.0500895047665848,101,58,12.0008348250794
"5423",824,0.00308313367143608,12,6,42.0000513855612
"5424",822,0.00702905779995731,51.5,30.5,40.0001171509633
"5425",835,0.0103359199121137,48,28,56.0001722653319
"5426",837,0,67,39,6
"5427",840,0.00483918384261915,6,3,46.000080653064
"5428",839,0.00196232910011647,52.5,29.5,58.000032705485
"5429",836,0.00299561058398524,65,36,28.0000499268431
"5430",744,0.593591052579704,31.5,17.5,26.0098931842097
"5431",752,0.0895434707735788,30.5,17.5,56.0014923911796
"5432",755,0,64,36,30
"5433",768,0.00168494477780606,31,16,26.000028082413
"5434",770,0.00707418862114117,27.5,14.5,58.0001179031437
"5435",743,3.02522225497876,68,39,36.0504203709163
"5436",2278,3.92170161394778,44.5,26.5,42.0653616935658
"5437",2287,0.00301920485060003,49,28,60.0000503200808
"5438",2286,0,68,38,54
"5439",2280,0.00423543199834803,65.5,38.5,54.0000705905333
"5440",2294,0.0352986874751721,60.5,33.5,18.0005883114579
"5441",2364,0.127528810958826,20,11,78.0021254801827
"5442",2257,2.71421890925465,90,51,68.0452369818209
"5443",2508,0.559930377220678,83,49,82.0093321729537
"5444",2613,1.01077921860933,96,55,58.0168463203102
"5445",2616,0,70.5,41.5,56
"5446",2615,0.000842697288730855,63,35,40.0000140449548
"5447",2614,0,43,23,34
"5448",2583,0.678556557329005,41.5,24.5,56.0113092759555
"5449",2612,0.679195520294473,67.5,39.5,30.0113199253382
"5450",2581,1.8443324413463,36,21,82.0307388740224
"5451",2571,0.251935207427001,96,55,60.0041989201238
"5452",2570,0,72,42,32
"5453",2565,0.740806109782494,37.5,21.5,52.0123467684964
"5454",2564,0,62,36,30
"5455",2262,0.575160523728793,31,16,26.0095860087288
"5456",2274,0.00123360381947641,29,16,20.0000205600637
"5457",2263,0.00237528014255498,24,14,46.0000395880024
"5458",2265,0,56,33,34
"5459",2273,0,37.5,20.5,62
"5460",2275,0.00235274483631226,74.5,43.5,78.0000392124139
"5461",2272,0.00558943348960852,93,54,62.0000931572248
"5462",2271,0,74,43,42
"5463",2270,0,48.5,27.5,38
"5464",2269,0,46.5,27.5,36
"5465",2268,0,41.5,23.5,42
"5466",2267,0,50,29,26
"5467",2266,0,26,13,32
"5468",2264,0.0107008816411511,34,18,40.0001783480274
"5469",2246,0.277536814705376,43.5,23.5,18.0046256135784
"5470",2244,0.374421510858561,21.5,12.5,24.0062403585143
"5471",2243,0.00744719256953856,24,12,34.0001241198762
"5472",2249,0.105172402671296,37.5,20.5,68.0017528733779
"5473",2076,0.99300234363368,78,44,62.0165500390606
"5474",2074,0.00705258622724788,71,40,0.000117543103787465
"5475",1946,0.932427974719696,0,0,70.0155404662453
"5476",801,1.58713742035979,83,48,48.0264522903393
"5477",800,0,53.5,29.5,32
"5478",799,0,34.5,18.5,22
"5479",798,0,27,16,16
"5480",797,0,18,10,42
"5481",796,0,45.5,24.5,78
"5482",795,0,92.5,53.5,56
"5483",794,0,63.5,35.5,72
"5484",793,0,83,47,32
"5485",792,0,38,22,56
"5486",791,0,68.5,40.5,82
"5487",790,0,95,54,38
"5488",789,0,42.5,23.5,16
"5489",788,0,18.5,10.5,42
"5490",787,0,49.5,28.5,42
"5491",786,0,51.5,30.5,62
"5492",785,0,74.5,43.5,44
"5493",784,0,47.5,25.5,36
"5494",783,0,40,22,14
"5495",782,0,14.5,7.5,66
"5496",781,0,77.5,44.5,50
"5497",780,0,55,30,26
"5498",779,0,31.5,18.5,70
"5499",778,0,84.5,49.5,62
"5500",777,0,71.5,40.5,54
"5501",750,0.710610062331384,67,40,18.0118435010389
"5502",754,0.00445079093424966,21,12,54.0000741798489
"5503",753,0,64,37,62
"5504",751,0.00445079093424966,70.5,39.5,58.0000741798489
"5505",769,0.0462825093224335,67,38,58.0007713751554
"5506",766,0.011404939318147,66,37,66.000190082322
"5507",756,0.00168494477780606,80,47,32.000028082413
"5508",765,0,35,19,76
"5509",764,0.005117878889254,91,53,52.0000852979815
"5510",763,0,64,38,2
"5511",762,0,2.5,1.5,68
"5512",761,0,80,46,36
"5513",760,0,38,20,58
"5514",759,0,65.5,36.5,68
"5515",758,0,82,48,76
"5516",757,0,88.5,50.5,42
"5517",767,0.0149041196927311,48.5,27.5,16.0002484019949
"5518",749,0.0195591062527333,18,10,32.0003259851042
"5519",748,0.00564354264403644,35.5,19.5,70.0000940590441
"5520",747,0.0273832300351551,82.5,47.5,62.0004563871673
"5521",746,0,71,40,52
"5522",745,0.170504006967381,64,38,62.0028417334495
"5523",2787,5.84466446774722,71,40,62.0974110744625
"5524",2768,9.36527104983372,70.5,39.5,70.1560878508306
"5525",2767,0,80,45,48
"5526",2766,0,52.5,28.5,70
"5527",2765,0,80.5,45.5,46
"5528",2764,0,52,29,50
"5529",2763,0,59,34,42
"5530",2762,0,52.5,31.5,44
"5531",2761,0,52,30,58
