"","total_route","single_distance","single_cargo_weight","single_cargo_volume","total_travel_time"
"1",1,0,0,0,0
"2",5,0,95,55,90
"3",4,0,105,60,28
"4",3,0,32,18,74
"5",2,0,85.5,48.5,44
"6",1182,2.00534129172318,49.5,27.5,68.0334223548621
"7",1181,0,77.5,43.5,30
"8",1184,0.0551595019780692,35,20,16.000919325033
"9",1183,0,19,11,26
"10",1186,0.508837884980506,27.5,14.5,16.0084806314163
"11",1190,0.00845101086598536,17,9,48.0001408501811
"12",1189,0,56,32,16
"13",1188,0,18.5,10.5,66
"14",1187,0,79.5,46.5,26
"15",1206,0.0339013892265328,31.5,18.5,76.0005650231538
"16",1208,0.00396698953680286,89.5,51.5,44.0000661164923
"17",1202,0.126209984246915,47.5,25.5,56.0021034997375
"18",1201,0,66.5,38.5,26
"19",1200,0,30.5,17.5,46
"20",1193,0.000567792034090187,52.5,29.5,62.0000094632006
"21",1192,0,73.5,42.5,16
"22",1199,0.000222389851339155,19.5,11.5,86.0000037064975
"23",1198,0,100.5,57.5,58
"24",1197,0,70.5,41.5,54
"25",1196,0.000444779708336895,67.5,40.5,12.0000074129951
"26",1195,0,12,6,84
"27",1194,0,98,56,36
"28",1191,0.00189119170841778,45,27,28.0000315198618
"29",1203,0.0644524713332713,30.5,16.5,80.0010742078556
"30",1205,0.0268882898532392,94,54,34.0004481381642
"31",1207,0.0035230025385677,35,18,10.000058716709
"32",1213,0.175490802781774,11.5,6.5,26.002924846713
"33",1218,0.0939679170791474,27,14,20.0015661319513
"34",1220,0.0287763716183732,21,11,40.0004796061936
"35",1219,0,43.5,23.5,52
"36",1236,0.603491116144659,60.5,34.5,22.0100581852691
"37",1238,0.00141050494267964,26,15,60.0000235084157
"38",1237,0,74.5,44.5,36
"39",1242,0.0171121918501119,43,25,68.0002852031975
"40",1268,0.22199600809042,80.5,46.5,46.0036999334682
"41",1364,0.865228921233347,56,33,48.0144204820206
"42",1399,0.815345385768415,57.5,33.5,32.0135890897628
"43",1398,0.00757529982064936,33,17,36.000126254997
"44",1397,0,44.5,26.5,72
"45",1395,0.00509081602157108,83.5,47.5,16.0000848469337
"46",1394,0.00382415437229903,17.5,9.5,38.0000637359062
"47",1396,0.00480994400943886,47,28,54.0000801657335
"48",1449,0.24917733167408,64.5,37.5,66.0041529555279
"49",1448,0,79,46,62
"50",1467,0.0515451532001198,74,43,32.0008590858867
"51",1485,0.379801558523206,39.5,23.5,56.0063300259754
"52",1477,0.182432185380062,67,39,56.003040536423
"53",1495,0.096297249186126,66,38,44.0016049541531
"54",1476,0.27672380229944,50,28,48.0046120633717
"55",1533,0.212587333517276,59.5,35.5,52.0035431222253
"56",1603,0.0932940711528212,62.5,36.5,18.0015549011859
"57",1620,0.0223220939530569,20.5,11.5,62.0003720348992
"58",1621,0.0335432964862747,77,46,26.0005590549414
"59",1619,0.015129384301476,28,15,74.000252156405
"60",1615,0.00750864190756192,86.5,49.5,56.0001251440318
"61",1613,0.00158741807607747,67,39,40.0000264569679
"62",1614,0.00255813289243956,50,30,36.0000426355482
"63",1609,0.00583003756465128,39.5,21.5,36.0000971672927
"64",1608,0.000820282059360806,43,25,66.0000136713677
"65",1607,0.00276410435235877,80.5,47.5,80.0000460684059
"66",1604,0.0045305752979388,94.5,54.5,52.0000755095883
"67",1602,0.00505020737588363,63.5,37.5,32.0000841701229
"68",1600,0.00664645274884824,33.5,17.5,88.0001107742125
"69",1599,0.00160397134838755,102.5,58.5,50.0000267328558
"70",1618,0.0504768867383054,60.5,35.5,72.0008412814456
"71",1630,0.0869978100970936,84.5,48.5,42.0014499635016
"72",1550,0.0999431573428091,52,31,16.001665719289
"73",1549,0,16.5,8.5,12
"74",1548,0,12,6,78
"75",1631,0.194503154167625,91.5,52.5,66.0032417192361
"76",1660,0.0307893653031462,75.5,42.5,32.0005131560884
"77",1666,0.00148359500542913,34.5,18.5,66.0000247265834
"78",1681,0.00447327759620236,76.5,43.5,68.0000745546266
"79",1698,0.0037229497806076,82,48,40.000062049163
"80",1699,0.000255987646434403,50,30,34.0000042664608
"81",1705,0.000255987652083451,36,19,32.0000042664609
"82",1704,0,36,20,76
"83",1706,0.000405517163140047,87.5,49.5,6.00000675861939
"84",1714,0.00497750568935953,7,4,60.0000829584282
"85",1719,0.000308925519571019,68,38,44.0000051487587
"86",1713,0.000728087630667478,48.5,26.5,28.0000121347938
"87",1712,0.000876738103643473,28.5,14.5,62.0000146123017
"88",1703,0.00109523495442905,76,45,48.0000182539159
"89",1685,0.00439254537270081,55.5,31.5,24.0000732090895
"90",1684,0,27.5,15.5,8
"91",1683,0,9.5,5.5,68
"92",1682,0,78,44,42
"93",1695,0.00731018167165105,48,27,20.0001218363612
"94",1679,0.00250807375761623,23,13,26.0000418012293
"95",1692,0.00273342822001654,30,17,42.000045557137
"96",1693,0.00122450174592556,49,28,64.0000204083624
"97",1709,0.00461089052934144,75.5,43.5,4.00007684817549
"98",1711,0.000125248220064785,5,3,44.0000020874703
"99",1710,0.000111194924254931,54,32,12.0000018532487
"100",1708,0.000338528595395325,15,9,34.0000056421433
"101",1707,0.000338528594609996,41.5,24.5,30.0000056421432
"102",1653,0.0216093239681022,35,20,60.0003601553995
"103",1722,0.0239402239768752,68,38,62.0003990037329
"104",1724,0.00150223046099931,72,41,14.0000250371743
"105",1808,0.0570779316984645,15,8,50.0009512988616
"106",1807,0,60,35,8
"107",1806,0,8,4,60
"108",1805,0,67.5,37.5,72
"109",1804,0,85,49,46
"110",1812,0.26575728144119,56.5,33.5,66.004429288024
"111",1811,0,77.5,44.5,74
"112",1810,0,88.5,51.5,38
"113",1809,0,43,24,36
"114",1645,0.0716975559442459,38,20,12.0011949592657
"115",1644,0,15,9,80
"116",1643,0,93.5,53.5,36
"117",1642,0,39,21,50
"118",1641,0,61,36,44
"119",1640,0,48.5,26.5,66
"120",1639,0.00624849447243013,78,45,58.0001041415745
"121",1648,0.00225799698219698,67,38,30.000037633283
"122",1647,0,33.5,18.5,60
"123",1813,0.116644937809772,74,44,8.00194408229683
"124",1864,0.095036828597555,8,4,58.0015839471433
"125",1865,0.000160185067675479,70,41,26.0000026697511
"126",1866,0.000160185065022444,31,18,52.0000026697511
"127",1867,0.00268531499231871,59.5,33.5,24.0000447552499
"128",1665,0.163900393688598,24.5,12.5,74.0027316732281
"129",1734,0.0539265447885156,86.5,49.5,44.0008987757465
"130",1733,0,53,31,22
"131",1738,0.0020221613032239,22,11,76.0000337026884
"132",1768,0.0105963618415669,88,50,16.0001766060307
"133",1726,0.00770079862007888,17.5,9.5,88.0001283466437
"134",1725,0.00335132563860648,102.5,58.5,16.0000558554273
"135",1723,0.00139120462568477,18,10,8.00002318674376
"136",1721,0.00103533298284284,9,5,40.0000172555497
"137",1720,0.000564536214314653,42.5,22.5,78.0000094089369
"138",1718,0.000811080196774634,91.5,52.5,52.0000135180033
"139",1697,0.0078257529494946,58,32,16.0001304292158
"140",1696,0,20,12,68
"141",1694,0.000230616863206225,79.5,45.5,20.0000038436144
"142",1690,0.000530668445862901,20.5,10.5,38.0000088444741
"143",1689,0,43.5,24.5,60
"144",1680,0.00125585285187537,70,40,18.0000209308809
"145",1676,0.00382750404089987,18,9,24.000063791734
"146",1664,0.0012801217326476,26,14,72.0000213353622
"147",1663,0.000111194927084224,85,49,14.0000018532488
"148",1662,0,17,10,32
"149",1661,0.000338530375274517,38.5,22.5,80.0000056421729
"150",1659,0.000418617773443839,93,53,36.0000069769629
"151",1656,0.00442859680584627,44.5,26.5,62.0000738099468
"152",1655,0.0013823919138337,70,39,26.0000230398652
"153",1658,0.0057478659194215,27,14,28.0000957977653
"154",1657,0.000250506209978469,30.5,16.5,32.0000041751035
"155",1654,0.00262477959035808,37.5,21.5,66.0000437463265
"156",1652,0.00288339793033074,80,47,88.0000480566322
"157",1651,0.000250506260393063,102.5,58.5,18.0000041751043
"158",1650,0.000338530411794953,22,13,34.0000056421735
"159",1646,0.00263390568238903,35.5,18.5,68.000043898428
"160",1678,0.0332825655733308,79,45,18.0005547094262
"161",1677,0.00116451471444557,18,9,36.0000194085786
"162",1632,0.120932052996598,41.5,23.5,50.0020155342166
"163",1627,0.0425888232695976,57,32,38.0007098137212
"164",1626,0,42.5,23.5,14
"165",1625,0,16,9,16
"166",1624,0,18.5,10.5,84
"167",1623,0,99,57,18
"168",1622,0,19,10,52
"169",1628,0.00300447670320495,57.5,31.5,5.00746117200825e-05
"170",1617,0.032017562902726,0,0,42.0005336260484
"171",1616,0.000564552453158894,51,30,40.0000094092075
"172",1564,0.211924040546531,50,30,56.0035320673424
"173",1606,0.0881150670773361,62.5,34.5,74.0014685844513
"174",1605,0,89,52,32
"175",1484,0.235114370814082,33.5,17.5,64.0039185728469
"176",1447,0.412272916428192,72.5,40.5,60.0068712152738
"177",1446,0,73.5,43.5,50
"178",1445,0.177963179237483,60,35,8.00296605298729
"179",1444,0,10,6,32
"180",1443,0,40,24,30
"181",1442,0,33.5,18.5,60
"182",1441,0,71.5,41.5,64
"183",1440,0,73.5,41.5,60
"184",1439,0,71.5,41.5,64
"185",1438,0.00626780684577851,78.5,46.5,40.0001044634474
"186",1437,0,43.5,23.5,44
"187",1436,0,54.5,32.5,38
"188",1435,0,42.5,23.5,78
"189",1434,0,90.5,51.5,36
"190",1433,0,40.5,22.5,58
"191",1426,0.00576916367521571,72,43,68.0000961527279
"192",1425,0,81,47,82
"193",1424,0,97,56,18
"194",1423,0,22,13,60
"195",1422,0,69,39,56
"196",1421,0,65,37,62
"197",1432,0.00989072340811588,74,43,48.0001648453901
"198",1431,0,55,31,42
"199",1430,0,47,26,56
"200",1429,0,65.5,37.5,16
"201",1428,0,17.5,9.5,50
"202",1427,0,58.5,33.5,56
"203",1420,0.00328180203125997,67.5,39.5,14.0000546967005
"204",1419,0,15,8,60
"205",1418,0,69.5,39.5,38
"206",1417,0,41.5,22.5,56
"207",1416,0,65,37,22
"208",1415,0,25,14,50
"209",1414,0.00134093186609847,57,32,66.0000223488644
"210",1413,0,80.5,47.5,48
"211",1412,0,52.5,28.5,74
"212",1411,0,87,50,56
"213",1410,0,65,37,40
"214",1409,0,44,24,40
"215",1408,0.00188111103525891,43,23,52.0000313518506
"216",1407,0,63.5,37.5,48
"217",1406,0,55,31,28
"218",1405,0,33,19,56
"219",1404,0,68.5,40.5,46
"220",1403,0,54,31,40
"221",1451,0.128059188332477,44,24,10.0021343198055
"222",1452,0.00158318936921765,10.5,5.5,16.0000263864895
"223",1450,0.000751502073300453,19,11,78.0000125250345
"224",1455,0.00207048107423054,93,54,76.0000345080179
"225",1454,0,90.5,52.5,54
"226",1453,0,61,34,50
"227",1458,0.00189031375194393,57.5,32.5,38.0000315052292
"228",1457,0,42.5,23.5,24
"229",1456,0,27.5,15.5,32
"230",1461,0.00882369792034488,32.5,16.5,38.000147061632
"231",1460,0,43,24,58
"232",1459,0,71,42,84
"233",1464,0.00410976190545668,98.5,56.5,28.0000684960318
"234",1463,0,31.5,17.5,26
"235",1462,0,28.5,15.5,10
"236",1370,0.40514578485383,11,6,64.0067524297476
"237",1369,0,75.5,43.5,42
"238",1368,0.00637150983636525,45,24,44.0001061918306
"239",1367,0,49,27,62
"240",1372,0.00360020495375242,73,42,20.0000600034159
"241",1371,0,22.5,12.5,58
"242",1378,0.00679957913472514,68.5,39.5,30.0001133263189
"243",1377,0,32,17,74
"244",1376,0.0098077159910868,87.5,50.5,70.0001634619332
"245",1375,0,84.5,49.5,28
"246",1374,0.00411461620154502,33,19,50.0000685769367
"247",1373,0,55.5,30.5,54
"248",1385,0.0103412651846383,64.5,37.5,54.0001723544197
"249",1384,0,60,33,48
"250",1383,0,53.5,29.5,84
"251",1382,0,98,56,52
"252",1389,0.00411151428647761,65,39,68.0000685252381
"253",1388,0,79.5,45.5,34
"254",1391,0.00220438842628755,36,19,58.0000367398071
"255",1390,0,70.5,41.5,28
"256",1387,0.00416408395272066,32,18,56.0000694013992
"257",1386,0,69.5,41.5,42
"258",1393,0.010601674186805,46,25,64.0001766945698
"259",1392,0,76,44,16
"260",1379,0.0140591127223674,17,9,30.0002343185454
"261",1381,0.0112262182390168,32.5,17.5,44.0001871036373
"262",1380,0,50,28,32
"263",1401,0.444344537522953,38.5,22.5,54.0074057422921
"264",1400,0,62.5,35.5,28
"265",1466,0.278917098427373,33.5,19.5,16.0046486183071
"266",1524,0.630308885987712,18,10,44.0105051480998
"267",1534,0.063704076412378,52.5,30.5,56.0010617346069
"268",1465,0.454755336652676,64.5,36.5,12.0075792556109
"269",1472,0.348851947022007,13.5,7.5,42.005814199117
"270",1471,0,47.5,26.5,28
"271",1552,0.418457000040967,29.5,15.5,4.00697428333402
"272",1551,0,5,3,62
"273",1601,0.0815107039431213,76.5,45.5,30.0013585117324
"274",1598,0.0092177806556841,32.5,17.5,82.0001536296776
"275",1597,0.0140326461747602,96,55,72.0002338774362
"276",1596,0.00205400190421908,84.5,48.5,34.0000342333651
"277",2563,0.747656093249152,39,22,72.0124609348875
"278",2562,0,86,50,28
"279",2561,0,28.5,14.5,64
"280",2560,0,77,45,20
"281",2559,0,22,12,58
"282",2558,0,65,36,52
"283",2557,0.0411431334178276,60.5,34.5,46.0006857188903
"284",2612,0.0908332792312352,55.5,32.5,62.0015138879872
"285",2745,0.224055346268507,70.5,39.5,54.0037342557711
"286",2746,0.0165467534068626,62,35,72.0002757792234
"287",2723,0.192378892060477,86,50,24.0032063148677
"288",2904,0.341697967821807,24.5,12.5,68.0056949661304
"289",2901,0.247862190151537,79,45,42.0041310365025
"290",2900,0,52,31,24
"291",2743,0.201978868748916,26,14,20.0033663144791
"292",2736,0.0633193030280133,20,10,56.0010553217171
"293",2591,0.400674813955338,66.5,38.5,68.0066779135659
"294",2590,0,82,48,46
"295",2589,0.0518213651081775,53.5,30.5,14.0008636894185
"296",2498,0.158986584228523,17,10,50.0026497764038
"297",2497,0,61.5,36.5,74
"298",2496,0.001332760656465,86.5,49.5,18.0000222126776
"299",2489,0.00701122642590369,21,12,58.0001168537738
"300",2488,0,65.5,36.5,62
"301",2487,0,71,40,54
"302",2433,0.101578350634008,63,36,0.00169297251056679
"303",2432,0,0,0,26
"304",2441,0.00190904676969079,27,14,64.0000318174462
"305",2355,0.087675564377671,76,44,58.0014612594063
"306",2354,0,71,42,40
"307",2353,0,46.5,26.5,22
"308",2352,0,22.5,11.5,26
"309",2351,0,30.5,17.5,62
"310",2350,0,75,44,14
"311",2349,0,17.5,10.5,24
"312",2348,0,29.5,17.5,30
"313",2347,0,35,20,68
"314",2331,0.00070111252869628,81.5,47.5,16.0000116852088
"315",2330,0,20,12,24
"316",2329,0,25.5,13.5,38
"317",2328,0,43,24,24
"318",2327,0,25.5,13.5,52
"319",2326,0,62.5,36.5,40
"320",2325,0,46.5,26.5,14
"321",2324,0,17,10,62
"322",2323,0,76.5,45.5,54
"323",2322,0,65.5,38.5,34
"324",2321,0,42.5,25.5,52
"325",2320,0,63.5,37.5,62
"326",2319,0,75,44,42
"327",2318,0,46.5,25.5,32
"328",2314,0.000250535835838692,39.5,23.5,24.0000041755973
"329",2313,0,26.5,14.5,54
"330",2312,0,66,39,34
"331",2311,0,35,18,6
"332",2310,0,6.5,3.5,50
"333",2309,0,55,30,70
"334",2308,0,81,46,52
"335",2307,0,62.5,36.5,50
"336",2299,0.000601956505085182,59.5,34.5,62.0000100326084
"337",2298,0,72.5,41.5,40
"338",2297,0,47.5,27.5,24
"339",2296,0,28.5,16.5,40
"340",2295,0,45.5,25.5,74
"341",2305,0.000281792324975633,86,49,6.00000469653875
"342",2304,0,6,3,22
"343",2303,0,26.5,15.5,54
"344",2302,0,63.5,36.5,32
"345",2317,5.76865752212943e-05,36,20,76.0000009614429
"346",2316,0,90.5,52.5,18
"347",2315,0,20.5,11.5,44
"348",2336,0.000250535847079907,49,27,44.0000041755975
"349",2335,0,51.5,29.5,6
"350",2334,0,7,4,6
"351",2333,0,7.5,4.5,46
"352",2332,0,55.5,32.5,36
"353",2342,0.000352972764963956,42,24,64.0000058828794
"354",2341,0,76,44,26
"355",2340,0,32,19,6
"356",2339,0,6,3,48
"357",2338,0,54,30,46
"358",2337,0,54,31,18
"359",2301,0.000346119501835425,21,12,38.0000057686584
"360",2300,0,43.5,24.5,42
"361",2285,0.00082281454168855,49,28,28.0000137135757
"362",2284,0,34.5,20.5,40
"363",2283,0,49.5,29.5,24
"364",2282,0,27.5,15.5,62
"365",2280,0.000672394159219177,72,41,60.0000112065693
"366",2294,0.00187901875778355,72,42,14.0000313169793
"367",2293,0,15.5,8.5,40
"368",2292,0,47.5,27.5,84
"369",2291,0,98,56,24
"370",2290,0,25,13,46
"371",2289,0,54.5,31.5,72
"372",2288,0,86.5,50.5,74
"373",2287,0,87,50,28
"374",2286,0,30.5,16.5,56
"375",2346,0.0036732451780742,69.5,41.5,44.000061220753
"376",2345,0,54.5,32.5,26
"377",2344,0,32,19,64
"378",2281,0.00204640303288695,78.5,46.5,18.0000341067172
"379",2257,0.0146601137294883,22,13,64.0002443352288
"380",2256,0,75.5,43.5,78
"381",2255,0,91.5,52.5,48
"382",2254,0,57.5,33.5,58
"383",2253,0,72,43,20
"384",2252,0,20,10,34
"385",2251,0,36.5,19.5,30
"386",2247,0.000564806232505518,30.5,15.5,38.0000094134372
"387",2246,0,47,28,16
"388",2245,0,19,11,58
"389",2244,0,70,41,10
"390",2243,0,12.5,7.5,86
"391",2242,0,101,58,30
"392",2241,0,33,18,40
"393",2240,0,48.5,28.5,72
"394",2239,0,84,48,62
"395",2238,0,71,40,44
"396",2236,0.000576867711447411,54.5,32.5,36.0000096144619
"397",2235,0,43.5,25.5,6
"398",2234,0,6,3,42
"399",2233,0,47,26,66
"400",2232,0,75,42,14
"401",2223,0.00537142458342599,16.5,9.5,32.0000895237431
"402",2222,0,37,21,30
"403",2221,0.000333584781252672,35,20,52.0000055597464
"404",2220,0,58.5,32.5,70
"405",2219,0,84.5,49.5,36
"406",2218,0,38,20,22
"407",2217,0,23.5,12.5,2
"408",2216,0,2,1,34
"409",2215,0,38.5,21.5,10
"410",2214,0,11,6,50
"411",2213,0,61,36,64
"412",2212,0,79,47,16
"413",2211,0,16.5,8.5,34
"414",2210,0,42.5,25.5,68
"415",2209,0,78.5,44.5,74
"416",2208,0,85,48,50
"417",2207,0,56.5,31.5,20
"418",2206,0,24,14,34
"419",2197,0.00865518197171154,35.5,18.5,52.0001442530329
"420",2196,0,64.5,38.5,64
"421",2195,0,76,44,26
"422",2194,0,30.5,17.5,60
"423",2193,0,71.5,41.5,46
"424",2192,0,57,34,78
"425",2191,0,91,52,24
"426",2190,0.000768425993639106,28.5,16.5,44.0000128070999
"427",2189,0,51,29,20
"428",2188,0,25,15,20
"429",2187,0,22,12,40
"430",2186,0,48.5,28.5,32
"431",2185,0,34.5,18.5,40
"432",2184,0,44.5,24.5,66
"433",2183,0,80.5,47.5,50
"434",2182,0,60,35,54
"435",2181,0,63.5,36.5,18
"436",2180,0,21,12,56
"437",2179,0,70,42,20
"438",2178,0,22,12,58
"439",2177,0.0014011552741409,65.5,36.5,38.0000233525879
"440",2176,0,46,27,8
"441",2175,0,10,6,52
"442",2174,0,63,37,48
"443",2173,0,53,29,50
"444",2201,0.00387531451785309,59.5,34.5,78.0000645885753
"445",2200,0,92.5,53.5,60
"446",2199,0,72.5,42.5,32
"447",2079,0.0366767311051807,37,21,24.0006112788518
"448",2078,0,26.5,14.5,62
"449",2077,0,70,39,22
"450",2076,0,23,12,40
"451",2075,0,46.5,26.5,86
"452",2064,0.00303342698263927,100.5,57.5,64.0000505571164
"453",2063,0,72.5,40.5,40
"454",2062,0,48.5,28.5,52
"455",2061,0,64,38,24
"456",2060,0,28,16,44
"457",2059,0,55,33,30
"458",2058,0,35,20,28
"459",2057,0,32,18,36
"460",2056,0,38,20,34
"461",2055,0,36,19,44
"462",2054,0,54,32,26
"463",2053,0,26.5,13.5,52
"464",2028,0.00466056074124296,63.5,37.5,58.0000776760124
"465",2027,0,69,40,24
"466",2026,0,26.5,14.5,60
"467",2025,0,74,44,64
"468",2024,0,73,41,36
"469",2023,0,44,26,62
"470",2022,0,77,46,56
"471",2021,0,67.5,39.5,34
"472",2020,0,42.5,25.5,56
"473",2033,0.00352767481390968,69.5,41.5,52.0000587945802
"474",2032,0,57.5,31.5,38
"475",2031,0,46,27,28
"476",2030,0,33,19,66
"477",2029,0,76,43,60
"478",2049,0.00173416170104618,74,44,30.000028902695
"479",2048,0,37.5,22.5,40
"480",2047,0,43.5,23.5,50
"481",2046,0,61,36,40
"482",2045,0,48.5,28.5,70
"483",2073,0.0028462511479264,82,47,10.0000474375191
"484",2072,0,10.5,5.5,48
"485",2071,0,55,31,36
"486",2087,0.00108084992999572,42,24,36.0000180141655
"487",2086,0,42.5,24.5,64
"488",2085,0,76,44,30
"489",2084,0,37.5,22.5,8
"490",2083,0,9,5,38
"491",2082,0,44,25,44
"492",2097,0.00112716820877246,54,32,32.0000187861368
"493",2110,0.00048070458608607,35,19,60.0000080117431
"494",2109,0,72,42,64
"495",2108,0,79,47,36
"496",2107,0,44,26,12
"497",2106,0,14.5,8.5,34
"498",2105,0,38.5,21.5,26
"499",2104,0,30.5,17.5,42
"500",2103,0,47,26,26
"501",2102,0,30.5,17.5,60
"502",2123,0.00104754448678028,72.5,42.5,68.0000174590748
"503",2122,0,77.5,43.5,32
"504",2121,0,36,20,24
"505",2120,0,26.5,14.5,50
"506",2119,0,59,34,74
"507",2118,0,88,51,2
"508",2094,0.00363424099895188,2,1,80.0000605706833
"509",2093,0,94,54,24
"510",2092,0,25.5,13.5,10
"511",2091,0,11,6,22
"512",2080,0.000758122061390251,27.5,16.5,16.0000126353677
"513",2042,0.00576553795839803,16.5,8.5,70.0000960922993
"514",2041,0,81,46,72
"515",2040,0,86,50,0
"516",2039,0,0,0,66
"517",2038,0,80,47,30
"518",2037,0,31.5,16.5,64
"519",2036,0,77.5,45.5,72
"520",2035,0,85,49,44
"521",2034,0,50.5,28.5,58
"522",1532,0.507558243867755,69,40,80.0084593040645
"523",1531,0,92.5,52.5,42
"524",1530,0,47,26,62
"525",1529,0,72,41,54
"526",1528,0.00317483426618834,62.5,35.5,56.0000529139044
"527",1527,0,70,42,66
"528",1526,0,75,42,26
"529",1525,0,26.5,13.5,58
"530",2501,0.845796330690065,69,40,68.0140966055115
"531",2505,0.0209420521554317,77.5,43.5,50.0003490342026
"532",2504,0,61.5,36.5,40
"533",2506,0.00415551119625224,43.5,23.5,38.0000692585199
"534",2509,0.0395318782880116,47.5,28.5,58.0006588646381
"535",2526,0.0394689160372793,71.5,42.5,58.0006578152673
"536",2525,0,71,42,46
"537",2527,0.00444929365682275,57.5,34.5,76.0000741548943
"538",2529,0.0197367633737429,87.5,49.5,34.0003289460562
"539",2582,0.0608656396493711,36,19,26.0010144273275
"540",2583,0.0154759758320135,28,15,32.0002579329305
"541",2585,0.00848403488813522,32.5,16.5,38.0001414005815
"542",2584,0,43.5,24.5,68
"543",2581,0.0222738190334553,82,48,62.0003712303172
"544",2597,0.0233634480087536,73.5,42.5,48.0003893908001
"545",2576,0.0459410831067564,59.5,35.5,34.0007656847184
"546",2575,0,42,25,12
"547",2568,0.00359242768558595,12.5,6.5,36.0000598737948
"548",2554,0.0103368096325491,45,27,22.0001722801605
"549",2552,0.00215836199714685,26.5,15.5,74.0000359726999
"550",2551,0,89,52,36
"551",2547,0.000820904929594598,41,23,34.0000136817488
"552",2550,0.000920830046926921,39,22,18.0000153471674
"553",2546,0.00430837595717204,20,11,12.000071806266
"554",2472,0.181569825620698,13,7,38.0030261637603
"555",2471,0.0055430495650452,42.5,23.5,80.0000923841594
"556",2470,0,94.5,54.5,68
"557",2172,0.221061672455356,80,46,54.0036843612076
"558",2166,0.00484808701407877,62,35,30.0000808014502
"559",2165,0.00135415279861154,33.5,18.5,50.0000225692133
"560",2168,0.0110079027237235,61,36,10.0001834650454
"561",2157,0.0262578979403195,12.5,7.5,18.0004376316323
"562",2156,0,18.5,9.5,64
"563",2051,0.0863412922289406,78,46,24.0014390215371
"564",1881,0.131178219302974,24,12,70.0021863036551
"565",1876,0.0218164326677913,84,49,2.00036360721113
"566",1848,0.0494415941106609,2.5,1.5,26.0008240265685
"567",1847,0,27.5,14.5,80
"568",1824,0.0285176929862431,92.5,52.5,30.0004752948831
"569",1821,0.01085601276634,33,18,54.0001809335461
"570",1636,0.117165908333827,64.5,37.5,18.0019527651389
"571",1633,0.0030432039859842,22,13,12.0000507200664
"572",1634,0.00213746734181177,12,6,36.0000356244557
"573",1635,0.000160260300325706,38,20,72.000002671005
"574",1878,0.197794410006481,85,49,40.0032965735001
"575",1877,0.0237005571716978,45,25,36.0003950092862
"576",1882,0.327831283614934,44,26,72.0054638547269
"577",2704,0.613761015094953,85,49,72.0102293502516
"578",2747,0.47963326581615,87,51,32.0079938877636
"579",2738,0.0836819102821393,39,23,26.0013946985047
"580",2737,0.00165590353622703,29,16,48.0000275983923
"581",2731,0.0318529866313001,59,35,18.0005308831105
"582",2726,0.00303297676781319,22,13,30.0000505496128
"583",2727,0.0109149141736228,31,16,32.0001819152362
"584",2709,0.109607649579462,34,18,52.0018267941597
"585",2708,0,62.5,36.5,6
"586",2707,0,7.5,4.5,72
"587",2711,0.0126372263055953,84.5,48.5,60.0002106204384
"588",2710,0,72.5,42.5,46
"589",2713,0.00612895127200139,50.5,27.5,24.0001021491879
"590",2712,0,27,15,52
"591",2615,0.0902677403344725,64.5,38.5,54.0015044623389
"592",2618,0.0105218936116336,62,35,58.0001753648935
"593",2683,0.0611495250913376,68.5,39.5,58.0010191587515
"594",2639,0.0723247730000809,70,41,84.0012054128833
"595",2608,0.0296813103320039,98,56,24.0004946885055
"596",2757,0.273401897187671,29,17,36.0045566982865
"597",2873,0.112530694058569,42.5,24.5,78.0018755115676
"598",2891,0.0114515026332879,93,54,34.0001908583772
"599",2890,0,35,18,42
"600",2894,0.00199399451771048,49,28,44.000033233242
"601",2893,0,54.5,32.5,8
"602",2892,0,9.5,5.5,24
"603",2902,0.0324094340362411,26.5,14.5,56.0005401572339
"604",2962,0.202874140169221,66,38,80.0033812356695
"605",2968,0.0787036280156827,92.5,52.5,50.0013117271336
"606",2964,0.0382700521652945,61,36,62.0006378342028
"607",2963,0,73.5,42.5,46
"608",2961,0.0214535622595034,52.5,29.5,32.000357559371
"609",2960,0.00934396534669591,39.5,23.5,88.0001557327558
"610",2959,0,102.5,58.5,56
"611",2918,0.0471298339642949,69,41,56.0007854972327
"612",2917,0,64.5,36.5,36
"613",2909,0.0298275717365276,40,22,52.0004971261956
"614",2995,0.159179322914795,65,39,16.0026529887152
"615",2998,0.0480293692114767,18,10,66.0008004894869
"616",3004,0.00370993777895989,78.5,45.5,88.0000618322963
"617",3003,0,103,59,40
"618",3009,0.00562836228623462,46,26,40.0000938060381
"619",3038,0.0890146165199162,48.5,28.5,32.001483576942
"620",3016,0.00712910829383203,35.5,19.5,44.0001188184716
"621",3039,0.0111472366248543,53,31,58.0001857872771
"622",3019,0.0111529189822066,65.5,36.5,30.000185881983
"623",3018,0,33,18,78
"624",3037,0.0158873876198696,93,54,28.0002647897937
"625",3054,0.0360447469604687,32.5,18.5,44.0006007457827
"626",3078,0.336512181664943,51.5,29.5,74.0056085363611
"627",2916,0.251430257664603,88.5,51.5,14.0041905042944
"628",3739,0.600283520114292,16,9,54.0100047253352
"629",3740,0.00271872361924035,60,33,28.0000453120603
"630",3743,0.000448505918139903,35,21,34.0000074750986
"631",3742,0,35.5,18.5,50
"632",3741,0,57.5,32.5,44
"633",4198,0.208733668896002,48.5,26.5,38.0034788944816
"634",4317,0.161952203948239,40.5,21.5,54.0026992033991
"635",4574,0.517588729935898,67.5,40.5,16.0086264788323
"636",4573,0,17,9,52
"637",4577,0.00110177549052723,60.5,34.5,70.0000183629248
"638",4576,0,80.5,45.5,66
"639",4578,0.000716946772206644,78,45,40.0000119491129
"640",4575,0.00130985413442476,49,29,20.0000218309022
"641",4570,0.207303381265388,24.5,14.5,26.0034550563544
"642",4579,0.0825860980456779,26.5,13.5,8.00137643496743
"643",4572,0.401683499464809,9.5,5.5,68.0066947249911
"644",4571,0,80.5,46.5,62
"645",4584,0.310359477301158,73,42,68.005172657955
"646",4583,0,79.5,45.5,60
"647",4610,0.254498949527258,71,41,52.0042416491588
"648",4609,0,58.5,32.5,28
"649",4628,0.0524539695859312,32,18,44.0008742328264
"650",4627,0,54.5,32.5,42
"651",4626,0,51.5,30.5,62
"652",4820,0.0990336580825022,72,41,44.001650560968
"653",4819,0,54.5,32.5,60
"654",4807,0.0176293639721449,75,45,64.0002938227329
"655",4806,0,79,47,66
"656",4805,0.0350538323756915,77,44,36.0005842305396
"657",4804,0,44,26,22
"658",4803,0,27,16,16
"659",4802,0,16,8,46
"660",4801,0,54.5,31.5,54
"661",4817,0.0174962011290356,64,37,56.0002916033522
"662",4816,0,68,40,36
"663",4815,0,43.5,25.5,22
"664",4814,0,23.5,12.5,82
"665",4596,0.23804624617852,95.5,54.5,36.0039674374363
"666",4595,0,43.5,25.5,26
"667",4594,0.00405767824679482,30.5,17.5,50.0000676279708
"668",4593,0,55,30,36
"669",4592,0,38.5,20.5,36
"670",4591,0,41.5,23.5,50
"671",4590,0,57.5,32.5,52
"672",4589,0,63,37,58
"673",4588,0,65,36,16
"674",4587,0,17,9,16
"675",4586,0,19.5,11.5,46
"676",4826,0.281157902053906,56.5,33.5,12.0046859650342
"677",4825,0.066301175736732,13.5,7.5,38.0011050195956
"678",4824,0,45,26,48
"679",4855,0.141330240662897,59,35,24.002355504011
"680",4854,0,30,18,34
"681",4853,0,39,22,50
"682",4852,0,59.5,34.5,64
"683",4845,0.161643323415901,75.5,43.5,32.0026940553903
"684",4841,0.0157037432792068,35,19,84.0002617290547
"685",4879,0.136617256817233,98.5,56.5,62.0022769542803
"686",4880,0.0304297116451496,75.5,44.5,76.0005071618608
"687",4882,0.0477527862559976,90,52,16.0007958797709
"688",4881,0.0066623033070123,18,10,32.0001110383885
"689",4888,0.07623214327985,32.5,16.5,72.0012705357213
"690",4889,0.12004489457427,83.5,47.5,30.0020007482429
"691",4893,0.033576508612315,31.5,16.5,72.0005596084769
"692",4892,0.00255857438200045,85,49,84.0000426429064
"693",4891,0,98,56,40
"694",4890,0,45.5,25.5,28
"695",4896,0.0533148736168082,29.5,15.5,34.0008885812269
"696",4895,0,37,20,26
"697",4908,0.0309463008613758,28.5,15.5,14.000515771681
"698",4907,0,16,9,10
"699",4902,0.0371130663417146,10,5,52.0006185511057
"700",4901,0,58,32,66
"701",4900,0,81,48,10
"702",4899,0,12,7,54
"703",4898,0,61.5,34.5,48
"704",5154,0.226436669643123,55.5,31.5,28.003773944494
"705",5153,0.0241693292312963,31.5,17.5,32.0004028221539
"706",5167,0.0585279207170845,39.5,23.5,18.0009754653453
"707",5249,0.154794659291255,22.5,13.5,44.0025799109882
"708",5171,0.17788992873865,54.5,32.5,44.0029648321456
"709",5170,0.0858425027365985,52.5,30.5,38.0014307083789
"710",4905,0.468665995578785,47.5,28.5,44.0078110999263
"711",4904,0.00100241454643937,54.5,32.5,32.0000167069091
"712",5134,0.153644133176224,35.5,19.5,62.0025607355529
"713",5133,0,73.5,42.5,58
"714",5135,0.0133982376505488,67,38,24.0002233039608
"715",5155,0.127850095332119,29,17,18.0021308349222
"716",5132,0.0863026346239631,22.5,13.5,46.0014383772437
"717",5156,0.13322244368607,50,27,50.0022203740614
"718",5182,0.0532523200064665,62.5,37.5,38.0008875386668
"719",5181,0,43,24,18
"720",5180,0,21.5,12.5,52
"721",5179,0,61,35,6
"722",5186,0.00060068173221711,6,3,44.0000100113622
"723",5185,0,49,27,28
"724",5184,0,33,19,52
"725",5183,0,61,35,48
"726",5241,0.131995689983538,54,30,22.0021999281664
"727",5243,0.0055356947471707,27.5,16.5,40.0000922615791
"728",5216,0.181261789627723,47.5,27.5,52.0030210298271
"729",5196,0.0388818509460128,64.5,38.5,42.0006480308491
"730",5195,0,49,28,52
"731",5194,0,58.5,32.5,70
"732",5193,0,81.5,46.5,14
"733",5169,0.0489571491400197,14,7,34.0008159524857
"734",5178,0.0573444197594342,41.5,24.5,48.0009557403293
"735",5177,0,59.5,35.5,14
"736",5176,0,17.5,10.5,12
"737",5245,0.104303460415829,14.5,8.5,60.0017383910069
"738",5244,0,73.5,43.5,74
"739",5131,0.359966290925533,85,48,22.0059994381821
"740",5130,0.0104996817397336,25,14,40.0001749946957
"741",4903,0.168931592703412,48.5,28.5,52.0028155265451
"742",4897,0.00419841007565174,63,37,24.0000699735013
"743",5242,0.379250726249657,28,16,38.0063208454375
"744",5374,0.828109796181423,46,27,18.0138018299364
"745",5634,0.121284282790718,22.5,13.5,60.0020214047132
"746",5671,0.036105838772744,70,40,22.0006017639795
"747",5733,0.00283498272248584,24,13,40.000047249712
"748",5737,0.000250528412848003,43,23,24.0000041754735
"749",5736,0.000111194924254931,28.5,16.5,24.0000018532487
"750",5735,0,27,15,34
"751",5741,0.000115357010055701,41.5,24.5,86.0000019226168
"752",5781,0.00161882160698022,100.5,57.5,66.0000269803601
"753",5804,0.00160823470021685,79.5,46.5,30.0000268039117
"754",5820,0.000440963869513139,37,22,42.0000073493978
"755",5819,0.000125264221916889,49.5,28.5,64.000002087737
"756",5805,0.000320446979454844,78,46,30.000005340783
"757",5800,0.000250528443614239,32,17,40.0000041754741
"758",5826,0.000722512209194634,43.5,23.5,62.0000120418701
"759",5837,0.000250528451592039,76.5,45.5,34.0000041754742
"760",5832,0.000448503962403981,41,24,56.000007475066
"761",5821,0.000160223515795613,69,41,86.0000026703919
"762",5824,0.000125264229337268,100,57,76.0000020877372
"763",5825,0.000222389854168448,88,50,48.0000037064976
"764",5847,0.000363496503714798,53.5,29.5,66.0000060582751
"765",5854,0.000363496512843518,75.5,42.5,32.0000060582752
"766",5863,0.000288392824530937,37.5,21.5,70.0000048065471
"767",5867,0.000405595708165204,80.5,45.5,32.0000067599285
"768",5868,0.000222389854168448,37,21,6.00000370649757
"769",5873,0.000160223542340793,6.5,3.5,70.0000026703924
"770",5865,0.000364180864660571,82.5,47.5,6.00000606968108
"771",5876,0.000512224204945575,7.5,4.5,44.0000085370701
"772",5877,0.000125264240797147,52.5,30.5,84.0000020877374
"773",5883,0.00028839291578749,98.5,56.5,26.0000048065486
"774",5884,0.000111194927084224,27,14,18.0000018532488
"775",5888,0.000229747828970761,18,9,58.0000038291305
"776",5887,0.000111194929913516,71.5,42.5,2.00000185324883
"777",5900,0.000626321196578321,2.5,1.5,62.0000104386866
"778",5886,0.000309086962564024,72,41,50.0000051514494
"779",5898,0.00136514881691307,62.5,37.5,28.0000227524803
"780",5903,0.000229747820223266,32.5,18.5,68.0000038291303
"781",5901,0.000889559413844498,80.5,46.5,20.0000148259902
"782",5899,0.000125264220388906,24,14,26.000002087737
"783",5905,0.000173035595092562,28,15,2.00000288392659
"784",5894,0.00102700449837768,2.5,1.5,22.0000171167416
"785",5902,0.00100738100665572,26,15,64.0000167896834
"786",5896,0.000160223436688398,75.5,43.5,52.0000026703906
"787",5895,0,65,39,82
"788",5891,5.76785004171171e-05,95,54,32.0000009613083
"789",5890,0,35,19,72
"790",5862,0.00114553781698034,86.5,50.5,60.000019092297
"791",5860,5.76784950725853e-05,68,38,22.0000009613083
"792",5858,0.000229747806569318,26,15,18.0000038291301
"793",5852,0.000405595533056781,19,10,24.0000067599256
"794",5753,0.00251691463180729,25.5,13.5,18.0000419485772
"795",5859,0.00484215162516444,19.5,10.5,26.0000807025271
"796",5866,0.00114873909975885,32,19,58.0000191456517
"797",5855,0.000876849602212502,71,42,30.00001461416
"798",5840,0.000968779102604521,30,15,66.0000161463184
"799",5831,0.000160223539261791,76.5,43.5,64.0000026703923
"800",5818,0.00025611207081839,74.5,42.5,12.0000042685345
"801",5790,0.000569381331570337,13.5,7.5,10.0000094896889
"802",5779,0.000281777566997023,12.5,7.5,62.0000046962928
"803",5785,0.000160223522963164,73,42,62.000002670392
"804",5771,0.000309086907361906,70,39,60.0000051514485
"805",5776,0.000250528460591,74.5,44.5,82.0000041754743
"806",5778,0.000333584781252672,96.5,55.5,60.0000055597464
"807",5796,0.000309086868658852,71,41,76.0000051514478
"808",5803,0.000160223511017246,90,52,46.0000026703919
"809",5799,0.00012526423048974,56,33,20.0000020877372
"810",5801,0.000448503962403981,20,10,62.000007475066
"811",5769,0.000716814743626403,75.5,44.5,46.0000119469124
"812",5746,0.000618173683133428,56.5,33.5,70.0000103028947
"813",5748,0.000448503959337621,80,45,14.000007475066
"814",5751,0.000115357106656811,15,8,44.0000019226184
"815",5755,0.00016022351314227,47.5,25.5,56.0000026703919
"816",5754,0.000125264231084791,67,39,64.0000020877372
"817",5747,0.000256112015451311,75,43,70.0000042685336
"818",5740,0.00116342067833142,81.5,46.5,52.0000193903446
"819",5703,0.00138874375570861,57.5,31.5,80.0000231457293
"820",5697,0.000250528449181721,93.5,53.5,58.0000041754742
"821",5694,5.76785435565934e-05,72.5,43.5,44.0000009613091
"822",5692,0.000125264225736848,51.5,29.5,34.0000020877371
"823",5698,0.000250528451423098,35.5,18.5,36.0000041754742
"824",5699,0.000111194927084224,44,26,62.0000018532488
"825",5695,0.000125264228961756,72,41,76.0000020877372
"826",5700,0.000125264229725748,90,52,68.0000020877372
"827",5691,0.000205683378603149,81.5,47.5,40.0000034280563
"828",5693,0.000125264231084791,48,28,18.0000020877372
"829",5704,0.000601944218143225,18.5,9.5,54.0000100324036
"830",5680,0.00116342073370147,67.5,40.5,46.0000193903456
"831",5681,0.000111194927084224,55,32,18.0000018532488
"832",5679,0.000346071379335103,19,10,32.0000057678563
"833",5677,0.000115357126567334,35.5,19.5,60.0000019226188
"834",5676,0,73.5,43.5,68
"835",5675,0,79,45,20
"836",5674,5.7678563467117e-05,21,11,30.0000009613094
"837",5673,5.76785631002173e-05,36.5,21.5,88.0000009613094
"838",5728,0.00237318672091394,102.5,58.5,52.000039553112
"839",5739,0.000418782018567681,61.5,35.5,34.0000069797003
"840",5734,0.000567816051542379,35,18,40.0000094636009
"841",5713,0.000820677295813472,42.5,22.5,36.0000136779549
"842",5731,0.000881928122107952,43.5,25.5,48.000014698802
"843",5719,0.000460946266393671,59,35,82.0000076824378
"844",5726,0.000797366081593025,97,56,44.0000132894347
"845",5725,0,49,27,22
"846",5712,0.000751585551649364,25,14,34.0000125264259
"847",5710,0.000115357242712026,35,18,56.0000019226207
"848",5722,0.000523730047859256,64.5,36.5,8.00000872883413
"849",5732,0.000411367113147294,9,5,48.0000068561186
"850",5743,0.000587406721514092,57.5,33.5,46.000009790112
"851",5744,0.000405595827732773,57,34,26.0000067599305
"852",5752,0.00056355531471209,32.5,19.5,8.00000939258858
"853",5749,0.000558958507986051,9.5,5.5,42.0000093159751
"854",5757,0.000281777634018984,48,27,44.0000046962939
"855",5756,0.000111194927084224,47.5,25.5,52.0000018532488
"856",5750,0.000173035789220152,58.5,32.5,30.0000028839298
"857",5759,0.000364180950065343,31,16,84.0000060696825
"858",5766,0.000115357199205674,99,57,52.00000192262
"859",5765,0,58.5,32.5,50
"860",5764,0,55.5,30.5,36
"861",5767,0.000111194927084224,40.5,22.5,30.0000018532488
"862",5775,0.000440964086539624,30.5,15.5,44.0000073494014
"863",5770,0.000281777624848901,55,33,58.0000046962938
"864",5774,0.000250528495190177,67.5,38.5,50.0000041754749
"865",5794,0.000363496665357484,62.5,37.5,78.0000060582778
"866",5812,0.000563555247464815,91.5,52.5,44.0000093925875
"867",5798,0.000364180956344395,48,26,28.0000060696826
"868",5810,0.000501057012316585,31.5,17.5,24.0000083509502
"869",5816,0.000160223591985335,28,16,66.0000026703932
"870",5814,0.000125264256296527,79,46,36.0000020877376
"871",5802,0.00023071444523612,44,26,42.0000038452408
"872",5791,0.000205683523637541,49,28,28.0000034280587
"873",5789,0,30,16,10
"874",5788,0,10,5,34
"875",5787,5.76786132434146e-05,37,20,56.0000009613102
"876",5786,0.000111194927084224,68.5,40.5,60.0000018532488
"877",5782,5.76786145357243e-05,67.5,37.5,78.0000009613102
"878",5793,0.000205683533542172,90,51,62.0000034280589
"879",5809,0.000256112236662715,76.5,45.5,50.0000042685373
"880",5815,0.000115357236075187,56.5,31.5,52.0000019226206
"881",5817,5.76786178541436e-05,58.5,32.5,24.0000009613103
"882",5806,0.000375792780298867,28,16,22.000006263213
"883",5808,0.000333584781252672,22.5,11.5,32.0000055597464
"884",5807,0,40,24,48
"885",5811,5.76786281763009e-05,52.5,28.5,36.0000009613105
"886",5828,0.000309087232125167,39.5,21.5,80.0000051514539
"887",5792,0.000666304182872594,92.5,52.5,12.0000111050697
"888",5780,0.000281777701266263,14.5,8.5,10.000004696295
"889",5762,0.000512224611496237,12,7,60.0000085370769
"890",5784,0.000760644837916246,69,39,16.000012677414
"891",5783,0,17.5,9.5,76
"892",5772,0.000530093930496211,90,52,52.0000088348988
"893",5760,0.000309087185681516,63,37,78.0000051514531
"894",5777,0.000600702333262695,92,53,66.0000100117056
"895",5773,0.000229747838374202,76.5,43.5,72.0000038291306
"896",5822,0.000865179120317783,86.5,50.5,68.000014419652
"897",5838,0.000281777652584458,83,49,46.0000046962942
"898",5843,5.76786112173051e-05,57.5,34.5,30.0000009613102
"899",5842,0,30.5,15.5,52
"900",5853,0.000722512550692646,59,33,24.0000120418758
"901",5841,0.000640894314208246,24.5,12.5,24.0000106815719
"902",5846,0.00035296754129718,29,17,68.0000058827924
"903",5845,0.000338534526944816,81,47,46.0000056422421
"904",5848,0.000205683458166433,50,27,30.0000034280576
"905",5850,0.000115357169706796,34.5,19.5,12.0000019226195
"906",5849,0.000229747828970761,12.5,6.5,56.0000038291305
"907",5856,0.000851831420735203,69.5,41.5,60.0000141971903
"908",5889,0.00110152004213559,72.5,42.5,56.0000183586674
"909",5907,0.000474637563555613,66,38,32.0000079106261
"910",5908,0.000338534528578454,34,18,42.0000056422421
"911",5912,0.000477252951297868,52.5,31.5,22.0000079542159
"912",5917,0.000569381580937094,26,15,44.000009489693
"913",5922,0.00124090729093413,49,27,24.0000206817882
"914",5923,0.00133558515615737,25,13,68.0000222597526
"915",5920,0.00107913100319973,81.5,47.5,78.0000179855167
"916",5927,0.000768337105242433,90,51,24.0000128056184
"917",5925,0.000250528553798041,28,16,54.0000041754759
"918",5926,0.000222389854168448,67,40,64.0000037064976
"919",5924,0.000229747852120277,77,45,70.0000038291309
"920",5921,0.00056938198834417,82,47,54.0000094896998
"921",5914,0.00149820493422583,60,33,16.0000249700822
"922",5893,0.000692143834204995,17.5,9.5,38.0000115357306
"923",5885,0.000601944375788203,43,24,54.0000100324063
"924",5881,0.00145012964463555,62,35,66.0000241688274
"925",5870,0.000461429116491635,79.5,46.5,14.0000076904853
"926",5871,0.000111194927084224,17,10,58.0000018532488
"927",5864,0.000288393189557088,69,40,20.0000048065532
"928",5861,0.000125264269284395,21.5,11.5,60.0000020877378
"929",5857,0.00111791702405603,74,44,54.0000186319504
"930",5874,0.000801118030695304,61.5,34.5,22.0000133519672
"931",5872,0.000160223599417046,25,14,74.0000026703933
"932",5869,0.000222389851339155,88,51,64.0000037064975
"933",5879,0.000876849808114832,77.5,45.5,22.0000146141635
"934",5882,0.000448503968939631,22.5,11.5,46.0000074750661
"935",5906,0.000644135093683582,53.5,30.5,70.0000107355849
"936",5844,0.0028229771110075,83.5,48.5,54.0000470496185
"937",5839,5.76786526975413e-05,60,33,20.0000009613109
"938",5836,5.76786530644415e-05,21.5,11.5,68.0000009613109
"939",5835,0,77.5,43.5,34
"940",5834,0,35,18,78
"941",5833,0,92.5,53.5,62
"942",5830,5.76786530644415e-05,71,40,52.0000009613109
"943",5829,0,60.5,34.5,54
"944",5823,0.000229747848787894,65.5,38.5,38.0000038291308
"945",5795,0.000935587667610561,42,23,30.0000155931278
"946",5797,0.000333584781252672,37.5,22.5,90.0000055597464
"947",5738,0.00210100722969328,105,60,72.0000350167872
"948",5730,0.000405595908460718,86.5,50.5,22.0000067599318
"949",5715,0.00090485815541266,26.5,15.5,40.0000150809693
"950",5707,0.00139408588175553,46,26,80.0000232347647
"951",5706,0.000567816076338454,94.5,54.5,14.0000094636013
"952",5711,0.000403750488315334,16,9,46.0000067291748
"953",5718,0.000205683596355286,55.5,32.5,60.0000034280599
"954",5717,0.000222389854168448,74,44,84.0000037064976
"955",5709,0.000411367161868237,97.5,55.5,74.0000068561194
"956",5708,0.000222389854168448,86.5,49.5,34.0000037064976
"957",5705,0.00030908724020811,37,20,34.000005151454
"958",5701,0.0002297478415593,41.5,24.5,78.0000038291307
"959",5690,0.000530093952863575,92,53,74.0000088348992
"960",5683,0.000173035883795103,86.5,49.5,64.0000028839314
"961",5696,0.000954505941060876,73.5,41.5,28.0000159084324
"962",5702,0.000115357229071449,35,21,72.0000019226205
"963",5689,0.000654884255467125,86,50,54.0000109147376
"964",5687,0,62.5,35.5,32
"965",5685,5.7678606239676e-05,33,17,32.0000009613101
"966",5688,0.00012526425400455,35.5,19.5,16.0000020877376
"967",5684,0.000115357209160932,17.5,9.5,50.0000019226202
"968",5682,5.76786049473661e-05,59,34,26.0000009613101
"969",5686,0.000582279297883067,29.5,16.5,52.000009704655
"970",5669,0.00134511909679314,61.5,35.5,44.0000224186516
"971",5667,0.000205683491666762,54,32,38.0000034280582
"972",5666,0.000115357196254154,41.5,22.5,76.0000019226199
"973",5665,0.000363496702404109,88,50,82.0000060582784
"974",5664,0.00189119351281854,96,55,46.0000315198919
"975",5670,0.000933456527143089,50.5,27.5,52.0000155576088
"976",5678,0.000760644878680477,65,39,28.0000126774146
"977",5659,0.00204612802162512,34.5,20.5,24.0000341021337
"978",5654,0.00227406688303714,28,16,48.0000379011147
"979",5663,0.00416636926458622,60,36,38.0000694394877
"980",5661,0.000160223706666171,44.5,25.5,70.0000026703951
"981",5660,0.000125264293137102,85,50,86.0000020877382
"982",5662,0.0003385345447544,100.5,57.5,60.0000056422424
"983",5658,0.000820678655626586,73.5,43.5,44.0000136779776
"984",5657,0.00145672553145476,50,28,12.0000242787589
"985",5656,0.000281777842099555,14,8,54.0000046962974
"986",5655,5.76787107698535e-05,63,36,38.0000009613118
"987",5668,0.00338151460526841,46.5,27.5,70.0000563585768
"988",5672,0.000403750825134781,84,49,46.0000067291804
"989",5714,0.00210100832131343,50.5,27.5,30.0000350168054
"990",5716,0.000459495722421379,31,16,76.000007658262
"991",5721,0.000250528605205079,88,50,48.0000041754768
"992",5720,0,56,32,32
"993",5724,0.000125264303664058,37.5,21.5,42.0000020877384
"994",5723,0,50,29,32
"995",5727,0.000250528609789036,36,20,22.0000041754768
"996",5729,5.76787174066878e-05,22,11,42.000000961312
"997",5813,0.00278178850445496,49,28,70.0000463631417
"998",5827,0.000230714810262141,80.5,45.5,50.0000038452468
"999",5875,0.00158811414725797,56.5,31.5,34.0000264685691
"1000",5878,0.000375792883657379,36,19,70.0000062632147
"1001",5911,0.00148252685793657,82,47,60.000024708781
"1002",5910,0,69,39,30
"1003",5851,0.00327792131431061,31,16,54.0000546320219
"1004",5916,0.00272259292461835,65.5,38.5,28.0000453765487
"1005",5915,0,35,21,54
"1006",5918,0.000480671500407167,62.5,35.5,58.0000080111917
"1007",5919,0.000811837883868227,67,38,6.0000135306314
"1008",5909,0.00104415584846441,7.5,4.5,58.0000174025975
"1009",5892,0.000460947466842603,72,43,58.0000076824578
"1010",5897,0.000125264339521135,70.5,41.5,38.000002087739
"1011",5904,0.000352967678332926,46.5,27.5,42.0000058827946
"1012",5880,0.000530884827936289,45,24,42.0000088480805
"1013",5913,0.00102842009679299,46.5,25.5,50.0000171403349
"1014",5935,0.0100852026985346,59,34,80.0001680867116
"1015",5742,0.00873883903558405,94,54,48.0001456473173
"1016",5745,0.0031474651740002,52.5,28.5,56.0000524577529
"1017",5763,0.00076833638624122,63,35,16.0000128056064
"1018",5768,0.000229747829062872,18,10,18.0000038291305
"1019",5761,0.000459495661103821,21.5,12.5,50.000007658261
"1020",5758,0.000115357149429376,57,32,48.0000019226192
"1021",5932,0.00858392791239917,53,29,42.0001430654652
"1022",5933,0.000222389854168448,46.5,25.5,48.0000037064976
"1023",5930,5.76784904618517e-05,59.5,35.5,80.0000009613082
"1024",5929,0,93,53,42
"1025",5934,0.000567816011692858,46,25,72.0000094636002
"1026",5928,0.00145012961612584,87,51,44.0000241688269
"1027",5931,0.00012526418694222,49.5,27.5,2.00000208773645
"1028",5936,0.00550501128163175,2.5,1.5,42.000091750188
"1029",5937,0.00143468210542632,47.5,26.5,42.0000239113684
"1030",5938,0.00447325266234958,52.5,31.5,8.00007455421104
"1031",5940,5.76785750815878e-05,8,4,30.0000009613096
"1032",5939,0,35.5,20.5,32
"1033",5942,0.0129677638403765,36.5,20.5,50.0002161293973
"1034",5943,0.000173035774287263,58,33,52.0000028839296
"1035",5944,0.000669658152103941,64,38,44.0000111609692
"1036",5941,0.0173387147307227,49.5,27.5,64.0002889785789
"1037",5645,0.0310000236143386,74,42,20.0005166670602
"1038",5643,0.00293598483637032,23.5,13.5,34.0000489330806
"1039",5641,0.00170562825783638,37.5,20.5,20.0000284271376
"1040",5647,0.00452797913983679,24.5,14.5,84.000075466319
"1041",5644,0.00334077369813269,97.5,55.5,48.0000556795616
"1042",5646,0.00360000144604295,60,36,62.0000600000241
"1043",5642,0.0064424205956094,71,40,32.0001073736766
"1044",5640,0.000654886017847137,33,17,76.000010914767
"1045",5987,0.485316738555892,91,53,52.0080886123093
"1046",5990,0.22971293960498,62,36,58.0038285489934
"1047",5985,0.353340962262151,66.5,37.5,80.0058890160377
"1048",5952,1.4083141686565,95,55,38.0234719028109
"1049",5950,0.0698761209122319,45.5,26.5,60.0011646020152
"1050",5951,0.00578242398134378,74,44,18.000096373733
"1051",5946,0.183418792853531,19,10,56.0030569798809
"1052",5945,0.000480718871547114,70,42,84.0000080119812
"1053",5633,0.104020595243297,98.5,56.5,70.0017336765874
"1054",5347,0.357098706092025,80,45,78.0059516451015
"1055",5346,0,93,54,40
"1056",5339,0.299024868536942,43,23,46.004983747809
"1057",5323,0.0816984903552483,51.5,28.5,32.0013616415059
"1058",5319,0.207328700075259,36.5,20.5,74.0034554783346
"1059",5318,0,88,51,60
"1060",5317,0,67.5,37.5,76
"1061",5316,0,88,50,38
"1062",5315,0,43.5,24.5,28
"1063",5210,0.163488897594604,30,16,68.0027248149599
"1064",5203,0.0008725839642957,80.5,46.5,20.0000145430661
"1065",5209,0.00100075434092872,22.5,12.5,26.000016679239
"1066",5208,0,31,18,56
"1067",5207,0,65,37,42
"1068",5206,0,49.5,28.5,48
"1069",5205,0,55.5,31.5,50
"1070",5204,0,60,35,30
"1071",5201,0.0126022213041732,34,19,60.0002100370217
"1072",5200,0,73.5,43.5,70
"1073",5198,0.00974338755342069,83.5,48.5,82.0001623897926
"1074",5197,0,97,56,54
"1075",5175,0.0327611723953035,67,40,30.0005460195399
"1076",5192,0.296354842399904,34.5,19.5,44.0049392473733
"1077",5191,0,52.5,30.5,62
"1078",5190,0,74.5,43.5,6
"1079",5189,0,6.5,3.5,58
"1080",5188,0,68.5,39.5,40
"1081",5187,0.00263563298515472,46,26,20.0000439272164
"1082",5173,0.512626695399464,25,15,42.0085437782567
"1083",5152,0.118478019710371,51,30,76.0019746336618
"1084",5151,0,90,52,62
"1085",5145,0.0594062699030552,71.5,40.5,48.0009901044984
"1086",5140,0.0177040904208777,58,34,26.0002950681737
"1087",5150,0.015918524410633,32,19,20.0002653087402
"1088",5137,0.0257767257862636,23.5,13.5,30.0004296120964
"1089",5136,0,36,21,26
"1090",5149,0.00863980690058622,28,15,30.0001439967817
"1091",5148,0,33,18,76
"1092",5147,0,88,50,66
"1093",5139,0.106433826006584,80.5,47.5,42.0017738971001
"1094",5138,0,52,31,36
"1095",5199,0.134640491953234,38,20,38.0022440081992
"1096",5222,0.0460973883932011,46,27,60.0007682898066
"1097",5224,0.00496713506032386,69.5,39.5,42.0000827855843
"1098",5225,0.002312742373088,50,29,44.0000385457062
"1099",5223,0.00751900823233229,47.5,25.5,80.0001253168039
"1100",5226,0.018008848397583,95,55,22.0003001474733
"1101",5232,0.0546199549732413,23.5,12.5,44.0009103325829
"1102",5233,5.77144480725232e-05,52.5,30.5,54.0000009619075
"1103",5234,0.000160275204950944,61,34,74.0000026712534
"1104",5235,0.000125280760846853,85,48,42.0000020880127
"1105",5236,0.000687258806186751,49,28,46.0000114543134
"1106",5231,0.000823095751755926,50,27,22.0000137182625
"1107",5239,0.00281769325384413,25,14,42.0000469615542
"1108",5240,0.00276676923927273,47.5,26.5,10.0000461128207
"1109",5221,0.0245349147552813,12.5,7.5,62.0004089152459
"1110",5220,0,74.5,43.5,20
"1111",5219,0.0010249645311713,22.5,12.5,66.0000170827422
"1112",5218,0.000727402317595925,75,42,34.000012123372
"1113",5217,0.00264262641456801,40,23,28.0000440437736
"1114",5215,0.000565034509804394,30.5,16.5,30.0000094172418
"1115",5214,0.00170663580281924,34,19,58.00002844393
"1116",5213,0.000173143094658744,71.5,42.5,60.0000028857182
"1117",5212,0.00411127579892958,72.5,42.5,24.0000685212633
"1118",5211,0.00738626018916941,25,13,18.0001231043365
"1119",5227,0.0588035400071877,21,12,78.0009800590001
"1120",5228,0.000256238045283535,90,51,58.0000042706341
"1121",5229,0.00549062736478881,70.5,41.5,70.0000915104561
"1122",5230,5.77134822633449e-05,83,48,48.0000009618914
"1123",5237,0.0033846176318129,53.5,29.5,50.0000564102939
"1124",5238,0.00137450928043211,58,33,22.000022908488
"1125",5357,0.773685323378552,22,11,64.0128947553897
"1126",5356,0,75.5,43.5,54
"1127",5355,0,61,34,66
"1128",5354,0,77.5,44.5,70
"1129",5353,0,82,47,34
"1130",5352,0,38,21,28
"1131",5351,0,30,16,46
"1132",5350,0,53,30,26
"1133",5392,0.161837393831324,29,16,70.0026972898972
"1134",5441,0.00195601542592644,82,47,46.0000326002571
"1135",5472,0.00128627867750656,53,30,24.000021437978
"1136",5469,0.00255813458467665,29,17,30.0000426355764
"1137",5470,0.000222389854168448,34.5,19.5,52.0000037064976
"1138",5476,0.000250567023771282,61,35,40.0000041761171
"1139",5477,0.000111194927084224,47,27,26.0000018532488
"1140",5498,0.00203124991130694,30.5,17.5,46.0000338541652
"1141",5599,0.00223207771173373,56.5,33.5,32.0000372012952
"1142",5605,0.00112535149380963,32.5,16.5,10.0000187558582
"1143",5619,0.00537485910630354,11,6,64.0000895809851
"1144",5606,0.00241557480623869,77,45,22.0000402595801
"1145",5593,0.000512525080703486,23.5,12.5,62.0000085420847
"1146",5547,0.00203379751946392,71.5,40.5,42.0000338966253
"1147",5548,0.000111194924254931,49,28,54.0000018532487
"1148",5542,0.000338541635361408,66,39,48.0000056423606
"1149",5543,0.000222389854168448,56.5,32.5,78.0000037064976
"1150",5544,0.000111194924254931,91,52,34.0000018532487
"1151",5536,5.77202887040853e-05,42.5,25.5,64.0000009620048
"1152",5512,0.00106041463219001,78,46,54.0000176735772
"1153",5502,0.00256008738393075,64,37,40.0000426681231
"1154",5449,0.00107796319502192,49,29,24.0000179660532
"1155",5427,0.000969027344565326,24.5,12.5,34.0000161504557
"1156",5438,0.000906256355982952,41,24,34.0000151042726
"1157",5437,0.000111194927084224,39.5,22.5,20.0000018532488
"1158",5436,0.000111194927084224,24,14,26.0000018532488
"1159",5439,0.00033854162034991,26.5,13.5,38.0000056423603
"1160",5442,0.00122450534423153,45,26,16.0000204084224
"1161",5424,0.000801417457403035,18.5,10.5,62.0000133569576
"1162",5399,0.00125247352481866,70,39,34.0000208745587
"1163",5395,0.00113566593248462,41,24,58.0000189277655
"1164",5406,0.00128045192090602,70,41,14.0000213408653
"1165",5407,0.000111194927084224,17,10,76.0000018532488
"1166",5429,0.000930192760696424,89.5,51.5,28.0000155032127
"1167",5457,0.000843939360327005,33,19,64.000014065656
"1168",5505,0.000927843213723467,77.5,45.5,14.0000154640536
"1169",5535,0.000618562134061354,17.5,10.5,36.0000103093689
"1170",5534,0,45,27,36
"1171",5533,0.000338541615501785,38.5,20.5,86.0000056423603
"1172",5587,0.000821171385420496,101,58,24.0000136861898
"1173",5594,0.000256261999020164,27,15,38.0000042710333
"1174",5577,0.00046120120527467,41,22,50.0000076866868
"1175",5551,0.000726915170055734,59.5,34.5,66.0000121152528
"1176",5530,0.000309281008648812,81,48,66.0000051546835
"1177",5525,0.000786878479150114,78,45,50.0000131146413
"1178",5531,0.000160283422241523,58,33,42.0000026713904
"1179",5529,0.000125283386443738,47,26,60.0000020880564
"1180",5528,0,72,42,40
"1181",5516,0.000364345496738091,45.5,25.5,32.0000060724249
"1182",5494,0.000600897821431063,40,24,32.0000100149637
"1183",5462,0.000617365196542084,34,18,18.0000102894199
"1184",5450,0.00112535137435772,21,12,58.0000187558562
"1185",5456,0.000222389854168448,68,39,46.0000037064976
"1186",5455,0,56.5,33.5,70
"1187",5454,0,83.5,48.5,44
"1188",5453,0,53.5,31.5,76
"1189",5452,0,89,51,60
"1190",5451,0,71.5,41.5,54
"1191",5463,0.00112535136516913,60,33,58.0000187558561
"1192",5435,0.000888177917540444,72.5,43.5,64.0000148029653
"1193",5434,0.000111194927084224,76,44,22.0000018532488
"1194",5433,0,26,15,70
"1195",5431,0.00100075434092872,80.5,45.5,50.000016679239
"1196",5430,5.77201025547809e-05,59.5,34.5,62.0000009620017
"1197",5432,0.000125283366623251,73.5,42.5,32.0000020880561
"1198",5440,0.000115440202159185,35.5,19.5,26.0000019240034
"1199",5487,0.00120778459256549,26,13,50.0000201297432
"1200",5486,0,56,31,26
"1201",5485,0,29,16,32
"1202",5484,0,33,17,40
"1203",5483,0,48.5,28.5,78
"1204",5482,0,93,54,80
"1205",5481,0,94,54,30
"1206",5491,5.77201125074011e-05,30.5,15.5,28.0000009620019
"1207",5490,0,35,21,20
"1208",5489,0,23.5,13.5,46
"1209",5488,0,51,28,48
"1210",5501,0.000441099873707478,57,33,58.0000073516646
"1211",5541,0.000750361529124061,67.5,38.5,60.0000125060255
"1212",5560,0.000115440235334586,70.5,40.5,58.0000019240039
"1213",5559,0.000222389854168448,70.5,41.5,38.0000037064976
"1214",5576,0.000309280785226994,41,22,58.0000051546798
"1215",5591,0.000602007950885303,69.5,40.5,42.0000100334658
"1216",5583,0.000477298107003599,48,27,30.0000079549684
"1217",5582,0.000111194924254931,34,19,48.0000018532487
"1218",5540,0.000641133404792235,53,29,10.0000106855567
"1219",5532,0.000281854119510122,11,6,38.0000046975687
"1220",5511,0.00100226693655037,41,22,48.0000167044489
"1221",5507,0.000558962787610987,57.5,33.5,66.0000093160465
"1222",5508,0.000111194929913516,76,43,20.0000018532488
"1223",5497,0.000205788212662695,25,15,42.0000034298035
"1224",5496,0,48.5,27.5,84
"1225",5495,0.000444779708336895,97.5,55.5,60.0000074129951
"1226",5492,0.000459516502312859,69,39,64.0000076586084
"1227",5506,0.000288600372512762,75,43,46.0000048100062
"1228",5526,0.000461200586128409,57,34,80.0000076866764
"1229",5538,0.000309280576266482,92.5,52.5,64.0000051546763
"1230",5573,0.000346320417010581,76.5,44.5,48.000005772007
"1231",5575,0.000125283352272182,54.5,30.5,46.0000020880559
"1232",5580,0.000229758251275554,52,29,72.0000038293042
"1233",5579,0.000111194924254931,85,49,32.0000018532487
"1234",5584,5.77200760144572e-05,35.5,19.5,52.0000009620013
"1235",5552,0.000876983460037216,60.5,34.5,18.000014616391
"1236",5553,0.000111194927084224,20,11,52.0000018532488
"1237",5565,5.77200627442937e-05,57.5,31.5,64.0000009620011
"1238",5546,0.000459516495883625,78.5,46.5,22.0000076586083
"1239",5557,0.000125283342713891,23,12,64.0000020880557
"1240",5554,0,79,47,34
"1241",5556,0.000111194927084224,37,20,58.0000018532488
"1242",5555,0,70.5,41.5,38
"1243",5574,0.000405690120369695,43.5,24.5,8.00000676150201
"1244",5520,0.000692640575252955,10,6,36.0000115440096
"1245",5518,0.000173160143813239,37.5,19.5,36.0000028860024
"1246",5509,0.00011544009599788,44,26,68.0000019240016
"1247",5510,0.000444779708336895,82.5,48.5,24.0000074129951
"1248",5471,0.000672741732358832,24,12,58.0000112123622
"1249",5459,0.00070598931423865,69.5,40.5,80.0000117664886
"1250",5423,0.00118344357634539,92.5,52.5,30.0000197240596
"1251",5417,0.000281854030849783,32.5,17.5,38.0000046975672
"1252",5418,0.000333584778423379,43,24,54.0000055597463
"1253",5420,0.000111194927084224,66,39,66.0000018532488
"1254",5419,0,81,48,84
"1255",5422,0.000125283342932355,98.5,56.5,80.0000020880557
"1256",5415,0.000115440099315422,94.5,54.5,8.00000192400165
"1257",5411,0.00122450533695984,8,4,16.0000204084223
"1258",5416,0.000160283302772619,16.5,8.5,56.0000026713884
"1259",5401,0.00125283355107461,63,35,46.0000208805592
"1260",5400,0.000125283362256379,57,34,24.000002088056
"1261",5398,0.000459516509072583,27.5,15.5,36.0000076586085
"1262",5404,0.000288600472038979,41.5,23.5,40.0000048100079
"1263",5388,0.00141210007807698,47,27,52.0000235350013
"1264",5389,0.000602007897447287,57.5,31.5,44.000010033465
"1265",5391,0.000229758250858837,47.5,25.5,18.0000038293042
"1266",5390,0.000229758250025401,20.5,11.5,14.0000038293042
"1267",5386,0.00047496009489783,17,10,34.0000079160016
"1268",5378,0.00134548356921921,37,20,58.0000224247262
"1269",5380,0.00192177624149303,72,43,38.000032029604
"1270",5384,0.00096170000794809,43.5,24.5,24.0000160283335
"1271",5402,0.00259146402323669,28.5,16.5,54.0000431910671
"1272",5421,0.000728690837823131,66.5,39.5,50.0000121448473
"1273",5519,0.00226204382595493,57,32,50.0000377007304
"1274",5558,0.000587814383201909,58,33,58.0000097969064
"1275",5569,0.00017316041751032,69.5,40.5,58.000002886007
"1276",5586,0.000309280900298943,70,41,10.0000051546817
"1277",5585,0.000229758268869946,11,6,42.0000038293045
"1278",5597,0.000523954155942568,47.5,26.5,64.0000087325693
"1279",5581,0.000569650965272336,79,47,36.0000094941828
"1280",5609,0.00141210095924241,41.5,23.5,46.000023535016
"1281",5570,0.00143443941596498,51,28,54.0000239073236
"1282",5571,0.000111194924254931,61,34,42.0000018532487
"1283",5522,0.00285145922989301,45,24,88.0000475243205
"1284",5608,0.00192890498501223,103,59,18.0000321484164
"1285",5521,0.00333755277450067,18,9,46.0000556258796
"1286",5515,0.000230880152185263,53.5,30.5,26.0000038480025
"1287",5465,0.00120179446940434,32.5,19.5,18.0000200299078
"1288",5460,0.000115440049552298,18.5,9.5,24.0000019240008
"1289",5480,0.000687281769165834,24.5,12.5,20.0000114546962
"1290",5479,0,20,10,80
"1291",5478,0.000111194927084224,92.5,52.5,46.0000018532488
"1292",5475,0.000125283323608335,51.5,28.5,60.0000020880554
"1293",5474,0.000222389854168448,73.5,43.5,68.0000037064976
"1294",5473,0,80.5,46.5,64
"1295",5464,0.00113566577473464,73.5,41.5,48.0000189277629
"1296",5524,0.00114629203966043,59.5,35.5,60.0000191048673
"1297",5523,0.000111194927084224,67.5,37.5,86.0000018532488
"1298",5527,0.000125283313127692,100.5,57.5,24.0000020880552
"1299",5563,0.000480849557079337,26.5,14.5,78.0000080141593
"1300",5539,0.00156100335700865,91,52,38.0000260167226
"1301",5578,0.000687281530251537,45.5,26.5,44.0000114546922
"1302",5537,0.00194589516103892,47.5,25.5,86.000032431586
"1303",5572,0.000411575622182384,100.5,57.5,62.0000068595937
"1304",5588,0.000480849282463083,71.5,40.5,56.0000080141547
"1305",5566,0.000569649460971652,67.5,39.5,26.0000094941577
"1306",5562,0.000125283278519246,29.5,16.5,28.0000020880546
"1307",5561,0,28.5,14.5,78
"1308",5568,0.000352994560329391,93,54,20.0000058832427
"1309",5468,0.00268288641173835,20.5,10.5,40.0000447147735
"1310",5448,0.000577199434229204,47.5,27.5,36.0000096199906
"1311",5447,0.000111194927084224,38.5,20.5,46.0000018532488
"1312",5446,0,57.5,34.5,60
"1313",5445,5.77199449715434e-05,69.5,39.5,70.0000009619991
"1314",5444,0,81.5,46.5,32
"1315",5443,0.000111194924254931,34.5,18.5,20.0000018532487
"1316",5426,0.0010589837277177,24,14,70.0000176497288
"1317",5405,0.00210384735288207,81,46,16.0000350641225
"1318",5409,0.00157375684599301,16.5,8.5,44.0000262292808
"1319",5379,0.0032834630804472,52,30,16.0000547243847
"1320",5458,0.00709953199505919,17.5,9.5,68.0001183255333
"1321",5549,0.00185208888430169,78,44,56.0000308681481
"1322",5592,0.000701507035627232,63,35,38.0000116917839
"1323",5596,0.000797392942928758,46,27,52.0000132898824
"1324",5598,0.000229758193768566,65,39,34.0000038293032
"1325",5600,0.000229758190288813,36.5,19.5,18.0000038293032
"1326",5603,0.000338541556959299,22.5,13.5,26.0000056423593
"1327",5602,0,26.5,13.5,76
"1328",5604,0.000111194927084224,91,53,34.0000018532488
"1329",5550,0.00113015960029349,36.5,19.5,14.0000188359933
"1330",5564,0.00200234077276918,15.5,8.5,32.0000333723462
"1331",5545,0.000115439618271562,39,23,48.0000019239936
"1332",5567,0.000281853566147621,52.5,28.5,56.0000046975594
"1333",5590,0.00436111673958102,63,35,34.000072685279
"1334",5493,0.00914062185235322,41,24,36.0001523436975
"1335",5595,0.00190964694542969,41,23,16.0000318274491
"1336",5499,0.00214063252035008,16.5,8.5,42.0000356772087
"1337",5466,0.000531244790357038,45,24,26.0000088540798
"1338",5504,0.00096902406652357,30.5,17.5,24.0000161504011
"1339",5503,0.00122314419226788,27,15,22.0000203857365
"1340",5618,0.0085668910072877,25,14,44.0001427815168
"1341",5467,0.00569359345485911,55,33,76.0000948932243
"1342",5461,0.0341372816468276,89,51,18.0005689546941
"1343",5425,0.00300187352781666,22.5,13.5,30.0000500312255
"1344",5385,0.0210317514164222,36.5,21.5,68.0003505291903
"1345",5403,0.00173169366249146,77.5,43.5,56.000028861561
"1346",5414,0.00077997160667715,67.5,39.5,66.0000129995268
"1347",5413,0,75.5,42.5,34
"1348",5412,0,40,23,32
"1349",5408,0.000352993703815606,38.5,22.5,84.0000058832284
"1350",5632,0.0472959668918782,97.5,55.5,64.0007882661149
"1351",5623,0.0772628862396668,75.5,43.5,30.0012877147707
"1352",5625,0.00120179485977651,31,16,46.0000200299143
"1353",5626,0.000125283356857516,57,34,34.000002088056
"1354",5628,0.00216496457425503,38.5,21.5,66.0000360827429
"1355",5627,0.00193301190026003,75,42,20.000032216865
"1356",5629,0.001602910177895,20,10,10.0000267151696
"1357",5630,0.000555974632591827,11.5,6.5,36.0000092662439
"1358",5624,0.00333331865400912,41,23,40.0000555553109
"1359",5622,0.00540664168573867,42.5,22.5,48.0000901106948
"1360",5589,0.00778912667010808,52.5,28.5,46.0001298187778
"1361",5377,0.0102118298454818,52.5,29.5,26.0001701971641
"1362",5500,0.0067557631308692,31.5,18.5,6.00011259605218
"1363",5517,0.000320566975898856,6.5,3.5,80.0000053427829
"1364",5513,0.000448509317854247,94.5,54.5,66.0000074751553
"1365",5514,0.000111194927084224,80.5,47.5,34.0000018532488
"1366",5410,0.00462111990931177,38,21,36.0000770186652
"1367",5397,0.000727469467379835,39.5,21.5,82.0000121244911
"1368",5396,0.000677083258539463,96,55,48.000011284721
"1369",5387,0.000672743971633747,54,30,82.0000112123995
"1370",5381,0.000843940183970051,96,55,66.0000140656697
"1371",5383,0.00134552798957576,76,43,56.0000224254665
"1372",5382,0.00311399293804426,68,40,56.0000518998823
"1373",5612,0.00718870855927917,64,36,44.0001198118093
"1374",5611,0.000111194927084224,51,29,18.0000018532488
"1375",5613,0.000281854425235574,22,13,84.0000046975738
"1376",5428,0.0072272567786551,98,56,58.0001204542796
"1377",5620,0.00917845720043274,66,37,12.0001529742867
"1378",5621,0.00856220390936673,13,7,18.0001427033985
"1379",5367,0.224718075306854,21,12,42.0037453012551
"1380",5366,0,51.5,30.5,80
"1381",5345,0.233682576836206,93.5,53.5,18.0038947096139
"1382",5344,0,21,12,16
"1383",5343,0.0226406920925425,17.5,9.5,30.0003773448682
"1384",5342,0.00195618882584537,30.5,15.5,36.0000326031471
"1385",5146,0.695677419530248,42.5,24.5,54.0115946236588
"1386",5144,0.000780014331801772,64,37,56.0000130002389
"1387",5143,0,65.5,37.5,50
"1388",5142,0,62.5,37.5,54
"1389",5141,0,63,36,52
"1390",4884,0.408793637383936,60.5,34.5,68.0068132272897
"1391",4883,0,77.5,43.5,52
"1392",4862,0.484332564959819,60.5,34.5,72.008072209416
"1393",4861,0,86,50,8
"1394",4860,0,8,4,36
"1395",4858,0.00753277083931986,44,26,20.0001255461807
"1396",4844,0.0884310288679699,25,15,64.0014738504811
"1397",4843,0,77,45,58
"1398",4842,0,65,36,58
"1399",4837,0.00589916856638472,67,38,52.0000983194761
"1400",4836,0,63.5,37.5,30
"1401",4835,0,36,21,68
"1402",4840,0.00425724509834173,83,49,22.000070954085
"1403",4839,0,24,13,48
"1404",4838,0,58,34,14
"1405",4850,0.0526226613311681,16,9,66.0008770443555
"1406",4849,0,78,45,36
"1407",4851,0.0588892305339878,39,21,60.0009814871756
"1408",4424,0.704586001179379,70.5,40.5,40.0117431000197
"1409",4423,0,47,27,64
"1410",4426,0.00896495088135567,74.5,42.5,50.000149415848
"1411",4425,0,61,36,24
"1412",4414,0.0392428471860574,26.5,14.5,50.0006540474531
"1413",4410,0.0840662310731777,58.5,33.5,32.0014011038512
"1414",4411,0.0691667159780877,38,22,46.0011527785996
"1415",4409,0.0272871653970597,56,33,82.00045478609
"1416",4402,0.335511077099441,96,55,54.005591851285
"1417",4311,0.172583458946035,65.5,38.5,58.0028763909824
"1418",4306,0.0250877865995982,72,43,74.0004181297767
"1419",4305,0.0089120158128739,86,49,76.0001485335969
"1420",4264,0.192375423040744,88,50,36.0032062570507
"1421",4294,0.0466046849289262,37.5,19.5,30.0007767447488
"1422",4208,0.0813580450399849,34,19,50.0013559674173
"1423",4207,0.00338800639496272,59.5,34.5,26.0000564667732
"1424",4206,0,32,19,32
"1425",4310,0.254160931984961,36.5,20.5,50.0042360155331
"1426",4397,0.186079541565367,61,36,70.0031013256928
"1427",4362,0.44437272390343,83,48,44.0074062120651
"1428",4325,0.029598449489775,49,27,66.0004933074915
"1429",4322,0.00681438529380257,78,45,68.0001135730882
"1430",4346,0.0557756246762856,78.5,44.5,26.0009295937446
"1431",4350,0.0164063148036994,31,18,52.0002734385801
"1432",4349,0,60,34,30
"1433",4347,0.00413551644366185,34,19,20.0000689252741
"1434",4377,0.0849869062818984,22,12,46.001416448438
"1435",4387,0.0572846646269333,52.5,29.5,54.0009547444104
"1436",4388,0.00734860867341984,60.5,33.5,20.0001224768112
"1437",4389,0.00121711705456782,22.5,12.5,58.0000202852842
"1438",4395,0.00145385709183644,67.5,38.5,26.0000242309515
"1439",4394,0,27,14,34
"1440",4393,0,41,24,42
"1441",4392,0,45.5,24.5,14
"1442",4391,0,14,7,58
"1443",4421,0.161981396663091,69.5,40.5,30.0026996899444
"1444",4420,0,32,17,18
"1445",4419,0,18,9,72
"1446",4418,0,87,51,14
"1447",4422,0.00499281160838112,16,9,46.0000832135268
"1448",4417,0.0165002304397858,54.5,31.5,52.0002750038407
"1449",4413,0.03556523089629,59.5,33.5,36.0005927538483
"1450",4293,0.35361325492524,43.5,25.5,58.0058935542488
"1451",4170,0.204560884876913,70,41,62.0034093480813
"1452",4174,0.00170388398784051,73,42,34.0000283980665
"1453",4177,0.000125285123376926,40,23,32.0000020880854
"1454",4176,0,35.5,19.5,78
"1455",4175,0,90,51,40
"1456",3138,0.388798182385681,48.5,28.5,32.0064799697064
"1457",3137,0,36.5,20.5,32
"1458",3124,0.000618592442219981,38,22,36.000010309874
"1459",3123,0.0018023772053783,39.5,21.5,36.0000300396201
"1460",3121,0.00198118700063769,37.5,19.5,56.0000330197833
"1461",3102,0.0144808499210986,65.5,37.5,48.0002413474987
"1462",3101,0,59,35,46
"1463",3095,0.00411491697081513,50,27,72.0000685819495
"1464",3097,0.00300188968780901,83,47,22.0000500314948
"1465",3096,0,27,16,58
"1466",3100,0.00873537552182269,70.5,41.5,18.000145589592
"1467",3099,0,22,13,72
"1468",3082,0.0402917738984736,84.5,48.5,56.000671529565
"1469",3081,0.00273928339057608,65.5,37.5,58.0000456547232
"1470",3080,0.00280908594093008,72.5,43.5,34.000046818099
"1471",3067,0.114237951219845,36,19,34.0019039658537
"1472",3066,0.00110234154110573,35.5,18.5,34.000018372359
"1473",3068,0.00176314762907972,39.5,22.5,48.0000293857938
"1474",3079,0.0408313330352998,60,36,68.0006805222173
"1475",3064,0.0479662086089385,78,44,84.0007994368102
"1476",3065,0.00828802902459098,99,57,22.0001381338171
"1477",2996,0.120417486027551,26.5,15.5,56.0020069581005
"1478",2799,0.282032507160735,67,39,14.004700541786
"1479",2958,0.381662759332952,17.5,10.5,20.0063610459889
"1480",2957,0.0245838359401482,23,13,68.000409730599
"1481",3122,0.30971802628653,83,49,50.0051619671048
"1482",3153,0.0730497468594875,59.5,34.5,64.001217495781
"1483",3461,0.211813004507956,77.5,45.5,18.0035302167418
"1484",3492,0.254781510653828,20,11,26.0042463585109
"1485",3493,0.000444779708336895,30.5,17.5,64.0000074129951
"1486",3500,0.119542572131103,76.5,44.5,34.0019923762022
"1487",4299,0.373096229935078,42.5,25.5,42.0062182704989
"1488",4308,0.113853162360597,46.5,25.5,70.001897552706
"1489",4307,0,85,50,44
"1490",4309,0.00238036910555854,48,26,18.0000396728184
"1491",4274,0.438192005994765,20.5,11.5,6.00730320009991
"1492",4142,0.349277931522775,6.5,3.5,62.0058212988587
"1493",4141,0,73,42,54
"1494",4140,0,64.5,37.5,22
"1495",4147,0.00890232992281454,25.5,14.5,60.0001483721654
"1496",4146,0,70,40,24
"1497",4145,0,26,14,70
"1498",4144,0,85,50,66
"1499",4143,0,80.5,47.5,62
"1500",4154,0.0163786146473047,71.5,40.5,2.00027297691079
"1501",4153,0,2.5,1.5,32
"1502",4152,0,38,22,78
"1503",4151,0,90.5,51.5,44
"1504",4150,0,54.5,32.5,52
"1505",4149,0,57.5,31.5,38
"1506",4148,0,40,21,20
"1507",4155,0.00756125501060501,20,10,40.0001260209168
"1508",4169,0.00592975929383801,50,30,30.0000988293216
"1509",4168,0,35.5,20.5,24
"1510",4167,0,26.5,14.5,42
"1511",4157,0.00348366442356101,50,29,78.0000580610737
"1512",4156,0,90.5,51.5,16
"1513",4166,0.00218563474952749,19.5,11.5,56.0000364272458
"1514",4165,0,69.5,41.5,32
"1515",4164,0,35,19,48
"1516",4173,0.00272448148121406,54,30,56.0000454080247
"1517",4172,0,69,41,42
"1518",4171,0,46.5,25.5,52
"1519",4163,0.00325430095980822,65,39,52.0000542383493
"1520",4162,0,61,35,46
"1521",4161,0,55.5,32.5,54
"1522",4160,0,60,33,70
"1523",4159,0,84.5,49.5,36
"1524",4158,0,42.5,24.5,50
"1525",4182,0.00701149274874004,56.5,31.5,46.0001168582125
"1526",4181,0,51,28,44
"1527",4180,0,51,29,14
"1528",4179,0.0275778512107041,14.5,7.5,50.0004596308535
"1529",4178,0,61,36,30
"1530",4191,0.00868428254123166,31.5,16.5,24.0001447380424
"1531",4190,0,28.5,16.5,38
"1532",4189,0,45.5,26.5,38
"1533",4188,0,42.5,23.5,50
"1534",4187,0,59.5,34.5,62
"1535",4186,0,72,41,34
"1536",4185,0.00934197800296613,36,19,36.0001556996334
"1537",4184,0.00439784235282253,44,26,68.0000732973726
"1538",4183,0,82,48,26
"1539",4192,0.00558658813641741,31,18,42.0000931098023
"1540",4197,0.00235423328005546,52.5,31.5,42.0000392372213
"1541",4196,0,50.5,29.5,20
"1542",4195,0,23.5,13.5,64
"1543",4194,0,77,45,38
"1544",4193,0,42,23,60
"1545",4223,0.116772596249077,72,42,48.0019462099375
"1546",4302,0.137006831492664,56.5,32.5,48.0022834471915
"1547",4398,0.207911316470291,54.5,30.5,10.0034651886078
"1548",4464,0.353959319965892,10.5,5.5,42.0058993219994
"1549",4477,0.0267721377160197,52.5,31.5,56.0004462022953
"1550",4476,0,64.5,36.5,60
"1551",4475,0,69,39,24
"1552",4474,0,26,14,52
"1553",4513,0.0228386910932489,61.5,35.5,60.0003806448516
"1554",4512,0,72,42,80
"1555",4511,0,95,55,44
"1556",4515,0.0107499204732636,50,28,84.0001791653412
"1557",4514,0,99,57,32
"1558",4523,0.0057333751011908,37.5,21.5,54.0000955562517
"1559",4522,0,67.5,40.5,44
"1560",4517,0.0158265417748407,50,28,66.0002637756963
"1561",4516,0,77,44,66
"1562",4510,0.00444567941584567,80.5,47.5,80.0000740946569
"1563",4509,0,93.5,53.5,68
"1564",4520,0.0114005105987018,81.5,47.5,36.00019000851
"1565",4519,0,44,26,72
"1566",4518,0,86.5,50.5,56
"1567",4472,0.0113709403500377,63,35,60.0001895156725
"1568",4468,0.0189482262517935,68.5,38.5,6.00031580377086
"1569",4467,0,6,3,28
"1570",4469,0.00440830297964834,29,15,68.0000734717163
"1571",4521,0.0461123928168822,79,45,48.0007685398803
"1572",4878,0.552628821099411,56.5,32.5,70.0092104803517
"1573",4831,0.356617103505166,81,46,86.0059436183918
"1574",4830,0,100.5,57.5,56
"1575",4823,0.165385043718237,70,42,30.0027564173953
"1576",4581,0.610857042969194,32,17,84.0101809507161
"1577",3509,1.40884763669553,98.5,56.5,72.0234807939449
"1578",3357,0.349502319715188,83,47,20.0058250386619
"1579",3075,0.181543954470771,21.5,11.5,76.0030257325745
"1580",3077,0.00704308794825322,89.5,51.5,40.0001173847991
"1581",3076,0,44.5,24.5,24
"1582",3060,0.0475418964131729,28,16,58.0007923649402
"1583",3059,0,70,41,44
"1584",3052,0.00488409436644961,49.5,27.5,18.0000814015728
"1585",3051,0,20.5,11.5,62
"1586",3050,0,72.5,41.5,20
"1587",3049,0,20.5,10.5,52
"1588",3048,0,61.5,35.5,60
"1589",3045,0.00240813306576987,69.5,39.5,40.0000401355511
"1590",3044,0,47.5,27.5,4
"1591",3043,0,4,2,22
"1592",3023,0.00420976489025695,26,15,56.0000701627482
"1593",3022,0.00200995398117951,64.5,36.5,64.000033499233
"1594",3021,0,74.5,42.5,44
"1595",3020,0,54,32,72
"1596",3035,0.00802932946807314,84.5,48.5,68.0001338221578
"1597",3027,0.00428183303832236,77.5,43.5,64.000071363884
"1598",3026,0,72.5,40.5,46
"1599",3025,0,51.5,28.5,36
"1600",3024,0,38.5,20.5,66
"1601",3047,0.0210345310348502,78.5,45.5,32.0003505755172
"1602",3046,0,33,17,32
"1603",3058,0.004833957193014,38.5,22.5,70.0000805659532
"1604",3057,0,82.5,47.5,18
"1605",3036,0.0138643245481963,21,12,72.0002310720758
"1606",3042,0.0608421466299132,83,47,26.0010140357772
"1607",3041,0,29.5,16.5,80
"1608",3040,0,94.5,54.5,46
"1609",3014,0.018832610064477,53,30,68.0003138768344
"1610",3144,0.181991636067164,78.5,44.5,68.0030331939344
"1611",3143,0,82.5,48.5,62
"1612",3141,0.00340030549365451,75.5,44.5,44.0000566717582
"1613",2817,0.440758663330433,50,28,72.0073459777222
"1614",2816,0,86.5,50.5,6
"1615",2815,0,6.5,3.5,48
"1616",2814,0,54,30,78
"1617",2818,0.00122314419226788,93,54,18.0000203857365
"1618",2813,0.00390251550351686,19,10,22.0000650419251
"1619",2812,0,22,11,30
"1620",2811,0,35.5,20.5,18
"1621",2810,0,21,12,24
"1622",2809,0,26.5,14.5,40
"1623",2808,0,50,30,24
"1624",2807,0,25,13,44
"1625",2806,0,47.5,25.5,50
"1626",2805,0.0342480860773535,60.5,35.5,46.0005708014346
"1627",2804,0,53,30,34
"1628",2803,0,39,22,36
"1629",2802,0,43,25,42
"1630",2801,0,48,27,42
"1631",2800,0,46.5,25.5,58
"1632",2798,0.00753713024325094,70,41,54.0001256188374
"1633",2797,0,60.5,33.5,68
"1634",2831,0.00962189614639342,79.5,45.5,70.0001603649358
"1635",2830,0,82,47,62
"1636",2829,0,76.5,45.5,18
"1637",2828,0,18.5,9.5,20
"1638",2827,0,20,10,40
"1639",2826,0,49,29,34
"1640",2825,0.00579624460380538,36.5,19.5,62.0000966040767
"1641",2824,0,71,40,72
"1642",2823,0,83,47,70
"1643",2822,0,83,48,64
"1644",2821,0,78,46,30
"1645",2820,0,30,15,70
"1646",2819,0,80,45,44
"1647",2788,0.00671434798161858,49,27,90.0001119057997
"1648",2787,0.00333235626166395,105,60,62.000055539271
"1649",2786,0,70.5,39.5,50
"1650",2785,0,55,30,6
"1651",2784,0,7.5,4.5,16
"1652",2783,0,16.5,8.5,8
"1653",2782,0,8,4,62
"1654",2781,0,77,46,54
"1655",2780,0,65,38,40
"1656",2774,0.00180419292849968,46.5,26.5,48.0000300698821
"1657",2773,0,58.5,34.5,68
"1658",2772,0,81.5,47.5,50
"1659",2771,0,55,30,44
"1660",2770,0,55,33,62
"1661",2769,0,73,42,56
"1662",2768,0,64.5,36.5,44
"1663",2767,0,49,27,40
"1664",2766,0,48.5,28.5,32
"1665",2779,0.00646414511029649,39,23,16.0001077357518
"1666",2778,0,19,11,62
"1667",2777,0,73,42,8
"1668",2776,0,10,6,20
"1669",2775,0,24,14,68
"1670",2796,0.01517539449625,81.5,47.5,62.0002529232416
"1671",2795,0,70.5,39.5,32
"1672",2794,0,35.5,19.5,40
"1673",2793,0,50,30,22
"1674",2792,0,23.5,12.5,50
"1675",2791,0,59.5,34.5,52
"1676",2790,0,62,36,64
"1677",2756,0.122295026602253,76.5,44.5,52.0020382504434
"1678",2761,0.056337287877082,59,33,50.000938954798
"1679",2760,0.00854334425727346,60.5,35.5,48.000142389071
"1680",2759,0,53,29,36
"1681",2758,0.00248511960057306,43.5,25.5,42.00004141866
"1682",2744,0.0830217057780685,47,26,42.0013836950963
"1683",2972,0.47592831137189,45.5,24.5,50.0079321385229
"1684",2988,0.103535988684742,59,34,64.0017255998114
"1685",2971,0.104595900767112,78,46,16.0017432650128
"1686",2970,0,19,11,30
"1687",2969,0.00544888560303202,35,20,56.00009081476
"1688",2973,0.00260010330803442,67,39,32.0000433350551
"1689",2975,0.00135417076396257,40,24,48.0000225695127
"1690",2974,0,58.5,34.5,26
"1691",2981,0.000782702973016333,27.5,14.5,34.0000130450495
"1692",2980,0.000667169559676051,40,23,52.0000111194927
"1693",2979,0,58.5,32.5,34
"1694",2978,0,40.5,23.5,18
"1695",2977,0.00112757670974876,22.5,13.5,24.0000187929452
"1696",2976,0,30,18,62
"1697",2983,0.00100623297164955,73,42,76.0000167705495
"1698",2982,0,89.5,51.5,56
"1699",2984,0.000281865823664483,67,39,42.0000046977637
"1700",2994,0.0999701027602702,47.5,26.5,66.0016661683793
"1701",2734,0.449499185161827,77.5,44.5,32.007491653086
"1702",2611,0.292784275736016,34,18,80.0048797379289
"1703",2610,0,94,54,66
"1704",1928,0.604428880501057,80.5,47.5,38.010073814675
"1705",1522,0.652203103670253,46,27,32.0108700517278
"1706",1521,0,37,21,26
"1707",1520,0,27.5,14.5,40
"1708",1518,0.0175995006989836,44,24,18.0002933250117
"1709",1517,0,20.5,11.5,28
"1710",1508,0.0203265605020885,28,14,54.0003387760084
"1711",1507,0,66,39,44
"1712",1511,0.00185228963512835,53,31,60.0000308714939
"1713",1510,0,69.5,39.5,12
"1714",1509,0,14,8,4
"1715",1512,0.00056515320972229,4.5,2.5,40.0000094192202
"1716",1519,0.00944524980604171,47,27,52.0001574208301
"1717",1506,0.0293610904846613,58,32,22.0004893515081
"1718",1497,0.00653628674541736,25,14,50.0001089381124
"1719",1501,0.00631719194765583,55,30,24.0001052865325
"1720",1486,0.00483929526639402,24.5,12.5,50.0000806549211
"1721",1487,0.0064586005924149,61,36,86.0001076433432
"1722",1505,0.00678669546605271,101,58,54.0001131115911
"1723",1504,0,64,37,74
"1724",1503,0,85,48,66
"1725",1502,0,78.5,45.5,36
"1726",1500,0.00461132506568772,43.5,25.5,76.0000768554178
"1727",1499,0,88.5,50.5,6
"1728",1498,0,6,3,36
"1729",1494,0.00269255671271254,39.5,21.5,62.0000448759452
"1730",1493,0,71,40,86
"1731",1492,0,101,58,12
"1732",1491,0,13,7,64
"1733",1496,0.00465162176816512,76,44,90.0000775270295
"1734",1490,0.00912168889620749,105,60,72.0001520281483
"1735",1489,0,83.5,47.5,30
"1736",1488,0,30.5,15.5,14
"1737",1514,0.018008341940564,15.5,8.5,58.0003001390323
"1738",1513,0,71,42,24
"1739",1516,0.00567123509206662,24,12,40.0000945205849
"1740",1515,0,48.5,28.5,40
"1741",1481,0.324538345801428,42.5,22.5,40.00540897243
"1742",1480,0,44.5,24.5,26
"1743",1478,0.00784466443939106,31,18,46.0001307444073
"1744",1479,0.00349166676080948,54.5,31.5,40.000058194446
"1745",1470,0.420667337182433,45,25,66.0070111222864
"1746",1469,0.0039613010380479,80.5,47.5,72.000066021684
"1747",1468,0.0193485013994591,86.5,50.5,46.0003224750233
"1748",1483,0.548776414517903,50.5,27.5,70.0091462735753
"1749",1482,0.0308271839080176,81.5,46.5,54.0005137863985
"1750",1475,0.229037673707876,63,36,66.0038172945618
"1751",1638,0.431578542058004,78.5,45.5,60.007192975701
"1752",1637,0.0318025879920601,70,40,34.0005300431332
"1753",1879,0.284188651158066,42,25,32.0047364775193
"1754",1875,0.305859735204694,36,20,36.0050976622534
"1755",1874,0,45,27,48
"1756",1869,0.0287886880623836,59,35,46.0004798114677
"1757",1868,0,57.5,34.5,56
"1758",1872,0.0305878253609852,68,40,18.0005097970894
"1759",1849,0.0377744232335581,19.5,10.5,64.0006295737206
"1760",1859,0.00893037483181137,72.5,40.5,66.0001488395805
"1761",2508,0.453389390264917,81,48,48.0075564898378
"1762",2507,0,52.5,28.5,74
"1763",2530,0.0879833411286175,86,49,74.0014663890188
"1764",2637,0.106662286034402,89,52,40.0017777047672
"1765",2682,0.0273938113928047,48,28,66.0004565635232
"1766",2848,0.317248437740711,80,47,52.0052874739623
"1767",2847,0,61.5,35.5,52
"1768",2889,0.0419155508118113,62,36,32.0006985925135
"1769",2895,0.00122995868848429,40,24,42.0000204993115
"1770",2899,0.00127126604952194,49,28,48.0000211877675
"1771",2898,0,57,33,48
"1772",2897,0,55.5,31.5,46
"1773",2896,0,56.5,33.5,78
"1774",2888,0.0135946267108565,90.5,51.5,30.0002265771118
"1775",2887,0,35,20,82
"1776",2886,0,97,56,82
"1777",2885,0,96,55,70
"1778",2884,0.000444779705507603,80.5,45.5,20.0000074129951
"1779",2883,0,23,13,32
"1780",2882,0.000222389854168448,35,19,8.00000370649757
"1781",2881,0,10,6,58
"1782",2880,0,67,38,86
"1783",2879,0.0540444671069031,100.5,57.5,36.0009007411184
"1784",2878,0.000441178712623805,38,20,60.0000073529785
"1785",2877,0,74,44,6
"1786",2876,0,6,3,22
"1787",2990,0.347634397784836,23.5,12.5,72.0057939066297
"1788",2992,0.00538186675508105,83.5,47.5,16.0000896977793
"1789",2991,0.000448512953152567,18,10,44.0000074752159
"1790",2989,0.0110880342150275,48,26,44.0001848005703
"1791",2987,0.00492884755949261,52,30,34.0000821474593
"1792",2986,0,36.5,19.5,16
"1793",2956,0.109820673376175,18.5,10.5,28.0018303445563
"1794",2955,0,30,16,60
"1795",2954,0,73.5,43.5,80
"1796",2950,0.00387080989873973,94.5,54.5,40.0000645134983
"1797",2949,0,44,24,76
"1798",2948,0,88,50,30
"1799",2944,0.000673049463037085,35.5,20.5,72.000011217491
"1800",2943,0,83.5,47.5,56
"1801",2942,0,69,41,62
"1802",2941,0,76,45,40
"1803",2940,0,50,30,50
"1804",2939,0,61,36,70
"1805",2938,0,81,46,18
"1806",2937,0,18.5,9.5,66
"1807",2936,0,76,43,70
"1808",2935,0,82,47,44
"1809",2934,0,50,28,24
"1810",2933,0,25,13,2
"1811",2932,0,2.5,1.5,30
"1812",2926,0.00283045383932575,35.5,20.5,54.0000471742307
"1813",2925,0,61,34,38
"1814",2924,0,40.5,21.5,40
"1815",2930,0.00171561567012332,44.5,24.5,36.0000285935945
"1816",2929,0,38,20,34
"1817",2928,0,39,22,20
"1818",2947,0.000852005006539046,23,13,72.0000142000834
"1819",2946,0,87,51,62
"1820",2945,0,76.5,45.5,72
"1821",2952,0.103876868597026,84.5,48.5,66.0017312811433
"1822",2953,0.0027852669117831,80,47,36.0000464211152
"1823",2951,0.00468765099118867,43.5,25.5,28.0000781275165
"1824",2931,0.00203349722413745,29,15,64.0000338916204
"1825",2927,0.000928280725262943,77,45,36.0000154713454
"1826",2903,0.0905316791398086,44.5,26.5,86.001508861319
"1827",2905,0.0570355294376441,100.5,57.5,42.0009505921573
"1828",2841,0.155869096872872,48.5,27.5,70.0025978182812
"1829",2840,0,84.5,49.5,82
"1830",2839,0,95,54,36
"1831",2838,0.000677093506458967,42,24,22.0000112848918
"1832",2837,0,27,16,38
"1833",2836,0,40,21,32
"1834",2835,0.000919063387458797,35.5,19.5,82.0000153177231
"1835",2844,0.00223913134144578,97,56,30.0000373188557
"1836",3139,0.441458415842703,32.5,17.5,44.007357640264
"1837",2843,0.720241575091344,53.5,31.5,34.0120040262515
"1838",2842,0,35.5,18.5,48
"1839",2834,0.0160517258620283,57,33,38.0002675287644
"1840",2833,0,45,26,40
"1841",2846,0.0116677321002517,43,23,52.0001944622017
"1842",2845,0.0152494658574323,58,32,62.0002541577643
"1843",2863,0.0257514053458819,74,43,36.0004291900891
"1844",2862,0,41.5,23.5,48
"1845",2861,0,60,36,18
"1846",2864,0.0335906033828251,19.5,10.5,2.00055984338971
"1847",2866,0.00643242806780989,2,1,70.0001072071345
"1848",2865,0,80,45,40
"1849",2875,0.0459397921561589,48,28,48.0007656632026
"1850",2874,0,54,30,50
"1851",2832,0.149415181021667,56.5,31.5,58.002490253017
"1852",2789,0.0599349063522581,66,37,4.00099891510587
"1853",2717,0.40567992314387,5,3,36.0067613320524
"1854",2716,0,37.5,19.5,78
"1855",2613,0.0956244216672042,92,53,24.0015937403611
"1856",2640,0.106723571495073,29.5,17.5,54.0017787261916
"1857",2621,0.0201355830751465,65.5,38.5,74.0003355930513
"1858",2630,0.00621161470643725,87.5,50.5,26.0001035269118
"1859",2629,0,27,14,82
"1860",2628,0,96,55,52
"1861",2627,0,58,32,22
"1862",2626,0.000845858015137902,26.5,15.5,30.0000140976336
"1863",2625,0,33,18,72
"1864",2636,0.00242648989701595,87,51,42.0000404414983
"1865",2649,0.00456274843427738,49.5,28.5,42.0000760458072
"1866",2648,0,51,30,66
"1867",2651,0.000565524681146571,77.5,44.5,40.0000094254113
"1868",2660,0.00264408408556146,44,24,70.0000440680681
"1869",2661,0.00359182825238132,82.5,47.5,28.0000598638042
"1870",2647,0.00957793353527987,33.5,19.5,50.0001596322256
"1871",2631,0.00366352912974523,58.5,33.5,62.0000610588188
"1872",2635,0.0019218342287002,73,42,40.0000320305705
"1873",2634,0,43.5,23.5,38
"1874",2633,0,42,23,44
"1875",2641,0.00547917738774575,48.5,26.5,52.0000913196231
"1876",2632,0.00408679617476334,61,35,20.0000681132696
"1877",3484,0.941749894437307,20.5,10.5,44.015695831574
"1878",3486,0.00194598709029554,53.5,31.5,48.0000324331182
"1879",3485,0,55,31,56
"1880",3482,0.00353026227340414,69.5,41.5,52.0000588377046
"1881",3483,0.0125683461647892,57.5,31.5,64.0002094724361
"1882",3473,0.0224414470746623,74.5,42.5,38.0003740241179
"1883",3472,0,44.5,25.5,88
"1884",4295,0.474181496614722,102.5,58.5,46.0079030249436
"1885",4597,0.784831833517655,50,27,58.0130805305586
"1886",4585,0.0540009433009832,71.5,42.5,8.00090001572168
"1887",4792,0.232762175772212,8,4,68.0038793695962
"1888",4793,0.0108334993216838,82,48,50.000180558322
"1889",4791,0.0150899196484272,62,37,62.0002514986608
"1890",4877,0.581179426803987,70.5,39.5,74.0096863237801
"1891",5338,0.902817609877722,85.5,48.5,36.0150469601646
"1892",4859,1.64636682718573,39,21,64.0274394471198
"1893",4404,0.86092253663803,76,44,26.014348708944
"1894",4403,0.0106273262434508,32.5,19.5,24.0001771221041
"1895",4401,0.00926486597843101,24,12,60.000154414433
"1896",4385,0.0672857855114712,72.5,42.5,72.0011214297585
"1897",1799,2.07529229461807,85.5,49.5,60.0345882049103
"1898",1798,0,67.5,37.5,56
"1899",1797,0,66,38,18
"1900",1792,0.0051162229572935,20.5,11.5,54.0000852703826
"1901",1791,0,67.5,40.5,58
"1902",1790,0,68,39,62
"1903",1754,0.00671470108154986,73,42,50.0001119116847
"1904",1753,0,60.5,35.5,48
"1905",1752,0,53.5,29.5,62
"1906",1751,0,74,43,68
"1907",1744,0.00644827194912925,78.5,44.5,16.0001074711992
"1908",1743,0,16.5,8.5,66
"1909",1742,0,75.5,42.5,16
"1910",1762,0.0019010718405184,18.5,10.5,32.0000316845307
"1911",1761,0,34,18,86
"1912",1729,0.00475410830254683,101,58,76.0000792351384
"1913",1728,0,90,52,44
"1914",1727,0,49.5,27.5,66
"1915",1760,0.00761867570001799,75.5,42.5,16.0001269779283
"1916",1759,0,19,11,54
"1917",1758,0,61.5,34.5,68
"1918",1757,0,80.5,46.5,18
"1919",1756,0,22.5,13.5,26
"1920",1755,0,28.5,15.5,28
"1921",1767,0.00156851330587555,30,16,54.0000261418884
"1922",1766,0,64,37,50
"1923",1765,0,59,34,28
"1924",1764,0,33,19,62
"1925",1763,0,70,39,14
"1926",1737,0.00698995760869098,15,8,22.0001164992935
"1927",1736,0,25,14,56
"1928",1735,0,67.5,39.5,34
"1929",1771,0.00705066729533292,42.5,25.5,80.0001175111216
"1930",1770,0,92.5,52.5,56
"1931",1769,0,66.5,38.5,72
"1932",1775,0.00348757890937322,83,47,14.0000581263152
"1933",1774,0,16.5,9.5,18
"1934",1773,0,22,13,50
"1935",1780,0.00278526840514302,62.5,37.5,44.0000464211401
"1936",1779,0,47.5,25.5,42
"1937",1778,0,50.5,29.5,34
"1938",1746,0.0144550333743629,38,21,8.00024091722291
"1939",1741,0.00496250080171236,10,6,60.0000827083467
"1940",1740,0,69,39,48
"1941",1739,0,53.5,29.5,30
"1942",1688,0.018896499601861,34.5,19.5,36.00031494166
"1943",1687,0,45,27,82
"1944",1686,0,97,56,42
"1945",1675,0.00554800657493062,50.5,29.5,28.0000924667762
"1946",1674,0,33,19,18
"1947",1673,0,21,12,30
"1948",1672,0,31.5,16.5,86
"1949",1671,0,101,58,58
"1950",1670,0,65,36,80
"1951",1669,0,94.5,54.5,22
"1952",1668,0,24.5,13.5,18
"1953",1667,0,18,9,60
"1954",1649,0.0131118358493915,73.5,43.5,26.0002185305975
"1955",1717,0.0247486389663753,26,13,16.0004124773161
"1956",1716,0,19,11,80
"1957",1715,0,93,53,24
"1958",1702,0.0610739885239972,26.5,14.5,26.0010178998087
"1959",1701,0,28.5,15.5,34
"1960",1700,0,37,20,40
"1961",1749,0.0337380470637394,43,23,38.0005623007844
"1962",1748,0,46.5,27.5,50
"1963",1747,0,61.5,36.5,64
"1964",1795,0.00790097084055061,78,46,54.0001316828473
"1965",1794,0,62.5,35.5,66
"1966",1793,0,76.5,43.5,60
"1967",1787,0.0217272782072835,72.5,42.5,34.0003621213035
"1968",1786,0,39.5,22.5,64
"1969",1362,2.12362998371339,74.5,42.5,54.0353938330619
"1970",1361,0,66.5,39.5,52
"1971",1360,0,63,37,62
"1972",1359,0,75.5,44.5,38
"1973",1358,0,41,22,54
"1974",1357,0,61,34,50
"1975",1356,0.00172822013997795,62,37,38.000028803669
"1976",1355,0,43.5,24.5,54
"1977",1354,0,61.5,34.5,68
"1978",1353,0,80,46,48
"1979",1352,0,57.5,33.5,34
"1980",1351,0,39.5,22.5,10
"1981",1350,0.00136192942137151,10.5,5.5,32.0000226988237
"1982",1349,0,40,24,36
"1983",1348,0.00429155038779134,38.5,20.5,30.0000715258398
"1984",1347,0,33.5,18.5,34
"1985",1346,0,35,18,86
"1986",1345,0,100,57,34
"1987",1344,0,35,18,32
"1988",1343,0,39,23,30
"1989",1342,0.00185344703439521,32,17,10.0000308907839
"1990",1341,0,10,5,26
"1991",1340,0,27.5,14.5,42
"1992",1339,0,50.5,29.5,68
"1993",1338,0,79.5,45.5,62
"1994",1337,0,76.5,45.5,46
"1995",1330,0.00402156824817731,52.5,29.5,34.0000670261375
"1996",1329,0,42.5,25.5,72
"1997",1328,0,85,49,56
"1998",1327,0,65,37,46
"1999",1326,0.00278227034092272,50.5,27.5,40.0000463711723
"2000",1336,0.00688187406495387,45,25,68.0001146979011
"2001",1335,0,80,46,8
"2002",1334,0,8.5,4.5,20
"2003",1333,0,24,14,54
"2004",1332,0,66,39,36
"2005",1331,0,43.5,25.5,34
"2006",1325,0.00372881665479011,37.5,20.5,54.0000621469442
"2007",1324,0,61.5,34.5,54
"2008",1323,0,61,34,36
"2009",1322,0,43.5,25.5,78
"2010",1321,0,90,51,34
"2011",1320,0,38.5,21.5,54
"2012",1319,0,63,36,24
"2013",1318,0,26.5,14.5,16
"2014",1317,0.00473262534105575,19,11,32.000078877089
"2015",1316,0,37.5,21.5,46
"2016",1315,0.0103368125726892,55.5,32.5,50.0001722802095
"2017",1294,0.105099045397122,58,33,32.0017516507566
"2018",1293,0,36.5,20.5,68
"2019",1292,0,82.5,48.5,76
"2020",1291,0,90.5,52.5,18
"2021",1298,0.0034950597680183,21.5,12.5,12.0000582509961
"2022",1297,0,14,8,46
"2023",1296,0,54,31,40
"2024",1295,0,47.5,27.5,46
"2025",1304,0.0021158568276003,55.5,32.5,26.0000352642805
"2026",1303,0,31,18,24
"2027",1302,0,25.5,13.5,86
"2028",1301,0,101,58,8
"2029",1300,0,8.5,4.5,68
"2030",1299,0,78,44,26
"2031",1309,0.0142075346244818,32,19,38.0002367922437
"2032",1308,0,43.5,24.5,24
"2033",1307,0,28.5,16.5,52
"2034",1306,0,61.5,35.5,28
"2035",1305,0,33,19,38
"2036",1314,0.00702452567292514,45,26,62.0001170754279
"2037",1313,0,71.5,40.5,44
"2038",1312,0,52.5,30.5,56
"2039",1311,0,62.5,34.5,62
"2040",1310,0,70,39,28
"2041",1290,0.0454575529182762,30,16,62.000757625882
"2042",1289,0,72.5,41.5,24
"2043",1402,1.04108222550181,25.5,13.5,14.017351370425
"2044",1535,1.11841622081944,17,10,58.018640270347
"2045",2730,0.980159526934566,70,41,70.0163359921156
"2046",2729,0,80,45,42
"2047",2728,0,47.5,26.5,48
"2048",2733,0.00338539960176277,59.5,35.5,52.0000564233267
"2049",2965,1.62346341219135,59,33,18.0270577235365
"2050",3083,0.225478380292439,20,11,38.0037579730049
"2051",3098,0.100917880110601,40,21,12.0016819646685
"2052",3457,0.264497902685981,13,7,14.0044082983781
"2053",3736,0.162785036713557,14,7,56.0027130839452
"2054",3737,0.00184136708375499,65.5,37.5,62.0000306894514
"2055",3758,0.0992964650972528,72.5,41.5,70.001654941085
"2056",3760,0.185836003505643,80.5,45.5,60.0030972667251
"2057",3745,0.105763328744943,68.5,38.5,60.0017627221457
"2058",3761,0.0277652017107478,71,41,68.0004627533618
"2059",3735,0.0440857411483791,77.5,43.5,38.0007347623525
"2060",3729,0.0310664762354283,40,21,28.0005177746039
"2061",3725,0.0028052361072726,30,16,12.0000467539351
"2062",3692,0.00462368576622067,14.5,8.5,48.0000770614294
"2063",3676,0.00100208789911982,53,29,70.000016701465
"2064",3675,0,84,49,22
"2065",3674,0.000111194927084224,27.5,16.5,46.0000018532488
"2066",3669,5.76715033687237e-05,52,29,10.0000009611917
"2067",3589,0.004582048281463,12.5,7.5,46.0000763674714
"2068",3593,0.00604427637745581,53,30,64.0001007379396
"2069",3650,0.00299786936368859,74.5,42.5,72.0000499644894
"2070",3684,0.0009491635416078,82.5,46.5,14.0000158193924
"2071",3682,0.000669657534470664,14.5,7.5,34.0000111609589
"2072",3673,0.000125260940657515,36,19,50.0000020876823
"2073",3697,0.00183796821037804,59,34,60.0000306328035
"2074",3696,0,74.5,44.5,34
"2075",3690,0.00122857058039946,42.5,25.5,70.0000204761763
"2076",3689,0,84.5,49.5,76
"2077",3686,0.000558957760328516,89,51,56.0000093159627
"2078",3667,0.00194580292726569,65,37,66.0000324300488
"2079",3658,0.00130726603843315,79,46,78.0000217877673
"2080",3647,0.0002306852358285,90,51,44.0000038447539
"2081",3643,0.000567813096773408,53.5,31.5,68.0000094635516
"2082",3660,0.00106014799051613,80,46,52.0000176691332
"2083",3639,0.00137416249263686,61,35,44.0000229027082
"2084",3671,0.00120069516660969,52,30,18.0000200115861
"2085",3670,0,18.5,9.5,60
"2086",3678,0.000125260871851038,71.5,41.5,50.0000020876812
"2087",3677,0,56,31,52
"2088",3703,0.00133261504282947,62.5,36.5,50.0000222102507
"2089",3702,0.000448503023972263,62.5,37.5,6.0000074750504
"2090",3705,0.00113562617384973,7.5,4.5,26.0000189271029
"2091",3711,0.0010020871315677,28,15,22.0000167014522
"2092",3710,0.000669657525785426,24,13,38.0000111609588
"2093",3709,0,42,23,64
"2094",3708,0,74,42,20
"2095",3713,0.00150313083909154,25,15,44.0000250521806
"2096",3614,0.00496978752361873,49,27,50.0000828297921
"2097",3598,0.00136774347450438,56.5,31.5,72.0000227957246
"2098",3597,0.0035582376525487,83,47,86.0000593039609
"2099",3596,0.000338533274990311,100,57,38.0000056422213
"2100",3606,0.00238622470035593,44,25,34.0000397704117
"2101",3607,0.00022974598040017,37.5,20.5,14.0000038290997
"2102",3620,0.000801064776172603,16,9,12.0000133510796
"2103",3619,0,12,6,68
"2104",3623,5.76712259010402e-05,79,45,30.0000009611871
"2105",3622,0,34.5,19.5,62
"2106",3640,0.00232909083885842,73,42,68.0000388181807
"2107",3641,0.000222389851339155,81.5,47.5,58.0000037064975
"2108",3644,0.000173013568556962,65,36,78.0000028835595
"2109",3648,0.000250521678053109,92.5,53.5,12.0000041753613
"2110",3672,0.00168461000201324,15,9,32.0000280768334
"2111",3646,0.00220396990342264,32.5,16.5,56.0000367328317
"2112",3649,0.000448503006263282,68,40,8.0000074750501
"2113",3661,0.000935550085746594,9,5,12.0000155925014
"2114",3651,0.000722474291861506,15,9,44.0000120412382
"2115",3657,0.000205664601576064,52.5,30.5,56.0000034277434
"2116",3656,0.000111194927084224,68,40,58.0000018532488
"2117",3655,0,66,37,90
"2118",3653,0.000173013334597259,105,60,84.0000028835556
"2119",3652,0,97.5,55.5,44
"2120",3637,0.000564676711291961,53,31,70.0000094112785
"2121",3615,0.000768255584910623,81.5,46.5,22.0000128042597
"2122",3611,0.000125260802382337,22.5,11.5,34.00000208768
"2123",3627,0.00125667442358747,38,21,16.0000209445737
"2124",3625,0.000229745950326121,19.5,11.5,30.0000038290992
"2125",3626,0.000778364486760275,31,16,50.0000129727414
"2126",3628,0.000125260783996699,61,36,68.0000020876797
"2127",3633,0.000375782354603342,82,48,60.0000062630392
"2128",3613,0.000569332699231127,70.5,40.5,40.0000094888783
"2129",3603,0.00182867594417946,44.5,24.5,58.0000304779324
"2130",3618,0.0012817014544885,71,42,76.0000213616909
"2131",3632,0.000530073255093554,88,50,18.0000088345543
"2132",3654,0.00081501522854809,20,11,72.0000135835871
"2133",3642,0.000811829051427724,84,48,34.0000135304842
"2134",3629,0.000774769847907996,40.5,23.5,32.0000129128308
"2135",3624,0.000375782256053791,33,17,50.0000062630376
"2136",3608,0.000523688878360109,61,36,42.000008728148
"2137",3630,0.000618103194667805,46.5,25.5,48.0000103017199
"2138",3634,0.000115341977979095,53.5,29.5,44.0000019223663
"2139",3631,0.000352962571697351,49,27,30.0000058827095
"2140",3635,0.000530073144837298,37.5,22.5,42.0000088345524
"2141",3645,0.000722473589986211,45.5,24.5,62.0000120412265
"2142",3668,0.00104737760687514,76.5,45.5,36.0000174562934
"2143",3683,0.00113562591633647,40,22,58.0000189270986
"2144",3679,0.000229745914590533,65,36,54.0000038290986
"2145",3680,0.000111194927084224,62.5,35.5,28.0000018532488
"2146",3681,0.000111194927084224,31.5,17.5,66.0000018532488
"2147",3617,0.00230449668072725,76,43,38.000038408278
"2148",3616,0,44,25,42
"2149",3621,0.000229745908759308,51,30,58.0000038290985
"2150",3612,0.000205664140941962,67.5,38.5,66.0000034277357
"2151",3610,0.000160212537579093,79,46,82.000002670209
"2152",3602,0.000716740594931393,96.5,55.5,14.0000119456766
"2153",3601,0,16,9,68
"2154",3600,0,82,48,34
"2155",3599,0.000786864041826012,36,19,34.0000131144007
"2156",3595,0.00164097711811125,42.5,25.5,66.0000273496186
"2157",3592,0.00114872951887554,78,45,6.00001914549198
"2158",3584,0.00132382410216293,7,4,34.000022063735
"2159",3583,0.000111194927084224,37,20,14.0000018532488
"2160",3582,0,16.5,9.5,30
"2161",3575,0.00305578580967145,31.5,16.5,40.0000509297635
"2162",3576,0.000111194927084224,49,29,32.0000018532488
"2163",3638,0.00736565027427489,33,17,56.0001227608379
"2164",3605,0.00400656534395724,69.5,41.5,42.0000667760891
"2165",3604,0.00145012842307472,47,26,44.0000241688071
"2166",3581,0.00340224084307818,50,28,44.000056704014
"2167",3579,0.00422698118255411,54.5,32.5,26.0000704496864
"2168",3578,0.000333584781252672,32,19,66.0000055597464
"2169",3580,5.76711047729792e-05,78,45,26.0000009611851
"2170",3591,0.00106163413664874,28,15,52.0000176939023
"2171",3594,0.00185328528823227,64,38,14.0000308880881
"2172",3609,0.00138523362195093,15,8,80.000023087227
"2173",3586,0.00251668465943282,94.5,54.5,6.00004194474432
"2174",3588,0.000111194927084224,7.5,4.5,42.0000018532488
"2175",3587,0,49.5,28.5,86
"2176",3585,0,100.5,57.5,46
"2177",3577,0.00113866652961235,50.5,27.5,8.00001897777549
"2178",3573,0.00184230221403833,10,6,2.0000307050369
"2179",3590,0.00381134588734143,2,1,38.0000635224315
"2180",3574,0.00505836999727719,41,22,74.0000843061666
"2181",3515,0.00560744936119532,85.5,48.5,36.0000934574894
"2182",3518,0.0117594915161405,39,21,36.0001959915253
"2183",3571,0.00926956935993557,39,21,90.0001544928227
"2184",3685,0.0100597778202149,105,60,60.0001676629637
"2185",3698,0.000501043101386216,74,44,64.0000083507184
"2186",3695,0,73.5,41.5,30
"2187",3694,0,35,20,30
"2188",3693,0,33.5,18.5,40
"2189",3662,0.00243548734414821,42.5,22.5,30.0000405914557
"2190",3665,0.000229745950742637,33.5,18.5,36.0000038290992
"2191",3664,0,44,26,16
"2192",3663,0,18.5,10.5,70
"2193",3666,0.000111194927084224,82,47,76.0000018532488
"2194",3659,0.000460900241986671,88,50,18.0000076816707
"2195",3687,0.000981184621909988,18.5,9.5,46.000016353077
"2196",3688,0.000333584778423379,57,34,44.0000055597463
"2197",3699,0.000689237860550985,50.5,28.5,48.0000114872977
"2198",3700,0.00124470761603255,52.5,28.5,64.0000207451269
"2199",3718,0.0027134987154022,77.5,45.5,34.0000452249786
"2200",3722,0.00297274498493006,40.5,23.5,42.0000495457497
"2201",3723,0.000797361193912153,49,28,66.0000132893532
"2202",3720,0.000460900231491872,77,44,40.0000076816705
"2203",3719,0.000115342176727026,47.5,27.5,16.0000019223696
"2204",3717,0.000687080477528566,18,10,56.0000114513413
"2205",3726,0.00174436719783682,62.5,34.5,28.0000290727866
"2206",3721,0.0050014913301484,34,20,20.0000833581888
"2207",3724,0.00750698581147025,21.5,11.5,62.0001251164302
"2208",3727,0.0185739403696043,75,44,68.0003095656728
"2209",3728,0.00122857054424579,82,48,60.0000204761757
"2210",3715,0.00302724969908952,67.5,37.5,40.0000504541617
"2211",3712,0.00153216515055767,43,23,10.0000255360858
"2212",3704,0.000749725787185732,10.5,5.5,2.00001249542979
"2213",3701,0.000229745982397926,2,1,18.0000038290997
"2214",3706,0.00116454542072547,18,9,2.00001940909035
"2215",3707,0.00423169961958181,2,1,46.000070528327
"2216",3716,0.00121109654829261,53.5,30.5,66.0000201849425
"2217",3730,0.0118442542019005,80.5,47.5,76.0001974042367
"2218",3514,0.0470205905257185,89.5,51.5,46.0007836765088
"2219",3471,0.0966008142892319,54,31,50.0016100135715
"2220",3470,0.0155314404519213,62,37,52.0002588573409
"2221",3142,0.127772096819906,60,34,28.002129534947
"2222",3107,0.0218769285351904,33,19,66.0003646154756
"2223",3106,0,79.5,46.5,58
"2224",3105,0,69.5,40.5,80
"2225",3104,0,93,53,36
"2226",3103,0,43.5,25.5,48
"2227",3017,0.164477499593519,53,29,28.0027412916599
"2228",3000,0.0821484809627884,29.5,15.5,76.0013691413494
"2229",2921,0.183964680307259,89,51,62.0030660780051
"2230",2920,0.00200482904396817,72.5,41.5,80.0000334138174
"2231",2919,0,94,54,64
"2232",2915,0.0489770576102911,75.5,43.5,48.0008162842935
"2233",2914,0.0400995883994767,54.5,30.5,72.0006683264733
"2234",2913,0.006494594761137,82.5,46.5,36.000108243246
"2235",2912,0.00471708971783011,44.5,26.5,46.000078618162
"2236",2907,0.0147433131001886,56,33,52.000245721885
"2237",2906,0,59,33,50
"2238",2911,0.0302305801362001,58.5,33.5,52.0005038430023
"2239",2867,0.0862713448733933,64,38,44.0014378557479
"2240",2763,0.180315426308979,53.5,31.5,58.0030052571052
"2241",2762,0,66,37,48
"2242",2742,0.0905954892888046,60,36,72.0015099248215
"2243",2741,0,87,51,36
"2244",2740,0.0547550944121872,38,20,20.0009125849069
"2245",2739,0,22.5,12.5,84
"2246",2700,0.176724044259048,98,56,36.0029454007377
"2247",2570,0.100122537709137,39,21,74.0016687089618
"2248",2556,0.0111863300259718,85.5,48.5,30.0001864388338
"2249",2532,0.0208316359876459,32.5,17.5,84.0003471939331
"2250",2567,0.0793938892172576,98,56,54.001323231487
"2251",2566,0,67.5,40.5,20
"2252",2565,0.165570249974572,21.5,11.5,70.0027595041662
"2253",2616,0.070342990703588,84,49,36.0011723831784
"2254",2620,0.00743181016657715,44,26,66.0001238635028
"2255",2619,0.000891426406727401,79.5,46.5,42.0000148571068
"2256",2617,0.00468879120864408,48.5,27.5,28.0000781465201
"2257",2623,0.0292484024857524,31,17,48.0004874733748
"2258",2624,0.000250514194611727,53,29,42.0000041752366
"2259",2622,0.000256056185454768,45,24,62.0000042676031
"2260",2638,0.0165159101137283,75,44,62.0002752651686
"2261",2670,0.0110267257296755,70,39,30.0001837787622
"2262",2656,0.00871869258840337,33,18,60.0001453115431
"2263",2655,0,69.5,39.5,36
"2264",2652,0.000309012634776011,41.5,23.5,60.0000051502106
"2265",2653,0.000891426342851979,74.5,44.5,76.0000148571057
"2266",2650,0.00208291493858522,90.5,52.5,76.000034715249
"2267",2646,0.010543540136283,89.5,51.5,46.0001757256689
"2268",2671,0.0101404680212131,57,34,60.0001690078004
"2269",2672,0.00120052617085822,68,38,44.0000200087695
"2270",2673,0.00090622326250561,50.5,28.5,12.000015103721
"2271",2674,5.76624882143646e-05,15,9,26.0000009610415
"2272",2675,0.00430183210964599,30.5,17.5,40.0000716972018
"2273",2679,0.000352957057920104,44.5,24.5,36.0000058826176
"2274",2678,0,41.5,23.5,62
"2275",2677,0,75,44,22
"2276",2676,0,27,16,42
"2277",2680,0.000111194927084224,49,28,30.0000018532488
"2278",2681,0.000111194927084224,32,17,40.0000018532488
"2279",2669,0.0179945411305888,49,29,44.0002999090188
"2280",2609,0.0359747123369405,53.5,31.5,52.000599578539
"2281",2607,0.0278125758525853,57.5,31.5,50.0004635429309
"2282",2606,0,59.5,34.5,76
"2283",2605,0,89.5,51.5,80
"2284",2604,0,94,54,80
"2285",2603,0,92.5,52.5,38
"2286",2602,0,45.5,26.5,66
"2287",2601,0,75.5,42.5,50
"2288",2600,0,58.5,33.5,14
"2289",2599,0,16,9,54
"2290",2598,0,65,38,10
"2291",2596,0.00993190908269963,11,6,34.000165531818
"2292",2595,0,42,25,46
"2293",2614,0.248501371965153,52,29,28.0041416895328
"2294",2724,0.104632158131503,35,21,24.0017438693022
"2295",2719,0.233839302855403,28.5,16.5,76.0038973217142
"2296",2725,0.0821373151613494,91,53,50.0013689552527
"2297",2706,0.184996592822335,58.5,33.5,56.003083276547
"2298",2705,0,68.5,40.5,32
"2299",2548,0.332039728417652,36.5,20.5,44.0055339954736
"2300",2549,0.00278942050609333,47.5,25.5,58.0000464903418
"2301",2542,0.155517200969558,72,43,38.0025919533495
"2302",2541,0,41.5,22.5,16
"2303",2578,0.0247857275896352,16.5,8.5,56.0004130954598
"2304",2577,0.00400467723606852,62.5,34.5,26.0000667446206
"2305",2502,0.0914331844238025,29.5,16.5,68.0015238864071
"2306",2464,0.119668399400585,80,46,20.0019944733233
"2307",2463,0,22,12,50
"2308",2462,0,57.5,32.5,56
"2309",2443,0.00681438685164661,64.5,36.5,86.0001135731142
"2310",2442,0,100,57,22
"2311",2438,0.0108252696450787,22.5,11.5,58.0001804211607
"2312",2437,0,66.5,37.5,54
"2313",2436,0,66.5,39.5,24
"2314",2435,0,27.5,15.5,62
"2315",2434,0,77,46,46
"2316",2454,0.00492819560443606,50,27,68.0000821365934
"2317",2453,0,82,48,44
"2318",2452,0,54.5,32.5,84
"2319",2451,0,97.5,55.5,48
"2320",2450,0,56,32,10
"2321",2460,0.0023605685793062,11.5,6.5,10.0000393428097
"2322",2469,0.00780445823376407,11.5,6.5,40.0001300743039
"2323",2468,0,46,26,54
"2324",2467,0,62,35,28
"2325",2466,0,31.5,17.5,38
"2326",2465,0,43.5,24.5,44
"2327",2431,0.0178769499871836,53,31,60.0002979491665
"2328",2447,0.00423999753740518,71.5,41.5,22.0000706666256
"2329",2446,0,22.5,11.5,42
"2330",2445,0,49,28,78
"2331",2444,0,91.5,52.5,68
"2332",2429,0.00998031978949838,80,46,88.0001663386631
"2333",2428,0,103,59,38
"2334",2427,0,47.5,28.5,28
"2335",2426,0,29,15,58
"2336",2459,0.00558430600258075,66,37,60.0000930717667
"2337",2458,0,71,41,54
"2338",2457,0,63.5,36.5,34
"2339",2456,0,41,24,82
"2340",2455,0,97,56,32
"2341",2440,0.0249258453220733,36,20,48.0004154307554
"2342",2439,0,60,36,40
"2343",2461,0.0811476502586239,50,30,28.0013524608376
"2344",2205,0.20097171487249,33.5,19.5,52.0033495285812
"2345",2204,0.00084329315910032,62.5,36.5,16.000014054886
"2346",2203,0.000705887348866612,17,9,66.0000117647891
"2347",2231,0.0128496206621499,77,44,22.0002141603444
"2348",2248,0.00451047839282553,24.5,13.5,54.0000751746399
"2349",2249,0.000125247320860278,60,33,14.0000020874553
"2350",2250,0.000125247320096491,14.5,7.5,80.0000020874553
"2351",2237,0.00513571108797797,94.5,54.5,72.0000855951848
"2352",2267,0.0070289394069861,83,47,76.0001171489901
"2353",2270,0.00205590356132742,88.5,50.5,52.0000342650594
"2354",2274,0.00237969775489147,63,37,20.0000396616292
"2355",2272,0.00096855935511196,23.5,13.5,28.0000161426559
"2356",2271,0.000786855454905428,29,15,42.0000131142576
"2357",2269,0.00156725911511222,45,24,58.0000261209853
"2358",2268,0.0031893680539934,68.5,39.5,82.0000531561342
"2359",2273,0.00873006427573925,97,56,44.0001455010713
"2360",2224,0.0119673078487675,53,31,34.0001994551308
"2361",2171,0.0129819118237495,35.5,18.5,54.0002163651971
"2362",2163,0.0163318637279179,65,38,50.0002721977288
"2363",2143,0.0179619187355854,62,37,78.0002993653123
"2364",2136,0.00154455706900873,90.5,51.5,10.0000257426178
"2365",2128,0.00253537424157814,10.5,5.5,66.0000422562374
"2366",2116,0.00229836210803811,80,47,54.0000383060351
"2367",2115,0,67.5,40.5,86
"2368",2114,0,100.5,57.5,58
"2369",2098,0.00108043966129751,70,41,56.0000180073277
"2370",2113,0.00298659886351982,67.5,39.5,40.0000497766477
"2371",2112,0.00178005232302184,48.5,28.5,48.0000296675387
"2372",2117,0.000172922564384972,56.5,32.5,8.00000288204274
"2373",2127,0.00138784221632972,9.5,5.5,66.0000231307036
"2374",2126,0,76.5,43.5,24
"2375",2137,0.00292688426892823,28.5,16.5,50.0000487814045
"2376",2138,0.00176471453303815,62,37,26.0000294119089
"2377",2142,0.00378458010619468,31,18,46.0000630763351
"2378",2141,0.0035587044912884,56,33,16.0000593117415
"2379",2140,0,20,12,26
"2380",2139,0,31.5,18.5,36
"2381",2145,0.00215088750051166,40,22,30.000035848125
"2382",2144,0.00179399640483505,32.5,17.5,52.0000298999401
"2383",2146,0.000255975746280429,63,37,38.0000042662624
"2384",2147,0.000229738332452228,42.5,23.5,62.0000038289722
"2385",2135,0.00235583267199698,74.5,43.5,34.0000392638779
"2386",2132,0.00129704494557921,35,18,10.0000216174158
"2387",2131,0,11.5,6.5,74
"2388",2130,0,88,51,38
"2389",2129,0,47,28,46
"2390",2125,0.00137391097304354,55,32,46.0000228985162
"2391",2148,0.00445570177025498,53,30,26.0000742616962
"2392",2151,0.000364030749310938,32.5,19.5,66.0000060671792
"2393",2154,0.000767926363227706,76.5,43.5,54.0000127987727
"2394",2153,0.000229738311632644,61.5,34.5,62.0000038289719
"2395",2155,0.00456044929066415,74.5,43.5,80.0000760074882
"2396",2152,0.00172768534517171,95,55,32.0000287947557
"2397",2150,0.000567800603891725,34.5,18.5,46.0000094633434
"2398",2134,0.00388161750612754,50,27,42.0000646936251
"2399",2100,0.00449335676895525,47.5,26.5,50.0000748892795
"2400",2089,0.000871389708780801,56.5,31.5,40.0000145231618
"2401",2081,0.000320337570206991,47.5,27.5,78.0000053389595
"2402",2088,0.000705885349674498,90,51,36.0000117647558
"2403",2096,0.000288202664641149,41.5,23.5,36.0000048033777
"2404",2099,0.000511950017778898,42,24,56.0000085325003
"2405",2101,5.76405293890098e-05,69,41,34.0000009606755
"2406",2111,0.000786855129085779,35.5,18.5,52.0000131142521
"2407",2050,0.00382232693691587,63,37,80.000063705449
"2408",2043,0.00309154867599601,94.5,54.5,34.0000515258113
"2409",2066,0.00398169801858537,35,18,54.0000663616336
"2410",2074,0.00120010647002342,62.5,35.5,46.0000200017745
"2411",2044,0.00357346119964039,55.5,32.5,12.0000595576867
"2412",2016,0.00655171888116716,12.5,6.5,30.0001091953147
"2413",2004,0.00248815013944864,32,17,54.000041469169
"2414",1998,0.0014085391534249,64,37,56.0000234756526
"2415",1997,0.000563415617153273,64,36,76.0000093902603
"2416",1999,0.000837052673521765,91,53,66.0000139508779
"2417",1988,0.0021442689709253,80,47,20.0000357378162
"2418",2002,0.00384019128426741,23,13,46.0000640031881
"2419",2010,0.000864611004651964,54.5,31.5,78.0000144101834
"2420",2011,0.00934481912826572,91,52,34.0001557469855
"2421",2006,0.000845122870024234,35,18,24.0000140853812
"2422",2005,0.000111194924254931,24,12,54.0000018532487
"2423",2009,0.000172921747856484,60,33,72.0000028820291
"2424",2000,0.00399960308172136,83,47,74.0000666600514
"2425",2133,0.0168755391068545,85,48,66.0002812589851
"2426",2149,0.00342871553311371,77.5,44.5,64.0000571452589
"2427",2160,0.0183740022430164,78.5,46.5,46.0003062333707
"2428",2158,0.000677056163659399,53,30,20.0000112842694
"2429",2159,0.00178284986047731,24,14,52.0000297141643
"2430",2161,0.00629097255961316,63.5,37.5,32.0001048495427
"2431",2164,0.00863621012268484,35,19,26.0001439368354
"2432",2162,0.000918953368801308,31,18,64.0000153158895
"2433",2167,0.00545782719072709,77.5,45.5,62.0000909637865
"2434",2095,0.0202944484368278,75,44,66.0003382408073
"2435",2067,0.00384019458038786,76.5,43.5,42.000064003243
"2436",2069,0.00602689418513765,52,31,48.0001004482364
"2437",2068,0,59.5,35.5,58
"2438",2090,0.00236139322975576,69,40,58.0000393565538
"2439",2124,0.00220052306898832,66,37,36.0000366753845
"2440",2019,0.00893712380310044,40,22,32.0001489520634
"2441",2065,0.0176571931841277,36.5,20.5,28.0002942865531
"2442",2052,0.000160169094611539,29,15,56.0000026694849
"2443",2070,0.000979892839201687,70,42,32.0000163315473
"2444",1963,0.0354362463640784,40,24,54.0005906041061
"2445",1927,0.0148475380949112,60,33,36.0002474589682
"2446",1926,0.0141719558343116,44,26,62.0002361992639
"2447",1936,0.0155169054719016,73.5,42.5,46.0002586150912
"2448",1938,0.000980739178554985,56.5,33.5,34.000016345653
"2449",1943,0.00115817996960526,42.5,25.5,50.0000193029995
"2450",1942,0,60.5,35.5,50
"2451",1941,0,59,34,68
"2452",1940,0,78,44,64
"2453",1939,0,79,47,26
"2454",1953,0.00145613602926253,28,15,54.0000242689338
"2455",1952,0,62.5,35.5,52
"2456",1951,0,61.5,35.5,30
"2457",1956,0.000774503930998488,37,22,46.0000129083989
"2458",1955,0,53.5,30.5,58
"2459",1954,0,69,40,48
"2460",1957,0.00100737252814391,54,30,26.0000167895421
"2461",1935,0.017895053448423,32,19,24.0002982508908
"2462",1934,0.0055624349423049,24.5,12.5,40.000092707249
"2463",1923,0.0183731021699367,42.5,22.5,60.0003062183695
"2464",1921,0.00276432770443048,67.5,37.5,36.0000460721284
"2465",1911,0.00435165936385898,42,24,16.0000725276561
"2466",1903,0.0140049872507439,17,9,44.0002334164542
"2467",1902,0.00187080759242943,54,32,12.0000311801265
"2468",2373,0.183468030652977,13,7,64.0030578005109
"2469",2377,0.00784118118539446,74,42,34.0001306863531
"2470",2479,0.166837195507179,38.5,21.5,0.00278061992511965
"2471",2474,0.0441069861941178,0,0,64.0007351164366
"2472",2534,0.271229454080863,75,43,62.0045204909013
"2473",2533,0,73,42,22
"2474",2540,0.042146775938461,24.5,13.5,30.0007024462656
"2475",2539,0,34.5,19.5,80
"2476",2538,0,92.5,52.5,64
"2477",2537,0.000669654953848742,75,43,72.0000111609159
"2478",2536,0,84.5,48.5,52
"2479",2535,0,62,36,22
"2480",2580,0.0987701854877075,23.5,12.5,70.0016461697581
"2481",2588,0.0139765260013753,81,46,58.0002329421
"2482",2868,0.419206470733831,68.5,39.5,66.0069867745122
"2483",2997,0.224325406963304,75.5,42.5,20.0037387567827
"2484",3056,0.0771802660644551,20,10,80.0012863377677
"2485",3055,0,93,53,48
"2486",3007,0.0914832184062249,58,34,14.0015247203068
"2487",3006,0,17.5,10.5,76
"2488",3151,0.146942774784587,87.5,49.5,84.0024490462464
"2489",3152,0.139149285455412,97.5,55.5,22.0023191547576
"2490",3157,0.179971498067295,23,12,52.0029995249678
"2491",3155,0.00499379381929197,64,38,52.000083229897
"2492",3154,0.00667243465101968,64,38,42.0001112072442
"2493",4258,0.462290627716428,47,26,46.0077048437953
"2494",4319,0.150145322608187,51,28,40.0025024220435
"2495",4277,0.175902369407651,49.5,29.5,52.0029317061568
"2496",4276,0,63,37,28
"2497",4262,0.019676781231605,30,16,54.0003279463539
"2498",4259,0.000511977953338242,62.5,35.5,50.0000085329659
"2499",4260,0.0388072006522794,60,35,60.0006467866775
"2500",4280,0.0455356819589384,71.5,41.5,52.0007589280326
"2501",4279,0,61,35,40
"2502",4281,0.000172936733915913,44,24,22.0000028822789
"2503",4320,0.110521493696651,26.5,15.5,16.0018420248949
"2504",4390,0.104234312437879,19,11,30.0017372385406
"2505",4427,0.184565910947553,35.5,20.5,34.0030760985158
"2506",4416,0.144890839982356,38.5,21.5,74.002414847333
"2507",4415,0,89,52,34
"2508",4431,0.0859771715041982,35,18,66.0014329528584
"2509",4436,0.0298322972131272,81,48,26.0004972049536
"2510",4435,0,27.5,14.5,42
"2511",4434,0,46.5,25.5,20
"2512",4433,0,23.5,13.5,64
"2513",4466,0.206541519406003,78,46,30.0034423586568
"2514",4582,0.0956814964891224,31,16,66.0015946916081
"2515",4607,0.110807762585046,75,42,60.0018467960431
"2516",4606,0.000477218538902729,74,44,56.0000079536423
"2517",4608,0.000851754316726357,68.5,40.5,4.00001419590528
"2518",4601,0.0243248830014686,4.5,2.5,30.0004054147167
"2519",4696,0.0594733656638738,32,17,60.0009912227611
"2520",4691,0.045651700163456,73,43,28.0007608616694
"2521",4644,0.00411844675734447,33,19,82.0000686407793
"2522",4636,0.00376208469439698,96,55,20.0000627014116
"2523",4635,0,20.5,10.5,24
"2524",4633,0.00369323200245166,29.5,17.5,28.0000615538667
"2525",4632,0,29.5,15.5,6
"2526",4634,0.0036142960102053,7.5,4.5,32.0000602382668
"2527",4637,0.00176342019839185,32.5,16.5,26.0000293903366
"2528",4638,0.00118473159673868,31,18,42.0000197455266
"2529",4620,0.00686005584061668,45.5,24.5,50.000114334264
"2530",4619,0.00424002507932516,56,31,60.0000706670847
"2531",4618,0.00331058448857321,70,40,30.0000551764081
"2532",4617,0,34,19,78
"2533",4605,0.0386387610668141,90,51,64.0006439793511
"2534",4641,0.0323439075358174,78,46,58.0005390651256
"2535",4613,0.0280222129059561,66,37,78.0004670368818
"2536",4614,0.00874650029351798,90.5,51.5,58.0001457750049
"2537",4690,0.0213459484443046,67.5,38.5,86.0003557658074
"2538",4693,0.00374291553208744,101,58,70.0000623819255
"2539",4695,0.00312713374911829,82,47,38.0000521188958
"2540",4697,0.000320347675993346,47,28,50.0000053391279
"2541",4721,0.00376782976388334,62,37,2.00006279716273
"2542",4713,0.00265723868157991,2,1,42.0000442873114
"2543",4740,0.00401604201857628,51.5,30.5,78.0000669340336
"2544",4767,0.00321880761696069,92.5,53.5,48.0000536467936
"2545",4764,0.0050305945553247,55,31,82.0000838432426
"2546",4724,0.00729717396717586,96.5,55.5,76.0001216195661
"2547",4723,0,87.5,49.5,24
"2548",4780,0.00948822767201109,26,14,44.0001581371279
"2549",4779,0,47.5,25.5,40
"2550",4748,0.00557997143624063,45.5,25.5,64.0000929995239
"2551",4783,0.0114716646489349,79,47,52.0001911944108
"2552",4788,0.0250254982738091,58,32,50.0004170916379
"2553",4787,0.000111194927084224,55.5,30.5,40.0000018532488
"2554",4786,0.000250496853072948,43.5,23.5,50.0000041749475
"2555",4785,0.000125248425254724,61,36,54.0000020874738
"2556",4784,0.000626242149614744,67,40,36.0000104373692
"2557",4782,0.00378212494567592,43,25,22.0000630354158
"2558",4673,0.0361415876261313,22.5,11.5,50.0006023597938
"2559",4630,0.00957459218533045,58.5,33.5,42.0001595765364
"2560",4629,0,45,24,76
"2561",4625,0.000582248297436387,90.5,52.5,58.0000097041383
"2562",4624,0,70,41,34
"2563",4623,0,37,20,50
"2564",4622,0,59.5,34.5,56
"2565",4615,0.128332535706955,63,35,62.0021388755951
"2566",4621,0.0728831387271622,70.5,39.5,26.0012147189788
"2567",4749,0.126694703105462,28.5,15.5,82.0021115783851
"2568",4789,0.049322111578357,96,55,42.000822035193
"2569",4797,0.0908842086396903,46.5,25.5,48.0015147368107
"2570",4796,0,53,29,54
"2571",4795,0,65.5,38.5,32
"2572",4794,0,36,20,28
"2573",4799,0.0270501032694775,32.5,18.5,54.0004508350545
"2574",4798,0,67.5,40.5,16
"2575",4800,0.0278311997966433,16,8,50.0004638533299
"2576",4790,0.0516464003412314,56,31,4.00086077333902
"2577",4694,0.0407446004864638,5,3,52.0006790766748
"2578",4616,0.0270052758888835,57.5,31.5,76.0004500879315
"2579",4828,0.233624651927642,91,53,30.0038937441988
"2580",4827,0.0119000906434085,30.5,15.5,68.0001983348441
"2581",4829,0.0072193927603171,78,44,78.0001203232127
"2582",4498,0.586519594625304,90.5,51.5,64.0097753265771
"2583",4497,0,73.5,41.5,70
"2584",4533,0.0709831419404177,81,46,56.0011830523657
"2585",4537,0.000160152935986,63,35,54.0000026692156
"2586",4536,0,67,40,32
"2587",4535,0,38.5,22.5,76
"2588",4534,0,90.5,52.5,26
"2589",4539,0.00111344166281511,28,15,74.000018557361
"2590",4538,0,85.5,48.5,80
"2591",4544,0.000405484123691555,93.5,53.5,56.0000067580687
"2592",4543,0,67.5,39.5,46
"2593",4542,0,55,32,76
"2594",4541,0,90.5,52.5,14
"2595",4540,0,17.5,10.5,76
"2596",4559,0.025903243700445,89.5,51.5,62.0004317207283
"2597",4568,0.00025593394451283,70.5,39.5,66.0000042655657
"2598",4567,0,80,47,46
"2599",4566,0,52,29,18
"2600",4565,0,19,10,8
"2601",4564,0,9.5,5.5,56
"2602",4563,0,68,40,78
"2603",4531,0.442510989901319,93,54,38.007375183165
"2604",4532,0.000567793283933774,40,21,36.0000094632214
"2605",4529,0.0445290141035042,41.5,23.5,8.00074215023506
"2606",4555,0.0174326483398259,9,5,32.000290544139
"2607",4554,0,35.5,19.5,16
"2608",4553,0,17.5,9.5,22
"2609",4552,0,26.5,15.5,72
"2610",4551,0,87,51,52
"2611",4550,0,60.5,34.5,68
"2612",4549,0,82,48,40
"2613",4548,0,49.5,29.5,54
"2614",4547,0,62,35,58
"2615",4546,0,65.5,36.5,34
"2616",4545,0,37.5,20.5,32
"2617",4560,0.0232455251471804,37,21,54.0003874254191
"2618",4558,0,67.5,40.5,50
"2619",4557,0,55,30,24
"2620",4556,0,24,12,70
"2621",4562,0.000115242699830268,82,47,30.0000019207117
"2622",4561,0,30,15,28
"2623",4530,0.182294504241121,34,20,46.0030382417374
"2624",4473,0.134487142119936,50,27,68.0022414523687
"2625",4457,0.212176112405149,81,47,78.0035362685401
"2626",4456,0,91,52,34
"2627",4462,0.00125105495109567,39.5,22.5,58.0000208509159
"2628",4461,0,69.5,40.5,56
"2629",4460,0,68.5,40.5,66
"2630",4459,0,77.5,44.5,50
"2631",4458,0,57,32,36
"2632",4471,0.0997206133803213,45,27,46.001662010223
"2633",4380,0.414070204593,52,29,70.0069011700766
"2634",4303,0.119882432348475,84.5,49.5,52.0019980405391
"2635",4300,0.00365671403676747,58.5,32.5,50.0000609452339
"2636",4301,0.00107646883092783,58.5,33.5,66.0000179411472
"2637",4292,0.0828309994010453,80.5,47.5,18.0013805166567
"2638",4291,0,20.5,11.5,6
"2639",4290,0,6.5,3.5,36
"2640",4289,0,42,24,36
"2641",4288,0,38.5,20.5,60
"2642",4287,0,72.5,42.5,42
"2643",4286,0,50,29,16
"2644",4285,0,18,10,78
"2645",4284,0,92,53,68
"2646",4283,0.00148629051468679,81,47,38.0000247715086
"2647",4242,0.0839311745917907,40.5,21.5,70.0013988529099
"2648",4241,0.00712020572056602,80,45,48.0001186700953
"2649",4240,0,52.5,28.5,90
"2650",4239,0,105,60,18
"2651",4229,0.00790828242416963,19,10,46.0001318047071
"2652",4228,0,52,29,38
"2653",4227,0,45.5,26.5,2
"2654",4226,0,2.5,1.5,12
"2655",4225,0,12.5,6.5,22
"2656",4246,0.0145113331294148,26.5,15.5,72.0002418555522
"2657",4245,0.00180228944217874,83,47,38.0000300381574
"2658",4244,0.00268418089790437,42,23,38.0000447363483
"2659",4243,0,47,28,18
"2660",4220,0.0105069043084062,18.5,9.5,54.0001751150718
"2661",4219,0,60.5,33.5,24
"2662",4217,0.00446252707502516,28.5,16.5,40.0000743754512
"2663",4216,0,42.5,22.5,76
"2664",4215,0,91,53,42
"2665",4214,0,50,29,28
"2666",4205,0.0024426596454293,29,15,56.0000407109941
"2667",4204,0,65,37,34
"2668",4203,0,40.5,23.5,14
"2669",4202,0,16.5,9.5,40
"2670",4201,0,42.5,22.5,72
"2671",4200,0,83.5,47.5,46
"2672",4213,0.00990604140384518,54.5,31.5,50.0001651006901
"2673",4212,0,57,32,86
"2674",4211,0,100.5,57.5,36
"2675",4210,0,41,23,58
"2676",4209,0,69.5,40.5,38
"2677",4222,0.00620598156416186,44.5,25.5,22.0001034330261
"2678",4221,0,24,13,58
"2679",4238,0.0127555443562212,69.5,40.5,12.0002125924059
"2680",4237,0,12,6,58
"2681",4236,0,67,38,72
"2682",4235,0,85.5,49.5,12
"2683",4234,0,14,8,16
"2684",4233,0,18,10,46
"2685",4232,0,53,30,78
"2686",4231,0,92,53,18
"2687",4230,0,21,12,2
"2688",4218,0.00931706989069747,2.5,1.5,34.0001552844982
"2689",4313,0.147536687574314,37,20,34.0024589447929
"2690",4315,0.000716183274537965,40.5,23.5,48.0000119363879
"2691",4314,0,60,36,28
"2692",4316,0.000477182376652909,30.5,16.5,32.0000079530396
"2693",4318,0.00557710244074042,34,18,82.0000929517073
"2694",4323,0.0286182230208556,95,54,50.0004769703837
"2695",4324,0.00386375249955559,56.5,31.5,60.000064395875
"2696",4341,0.0154460098528961,75,45,42.0002574334976
"2697",4344,0.000480391611028878,49.5,28.5,42.0000080065269
"2698",4343,0,47.5,26.5,64
"2699",4340,0.000774256152134135,73,41,44.0000129042692
"2700",4339,0,49.5,27.5,44
"2701",4338,0,54.5,32.5,20
"2702",4345,0.000960783098260334,24.5,14.5,56.0000160130516
"2703",4370,0.0533122306291201,62.5,34.5,50.0008885371772
"2704",4369,0,61.5,36.5,88
"2705",4368,0.000751409050985861,102.5,58.5,52.0000125234842
"2706",4367,0,59.5,33.5,80
"2707",4366,0.0012566097685943,95,55,38.0000209434961
"2708",4365,0,44,25,36
"2709",4361,0.000363131866125981,44.5,26.5,36.0000060521978
"2710",4360,0,43.5,25.5,16
"2711",4359,0.000250469705768727,18.5,10.5,66.0000041744951
"2712",4358,0,80.5,47.5,68
"2713",4364,0.000686848730473048,81,47,28.0000114474788
"2714",4363,0,31.5,17.5,6
"2715",4373,0.00421506302101148,7.5,4.5,44.0000702510503
"2716",4375,0.000811765177525662,47.5,25.5,40.0000135294196
"2717",4374,0,48.5,28.5,44
"2718",4372,0.000980337580007649,51.5,29.5,54.0000163389597
"2719",4371,0,67.5,40.5,24
"2720",4356,0.00268107900109744,26,14,34.00004468465
"2721",4355,0,37.5,20.5,38
"2722",4353,0.00144118579634288,45,26,34.0000240197633
"2723",4352,0,39,22,34
"2724",4351,0.00285435517693915,38,21,54.0000475725863
"2725",4335,0.045035830359922,66,39,54.0007505971727
"2726",4334,0,60,33,36
"2727",4333,0,41.5,23.5,70
"2728",4332,0,81,46,38
"2729",4331,0,42.5,23.5,62
"2730",4330,0.00216612337749819,75.5,44.5,22.0000361020563
"2731",4329,0,26,15,46
"2732",4342,0.00876646608527115,55,32,30.0001461077681
"2733",3759,0.37932330802227,33,18,24.0063220551337
"2734",3570,0.0660587979133523,30,18,80.0011009799652
"2735",3569,0,92.5,52.5,58
"2736",3568,0,66.5,37.5,20
"2737",3567,0,20.5,10.5,50
"2738",3561,0.000363928178673004,58.5,33.5,54.0000060654696
"2739",3558,0.000160131659870853,64.5,37.5,26.000002668861
"2740",3557,0,29,16,44
"2741",3532,0.000345688491771122,54.5,32.5,74.0000057614749
"2742",3531,0,88,51,30
"2743",3530,0,35,20,46
"2744",3529,0,56.5,33.5,22
"2745",3528,0,22.5,11.5,34
"2746",3527,0,36.5,19.5,54
"2747",3526,0.000125234863362059,64.5,37.5,28.0000020872477
"2748",3525,0,28,14,68
"2749",3524,0,81,47,30
"2750",3523,0,30,15,22
"2751",3522,0,26,15,34
"2752",3521,0,40.5,23.5,48
"2753",3520,0.000125234862429816,56,32,68.0000020872477
"2754",3519,0,77.5,43.5,52
"2755",3517,0.000665751203642671,61,35,32.0000110958534
"2756",3516,0,34.5,18.5,54
"2757",3533,0.000871101242903395,61.5,34.5,8.00001451835405
"2758",3540,5.76147335673863e-05,10,6,58.0000009602456
"2759",3539,0,69.5,40.5,58
"2760",3538,0,65.5,36.5,46
"2761",3537,0,50.5,27.5,30
"2762",3536,0,35.5,20.5,58
"2763",3535,0.00144553404643633,69,40,54.0000240922341
"2764",3534,0,64.5,37.5,50
"2765",3556,0.000172844265804186,59.5,34.5,10.0000028807378
"2766",3555,0,12,7,74
"2767",3554,0,85.5,48.5,8
"2768",3553,0,9.5,5.5,8
"2769",3552,0,9.5,5.5,34
"2770",3551,0,36,19,54
"2771",3550,0,61.5,34.5,26
"2772",3549,0,27.5,14.5,64
"2773",3548,0,75.5,43.5,18
"2774",3547,0,18,9,44
"2775",3546,0,54,32,18
"2776",3545,0,22.5,13.5,66
"2777",3544,0,77.5,44.5,4
"2778",3543,0,5,3,24
"2779",3542,0,27.5,15.5,54
"2780",3541,0,67.5,40.5,32
"2781",3560,0.00016013167181526,33.5,17.5,38.0000026688612
"2782",3559,0,46,27,84
"2783",3566,0.000308789272620447,98,56,78.0000051464879
"2784",3565,0,92.5,53.5,86
"2785",3564,0,100,57,32
"2786",3563,0,34,18,48
"2787",3562,0,56.5,32.5,8
"2788",3469,0.0613855157818063,8,4,38.0010230919297
"2789",3468,0,42,23,72
"2790",3467,0.00115229563701316,87,51,56.0000192049273
"2791",3466,0.0012810535898424,62.5,34.5,36.0000213508932
"2792",3464,0.00322955304484896,43.5,25.5,24.0000538258841
"2793",3465,0.000829962587858891,29,17,22.0000138327098
"2794",3463,0.00184040260830463,27,16,36.0000306733768
"2795",3462,0,42.5,24.5,34
"2796",3397,0.0383197875993459,36.5,19.5,28.0006386631267
"2797",3223,0.042916896476005,32.5,18.5,44.0007152816079
"2798",3209,0.0264749894183431,49.5,27.5,56.0004412498236
"2799",3284,0.0597783757613652,66.5,38.5,38.0009963062627
"2800",3286,0.000786847428217246,41,22,34.0000131141238
"2801",3267,0.00251321837662752,40.5,23.5,56.0000418869729
"2802",3306,0.0177642789497649,64,36,80.0002960713158
"2803",3309,0.00924068083122926,93,53,62.0001540113472
"2804",3074,0.123705873897477,75.5,44.5,24.002061764565
"2805",3073,0,26,14,74
"2806",3070,0.00864807483158651,86.5,49.5,68.0001441345805
"2807",2999,0.0547397003427135,81.5,47.5,32.000912328339
"2808",3071,0.415617450009353,35,19,70.0069269575002
"2809",3451,0.321797197938267,82,47,72.0053632866323
"2810",3456,0.0121904963103288,86.5,50.5,50.0002031749385
"2811",3455,0,62,37,34
"2812",3454,0,38.5,21.5,66
"2813",3453,0,75.5,42.5,26
"2814",3452,0,29.5,16.5,10
"2815",3512,0.0922967726793125,12,7,20.0015382795447
"2816",3489,0.118039102272695,22,12,18.0019673183712
"2817",3488,0,20.5,11.5,34
"2818",3491,0.000160147295429071,41.5,24.5,42.0000026691216
"2819",3490,0,47.5,26.5,70
"2820",3499,0.00568244259372333,80.5,45.5,76.0000947073766
"2821",3498,0,90,52,62
"2822",3497,0,72.5,41.5,56
"2823",3496,0,66.5,38.5,42
"2824",3495,0,52.5,31.5,74
"2825",3494,0,89,52,56
"2826",3507,0.000836850374880226,65.5,37.5,36.0000139475062
"2827",3506,0,44,26,46
"2828",3505,0,56.5,33.5,76
"2829",3504,0,88,50,4
"2830",3503,0,4,2,54
"2831",3502,0,67,40,54
"2832",3501,0.00156098942559312,67.5,40.5,74.0000260164904
"2833",4007,0.134846059313748,85.5,48.5,32.0022474343219
"2834",4248,0.162201171173152,35.5,19.5,20.0027033528529
"2835",4267,0.188254278950977,20,10,90.0031375713158
"2836",4326,0.404634258553095,105,60,24.0067439043092
"2837",4252,0.146608096940854,24,12,26.0024434682823
"2838",4251,0,27.5,14.5,64
"2839",4256,0.00666097456921926,72.5,40.5,52.0001110162428
"2840",4250,0.0623956849063945,65,39,30.0010399280818
"2841",4254,0.0358126035712347,34,19,52.0005968767262
"2842",4249,0.195633475367979,65,39,36.0032605579228
"2843",4247,0.012479551055018,42.5,24.5,32.0002079925176
"2844",4257,0.0439169028505434,39.5,23.5,12.0007319483808
"2845",4312,0.184968137546637,13,7,40.0030828022924
"2846",4354,0.125141922502147,50,30,78.0020856987084
"2847",4263,0.689583503518941,91.5,52.5,74.011493058392
"2848",4261,0.0463089314983996,86,49,58.000771815525
"2849",4266,0.0248336859375139,65.5,36.5,34.0004138947656
"2850",4265,0,39.5,22.5,36
"2851",4275,0.00853971914666154,38,20,60.0001423286524
"2852",4255,0.133601141420577,69.5,39.5,80.0022266856903
"2853",4253,0.0928529362689585,95,55,24.0015475489378
"2854",4273,0.0215649863446876,24.5,12.5,24.0003594164391
"2855",4272,0,24,12,66
"2856",4271,0,79,46,82
"2857",4270,0,95,54,42
"2858",4269,0,46.5,25.5,42
"2859",4268,0,49,28,32
"2860",4224,0.0590527431282879,40,24,38.0009842123855
"2861",4321,0.156165354295482,47.5,28.5,18.0026027559049
"2862",4376,0.0413618018513325,22.5,13.5,74.0006893633642
"2863",4379,0.0233014790291485,87,50,58.0003883579838
"2864",4382,0.0178705502931481,70.5,41.5,44.0002978425049
"2865",4383,0.00427273368948919,48.5,26.5,8.00007121222816
"2866",4386,0.0316341075243701,8.5,4.5,32.0005272351254
"2867",4396,0.0245610048153632,39.5,23.5,48.0004093500803
"2868",4400,0.0199275543635713,56,32,70.0003321259061
"2869",4408,0.0634197622995452,81,46,10.0010569960383
"2870",4412,0.0565463712487492,10,5,56.0009424395208
"2871",4432,0.102507127138234,63,35,46.001708452119
"2872",4437,0.0249801289534266,56,33,28.0004163354826
"2873",4463,0.0914306259953447,28.5,14.5,34.0015238437666
"2874",4470,0.0364700009953137,42,25,32.0006078333499
"2875",4580,0.0708593627960424,33.5,17.5,76.0011809893799
"2876",4598,0.0881406309843824,89,51,12.0014690105164
"2877",4599,0.0253934246794967,15,9,2.00042322374466
"2878",4602,0.0550902453790232,2,1,46.0009181707563
"2879",4603,0.0153502060893884,56.5,33.5,6.00025583676816
"2880",4604,0.072527444904962,6.5,3.5,44.0012087907484
"2881",4612,0.141138204241192,49.5,27.5,74.002352303404
"2882",4611,0.141663087279575,88,51,28.0023610514547
"2883",4747,0.063109907135422,33.5,19.5,54.0010518317856
"2884",4746,0,66,39,62
"2885",4813,0.101985047274444,75.5,44.5,16.0016997507879
"2886",4812,0,16,8,62
"2887",4811,0,76,45,52
"2888",4810,0,62,36,66
"2889",4809,0,75,42,50
"2890",4808,0,58,33,28
"2891",4818,0.00268889693243416,32,18,50.0000448149489
"2892",4857,0.295918216438765,58.5,33.5,14.004931970274
"2893",4856,0.187560370045097,15,8,40.0031260061674
"2894",4833,0.053354707932405,44,24,32.0008892451322
"2895",4600,0.344081420793092,38.5,22.5,44.0057346903466
"2896",4846,0.394327367134803,52,30,76.0065721227856
"2897",4847,0.104745874843829,89,51,52.0017457645807
"2898",4465,0.604070892634409,64.5,38.5,46.0100678482106
"2899",4428,0.260142336341021,55.5,32.5,48.0043357056057
"2900",4429,0.352059582608879,60,36,24.0058676597101
"2901",4430,0.00444929266156004,28,16,44.0000741548777
"2902",4337,0.277254740986377,47.5,25.5,76.0046209123498
"2903",4336,0,88.5,50.5,72
"2904",4328,0.00599312140063098,84.5,48.5,78.0000998853567
"2905",4327,0,92.5,53.5,6
"2906",4139,0.301572555723732,6,3,54.0050262092621
"2907",4138,0,60.5,33.5,14
"2908",4135,0.0623578382400005,16.5,9.5,36.001039297304
"2909",4008,0.0139160668378121,39.5,21.5,44.0002319344473
"2910",4005,0.00694803818591571,54,32,20.0001158006364
"2911",4004,0.000820700866979941,25,15,52.0000136783478
"2912",4000,0.0009048659599609,63,37,38.0000150810993
"2913",4002,0.000125265164858667,46.5,27.5,20.0000020877527
"2914",4001,0,24,14,44
"2915",3992,0.00759140456958708,49,27,50.0001265234095
"2916",3993,0.000222389854168448,56,31,38.0000037064976
"2917",3990,0.000865209683128767,47,28,66.0000144201614
"2918",3988,0.00016022652378403,80.5,47.5,26.0000026704421
"2919",3987,5.76806437359646e-05,28.5,15.5,22.0000009613441
"2920",3986,5.76806437359646e-05,24.5,13.5,72.0000009613441
"2921",3985,0,82.5,46.5,60
"2922",3980,0.00120730193237222,70,40,60.0000201216989
"2923",3978,0.000160226537855017,73.5,43.5,38.0000026704423
"2924",3975,5.76806540580061e-05,41,22,56.0000009613442
"2925",3973,0.000125265196777855,63.5,35.5,68.0000020877533
"2926",3967,0.000320453073585015,79.5,45.5,32.0000053408846
"2927",3964,0.000229748352491231,40,24,12.0000038291392
"2928",3972,0.000320453090999248,14,8,34.0000053408848
"2929",3957,0.000968791630881227,35,18,74.0000161465272
"2930",3954,0.00037579562007917,85.5,48.5,70.0000062632603
"2931",3941,0.000600712031229767,84.5,49.5,56.0000100118672
"2932",3920,0.00046095899283755,67,39,16.0000076826499
"2933",3917,0.000309096784680045,16.5,8.5,8.00000515161308
"2934",3911,0.000501060822969053,8,4,42.0000083510137
"2935",3914,0.000229748355315006,46,25,72.0000038291392
"2936",3907,0.00104148248001084,84.5,48.5,30.0000173580413
"2937",3906,0,33,18,64
"2938",3902,5.76806822642004e-05,76.5,44.5,72.0000009613447
"2939",3901,5.76806818972873e-05,87,51,44.0000009613447
"2940",3898,5.76806822642004e-05,47.5,25.5,68.0000009613447
"2941",3903,0.000160226578735482,80,46,44.000002670443
"2942",3909,0.000705937823730339,49.5,27.5,32.0000117656304
"2943",3916,0.000230722774413317,36,20,64.0000038453796
"2944",3912,0.000375795647583304,77,45,28.0000062632608
"2945",3918,0.000363508711006532,29.5,15.5,42.0000060584785
"2946",3910,0.000523741266626293,51.5,30.5,54.0000087290211
"2947",3905,0.000477255242207932,64,37,70.000007954254
"2948",3896,0.000411377640919444,84,49,72.000006856294
"2949",3890,0.000411377623860649,85.5,49.5,82.0000068562937
"2950",3888,0.0004594967246457,96,55,72.0000076582787
"2951",3886,0.000309096884964747,87,51,32.0000051516148
"2952",3885,0.000333584778423379,39.5,23.5,32.0000055597463
"2953",3884,0,34.5,18.5,66
"2954",3883,0.000160226590417277,77.5,44.5,38.0000026704432
"2955",3882,5.7680690560139e-05,45.5,26.5,60.0000009613448
"2956",3877,0.000876856476883868,69.5,39.5,38.0000146142746
"2957",3863,0.0015712232918825,42.5,23.5,58.0000261870549
"2958",3862,0,72,43,66
"2959",3857,5.76806640131341e-05,80,47,64.0000009613444
"2960",3864,0.000125265204042323,79,47,68.0000020877534
"2961",3866,0.000601947443615205,77.5,43.5,42.0000100324574
"2962",3858,0.000440970795968528,45.5,24.5,58.0000073495133
"2963",3845,0.00109256714825077,67.5,38.5,66.0000182094525
"2964",3844,0.000125265190070775,79,46,20.0000020877532
"2965",3834,0.000563562763085978,23,13,38.0000093927127
"2966",3824,0.0009272897492507,47,28,28.0000154548292
"2967",3822,0.000125265188373817,32.5,18.5,56.0000020877531
"2968",3816,5.76806337808355e-05,64,36,36.0000009613439
"2969",3806,0.000405600404775922,43.5,25.5,8.00000676000675
"2970",3803,0.000672332446515277,10,6,18.0000112055408
"2971",3802,0.000448504230409643,20.5,11.5,2.00000747507051
"2972",3800,0.0001153612775168,2.5,1.5,60.000001922688
"2973",3808,0.000921917598048023,70,40,72.0000153652933
"2974",3807,0,86,50,30
"2975",3809,0.000125265192957837,31,16,60.0000020877532
"2976",3813,5.76806441028775e-05,73.5,43.5,58.0000009613441
"2977",3812,0,67.5,38.5,36
"2978",3815,5.76806437359646e-05,40,22,28.0000009613441
"2979",3825,0.000230722575677684,35,21,46.0000038453763
"2980",3823,0.000352968885546114,55.5,32.5,74.0000058828148
"2981",3810,0.0001730419465075,87,50,86.0000028840324
"2982",3811,0.000111194927084224,100.5,57.5,58.0000018532488
"2983",3833,0.00160438420211043,65.5,36.5,44.0000267397367
"2984",3818,0.00102844362920901,49.5,27.5,34.0000171407272
"2985",3817,0,37,20,48
"2986",3821,0.000111194927084224,60,36,30.0000018532488
"2987",3820,0,35,20,46
"2988",3819,0,54,31,42
"2989",3814,0.000160226573957095,52,31,62.0000026704429
"2990",3840,0.00157122356049521,74,43,16.0000261870593
"2991",3839,0,19,11,76
"2992",3838,0,90.5,52.5,22
"2993",3837,0.000111194927084224,22,11,64.0000018532488
"2994",3836,0,73.5,41.5,40
"2995",3835,0,44.5,24.5,40
"2996",3843,5.76806968299762e-05,44,24,62.0000009613449
"2997",3842,0.000111194927084224,75.5,44.5,64.0000018532488
"2998",3849,0.000935597842421489,76,44,50.0000155932974
"2999",3865,0.000728378468076896,58,33,1.21396411346149e-05
"3000",3869,0.000876856522504608,0,0,38.0000146142754
"3001",3861,0.00110201696295165,46.5,27.5,74.0000183669494
"3002",3881,0.00159943856867146,86.5,49.5,64.0000266573095
"3003",3880,0.00144668439722013,74,42,64.0000241114066
"3004",3841,0.00292074867582382,75.5,43.5,76.0000486791446
"3005",3951,0.00557739925580985,89.5,51.5,12.0000929566543
"3006",3953,0.000669658337634959,13,7,54.0000111609723
"3007",3937,0.00174684357221047,63.5,36.5,30.0000291140595
"3008",3936,0,30,15,36
"3009",3935,0,44.5,26.5,52
"3010",3934,0,64,38,80
"3011",3933,0,95,55,64
"3012",3932,0.000229748365312353,74,42,42.0000038291394
"3013",3942,0.000797367445889492,49.5,28.5,60.0000132894574
"3014",3977,0.0017310247785037,74.5,44.5,56.000028850413
"3015",3991,0.00235548361764264,69,41,32.0000392580603
"3016",3994,0.000801132950915415,38,22,68.0000133522159
"3017",3995,5.76806868748504e-05,82.5,48.5,18.0000009613448
"3018",3996,0.000173042061358378,19.5,10.5,84.0000028840344
"3019",3950,0.00552545015688436,99,57,80.0000920908359
"3020",3948,5.76806288032706e-05,94,54,34.0000009613438
"3021",3945,0.000160226499892095,35,18,34.0000026704417
"3022",3940,0.00017304188179916,41.5,24.5,52.0000028840314
"3023",3938,5.76806275109951e-05,61,35,62.0000009613438
"3024",3919,0.000523740872943858,75.5,44.5,80.0000087290146
"3025",3915,0.000320453016244371,92.5,52.5,60.0000053408836
"3026",3922,0.000460958769347454,73,43,80.0000076826462
"3027",3908,0.000921917598048023,92.5,52.5,74.0000153652933
"3028",3904,0.000125265193890792,87,50,28.0000020877532
"3029",3899,0.000786866888255558,32,18,44.0000131144481
"3030",3895,0.000288403177567031,50,28,70.0000048067196
"3031",3894,5.76806358069365e-05,85,50,52.0000009613439
"3032",3893,0,63.5,37.5,34
"3033",3891,0.000125265189306772,42.5,25.5,60.0000020877532
"3034",3889,0.000501060752136211,73,43,40.0000083510125
"3035",3887,0.0010270064006261,42.5,22.5,54.0000171167733
"3036",3875,0.000807529037366702,62.5,35.5,42.0000134588173
"3037",3859,0.00218502929589015,46.5,25.5,46.0000364171549
"3038",3860,0.000222389854168448,52,29,26.0000037064976
"3039",3856,0.000256119429330186,27.5,14.5,64.0000042686572
"3040",3855,0,78.5,46.5,62
"3041",3854,0,72.5,41.5,30
"3042",3853,0.00012526517767777,35,20,56.000002087753
"3043",3852,0.000229748341152105,69,41,32.000003829139
"3044",3850,0.000250530359344508,36,20,72.000004175506
"3045",3871,0.0012976195238594,86,50,8.00002162699206
"3046",3874,0.000797367379996439,8,4,22.0000132894563
"3047",3867,0.000523740666724599,22.5,11.5,54.0000087290111
"3048",3851,0.000768358000684869,67.5,40.5,36.0000128059667
"3049",3848,0.00114874165738495,38,20,60.0000191456943
"3050",3847,0.000160226411491944,67.5,37.5,88.0000026704402
"3051",3846,0.000333584778423379,102.5,58.5,78.0000055597463
"3052",3868,0.00133279247355737,92.5,53.5,40.0000222132079
"3053",3870,0.000229748330830328,46,26,34.0000038291388
"3054",3872,0.000582281052231651,35.5,18.5,36.0000097046842
"3055",3876,0.000728377494048554,41.5,23.5,66.0000121396249
"3056",3879,0.000689244985819075,75,42,8.00001148741643
"3057",3873,0.000887807697023685,8.5,4.5,40.000014796795
"3058",3900,0.00266342332362632,50,30,50.0000443903887
"3059",3892,0.000687119509867052,60.5,35.5,46.0000114519918
"3060",3913,0.00104748132658035,56.5,33.5,46.0000174580221
"3061",3897,0.000760656934485463,55.5,32.5,80.0000126776156
"3062",3878,0.00136795073203516,95,55,44.0000227991789
"3063",3926,0.00283128529710851,52.5,30.5,8.00004718808828
"3064",3925,0,10,6,24
"3065",3924,0,24.5,12.5,30
"3066",3923,0,35.5,20.5,86
"3067",3930,5.7680575709236e-05,100.5,57.5,28.0000009613429
"3068",3929,0,32.5,18.5,56
"3069",3928,0.000222389854168448,64,36,6.00000370649757
"3070",3927,0,7.5,4.5,46
"3071",3939,0.000230722290297258,56.5,33.5,24.0000038453715
"3072",3947,0.000364188761027321,27,15,22.0000060698127
"3073",3958,0.00068711943911427,25,14,66.0000114519906
"3074",3962,0.000320452801481151,75,42,48.00000534088
"3075",3970,0.000530099184116995,57.5,33.5,56.0000088349864
"3076",3974,0.000567816848943212,67.5,39.5,36.0000094636141
"3077",3968,0.000375795434645863,42,24,42.0000062632572
"3078",3969,0.000111194927084224,46.5,25.5,78.0000018532488
"3079",3966,0.000160226368222297,90,51,20.0000026704395
"3080",3965,0,21.5,11.5,70
"3081",3963,0.000125265144230586,85,50,86.0000020877524
"3082",3979,0.00051223831427273,100.5,57.5,78.0000085373052
"3083",3976,0.000780498759381225,92.5,53.5,70.0000130083127
"3084",3961,0.00053089998436685,80,45,64.0000088483331
"3085",3960,0.000250530275473123,78.5,46.5,34.0000041755046
"3086",3983,0.00143981832445663,37,20,40.0000239969721
"3087",3921,0.00387516333081333,48,28,60.0000645860555
"3088",3949,0.00190902036438044,71,41,26.0000318170061
"3089",3946,0.000669658324598248,32.5,19.5,34.0000111609721
"3090",3944,0.000160226452108229,38.5,21.5,62.0000026704409
"3091",3952,0.000309096405051039,76.5,45.5,32.0000051516068
"3092",3943,0.000626325855655126,40,24,52.0000104387643
"3093",3959,0.000728377797687238,59,33,24.00001213963
"3094",3956,0.000705937726000975,26.5,14.5,40.0000117656288
"3095",3955,0,50,30,76
"3096",3982,0.003465354073896,90,52,40.0000577559012
"3097",3832,0.00787662571475009,48,28,72.0001312770952
"3098",3831,0.000115361208197801,83.5,47.5,42.0000019226868
"3099",3830,5.76806039154441e-05,49.5,28.5,60.0000009613434
"3100",3829,0.000111194927084224,73,43,16.0000018532488
"3101",3828,5.76806026231682e-05,17,9,20.0000009613434
"3102",3827,0,22.5,12.5,62
"3103",3826,0.00012526517309375,70.5,39.5,26.0000020877529
"3104",3805,0.000961358803600244,27,14,14.0000160226467
"3105",3804,0.000851836369784097,16.5,9.5,74.0000141972728
"3106",3801,0.000205688600460075,88,51,26.0000034281433
"3107",3799,0.0014863857481363,32,19,80.0000247730958
"3108",3971,0.0137648495730056,95,55,50.0002294141595
"3109",3931,0.00300636611936564,60,35,44.000050106102
"3110",3981,0.00368723576197952,54,32,78.0000614539294
"3111",3989,0.00401345349873038,93,54,52.0000668908916
"3112",3998,0.00827906417730402,57.5,31.5,40.000137984403
"3113",3997,0.000160226760314223,43,23,70.000002670446
"3114",3999,0.000921919673390524,80,45,62.0000153653279
"3115",4003,0.00157318024330153,70.5,39.5,26.0000262196707
"3116",4006,0.00528073057095139,27.5,14.5,60.0000880121762
"3117",4080,0.00866932463042613,72,42,62.0001444887438
"3118",4298,0.656524313939726,76.5,45.5,32.010942071899
"3119",4297,0,36.5,20.5,40
"3120",4296,0,49.5,29.5,60
"3121",4381,0.35934293655523,68,38,34.0059890489426
"3122",4282,0.520787335256337,42.5,25.5,80.0086797889209
"3123",4348,0.131829918364103,94.5,54.5,70.0021971653061
"3124",4357,0.0156289751428612,83.5,48.5,44.000260482919
"3125",4384,0.0603207115145971,49,27,36.0010053451919
"3126",4278,0.181536305093128,43,25,76.0030256050849
"3127",3797,0.355389329110984,88.5,50.5,72.0059231554852
"3128",3798,0.00345474817904735,84.5,48.5,44.0000575791363
"3129",3714,0.0747055048655484,48,26,34.0012450917478
"3130",3636,0.0172161959286973,37,20,34.0002869365988
"3131",3572,0.0141284293326409,40,23,18.0002354738222
"3132",3511,0.0143735401585685,21.5,12.5,16.0002395590026
"3133",3474,0.0390934631976478,16,8,56.00065155772
"3134",3459,0.0185537874030694,67.5,39.5,30.0003092297901
"3135",3458,0.0178168529143068,33,18,88.0002969475486
"3136",3429,0.0313501625205071,102.5,58.5,0.000522502708675119
"3137",3411,0.0198584161565419,0,0,14.0003309736026
"3138",3355,0.0495321359790287,17,10,28.0008255355996
"3139",3150,0.151233528062457,32.5,18.5,80.002520558801
"3140",3149,0,93,53,40
"3141",3148,0,50,30,30
"3142",3147,0.00123091841819169,31.5,16.5,54.000020515307
"3143",3146,0,60.5,33.5,48
"3144",3145,0,57.5,33.5,44
"3145",3120,0.0148590487234054,49.5,27.5,80.0002476508121
"3146",3119,0,95,55,32
"3147",3118,0,37.5,21.5,60
"3148",3117,0,74.5,44.5,72
"3149",3116,0,86,50,8
"3150",3115,0,8,4,42
"3151",3034,0.170659735506896,50,29,34.0028443289251
"3152",3033,0,35.5,18.5,62
"3153",3032,0,77,46,52
"3154",3031,0,61,35,24
"3155",3030,0,24.5,12.5,86
"3156",3029,0,101,58,40
"3157",3028,0,46,26,62
"3158",3005,0.0148170549204338,74,43,50.0002469509153
"3159",2993,0.0660663252033108,55,30,40.0011011054201
"3160",2910,0.169211772250822,42.5,22.5,46.0028201962042
"3161",2908,0.00624570612784257,51.5,28.5,74.0001040951021
"3162",3008,0.322767699317699,85.5,48.5,18.0053794616553
"3163",3140,0.138715578155116,21,12,4.00231192630259
"3164",3002,0.62812609806644,5,3,54.0104687683011
"3165",3001,0,67.5,40.5,50
"3166",3401,0.289771461379689,61.5,36.5,34.0048295243563
"3167",3400,0,41.5,24.5,34
"3168",3399,0,38.5,21.5,34
"3169",3398,0,36,19,40
"3170",3744,0.224642068370869,50,30,60.0037440344728
"3171",3481,0.573691810812465,69.5,39.5,6.00956153018021
"3172",3480,0,6,3,10
"3173",3479,0,12.5,7.5,52
"3174",3478,0,59.5,33.5,34
"3175",3477,0,40.5,23.5,52
"3176",3476,0,57.5,31.5,70
"3177",3475,0,83,48,22
"3178",2923,0.483508429915585,24.5,13.5,32.0080584738319
"3179",2922,0,35.5,19.5,18
"3180",2594,0.536012263193318,21,12,46.0089335377199
"3181",2593,0.00512339766621012,55,32,38.0000853899611
"3182",2592,0,44.5,25.5,46
"3183",2425,0.453052916205095,50,27,48.0075508819368
"3184",2424,0,55.5,31.5,38
"3185",2423,0,42.5,23.5,20
"3186",2422,0,25,15,30
"3187",2414,0.0118693169597712,37.5,22.5,56.0001978219493
"3188",2420,0.00377168611593934,65.5,37.5,30.0000628614353
"3189",2419,0,33.5,18.5,52
"3190",2418,0,58.5,32.5,60
"3191",2417,0,71,41,10
"3192",2416,0,11.5,6.5,54
"3193",2421,0.00422894695066635,63,36,26.0000704824492
"3194",2382,0.073086610428718,31,18,14.0012181101738
"3195",2385,0.00230536739213387,16.5,9.5,56.0000384227899
"3196",2386,0.00040556000004819,70,42,76.0000067593333
"3197",2388,0.00370603337904502,88.5,50.5,10.000061767223
"3198",2390,0.0105825439870764,11,6,72.0001763757331
"3199",2392,0.00180132332540775,85.5,49.5,52.0000300220554
"3200",2393,0.00113561916191163,65,39,66.000018926986
"3201",2395,0.00239206705037222,80.5,47.5,56.0000398677842
"3202",2396,0.000352957098547091,66,38,62.0000058826183
"3203",2397,0.000480601675207319,75.5,44.5,28.0000080100279
"3204",2394,0.00140874085591383,30,16,64.0000234790143
"3205",2402,0.00651249143744955,74,42,60.000108541524
"3206",2404,0.00812234825570632,68.5,38.5,42.0001353724709
"3207",2407,0.00320400535706475,46.5,25.5,70.0000534000893
"3208",2409,0.00130724081596606,84.5,49.5,54.0000217873469
"3209",2400,0.00496850381266681,65.5,38.5,20.0000828083969
"3210",2399,0.000601919392472945,20.5,10.5,38.0000100319899
"3211",2401,0.00282966818918955,41,22,52.0000471611365
"3212",2275,0.0733495184674085,65,39,48.0012224919745
"3213",1852,0.370360262861715,59,35,70.0061726710477
"3214",1873,0.0858887887136426,80,45,46.0014314798119
"3215",2372,0.26886081541761,53.5,30.5,64.0044810135903
"3216",1803,1.30877051214078,73.5,41.5,28.021812841869
"3217",1802,0,31,17,46
"3218",1801,0,51.5,28.5,22
"3219",1612,0.120771091566663,26.5,15.5,52.0020128515261
"3220",1611,0,62.5,36.5,46
"3221",1610,0,54,31,32
"3222",1784,0.193734847619894,34.5,18.5,86.003228914127
"3223",1777,0.00149780675065408,101,58,70.0000249634458
"3224",1782,0.00336015403450953,81.5,46.5,62.0000560025672
"3225",1772,0.0014907389411976,70.5,39.5,62.000024845649
"3226",1783,0.00234232356391933,75.5,44.5,64.0000390387261
"3227",1785,0.00108036438051424,78.5,46.5,10.000018006073
"3228",1776,0.00753870003372147,11.5,6.5,46.0001256450006
"3229",1781,0.000480471461423248,55,32,40.0000080078577
"3230",1789,0.00220457543861484,46.5,26.5,82.000036742924
"3231",1796,0.00338741064193786,95,54,76.000056456844
"3232",1788,0.00224456317994434,91,53,44.0000374093863
"3233",1750,0.00670421951322726,48.5,26.5,38.0001117369919
"3234",1745,0.000440813002686537,44.5,25.5,56.0000073468834
"3235",1732,0.00256251238323846,65,37,46.0000427085397
"3236",1730,0.00209513005209924,56.5,33.5,52.0000349188342
"3237",1731,0.0108204965356938,62,36,40.0001803416089
"3238",1820,0.0692666256913987,42.5,22.5,52.0011544437615
"3239",1870,0.188076656205745,64.5,38.5,32.0031346109368
"3240",1871,0.00776525622479988,32.5,16.5,52.0001294209371
"3241",1863,0.0136172070849615,62,36,84.0002269534514
"3242",1946,0.145673517865668,97.5,55.5,52.0024278919644
"3243",1965,0.00632434070437602,63.5,37.5,30.0001054056784
"3244",1973,0.00164018664838936,37,22,26.0000273364441
"3245",1966,0.00473200191770758,27,14,50.0000788666986
"3246",1975,0.00388124851749108,60.5,35.5,10.0000646874753
"3247",1972,0.00278186963298928,10,5,76.0000463644939
"3248",1974,0.0014819710388396,90,52,44.0000246995173
"3249",1971,0.00233894309121502,53.5,31.5,80.0000389823849
"3250",1969,0.000669653901555362,94,54,62.0000111608984
"3251",1968,0.000643599687513045,72.5,41.5,18.0000107266615
"3252",1970,0.00130945530255992,19.5,10.5,72.000021824255
"3253",1967,0.00140510620484564,86.5,50.5,64.0000234184367
"3254",1944,0.00626561599706311,77,45,68.0001044269333
"3255",1984,0.0126696705804209,77.5,43.5,58.0002111611763
"3256",1983,0.000778364489589567,69.5,40.5,14.0000129727415
"3257",1985,0.00169263054563733,15.5,8.5,54.0000282105091
"3258",1986,0.000160152395658547,61.5,34.5,30.0000026692066
"3259",1990,0.00082009020043285,36.5,21.5,32.00001366817
"3260",2007,0.00263288116940348,39,23,48.0000438813528
"3261",2014,0.00571556233918947,59,35,54.0000952593723
"3262",2003,0.00260422207700591,63.5,36.5,50.0000434037013
"3263",1992,0.00398154040210129,60,35,50.0000663590067
"3264",1991,5.76292983875645e-05,59.5,34.5,26.0000009604883
"3265",1989,0.000586922419343958,29,16,64.0000097820403
"3266",1996,0.00172609139091716,77.5,45.5,70.0000287681898
"3267",1995,0.000459470937100382,81,46,30.000007657849
"3268",1993,0.00125662652531841,32.5,17.5,86.0000209437754
"3269",1994,0.000778364486760275,100,57,56.0000129727414
"3270",1982,0.00246027763759189,69,41,18.0000410046273
"3271",1981,0.000896995265748406,21.5,12.5,36.0000149499211
"3272",1979,0.000780494979547151,41,23,38.0000130082497
"3273",1980,0.000111194927084224,47,28,66.0000018532488
"3274",1976,0.00306054478070098,80.5,47.5,48.0000510090797
"3275",1978,0.00863923944629298,58,34,68.0001439873241
"3276",2017,0.0130083257043813,80.5,46.5,44.0002168054284
"3277",2015,0.00351572880479625,47.5,25.5,78.0000585954801
"3278",2013,0.00247054805203707,92,53,66.0000411758009
"3279",2012,0.000626208197988271,77.5,44.5,58.0000104368033
"3280",1987,0.00455250616619211,67.5,38.5,66.0000758751028
"3281",2008,0.0174148952104706,75,42,22.0002902482535
"3282",2001,0.00683775352117298,22,11,36.0001139625587
"3283",1977,0.0285076539028156,40,22,24.000475127565
"3284",2018,0.0839430983094336,29,17,10.0013990516385
"3285",1964,0.0173473701540301,12,7,32.0002891228359
"3286",1929,0.0159367061051087,33.5,17.5,32.0002656117684
"3287",1925,0.0227425661390453,39,23,52.000379042769
"3288",1924,0.00644534320199851,61,35,38.0001074223867
"3289",2476,0.266653871879893,46,27,32.004444231198
"3290",2279,0.15106502550858,37,21,42.0025177504251
"3291",2278,0,48.5,27.5,66
"3292",2277,0,77,44,50
"3293",2276,0,62.5,37.5,58
"3294",2265,0.0354682342016912,72,43,78.0005911372367
"3295",2264,0,90.5,51.5,54
"3296",2263,0,62,35,44
"3297",2262,0,49.5,27.5,60
"3298",2258,0.00343059046276238,67.5,37.5,14.0000571765077
"3299",2227,0.00383981051684863,16.5,9.5,82.0000639968419
"3300",2226,0,95.5,54.5,26
"3301",2225,0,29.5,16.5,82
"3302",2261,0.0134040372592586,96,55,50.000223400621
"3303",2260,0,58.5,33.5,30
"3304",2259,0,36,21,34
"3305",2230,0.032285634616863,39.5,22.5,74.0005380939103
"3306",2229,0,88.5,51.5,28
"3307",2228,0,29,15,36
"3308",2198,0.0487568245071168,42.5,24.5,34.0008126137418
"3309",2483,0.465448774654753,41.5,24.5,66.0077574795776
"3310",2482,0.0284659595288987,79.5,46.5,46.0004744326588
"3311",2475,0.148399435537021,50,27,58.0024733239256
"3312",2448,0.0535356566640474,69.5,40.5,74.0008922609444
"3313",2500,0.107112262534362,89,52,6.00178520437557
"3314",2524,0.0610947851070282,6.5,3.5,56.0010182464185
"3315",2523,0.00748206861646586,62.5,34.5,22.0001247011436
"3316",2503,0.0322726299990294,22.5,11.5,62.0005378771666
"3317",2553,0.0798251775243272,73,42,30.0013304196254
"3318",2545,0.0113452601682394,30,15,10.0001890876695
"3319",2544,0.0026909714497451,12,7,64.0000448495242
"3320",2543,0,73.5,41.5,52
"3321",2555,0.00628522472536722,65,39,62.0001047537454
"3322",2564,0.0223892227736799,75,44,40.0003731537129
"3323",2569,0.00301864263703826,43.5,23.5,22.0000503107106
"3324",2645,0.122689721796853,24,13,40.0020448286966
"3325",2644,0,45.5,25.5,54
"3326",2643,0,64.5,37.5,54
"3327",2642,0,60,33,60
"3328",2654,0.00468777858499477,69,39,44.0000781296431
"3329",2659,0.00278940895702212,54,32,32.0000464901493
"3330",2658,0,37.5,21.5,52
"3331",2657,0,61.5,35.5,30
"3332",2666,0.00701310068557217,34,19,2.00011688501143
"3333",2665,0,2,1,66
"3334",2664,0,75.5,42.5,42
"3335",2663,0,46,25,56
"3336",2662,0,68,40,54
"3337",2668,0.00173043381218455,62.5,35.5,30.0000288405635
"3338",2667,0,30.5,15.5,36
"3339",2573,0.118721456130061,45,27,60.0019786909355
"3340",2572,0,68,38,38
"3341",2571,0,46,27,40
"3342",2415,0.318216878490234,47.5,27.5,40.0053036146415
"3343",2412,0.00392801352155798,50,30,24.000065466892
"3344",2411,0.00150073279976875,25.5,13.5,30.0000250122133
"3345",2410,0.00240418822423352,30.5,15.5,36.0000400698037
"3346",2405,0.00472930407598261,43.5,25.5,34.0000788217346
"3347",2406,0.00315633617151087,36.5,19.5,34.0000526056029
"3348",2413,0.00716704836654027,40,23,54.0001194508061
"3349",2430,0.0070481881556994,65,38,70.0001174698026
"3350",2403,0.0154499913428725,85,50,78.0002574998557
"3351",2408,0.00474109175596509,91,52,18.0000790181959
"3352",2376,0.0832226274023981,22.5,13.5,18.00138704379
"3353",2375,0,18.5,9.5,56
"3354",2374,0.00236914219474309,66.5,38.5,44.0000394857032
"3355",2370,0.0342399148752194,49.5,27.5,48.0005706652479
"3356",2357,0.00719073226744596,58.5,34.5,52.0001198455378
"3357",2343,0.0127602346130874,60.5,34.5,84.0002126705769
"3358",2306,0.000843021372215795,98.5,56.5,22.0000140503562
"3359",2356,0.0200011986234794,23,12,6.00033335331039
"3360",2266,0.0108543020755968,6.5,3.5,60.0001809050346
"3361",2371,0.0480786103409999,73,43,46.0008013101723
"3362",1933,0.117998268874606,57,34,32.0019666378146
"3363",1891,0.0579766738698026,38,22,44.0009662778978
"3364",1890,0.0132885764034508,53.5,31.5,36.0002214762734
"3365",1880,0.0594473086919066,44,26,60.0009907884782
"3366",1850,0.0832739897862397,68,38,16.0013878998298
"3367",1846,0.00876610593053944,16,8,76.0001461017655
"3368",1845,0,88.5,50.5,74
"3369",1844,0.00178424709463165,86.5,49.5,66.0000297374516
"3370",1843,0,77.5,44.5,44
"3371",1827,0.00933093029773854,53.5,31.5,24.000155515505
"3372",1826,0.00123004862329008,27.5,15.5,26.0000205008104
"3373",1825,0,27,14,48
"3374",1823,0.00602831240339005,52.5,28.5,70.0001004718734
"3375",1822,0,80,45,90
"3376",1830,0.0136259612336496,105,60,12.0002270993539
"3377",1829,0,14,8,36
"3378",1828,0,42,24,24
"3379",1834,0.00468738126498827,28,16,30.0000781230211
"3380",1833,0,36,21,30
"3381",1842,0.00120641744051614,30,15,44.0000201069573
"3382",1838,0.00116443336819738,52.5,30.5,32.0000194072228
"3383",1909,0.150975542487074,39,23,44.0025162590414
"3384",1912,0.0622861349052501,48.5,26.5,66.0010381022484
"3385",1914,0.0112306875902379,79,46,38.0001871781265
"3386",1913,0,45.5,26.5,52
"3387",1919,0.0119211757304442,64,38,48.0001986862622
"3388",1920,0.0105735657347776,58.5,34.5,30.0001762260956
"3389",1918,0.0052795431638452,30,15,50.0000879923861
"3390",1916,0.0035582376525487,62.5,37.5,60.0000593039609
"3391",1917,0.00533735647740841,74,44,14.0000889559413
"3392",1915,0.0201276007009006,15.5,8.5,54.0003354600117
"3393",1908,0.0165362617205072,61,34,80.000275604362
"3394",1888,0.171160074530517,93.5,53.5,44.0028526679088
"3395",1884,0.0741561121501211,48,26,28.0012359352025
"3396",1883,0.00601446407763124,34.5,20.5,42.000100241068
"3397",1886,0.084987547445323,45.5,24.5,58.0014164591241
"3398",1887,0.00539081043547676,68,39,40.0000898468406
"3399",1885,0.00826536298362041,46,26,64.0001377560497
"3400",1894,0.0170078755078868,73.5,41.5,24.0002834645918
"3401",1893,0,26.5,14.5,22
"3402",1892,0.00654009010996354,24,13,68.0001090015018
"3403",1901,0.0277809023051558,81,47,58.0004630150384
"3404",1900,0,69,40,66
"3405",1899,0,81,48,28
"3406",1898,0,30.5,16.5,40
"3407",1897,0,47,27,22
"3408",1896,0,22.5,11.5,32
"3409",1895,0,38.5,22.5,40
"3410",1907,0.0045270481176455,44,24,36.000075450802
"3411",1906,0,43.5,25.5,82
"3412",1905,0,95.5,54.5,34
"3413",1904,0,41.5,24.5,70
"3414",1910,0.0150546137049058,81.5,46.5,58.0002509102284
"3415",1932,0.0222470465913433,71,42,56.0003707841099
"3416",1931,0,64,36,66
"3417",1930,0,77,44,32
"3418",1937,0.00897204919034678,38,22,58.0001495341532
"3419",1945,0.00324313068579343,65.5,36.5,6.0000540521781
"3420",1961,0.00287103876654278,7,4,50.0000478506461
"3421",1960,0,60.5,35.5,38
"3422",1959,0,43,24,62
"3423",1958,0,77,46,32
"3424",2362,0.0902841356594495,37.5,21.5,48.0015047355943
"3425",2361,0,56,32,76
"3426",2360,0,87.5,49.5,22
"3427",2359,0,25,14,20
"3428",2358,0,24,14,48
"3429",2364,0.00103445356137257,54,30,72.0000172408927
"3430",2363,0,86,50,34
"3431",2367,0.00453444367137507,42,25,38.0000755740612
"3432",2366,0,42,23,30
"3433",2365,0,36.5,21.5,48
"3434",2368,0.0012508653834719,54,30,74.0000208477564
"3435",2369,0.000686785760760339,86.5,49.5,32.0000114464293
"3436",2380,0.041571650113444,33.5,17.5,50.0006928608352
"3437",2379,0,58.5,33.5,52
"3438",2381,0.000985482217068858,63.5,37.5,22.0000164247036
"3439",2387,0.00452044141397877,24.5,13.5,80.0000753406902
"3440",2384,0.0281608412262815,94,54,38.0004693473538
"3441",2383,0.000891422232646083,41,22,40.0000148570372
"3442",2389,0.00486891950425193,44,24,76.0000811486584
"3443",2528,0.18283351999409,88.5,50.5,82.0030472253332
"3444",2687,0.147792951281017,96,55,14.0024632158547
"3445",2686,0,16.5,9.5,64
"3446",2685,0,74,42,40
"3447",2699,0.000980107019903355,48,28,8.000016335117
"3448",2698,0,9.5,5.5,54
"3449",2697,0,63,36,54
"3450",2693,0.000968308459731544,61,34,70.0000161384743
"3451",2692,0,82,47,52
"3452",2691,0,63.5,37.5,34
"3453",2690,0.000229727987224382,36.5,19.5,20.0000038287998
"3454",2689,0,21,11,46
"3455",2688,0,55.5,32.5,4
"3456",2696,0.000250455689245341,4,2,16.0000041742615
"3457",2695,0,18,10,44
"3458",2694,0,48.5,26.5,70
"3459",2702,0.117315363844541,83.5,48.5,24.0019552560641
"3460",2703,0.0015314910439105,28.5,16.5,28.0000255248507
"3461",2701,0.00472682237956997,28.5,14.5,54.000078780373
"3462",2587,0.111004907608439,60.5,33.5,44.0018500817935
"3463",2586,0,51,29,58
"3464",2478,0.200570475106562,72,43,24.0033428412518
"3465",2477,0,28.5,16.5,72
"3466",2473,0.015554182978161,85.5,49.5,6.00025923638297
"3467",2449,0.0361748297638018,6,3,44.0006029138294
"3468",2378,0.106439514078661,48.5,26.5,72.0017739919013
"3469",2391,0.114940659173307,83,47,34.0019156776529
"3470",2398,0.00728446056288572,41,24,28.000121407676
"3471",2495,0.143947242894082,33,19,18.0023991207149
"3472",2492,0.00236053623359164,19.5,10.5,36.0000393422706
"3473",2491,0.000926264450893916,42.5,24.5,32.0000154377408
"3474",2490,0.0004484948108227,33,17,22.0000074749135
"3475",2494,0.010392986289193,26.5,15.5,30.0001732164382
"3476",2493,0,35.5,20.5,52
"3477",2486,0.0315830548621106,58,32,26.0005263842477
"3478",2485,0,26,13,32
"3479",2510,0.0991232793583182,36,20,82.001652054656
"3480",2512,0.000255862145182601,97,56,82.0000042643691
"3481",2511,0,97,56,22
"3482",2514,0.000564164579401125,22,11,22.000009402743
"3483",2515,0.000411016750843928,22.5,11.5,70.0000068502792
"3484",2517,0.00028164983798856,83,48,6.00000469416397
"3485",2516,0,6,3,48
"3486",2519,0.00376997064875181,54,30,26.0000628328441
"3487",2520,0.000338522720308071,32.5,19.5,58.0000056420453
"3488",2521,0.00902590039449153,67.5,38.5,16.0001504316732
"3489",2522,5.76093853249638e-05,17.5,9.5,44.0000009601564
"3490",2684,0.172223253659283,51,29,52.002870387561
"3491",1922,0.514538277342318,61.5,35.5,38.0085756379557
"3492",1814,0.199831760399322,45.5,26.5,10.00333052934
"3493",1629,0.504527873023742,11,6,68.0084087978837
"3494",1559,0.0812947750468821,82,48,72.0013549129174
"3495",1558,0.00214080220130042,83,47,22.0000356800367
"3496",1473,0.412595034990451,25.5,14.5,62.0068765839165
"3497",1523,0.713567125451354,72.5,41.5,54.0118927854242
"3498",2531,0.893448200290788,65.5,38.5,52.0148908033382
"3499",2872,0.433565788744336,61.5,35.5,22.0072260964791
"3500",2871,0,25,14,32
"3501",2870,0,40,24,68
"3502",2869,0,79.5,45.5,60
"3503",2857,0.408883215208618,72,42,4.00681472025348
"3504",2856,0,4,2,64
"3505",2855,0,74.5,42.5,8
"3506",2860,0.0024559721971114,10,6,44.00004093287
"3507",2859,0,52.5,30.5,58
"3508",2858,0,67,38,68
"3509",2765,0.0616129625386819,78.5,44.5,42.001026882709
"3510",2764,0,47,26,32
"3511",2850,0.0519499872011091,32.5,16.5,54.00086583312
"3512",2849,0,64.5,37.5,56
"3513",2852,0.0016748548122692,67,39,46.0000279142469
"3514",2851,0,56,33,30
"3515",2854,0.00125528566022373,37,22,28.0000209214277
"3516",2853,0,30.5,16.5,74
"3517",3069,0.317233757936749,85,48,36.0052872292989
"3518",3072,0.201572018394877,40,22,34.0033595336399
"3519",3734,1.53932903522263,37,20,54.0256554839204
"3520",3733,0,63,36,6
"3521",3732,0,6,3,58
"3522",3731,0,67.5,38.5,76
"3523",3510,0.0747060191614056,90,52,8.00124510031936
"3524",3751,0.0599503187437624,9,5,48.0009991719791
"3525",3750,0,55,31,52
"3526",3749,0,64.5,38.5,38
"3527",3748,0,43.5,24.5,82
"3528",3747,0,96.5,55.5,44
"3529",3746,0,55,33,30
"3530",3754,0.0007868448696783,33,18,52.0000131140812
"3531",3753,0,64.5,38.5,20
"3532",3752,0,20,10,20
"3533",3756,0.00355369403695519,22.5,12.5,64.000059228234
"3534",3755,0.000229729480256693,75,43,62.0000038288247
"3535",3757,0.00041099776277237,73,42,64.0000068499627
"3536",3762,0.0260819805063063,78,46,40.0004346996751
"3537",3766,0.00184593604500658,47.5,27.5,34.0000307656008
"3538",3765,0,38,21,30
"3539",3764,0,34,19,14
"3540",3763,0,17.5,10.5,52
"3541",3769,0.00891296239065565,63,37,38.0001485493732
"3542",3768,0.000448494594871264,44.5,25.5,24.0000074749099
"3543",4023,0.0483948785686612,28,16,36.0008065813095
"3544",4022,0,43,25,52
"3545",4021,0,62,36,36
"3546",4020,0,41.5,23.5,52
"3547",4019,0,58.5,32.5,76
"3548",4018,0,91,53,72
"3549",4017,0,83,47,16
"3550",4016,0,16,8,30
"3551",4015,0,33.5,18.5,56
"3552",4014,0,70,42,44
"3553",4013,0,49,27,32
"3554",4012,0,37,21,32
"3555",4027,0.000669651905532731,36,20,28.0000111608651
"3556",4026,0,32,18,88
"3557",4025,0,103,59,70
"3558",4024,0,85,50,26
"3559",4036,0.00130930836189512,28,15,66.000021821806
"3560",4035,0,77.5,44.5,66
"3561",4034,0,79,46,26
"3562",4033,0,28,15,54
"3563",4064,0.000229729621364662,60,33,58.000003828827
"3564",4063,0,68.5,39.5,56
"3565",4062,0,69,41,40
"3566",4061,0,44,24,44
"3567",4060,0,52,30,28
"3568",4059,0,33.5,19.5,60
"3569",4058,0,73,43,18
"3570",4057,0,19,10,64
"3571",4056,0,76.5,44.5,64
"3572",4055,0,75.5,43.5,12
"3573",4054,0,12,6,80
"3574",4053,0,93,53,74
"3575",4052,0,88.5,51.5,8
"3576",4051,0,9.5,5.5,22
"3577",4050,0,22,11,60
"3578",4049,0,69.5,39.5,64
"3579",4048,0,76.5,44.5,32
"3580",4047,0,40,24,18
"3581",4046,0,19,10,58
"3582",4045,0,66.5,37.5,32
"3583",4044,0,39.5,23.5,18
"3584",4043,0,20.5,11.5,60
"3585",4042,0,71,41,16
"3586",4041,0,18,10,26
"3587",4040,0,32.5,19.5,14
"3588",4039,0,14.5,7.5,84
"3589",4038,0,98,56,58
"3590",4037,0,67.5,38.5,18
"3591",4073,0.0028916419507983,19.5,10.5,84.0000481940325
"3592",4072,0,99,57,50
"3593",4071,0,61,36,60
"3594",4070,0,71,41,72
"3595",4069,0,86,50,52
"3596",4068,0,63,37,40
"3597",4067,0,46,26,58
"3598",4066,0,71,42,62
"3599",4065,0,77,46,60
"3600",4032,0.000797318875161818,69,39,56.0000132886479
"3601",4031,0,65,37,10
"3602",4030,0,10.5,5.5,38
"3603",4029,0,47.5,28.5,16
"3604",4028,0.000716109096786506,17.5,9.5,38.0000119351516
"3605",4011,0.00149775761789179,47.5,28.5,50.000024962627
"3606",4010,0,55,30,64
"3607",4009,0,76,44,74
"3608",4079,0.00368999652493005,85.5,48.5,44.0000614999421
"3609",4102,0.000633666574849617,52,30,20.0000105611096
"3610",4101,0,21,11,26
"3611",4100,0,27,14,50
"3612",4099,0,57.5,32.5,46
"3613",4098,0,53.5,30.5,38
"3614",4097,0,47,28,50
"3615",4096,0.000677044350618074,60.5,35.5,46.0000112840725
"3616",4095,0,54,31,40
"3617",4094,0,46,26,48
"3618",4093,0,56.5,32.5,24
"3619",4092,0,28,16,38
"3620",4117,0.00137362616275458,43,24,14.0000228937694
"3621",4116,0,14,7,60
"3622",4115,0,67.5,37.5,52
"3623",4114,0,64.5,38.5,40
"3624",4113,0,42.5,22.5,14
"3625",4112,0,14,7,54
"3626",4128,0.000230424182310023,61.5,34.5,44.000003840403
"3627",4127,0,49.5,27.5,80
"3628",4126,0,94.5,54.5,26
"3629",4125,0,31,18,66
"3630",4124,0,76.5,43.5,56
"3631",4123,0,63,35,30
"3632",4122,0,35,20,36
"3633",4121,0,41,23,40
"3634",4120,0,49,29,56
"3635",4119,0,63.5,35.5,30
"3636",4118,0,30.5,15.5,42
"3637",4134,0.00109217639569138,46,25,56.0000182029399
"3638",4133,0,68.5,40.5,44
"3639",4132,0,50,28,46
"3640",4131,0,53.5,30.5,62
"3641",4130,0,73.5,42.5,68
"3642",4129,0,78.5,44.5,60
"3643",4091,0.00228346823259857,74,44,32.0000380578039
"3644",4090,0,36.5,20.5,20
"3645",4089,0,21,11,44
"3646",4088,0,50,28,46
"3647",4087,0,57,34,26
"3648",4086,0,26,13,36
"3649",4085,0,41,23,56
"3650",4084,0,62.5,34.5,26
"3651",4083,0,26.5,13.5,62
"3652",4082,0,73.5,42.5,58
"3653",4081,0,66.5,37.5,74
"3654",4078,0.00351567370029671,88.5,51.5,52.0000585945617
"3655",4077,0,58,32,70
"3656",4076,0,84,49,30
"3657",4075,0,37,22,56
"3658",4074,0,68,40,20
"3659",4111,0.000928380537118137,20,10,24.000015473009
"3660",4110,0,24.5,12.5,44
"3661",4109,0,52,30,54
"3662",4108,0,61,34,50
"3663",4107,0,55.5,30.5,52
"3664",4106,0,64,38,52
"3665",4105,0,61,35,18
"3666",4104,0,20.5,11.5,66
"3667",4103,0,80,47,34
"3668",3783,0.208439739400003,36.5,19.5,26.0034739956567
"3669",3782,0,29.5,16.5,30
"3670",3786,0.00118492566548158,32.5,17.5,38.0000197487611
"3671",3785,0,42,23,60
"3672",3784,0,71,41,48
"3673",3789,0.00036388179734065,56,32,46.0000060646966
"3674",3790,0.000418272195330084,55.5,32.5,36.0000069712033
"3675",3788,0.00110175684319569,43,25,34.000018362614
"3676",3787,0,42,25,76
"3677",3795,0.00190295591415679,91,53,42.0000317159319
"3678",3794,0,49,28,50
"3679",3793,0,55,30,42
"3680",3792,0.00102960299396278,49.5,28.5,44.0000171600499
"3681",3791,0,50,28,52
"3682",3796,0.0022090934981045,63,37,56.000036818225
"3683",3779,0.00949107818721306,66,38,50.0001581846365
"3684",3780,0.000125229399018477,60,35,30.0000020871567
"3685",3781,0.000333584781252672,32,17,66.0000055597464
"3686",3778,0.0033614839838975,78.5,45.5,16.0000560247331
"3687",3777,0.00786465245098625,20,12,44.0001310775408
"3688",3776,0.000111194929913516,52.5,30.5,80.0000018532488
"3689",3775,0.000500917276938329,94,54,54.0000083486213
"3690",3774,0.000229728791053687,64.5,37.5,60.0000038288132
"3691",3773,0.000851646505026882,68,38,30.0000141941084
"3692",3772,0,32,17,62
"3693",3771,0,74.5,43.5,36
"3694",3770,0,40,22,28
"3695",3767,0.0019533575088283,31,17,70.0000325559585
"3696",3094,0.341299264947177,82.5,47.5,36.0056883210825
"3697",3015,0.152620227393058,38.5,20.5,80.0025436704566
"3698",3013,0.0031229332423187,95,55,32.0000520488874
"3699",3012,0.00251318919518424,37,21,72.0000418864866
"3700",3010,0.00713137916893634,83.5,47.5,46.0001188563195
"3701",3011,0.0035582376525487,51,28,26.0000593039609
"3702",2985,0.0821917845959437,27.5,14.5,46.0013698630766
"3703",2967,0.0670738169990041,53.5,30.5,30.00111789695
"3704",2966,0.0279632431467678,33,18,28.0004660540524
"3705",3460,0.671494636851539,28.5,14.5,26.0111915772809
"3706",3063,0.36811099476161,29.5,16.5,58.006135183246
"3707",3062,0,69,40,74
"3708",3061,0,89,52,58
"3709",3053,0.0107110275665783,67,38,32.0001785171261
"3710",2518,0.753422102498867,40,24,30.0125570350416
"3711",2513,0.00424432773094763,31.5,16.5,28.0000707387955
"3712",2499,0.0403966392798798,30,16,18.0006732773213
"3713",2481,0.0285013162223271,20,11,72.000475021937
"3714",2202,0.18292541648449,84.5,48.5,16.0030487569414
"3715",2170,0.0298467306741758,18.5,10.5,74.0004974455112
"3716",2169,0,89,52,72
"3717",1949,0.100950798347688,85,49,80.0016825133058
"3718",1948,0,94.5,54.5,44
"3719",1947,0,48,26,70
"3720",1950,0.000500890645234223,83,48,36.0000083481774
"3721",2484,0.416204382298944,40.5,22.5,76.006936739705
"3722",2480,0.0209658072946608,90.5,52.5,50.0003494301216
"3723",1856,0.472540479064913,58.5,33.5,62.0078756746511
"3724",1855,0,74.5,43.5,38
"3725",1854,0,42.5,23.5,72
"3726",1853,0,82.5,46.5,26
"3727",1860,0.00607865200892455,32,19,66.0001013108668
"3728",1851,0.0129933063354604,80,47,62.0002165551056
"3729",1857,0.00313945507442318,72,41,48.0000523242512
"3730",1858,0.00100410019795723,59.5,35.5,46.0000167350033
"3731",1837,0.0289410882732289,51,28,16.0004823514712
"3732",1836,0,16.5,8.5,40
"3733",1835,0,47.5,27.5,42
"3734",1841,0.000568855412808757,48.5,27.5,70.0000094809236
"3735",1840,0,83.5,48.5,20
"3736",1839,0,22.5,12.5,42
"3737",1832,0.00547703077767943,46.5,25.5,20.0000912838463
"3738",1831,0,22,12,30
"3739",1819,0.0442414512996465,34.5,19.5,14.0007373575217
"3740",1818,0,16,9,36
"3741",1816,0.00797048391307538,43.5,25.5,52.0001328413986
"3742",1815,0,65,39,50
"3743",1817,0.00325872072118661,56,31,74.000054312012
"3744",1691,0.0659340393693876,86,49,62.0010989006562
"3745",1861,0.125262636345145,77,46,40.0020877106057
"3746",1862,0.00706731514029708,48.5,28.5,70.0001177885857
"3747",1800,0.355653719180374,82,47,56.0059275619863
"3748",1474,0.743150816609398,67,39,66.0123858469435
"3749",1221,1.33384131669724,75.5,42.5,32.0222306886116
"3750",1231,0.330680684760483,39,23,42.005511344746
"3751",1232,0.0126944589009999,48,27,76.000211574315
"3752",1235,0.0815438949949672,91,53,70.0013590649166
"3753",1204,0.348036695472213,80.5,45.5,48.0058006115912
"3754",1185,0.446397024459421,56.5,32.5,16.0074399504077
"3755",1212,0.559993864088793,17,9,52.0093332310681
"3756",1211,0,59,33,52
"3757",1217,0.294020071373222,63.5,37.5,60.0049003345229
"3758",1216,0,68.5,38.5,28
"3759",1215,0.0118758285138179,30.5,16.5,66.0001979304752
"3760",1214,0,77.5,44.5,22
"3761",1223,0.164693700603354,26.5,15.5,66.0027448950101
"3762",1222,0,75,42,78
"3763",1228,0.00676749696793437,91,52,48.0001127916161
"3764",1227,0,54,30,72
"3765",1226,0,84,48,54
"3766",1225,0.0104393583409756,61.5,34.5,42.0001739893057
"3767",1224,0,47,26,60
"3768",1230,0.0129050406131116,70,40,32.0002150840102
"3769",1229,0,35.5,19.5,18
"3770",1234,0.0115680003608114,18.5,9.5,54.000192800006
"3771",1233,0,67,40,20
"3772",1210,0.272923553609065,21,11,12.0045487258935
"3773",1209,0.000125209165219301,15,9,28.0000020868194
"3774",1241,0.435831275333645,30.5,16.5,56.0072638545889
"3775",1240,0.0175734374336249,64,36,4.00029289062389
"3776",1239,0,4.5,2.5,40
"3777",1246,0.262203821370824,44,24,74.0043700636895
"3778",1244,0.233653314345556,88.5,51.5,44.0038942219058
"3779",1245,0.00353994268401416,48,26,76.0000589990447
"3780",1243,1.02545314548995,90.5,52.5,62.0170908857582
"3781",511,2.55460301522661,71,40,66.0425767169205
"3782",510,0,76.5,43.5,24
"3783",509,0,27,15,68
"3784",517,1.47408907776502,80.5,46.5,36.0245681512961
"3785",520,0.222326064800089,44.5,26.5,60.0037054344133
"3786",561,0.291389710380134,75,45,16.004856495173
"3787",560,0,19,11,60
"3788",559,0,72,42,14
"3789",586,0.000473126295949272,16.5,9.5,62.0000078854383
"3790",585,0,77,46,56
"3791",584,0,68.5,40.5,38
"3792",583,0,40,21,30
"3793",582,0,36.5,21.5,46
"3794",581,0,50.5,27.5,34
"3795",580,0,40.5,23.5,42
"3796",579,0,46,25,42
"3797",578,0,49,28,58
"3798",577,0,68,39,62
"3799",576,0,70,39,68
"3800",575,0,78.5,44.5,74
"3801",574,0,86.5,49.5,26
"3802",573,0,29,16,28
"3803",572,0,30,16,52
"3804",571,0,57.5,31.5,72
"3805",570,0,86.5,50.5,16
"3806",569,0,16,8,70
"3807",568,0,83.5,48.5,70
"3808",567,0,82,47,28
"3809",566,0,30,16,44
"3810",565,0,48.5,26.5,38
"3811",564,0,41,22,30
"3812",563,0.00104121094651413,32.5,17.5,20.0000173535158
"3813",562,0,22,12,12
"3814",553,0.000639775762747583,12.5,6.5,40.0000106629294
"3815",552,0,46.5,26.5,10
"3816",551,0,12,7,74
"3817",550,0,87.5,50.5,36
"3818",549,0,43,25,32
"3819",548,0,34.5,18.5,42
"3820",547,0,52.5,31.5,26
"3821",558,0.00135400586074955,32,19,44.0000225667643
"3822",557,0,49,27,48
"3823",556,0,55.5,31.5,82
"3824",555,0,96,55,54
"3825",554,0,63,36,58
"3826",546,0.000919212620600077,69,40,60.0000153202103
"3827",545,0,68.5,38.5,28
"3828",544,0,35,21,36
"3829",543,0,41.5,23.5,72
"3830",542,0,84.5,48.5,66
"3831",541,0,78,45,76
"3832",540,0,91,53,32
"3833",539,0,36.5,20.5,22
"3834",538,0,23.5,12.5,50
"3835",537,0,58,33,28
"3836",536,0,33,19,22
"3837",535,0,25,14,48
"3838",534,0,56.5,32.5,44
"3839",533,0,48.5,26.5,58
"3840",532,0.000440329032476345,67.5,38.5,38.0000073388172
"3841",531,0,41,22,22
"3842",530,0,27.5,16.5,36
"3843",529,0.00172535737785125,44.5,26.5,20.0000287559563
"3844",528,0,21,11,46
"3845",527,0,53.5,30.5,24
"3846",526,0,25,13,16
"3847",525,0,19,11,74
"3848",524,0,85,48,34
"3849",523,0,35,18,14
"3850",522,0,15,8,62
"3851",521,0,75.5,44.5,66
"3852",484,0.316014370445275,79.5,46.5,74.0052669061741
"3853",483,0,89,52,60
"3854",482,0,68,38,48
"3855",481,0,54.5,30.5,86
"3856",480,0,101,58,34
"3857",479,0,35,18,22
"3858",478,0,26,15,26
"3859",477,0,32,19,22
"3860",476,0,25.5,14.5,20
"3861",475,0,20.5,10.5,36
"3862",474,0,44.5,26.5,54
"3863",473,0,65,38,18
"3864",472,0,22.5,13.5,56
"3865",471,0,67.5,39.5,70
"3866",470,0,85,50,78
"3867",469,0,93,54,8
"3868",468,0,10,6,14
"3869",467,0,17.5,10.5,32
"3870",466,0,39,23,48
"3871",465,0,56,32,72
"3872",464,0,84.5,48.5,26
"3873",463,0,28.5,15.5,46
"3874",462,0,52.5,29.5,56
"3875",461,0,62.5,34.5,22
"3876",460,0,27.5,16.5,26
"3877",459,0,29.5,16.5,20
"3878",490,0.00060164172499013,20,10,74.0000100273621
"3879",489,0,85,48,40
"3880",488,0,42.5,22.5,30
"3881",487,0,33,18,70
"3882",486,0,85,50,4
"3883",485,0.000319878429571816,4.5,2.5,12.0000053313072
"3884",458,0.000114961906278376,14,8,50.0000019160318
"3885",457,0,62.5,37.5,44
"3886",456,0,53.5,31.5,18
"3887",455,0,20.5,11.5,14
"3888",454,0,14.5,7.5,32
"3889",453,0,40,24,20
"3890",452,0,22,12,38
"3891",451,0,44,25,60
"3892",450,0,68,38,62
"3893",449,0,70.5,39.5,60
"3894",448,0,69.5,39.5,78
"3895",447,0,92,53,56
"3896",446,0,70,42,62
"3897",445,0,77,46,20
"3898",444,0,20,10,62
"3899",443,0,77,46,84
"3900",442,0,98,56,46
"3901",441,0,56.5,33.5,32
"3902",440,0,38,22,80
"3903",439,0,93.5,53.5,58
"3904",438,0,66.5,37.5,38
"3905",437,0,42,23,18
"3906",436,0,18.5,9.5,8
"3907",435,0,10,6,76
"3908",434,0,90.5,52.5,64
"3909",433,0,74.5,42.5,70
"3910",422,0.00153128153836548,80,45,80.000025521359
"3911",421,0,92.5,52.5,60
"3912",420,0,72.5,42.5,64
"3913",419,0,72.5,40.5,44
"3914",418,0,47.5,25.5,34
"3915",417,0,40,23,56
"3916",416,0,70,42,36
"3917",415,0,39,21,42
"3918",414,0,52.5,31.5,88
"3919",413,0,102.5,58.5,58
"3920",412,0,69,40,14
"3921",411,0,17.5,10.5,62
"3922",410,0,72.5,41.5,42
"3923",409,0,50.5,29.5,48
"3924",432,0.0043400293335052,59.5,35.5,32.0000723338222
"3925",431,0,38,22,52
"3926",430,0,60.5,34.5,50
"3927",429,0,56,31,30
"3928",428,0,35.5,20.5,28
"3929",427,0,32,18,58
"3930",426,0,66.5,37.5,82
"3931",425,0,95.5,54.5,70
"3932",424,0,84,49,80
"3933",423,0,95,55,50
"3934",390,0.0025778718930792,55.5,30.5,44.0000429645316
"3935",389,0,50.5,28.5,24
"3936",388,0,29,17,58
"3937",387,0,66,37,40
"3938",386,0,46.5,26.5,30
"3939",385,0,32.5,17.5,64
"3940",384,0,74,42,70
"3941",383,0,84,49,52
"3942",382,0,63.5,37.5,60
"3943",381,0,71.5,41.5,44
"3944",380,0,51,29,8
"3945",379,0,8,4,54
"3946",378,0,66.5,39.5,38
"3947",377,0,46.5,27.5,46
"3948",376,0,57,34,24
"3949",375,0,27,15,30
"3950",374,0,30.5,15.5,36
"3951",373,0,41,23,30
"3952",372,0,30.5,15.5,24
"3953",408,0.00203265095834433,24.5,12.5,40.000033877516
"3954",407,0,50,30,28
"3955",406,0,30.5,16.5,52
"3956",405,0,64,38,70
"3957",404,0,81.5,46.5,26
"3958",403,0,29.5,16.5,30
"3959",402,0,30,15,58
"3960",401,0,67,38,20
"3961",400,0,23,13,84
"3962",399,0,98,56,72
"3963",398,0,83.5,47.5,60
"3964",397,0,71,41,56
"3965",396,0,69.5,41.5,26
"3966",395,0,30.5,17.5,42
"3967",394,0,50.5,29.5,46
"3968",393,0,57,34,72
"3969",392,0,84,48,34
"3970",391,0,37,20,66
"3971",151,0.296524929319218,75,42,60.0049420821553
"3972",150,0,72.5,42.5,40
"3973",149,0,42.5,22.5,34
"3974",184,0.00061552058685379,37,20,62.0000102586764
"3975",183,0,74,43,28
"3976",182,0,32,18,20
"3977",204,0.0022015180979389,22.5,12.5,34.0000366919683
"3978",203,0,37,20,52
"3979",230,0.00117084249480088,63.5,37.5,64.0000195140416
"3980",228,0.00100240350513985,76,44,36.0000167067251
"3981",227,0,41.5,23.5,56
"3982",226,0,67.5,39.5,48
"3983",233,0.00028738194725699,58.5,34.5,88.0000047896991
"3984",243,0.00028738194725699,103,59,58.0000047896991
"3985",242,0.000111194927084224,68.5,39.5,40.0000018532488
"3986",241,0,49.5,29.5,22
"3987",247,0.000114952775653227,23.5,12.5,34.0000019158796
"3988",248,0.000114952775653227,38,21,28.0000019158796
"3989",253,0.000159932648241807,34,20,76.0000026655441
"3990",252,0,88,50,50
"3991",251,0,57.5,32.5,6
"3992",257,0.000352835581107867,6.5,3.5,26.000005880593
"3993",267,0.000726432099661584,28.5,15.5,58.0000121072017
"3994",274,0.000919413754277777,70,41,16.0000153235626
"3995",273,0,16,8,54
"3996",290,0.000818276258620728,66,39,18.0000136379376
"3997",289,0,20.5,11.5,20
"3998",292,0.00102682314862387,21.5,11.5,68.0000171137191
"3999",291,0.000125171261733148,78,44,20.0000020861877
"4000",302,0.00301598598580399,21,11,48.0000502664331
"4001",301,0,60,36,20
"4002",300,0,24,14,18
"4003",299,0,21,12,18
"4004",298,0,22,13,44
"4005",288,0.000473064522135962,54,32,30.0000078844087
"4006",287,0,33.5,18.5,52
"4007",286,0,61.5,35.5,42
"4008",285,0,50.5,29.5,50
"4009",284,0,59,34,34
"4010",283,0,42,25,60
"4011",282,0,68.5,38.5,28
"4012",281,0,31.5,17.5,74
"4013",280,0,87.5,50.5,50
"4014",279,0,56,31,54
"4015",278,0,64,37,28
"4016",277,0,31,17,42
"4017",276,0,48,27,14
"4018",275,0,16.5,9.5,58
"4019",272,0.000779585359342807,67.5,38.5,30.0000129930893
"4020",268,0.000670211962761872,36,21,68.0000111701994
"4021",256,0.00052910305988395,82.5,48.5,30.0000088183843
"4022",255,0,30,15,28
"4023",250,0.000338500124238406,30.5,16.5,86.0000056416687
"4024",249,0,101,58,4
"4025",246,0.000319865127183546,4,2,38.0000053310855
"4026",231,0.000459810637070341,40,21,50.0000076635106
"4027",236,0.000477033271070764,60.5,35.5,46.0000079505545
"4028",235,0,50.5,27.5,34
"4029",234,0,40.5,23.5,60
"4030",238,0.000159932555101648,74,44,86.0000026655426
"4031",237,0,100.5,57.5,24
"4032",245,0.000114952643111136,25.5,13.5,32.0000019158774
"4033",244,0,33.5,17.5,44
"4034",240,0.000125171237207798,51.5,29.5,42.0000020861873
"4035",239,0,45.5,24.5,56
"4036",254,0.000522639102201904,63.5,35.5,34.0000087106517
"4037",266,0.000405136060748086,37.5,20.5,54.0000067522677
"4038",265,0,60.5,33.5,34
"4039",264,0,42,25,38
"4040",263,0,42,23,28
"4041",262,0,32,18,78
"4042",261,0,90.5,51.5,54
"4043",260,0,62,35,50
"4044",259,0,56.5,31.5,46
"4045",258,0,57,34,68
"4046",271,0.00045981047758106,80.5,46.5,16.000007663508
"4047",270,0,18.5,10.5,48
"4048",269,0.000677000239138413,58,34,30.0000112833373
"4049",225,0.00219862933802224,33,18,22.0000366438223
"4050",224,0,25.5,14.5,52
"4051",223,0,60.5,34.5,80
"4052",222,0,94,54,62
"4053",221,0,73.5,42.5,26
"4054",220,0,26.5,13.5,50
"4055",219,0,61,36,28
"4056",218,0,34,20,64
"4057",217,0,75,43,32
"4058",216,0,39.5,23.5,76
"4059",215,0,89,51,20
"4060",214,0,21.5,11.5,56
"4061",213,0,65,37,10
"4062",212,0,12,7,22
"4063",211,0,24.5,13.5,50
"4064",210,0,61,36,46
"4065",209,0,50,27,50
"4066",208,0,58,33,88
"4067",207,0,102.5,58.5,50
"4068",206,0,62.5,37.5,14
"4069",205,0,17.5,10.5,16
"4070",201,0.00137911959409985,18.5,10.5,34.0000229853266
"4071",188,0.000755420771696971,41,24,42.0000125903462
"4072",159,0.000766150624751981,45,24,24.0000127691771
"4073",158,0,26,14,74
"4074",157,0,86.5,49.5,36
"4075",156,0,42.5,24.5,46
"4076",155,0,52.5,29.5,40
"4077",154,0,49,29,30
"4078",153,0,37.5,22.5,50
"4079",152,0,61,36,68
"4080",148,0.000639730188022811,79.5,45.5,42.0000106621698
"4081",147,0.000689091405783461,46.5,25.5,38.0000114848568
"4082",146,0,42.5,23.5,58
"4083",145,0,69,40,42
"4084",144,0,49.5,28.5,82
"4085",143,0,96,55,44
"4086",142,0,48,26,22
"4087",141,0,27,16,46
"4088",140,0,51,28,54
"4089",139,0,63,36,16
"4090",138,0,16,8,8
"4091",189,0.00172742490983847,8,4,74.0000287904152
"4092",229,0.00339669799265338,85,48,38.0000566116332
"4093",202,0.00236083423470177,46,27,46.0000393472372
"4094",200,0.000510767437390366,54,31,68.0000085127906
"4095",199,0,82.5,48.5,22
"4096",198,0,24,13,76
"4097",197,0,90,52,40
"4098",196,0,45,25,54
"4099",195,0,62.5,35.5,20
"4100",194,0,20,10,12
"4101",193,0,12,6,80
"4102",192,0,93,53,34
"4103",191,0,36,19,46
"4104",190,0,55.5,32.5,30
"4105",187,0.000459706855938442,36.5,21.5,26.0000076617809
"4106",186,0,30.5,17.5,44
"4107",185,0,47.5,25.5,16
"4108",162,0.000599751752589456,19,11,44.0000099958625
"4109",161,0,52,30,64
"4110",160,0,78,46,52
"4111",232,0.00299083969377057,62,36,36.0000498473282
"4112",127,0.00684781940730061,39.5,21.5,24.0001141303235
"4113",126,0,27.5,15.5,44
"4114",125,0,47.5,25.5,52
"4115",134,0.00589781383832567,59.5,33.5,24.0000982968973
"4116",133,0,27.5,15.5,34
"4117",132,0,37,20,64
"4118",131,0,75,43,64
"4119",130,0,77,45,30
"4120",124,0.00207763775303107,30.5,15.5,58.0000346272959
"4121",123,0.00164112261528656,66.5,37.5,72.0000273520436
"4122",122,0.000682212568191473,83,47,60.0000113702095
"4123",121,0,70,40,2
"4124",120,0,2.5,1.5,78
"4125",119,0,91,52,62
"4126",118,0,76.5,45.5,42
"4127",117,0.000818274602028434,51,30,56.00001363791
"4128",116,0,69,41,42
"4129",115,0,45,24,32
"4130",114,0.000641942308688316,32.5,16.5,76.0000106990385
"4131",113,0,89.5,51.5,22
"4132",112,0,26,15,42
"4133",111,0,45,24,72
"4134",110,0,82.5,46.5,38
"4135",109,0,42.5,23.5,34
"4136",129,0.00579961989880761,38,21,14.0000966603316
"4137",128,0,17,10,20
"4138",137,0.00228527201672236,23.5,13.5,76.000038087867
"4139",136,0,90.5,52.5,36
"4140",135,0,43.5,25.5,14
"4141",181,0.00184655569247619,16,9,8.00003077592821
"4142",180,0,9,5,58
"4143",179,0,65,36,18
"4144",178,0,18,9,12
"4145",177,0,12,6,46
"4146",176,0,51,28,30
"4147",175,0,34.5,19.5,62
"4148",174,0,73,42,46
"4149",173,0,55,32,44
"4150",172,0,50,28,28
"4151",171,0,28,14,16
"4152",170,0,18,10,40
"4153",169,0,48,28,34
"4154",168,0,40,23,46
"4155",167,0,55.5,32.5,42
"4156",166,0,51.5,30.5,42
"4157",165,0,47,26,24
"4158",164,0,24.5,12.5,42
"4159",163,0,47,26,34
"4160",297,0.00803802980613143,36.5,19.5,40.0001339671634
"4161",296,0,44,24,58
"4162",295,0,67.5,38.5,20
"4163",294,0,20.5,10.5,20
"4164",293,0,21.5,11.5,52
"4165",321,0.00520517925787055,59.5,33.5,48.0000867529876
"4166",320,0,55,31,8
"4167",319,0,8,4,86
"4168",318,0,100,57,80
"4169",311,0.000797234537907297,92.5,52.5,30.0000132872423
"4170",310,0.00136493542871099,36,21,18.0000227489238
"4171",309,0,19.5,10.5,46
"4172",308,0,55.5,32.5,68
"4173",307,0.00132803092722926,78,44,80.0000221338488
"4174",306,0,94.5,54.5,70
"4175",305,0,83.5,48.5,56
"4176",304,0.000417416234181733,62.5,34.5,44.0000069569372
"4177",303,0,50.5,28.5,56
"4178",340,0.00884798908240893,69,41,78.0001474664847
"4179",339,0,91,52,82
"4180",338,0,95,54,48
"4181",337,0,53.5,29.5,44
"4182",336,0,47.5,25.5,22
"4183",335,0,22,11,62
"4184",347,0.000344856821413436,70,39,26.0000057476137
"4185",346,0,31,18,62
"4186",345,0,75.5,44.5,36
"4187",344,0,43,25,66
"4188",343,0,77.5,44.5,22
"4189",342,0,27,16,48
"4190",341,0,58,34,50
"4191",362,0.000287380684633067,61.5,36.5,66.0000047896781
"4192",361,0,78.5,45.5,62
"4193",360,0,71,40,74
"4194",359,0,87.5,50.5,36
"4195",358,0,38.5,20.5,40
"4196",357,0,42.5,22.5,74
"4197",356,0,85.5,48.5,66
"4198",355,0,75.5,42.5,32
"4199",354,0,37.5,21.5,12
"4200",353,0,13.5,7.5,62
"4201",352,0,71,40,62
"4202",351,0,70,39,44
"4203",350,0,52,30,50
"4204",349,0,55.5,30.5,44
"4205",348,0,49,27,62
"4206",368,0.000172428410706718,73.5,42.5,44.0000028738068
"4207",367,0,53.5,31.5,34
"4208",366,0,40.5,23.5,16
"4209",365,0,16.5,8.5,38
"4210",364,0,42.5,23.5,44
"4211",363,0,50,28,24
"4212",371,0.000287380684633067,28.5,16.5,30.0000047896781
"4213",370,0,37,22,34
"4214",369,0,41,24,52
"4215",334,0.0106991190367848,57.5,31.5,38.0001783186506
"4216",333,0,47.5,28.5,54
"4217",332,0,66.5,39.5,44
"4218",331,0,55,33,62
"4219",330,0,74,43,58
"4220",329,0,69,40,50
"4221",328,0,60.5,35.5,66
"4222",327,0,80,47,32
"4223",326,0,35.5,19.5,22
"4224",325,0.000159932135460869,27,16,68.0000026655356
"4225",324,0,78,44,26
"4226",323,0,31,18,20
"4227",322,0,22.5,12.5,70
"4228",317,0.000229904128827101,81,46,66.0000038317355
"4229",316,0,77.5,44.5,14
"4230",315,0,15.5,8.5,42
"4231",314,0,46.5,25.5,28
"4232",313,0,28,14,12
"4233",312,0,14.5,8.5,54
"4234",589,0.330788849644081,61,34,48.0055131474941
"4235",588,0,56.5,32.5,16
"4236",587,0,18,10,68
"4237",609,0.00408076292305811,81.5,47.5,24.0000680127154
"4238",608,0,29.5,17.5,86
"4239",607,0,100.5,57.5,2
"4240",606,0,2,1,26
"4241",605,0,27,14,60
"4242",604,0,70.5,40.5,28
"4243",603,0,32.5,18.5,40
"4244",602,0,43.5,23.5,56
"4245",601,0,66,38,68
"4246",600,0,82,48,30
"4247",599,0,33.5,18.5,62
"4248",598,0,74.5,43.5,44
"4249",597,0,48.5,26.5,78
"4250",596,0,91,52,24
"4251",595,0,25.5,13.5,28
"4252",594,0,30.5,16.5,30
"4253",593,0,31,16,34
"4254",592,0,39,22,72
"4255",591,0,86.5,50.5,26
"4256",590,0,28,15,22
"4257",881,0.536593907278799,23,12,70.008943231788
"4258",880,0,84.5,49.5,30
"4259",839,0.00135905512762843,37,22,66.0000226509188
"4260",838,0,81,48,56
"4261",837,0,67.5,39.5,58
"4262",836,0,65,36,74
"4263",835,0,85.5,48.5,42
"4264",879,0.00213640186338327,52.5,31.5,40.0000356066977
"4265",878,0,44.5,24.5,52
"4266",877,0,64.5,38.5,80
"4267",876,0,94,54,76
"4268",875,0,91,53,66
"4269",874,0,78.5,45.5,46
"4270",873,0,57,34,14
"4271",872,0,14,7,68
"4272",871,0,78,44,32
"4273",870,0,40,24,82
"4274",869,0,95.5,54.5,58
"4275",868,0,70.5,41.5,54
"4276",867,0,64,37,44
"4277",866,0,52,30,54
"4278",865,0,63.5,36.5,42
"4279",883,0.0017462811891217,49.5,28.5,14.0000291046865
"4280",882,0,17,10,28
"4281",900,0.000726711846099815,30.5,16.5,20.0000121118641
"4282",899,0,25,15,58
"4283",898,0,69.5,40.5,62
"4284",897,0,77,46,20
"4285",896,0,22.5,12.5,30
"4286",914,0.00434611185908738,37.5,22.5,28.0000724351977
"4287",913,0,35,21,62
"4288",912,0,76.5,45.5,24
"4289",911,0,26,14,36
"4290",910,0,44.5,26.5,42
"4291",909,0,48,27,12
"4292",908,0,13.5,7.5,70
"4293",907,0,83.5,48.5,36
"4294",906,0,45,27,42
"4295",905,0,49,28,38
"4296",904,0,46.5,27.5,54
"4297",903,0,61,34,38
"4298",902,0,45.5,26.5,64
"4299",901,0,75,43,86
"4300",895,0.000632170235075732,100.5,57.5,58.0000105361706
"4301",894,0,66,37,34
"4302",893,0,41,24,58
"4303",892,0.000229695557485854,67,38,12.0000038282593
"4304",891,0,12,6,40
"4305",890,0,49.5,29.5,44
"4306",889,0,51.5,29.5,40
"4307",888,0,44.5,24.5,20
"4308",887,0,21.5,11.5,44
"4309",886,0,54.5,32.5,32
"4310",885,0,37.5,21.5,14
"4311",884,0,16,9,16
"4312",930,0.00321573774535806,19,11,26.0000535956291
"4313",929,0,26.5,13.5,54
"4314",928,0,60.5,33.5,36
"4315",927,0,38.5,20.5,32
"4316",926,0,40,24,36
"4317",925,0,44,26,40
"4318",924,0,45.5,25.5,64
"4319",923,0,72.5,40.5,48
"4320",922,0,57,33,14
"4321",921,0,15,8,72
"4322",920,0,84,48,72
"4323",919,0,86.5,50.5,62
"4324",918,0,76.5,45.5,40
"4325",917,0,45,25,54
"4326",916,0,64.5,37.5,46
"4327",915,0,50,27,42
"4328",842,0.0199128116412863,51,30,74.000331880194
"4329",841,0,87.5,50.5,22
"4330",840,0,22.5,11.5,38
"4331",844,0.000229695473762427,47.5,28.5,44.0000038282579
"4332",843,0,50,28,26
"4333",864,0.00405262654419854,29.5,16.5,50.0000675437757
"4334",863,0,58,33,30
"4335",862,0,35.5,20.5,28
"4336",861,0,35,21,52
"4337",860,0,60,34,58
"4338",859,0,65,36,58
"4339",858,0,68.5,39.5,4
"4340",857,0,4,2,40
"4341",856,0,48.5,28.5,30
"4342",855,0,35.5,20.5,24
"4343",854,0,28,16,76
"4344",853,0,89,51,56
"4345",852,0,67.5,39.5,42
"4346",851,0,52.5,31.5,22
"4347",850,0,24.5,13.5,56
"4348",849,0,69.5,41.5,60
"4349",848,0,74.5,44.5,62
"4350",847,0,70.5,39.5,80
"4351",846,0,93,53,58
"4352",845,0,65.5,36.5,72
"4353",935,0.0103639926924884,84.5,48.5,68.0001727332115
"4354",934,0,81.5,47.5,60
"4355",933,0,69,39,48
"4356",932,0,58,34,32
"4357",931,0,34,18,60
"4358",941,0.00800472614676218,74.5,44.5,18.0001334121024
"4359",940,0,21.5,12.5,82
"4360",939,0,96,55,64
"4361",938,0,75.5,43.5,70
"4362",937,0,85,50,70
"4363",936,0,83,48,70
"4364",1101,0.00190948303601739,80,45,56.0000318247173
"4365",1100,0,70,42,54
"4366",1099,0,61,34,74
"4367",1098,0,85.5,48.5,42
"4368",1092,0.00367662603744143,48.5,27.5,64.0000612771006
"4369",1091,0,75.5,43.5,66
"4370",1104,0.00351535129627447,76.5,43.5,20.0000585891883
"4371",1103,0,22.5,12.5,28
"4372",1102,0,31,17,34
"4373",1126,0.00104119021775405,37,20,12.0000173531703
"4374",1125,0,12.5,6.5,58
"4375",1124,0,70,41,64
"4376",1123,0,78.5,46.5,54
"4377",1122,0,67,40,58
"4378",1121,0,69.5,40.5,78
"4379",1120,0,93,54,28
"4380",1119,0,32.5,18.5,60
"4381",1118,0,71.5,41.5,60
"4382",1117,0,71,41,52
"4383",1116,0,62,36,42
"4384",1115,0,45.5,24.5,12
"4385",1114,0,14,8,62
"4386",1113,0,74.5,43.5,54
"4387",1112,0,60.5,33.5,32
"4388",1111,0,34.5,18.5,68
"4389",1110,0,77.5,43.5,36
"4390",1109,0,38.5,20.5,54
"4391",1108,0,65.5,38.5,12
"4392",1107,0,12,6,36
"4393",1106,0,38,20,46
"4394",1105,0,54.5,31.5,30
"4395",1012,0.00178750606081438,35.5,20.5,28.0000297917677
"4396",1011,0,29.5,15.5,54
"4397",1056,0.00978532230335924,60.5,33.5,56.0001630887051
"4398",1055,0,66,38,62
"4399",1054,0,72.5,41.5,52
"4400",1053,0,61.5,35.5,36
"4401",1052,0,37.5,19.5,86
"4402",1051,0,101,58,22
"4403",1050,0,22,11,20
"4404",1049,0,23,13,38
"4405",1048,0,44.5,25.5,20
"4406",1047,0,20,10,4
"4407",1046,0,4,2,72
"4408",1045,0,82.5,46.5,56
"4409",1044,0,64,36,18
"4410",1043,0,18,9,32
"4411",1042,0,35,19,76
"4412",1041,0,91,53,74
"4413",1040,0,86,49,56
"4414",1039,0,65,37,28
"4415",1038,0,33,19,64
"4416",1037,0,73.5,41.5,46
"4417",1152,0.00281679875469496,53,30,16.0000469466459
"4418",1151,0,16,8,32
"4419",1150,0,34.5,18.5,46
"4420",1149,0,51.5,28.5,58
"4421",1148,0,71,42,52
"4422",1147,0,62.5,36.5,46
"4423",1175,0.0014295520578072,51,28,26.0000238258676
"4424",1174,0,31,18,44
"4425",1173,0,48.5,26.5,54
"4426",1172,0,63,36,52
"4427",1171,0,59,33,60
"4428",1170,0,73,43,34
"4429",1169,0,39.5,22.5,48
"4430",1168,0,53.5,29.5,22
"4431",1167,0,26,15,26
"4432",1166,0,29.5,16.5,18
"4433",1165,0,22,13,52
"4434",1164,0,62,36,80
"4435",1163,0,92.5,52.5,68
"4436",1162,0,80.5,46.5,4
"4437",1161,0,4,2,56
"4438",1160,0,63.5,35.5,82
"4439",1159,0,96,55,30
"4440",1158,0,35.5,20.5,56
"4441",1157,0,65.5,37.5,18
"4442",1156,0,18.5,9.5,70
"4443",1155,0,84,49,64
"4444",1154,0,75.5,43.5,76
"4445",1097,0.00342916384676786,88.5,50.5,68.0000571527308
"4446",1096,0.000555974632591827,78.5,44.5,34.0000092662439
"4447",1095,0,40,23,74
"4448",1094,0.00178004676665011,85,48,64.0000296674461
"4449",1093,0,73.5,41.5,22
"4450",1146,0.00117902451601383,24.5,13.5,66.0000196504086
"4451",1145,0,75,42,76
"4452",1144,0,88.5,50.5,52
"4453",1143,0,61,35,52
"4454",1142,0,59,33,18
"4455",1141,0,22.5,13.5,28
"4456",1140,0,30.5,16.5,60
"4457",1139,0,68,38,26
"4458",1138,0,26.5,13.5,72
"4459",1137,0,86,50,48
"4460",1136,0,57,33,18
"4461",1135,0,18,9,74
"4462",1134,0,88,51,16
"4463",1133,0,16,8,40
"4464",1132,0,48,28,58
"4465",1131,0,69,40,74
"4466",1130,0,89,52,48
"4467",1129,0,53,29,52
"4468",1128,0,60.5,34.5,68
"4469",1127,0,79.5,45.5,72
"4470",1153,0.00783123427376627,85.5,49.5,38.0001305205712
"4471",1079,0.00984876786486115,45.5,26.5,36.0001641461311
"4472",1078,0,42,24,36
"4473",1077,0,45,27,42
"4474",1076,0,49,28,70
"4475",1075,0,81,46,22
"4476",1074,0,25.5,14.5,66
"4477",1073,0,77.5,44.5,24
"4478",1072,0,26,14,60
"4479",1071,0,67.5,37.5,44
"4480",1070,0,49,27,32
"4481",1069,0,36,20,28
"4482",1068,0,34,20,52
"4483",1067,0,62.5,36.5,8
"4484",1066,0,9.5,5.5,68
"4485",1065,0,81.5,47.5,56
"4486",1064,0,62.5,34.5,20
"4487",1063,0,23.5,13.5,56
"4488",1062,0,65.5,37.5,44
"4489",1061,0,54,32,34
"4490",1060,0,38,21,54
"4491",1059,0,62.5,35.5,26
"4492",1058,0,26.5,13.5,14
"4493",1057,0,14.5,7.5,64
"4494",976,0.00517785702697255,73.5,41.5,24.0000862976171
"4495",975,0,29.5,17.5,64
"4496",974,0,74.5,42.5,30
"4497",973,0,33.5,18.5,34
"4498",972,0,38.5,21.5,26
"4499",971,0,31,18,28
"4500",970,0,32.5,18.5,38
"4501",969,0,45.5,26.5,56
"4502",968,0,69,41,58
"4503",967,0,67,38,44
"4504",966,0,47.5,25.5,24
"4505",965,0,26,14,18
"4506",964,0,20.5,11.5,60
"4507",963,0,75,45,30
"4508",962,0,30.5,15.5,74
"4509",961,0,88.5,51.5,22
"4510",960,0,22,11,34
"4511",959,0,42.5,25.5,82
"4512",958,0,95,54,18
"4513",957,0,19,10,64
"4514",956,0,76,44,54
"4515",955,0,65,38,48
"4516",954,0,53.5,29.5,26
"4517",953,0,26.5,13.5,48
"4518",952,0,59,35,56
"4519",1090,0.00160191734350708,65,37,54.0000266986224
"4520",1089,0,62.5,35.5,54
"4521",1088,0,65.5,38.5,70
"4522",1087,0,81.5,46.5,60
"4523",1086,0,73,43,54
"4524",1085,0,60.5,33.5,78
"4525",1084,0,90,51,36
"4526",1083,0,38,20,36
"4527",1082,0,44,26,46
"4528",1081,0,50,27,22
"4529",1080,0,26,15,16
"4530",1036,0.00143107479624671,18,10,70.0000238512466
"4531",1035,0,84.5,49.5,48
"4532",1034,0,56,32,56
"4533",1033,0,68,40,74
"4534",1032,0,88.5,51.5,74
"4535",1031,0,85,48,20
"4536",1030,0,25,15,70
"4537",1029,0,81.5,46.5,68
"4538",1028,0,80,46,78
"4539",1027,0,90,51,44
"4540",1026,0,54,32,26
"4541",1025,0,26.5,13.5,46
"4542",1024,0,56.5,33.5,50
"4543",1023,0,57,32,58
"4544",1022,0,72,43,36
"4545",1021,0,43,25,34
"4546",1020,0,39,22,28
"4547",1019,0,28,14,54
"4548",1018,0,63,36,44
"4549",1017,0,47.5,25.5,30
"4550",1016,0,34.5,19.5,0
"4551",1015,0,0,0,38
"4552",1014,0,41.5,22.5,18
"4553",1013,0,20.5,11.5,34
"4554",951,0.00305167787752048,41.5,24.5,58.000050861298
"4555",950,0,72,43,10
"4556",949,0,10,5,16
"4557",948,0,17,9,32
"4558",947,0,36,20,52
"4559",946,0,58.5,32.5,50
"4560",945,0,55,30,16
"4561",944,0,16.5,8.5,32
"4562",943,0,37,21,18
"4563",942,0,19.5,10.5,46
"4564",1010,0.00190458529460418,52.5,29.5,70.0000317430882
"4565",1009,0,81,46,16
"4566",1008,0,19,11,50
"4567",1007,0,55,30,76
"4568",1006,0,90,52,12
"4569",1005,0,13.5,7.5,56
"4570",1004,0,68,40,78
"4571",1003,0,92,53,18
"4572",1002,0,19,10,36
"4573",1001,0,42,24,42
"4574",1000,0,47.5,26.5,50
"4575",999,0,58.5,33.5,86
"4576",998,0.00037550302209101,100.5,57.5,54.0000062583837
"4577",997,0,64.5,37.5,80
"4578",996,0,93.5,53.5,76
"4579",995,0,90.5,52.5,36
"4580",994,0,37.5,19.5,50
"4581",993,0,55.5,30.5,60
"4582",992,0,70.5,40.5,20
"4583",991,0,21,11,32
"4584",990,0,39,23,26
"4585",989,0,29.5,16.5,8
"4586",988,0,10,6,48
"4587",987,0,54,30,64
"4588",986,0,72.5,40.5,24
"4589",985,0,26.5,14.5,46
"4590",984,0,51,28,60
"4591",983,0,70,40,56
"4592",982,0,64.5,36.5,30
"4593",981,0,32,17,72
"4594",980,0,86,50,82
"4595",979,0,96.5,55.5,56
"4596",978,0,66,38,58
"4597",977,0,67.5,38.5,32
"4598",505,0.495465065868902,35,19,42.0082577510978
"4599",504,0,52.5,31.5,18
"4600",503,0,20,11,14
"4601",502,0,17.5,10.5,36
"4602",501,0,39,21,28
"4603",500,0,28,14,28
"4604",499,0,31.5,17.5,76
"4605",498,0,90,52,66
"4606",497,0,75,42,22
"4607",496,0,27,16,12
"4608",495,0,15,9,26
"4609",494,0,30,17,46
"4610",493,0,54.5,31.5,48
"4611",492,0,54,30,62
"4612",491,0,73.5,42.5,36
"4613",834,0.58779238946487,43.5,25.5,58.0097965398244
"4614",833,0.00850385390099668,71.5,42.5,42.0001417308983
"4615",793,0.132617144602932,51.5,30.5,68.0022102857434
"4616",792,0,82.5,48.5,34
"4617",791,0,39.5,22.5,64
"4618",790,0,73.5,41.5,26
"4619",789,0,30,17,28
"4620",788,0,34.5,20.5,32
"4621",787,0,33,17,36
"4622",786,0,38,20,62
"4623",785,0,74,43,48
"4624",784,0,57.5,33.5,26
"4625",783,0,31,18,32
"4626",782,0,37,21,30
"4627",781,0,33.5,18.5,62
"4628",780,0,76.5,45.5,44
"4629",779,0,53,31,32
"4630",778,0,32.5,16.5,24
"4631",777,0,27.5,15.5,58
"4632",776,0,68.5,39.5,56
"4633",775,0,64.5,36.5,44
"4634",774,0,53,31,72
"4635",832,0.00133953471960768,83,47,22.0000223255787
"4636",831,0,24,13,54
"4637",830,0,64,37,56
"4638",829,0,67.5,39.5,68
"4639",828,0,80,46,52
"4640",827,0,58.5,32.5,56
"4641",826,0,63.5,35.5,28
"4642",825,0,33,19,70
"4643",824,0,80,45,40
"4644",823,0,43.5,23.5,28
"4645",822,0,28,14,70
"4646",821,0.00204151934950621,84.5,49.5,42.0000340253225
"4647",820,0,50.5,29.5,42
"4648",819,0,52,31,38
"4649",818,0,43,24,50
"4650",817,0,59.5,34.5,36
"4651",816,0,42.5,24.5,42
"4652",815,0,49,28,68
"4653",814,0,78,44,68
"4654",813,0,79,45,46
"4655",812,0,53,30,72
"4656",811,0,87,51,12
"4657",810,0,14,8,58
"4658",809,0,65,36,76
"4659",808,0,90,52,34
"4660",807,0,41.5,24.5,34
"4661",806,0,40,23,40
"4662",805,0,48.5,28.5,32
"4663",804,0,38.5,22.5,28
"4664",803,0,33.5,19.5,70
"4665",802,0,81,46,58
"4666",801,0,70.5,41.5,32
"4667",800,0,40,24,56
"4668",799,0,63,35,54
"4669",798,0,65.5,38.5,24
"4670",797,0,24,12,34
"4671",796,0,41.5,24.5,24
"4672",795,0,24,12,48
"4673",794,0,57,33,28
"4674",773,0.000934482375396545,30,16,34.0000155747063
"4675",772,0,41.5,24.5,54
"4676",771,0,62,35,24
"4677",770,0,30,18,34
"4678",769,0,41,24,74
"4679",768,0,87,50,36
"4680",767,0,43.5,25.5,44
"4681",766,0,50.5,28.5,32
"4682",765,0,37,21,30
"4683",764,0,34.5,19.5,24
"4684",763,0,30,18,52
"4685",762,0,60.5,34.5,74
"4686",761,0,86.5,49.5,2
"4687",760,0,2,1,28
"4688",759,0,29.5,15.5,72
"4689",758,0,84.5,48.5,30
"4690",757,0,34.5,19.5,30
"4691",756,0,33.5,18.5,46
"4692",755,0,52,29,64
"4693",754,0,73,41,72
"4694",753,0,85.5,49.5,22
"4695",752,0,27.5,16.5,30
"4696",751,0,37,22,36
"4697",750,0,42.5,24.5,54
"4698",749,0.00165767966078741,64.5,37.5,44.0000276279943
"4699",748,0,54.5,32.5,64
"4700",747,0,72.5,40.5,52
"4701",746,0,64.5,38.5,34
"4702",745,0,39.5,22.5,42
"4703",744,0,45,24,56
"4704",743,0,68.5,40.5,30
"4705",742,0,35.5,20.5,42
"4706",741,0,49,28,38
"4707",740,0,42.5,23.5,42
"4708",739,0,48.5,27.5,66
"4709",738,0,76.5,43.5,64
"4710",737,0,75.5,43.5,82
"4711",736,0,96,55,24
"4712",735,0,28,16,52
"4713",734,0,61,35,56
"4714",733,0,64.5,36.5,52
"4715",732,0,64.5,38.5,36
"4716",731,0,42,24,62
"4717",730,0,75.5,44.5,38
"4718",729,0,44.5,25.5,78
"4719",728,0,91.5,52.5,42
"4720",727,0.00112581241504492,45,24,12.0000187635403
"4721",726,0,12.5,6.5,44
"4722",725,0,49,27,60
"4723",724,0,72,42,46
"4724",723,0,56.5,33.5,34
"4725",722,0,38,21,32
"4726",721,0,40,24,28
"4727",720,0,33.5,19.5,72
"4728",719,0,83.5,47.5,50
"4729",718,0,60,35,36
"4730",717,0,43.5,25.5,60
"4731",716,0,72.5,42.5,30
"4732",715,0,36,21,28
"4733",714,0,29,15,50
"4734",713,0,59.5,34.5,68
"4735",712,0,83,49,32
"4736",711,0,36,20,72
"4737",710,0,84,48,60
"4738",709,0,71,41,64
"4739",708,0.00109122613465562,72.5,40.5,40.0000181871022
"4740",707,0,48.5,28.5,56
"4741",706,0.00165364414617636,65,37,50.0000275607358
"4742",705,0,62.5,37.5,14
"4743",704,0,16,9,64
"4744",703,0,76.5,44.5,40
"4745",702,0,43,23,26
"4746",701,0,31,18,44
"4747",700,0,48.5,26.5,14
"4748",699,0,16,9,68
"4749",698,0,82,48,34
"4750",697,0,41.5,24.5,56
"4751",696,0,67,39,24
"4752",695,0,29.5,17.5,46
"4753",694,0,56.5,33.5,44
"4754",693,0,48,26,64
"4755",692,0,78,46,74
"4756",691,0,87.5,50.5,62
"4757",690,0,77,46,58
"4758",689,0,72,43,40
"4759",688,0.00118362464416201,48,28,74.0000197270774
"4760",687,0,89,52,62
"4761",686,0,70.5,39.5,42
"4762",685,0,47.5,26.5,14
"4763",684,0,17.5,10.5,66
"4764",683,0,79,46,50
"4765",682,0,62.5,37.5,44
"4766",681,0,49,27,58
"4767",680,0,66,37,60
"4768",679,0,68.5,38.5,62
"4769",678,0,76,45,58
"4770",677,0,70,41,56
"4771",676,0,64.5,36.5,8
"4772",675,0,9,5,52
"4773",674,0,65,39,44
"4774",673,0,50,28,70
"4775",672,0,83.5,48.5,72
"4776",671,0.00200259770907778,84.5,48.5,78.0000333766285
"4777",670,0,91.5,52.5,34
"4778",669,0,35,18,34
"4779",668,0,41,24,32
"4780",667,0,40,24,48
"4781",666,0,58,34,44
"4782",665,0,54.5,32.5,84
"4783",664,0,99,57,60
"4784",663,0,75,45,20
"4785",662,0,23.5,13.5,60
"4786",661,0,68,38,28
"4787",660,0,32,18,6
"4788",659,0,6.5,3.5,24
"4789",658,0,26,14,38
"4790",657,0,40.5,21.5,66
"4791",656,0,79.5,46.5,24
"4792",655,0,26.5,14.5,28
"4793",654,0,31,17,64
"4794",653,0,75.5,43.5,56
"4795",652,0.00386236523483677,67,39,68.0000643727539
"4796",651,0,78.5,44.5,64
"4797",650,0,75,43,26
"4798",649,0,26,13,40
"4799",648,0,49.5,29.5,50
"4800",647,0,62,37,20
"4801",646,0,20,10,28
"4802",645,0,35,21,22
"4803",644,0,25,14,24
"4804",643,0,28.5,16.5,82
"4805",642,0.000885716917424711,96.5,55.5,20.0000147619486
"4806",641,0,23,13,64
"4807",640,0,78.5,46.5,28
"4808",639,0,30,16,56
"4809",638,0,63.5,35.5,62
"4810",637,0,77,46,72
"4811",636,0.000344741423747587,86.5,50.5,72.0000057456904
"4812",635,0,84,48,74
"4813",634,0,87.5,50.5,34
"4814",623,0.00136416111485813,39,22,46.0000227360186
"4815",622,0,54,31,10
"4816",621,0,11.5,6.5,24
"4817",620,0,28.5,16.5,34
"4818",619,0,36,19,14
"4819",618,0.000172370671996562,15.5,8.5,24.0000028728445
"4820",617,0,25.5,13.5,56
"4821",616,0,64,36,10
"4822",633,0.000851291867957131,11.5,6.5,32.0000141881978
"4823",632,0,37,21,46
"4824",631,0,51.5,28.5,52
"4825",630,0,58.5,32.5,68
"4826",629,0,79,45,28
"4827",628,0,31.5,17.5,28
"4828",627,0,33,19,38
"4829",626,0,45.5,26.5,58
"4830",625,0,72,43,86
"4831",624,0,100.5,57.5,12
"4832",615,0.000903954633977805,14,8,22.0000150659106
"4833",614,0,24.5,13.5,28
"4834",613,0,28.5,14.5,88
"4835",612,0,103,59,22
"4836",611,0,27,16,58
"4837",516,0.485645105795783,65.5,36.5,42.0080940850966
"4838",515,0,46,25,84
"4839",514,0,98.5,56.5,62
"4840",513,0,77,46,34
"4841",512,0,42.5,25.5,40
"4842",518,0.55195510410285,44,24,84.0091992517351
"4843",519,0.00900250273773281,98,56,30.0001500417123
"4844",610,0.112096277928276,37.5,22.5,74.0018682712988
"4845",86,3.06880286651146,87,50,42.0511467144419
"4846",85,0,46.5,25.5,64
"4847",84,0,76,44,44
"4848",83,0,54.5,32.5,68
"4849",82,0,83,49,56
"4850",81,0,66.5,38.5,44
"4851",80,0,53,31,54
"4852",79,0,67,40,44
"4853",78,0,51.5,29.5,74
"4854",77,0,85.5,48.5,22
"4855",76,0,23.5,12.5,40
"4856",75,0,42.5,22.5,62
"4857",74,0,70.5,39.5,80
"4858",73,0,95,55,16
"4859",72,0,16,8,56
"4860",71,0,65,37,16
"4861",70,0,20,12,68
"4862",69,0,80,46,60
"4863",68,0,74,44,50
"4864",67,0,55.5,30.5,24
"4865",66,0,28.5,16.5,64
"4866",65,0,76,44,58
"4867",64,0,66,37,56
"4868",63,0,68,40,48
"4869",62,0,56.5,32.5,4
"4870",61,0,5,3,46
"4871",43,0.00912579939655181,51.5,28.5,16.0001520966566
"4872",42,0,16,8,22
"4873",41,0,25,14,18
"4874",40,0,19.5,10.5,88
"4875",39,0,103,59,56
"4876",38,0,68,40,66
"4877",37,0,78,45,30
"4878",36,0,34.5,19.5,32
"4879",35,0,38.5,22.5,12
"4880",34,0,13,7,28
"4881",33,0,31,17,30
"4882",32,0,31,16,52
"4883",31,0,65,39,52
"4884",30,0,59,33,24
"4885",29,0,24.5,12.5,74
"4886",28,0,88.5,51.5,86
"4887",27,0,100.5,57.5,20
"4888",26,0,20.5,10.5,74
"4889",25,0,85.5,48.5,30
"4890",24,0,36,21,50
"4891",23,0.00741407929562396,62,37,46.0001235679883
"4892",22,0,52.5,29.5,30
"4893",21,0,37,22,52
"4894",20,0,58,32,26
"4895",19,0,26,13,48
"4896",18,0,52.5,28.5,24
"4897",17,0,24.5,12.5,18
"4898",16,0,21,12,34
"4899",15,0,40,23,58
"4900",14,0,70.5,41.5,56
"4901",13,0,65.5,37.5,28
"4902",12,0,33.5,19.5,4
"4903",11,0,5,3,30
"4904",10,0,34,19,12
"4905",9,0,14,8,42
"4906",8,0,46,25,72
"4907",7,0,87,51,76
"4908",6,0,88,50,52
"4909",60,0.0113875203850246,57.5,31.5,86.0001897920064
"4910",59,0,100,57,24
"4911",58,0,29.5,17.5,66
"4912",57,0,76,43,58
"4913",56,0,67,38,32
"4914",55,0,34.5,18.5,14
"4915",54,0,14.5,7.5,52
"4916",53,0,57.5,31.5,28
"4917",52,0,32.5,18.5,68
"4918",51,0,78.5,44.5,6
"4919",50,0,6,3,60
"4920",49,0,72,42,74
"4921",48,0,88,51,48
"4922",47,0,53.5,29.5,36
"4923",46,0,44.5,26.5,76
"4924",45,0,90,52,58
"4925",44,0,66,37,84
"4926",106,0.000869689739443015,99,57,24.000014494829
"4927",105,0,26,14,22
"4928",104,0,26.5,15.5,88
"4929",103,0,103,59,76
"4930",102,0,90.5,52.5,54
"4931",101,0,61.5,34.5,70
"4932",100,0,85,50,50
"4933",99,0,62,37,54
"4934",98,0,62,35,34
"4935",97,0,38,21,60
"4936",96,0,69.5,39.5,66
"4937",95,0,75.5,42.5,26
"4938",94,0,28,15,46
"4939",93,0,54,31,36
"4940",92,0,38.5,20.5,80
"4941",91,0,92.5,52.5,42
"4942",90,0,49,28,80
"4943",89,0,95,55,64
"4944",88,0,77.5,45.5,46
"4945",87,0,56.5,33.5,22
"4946",108,0.179443870878648,22.5,11.5,60.0029907311813
"4947",107,0,71.5,41.5,20
"4948",1536,4.015701302848,22,12,34.0669283550475
"4949",1540,0.00359905189594985,40.5,23.5,66.0000599841983
"4950",1539,0,78.5,45.5,24
"4951",1538,0,29.5,17.5,50
"4952",1537,0,60,35,0
"4953",1553,0.305175310268672,0,0,64.0050862551711
"4954",1571,0.010455943658197,78.5,46.5,36.0001742657276
"4955",1570,0,38.5,20.5,24
"4956",1569,0,24.5,12.5,34
"4957",1568,0,37.5,20.5,24
"4958",1557,0.0082874513885048,24,12,22.0001381241898
"4959",1585,0.00554798579492783,24.5,13.5,60.0000924664299
"4960",1584,0,72.5,42.5,76
"4961",1583,0,87.5,49.5,16
"4962",1582,0,16.5,8.5,40
"4963",1576,0.00278745092883843,45.5,25.5,12.0000464575155
"4964",1577,0.000319935055700155,14.5,8.5,58.0000053322509
"4965",1594,0.00434233126052386,71,42,34.0000723721877
"4966",1588,0.00608475028819592,39.5,22.5,70.0001014125048
"4967",1587,0,81.5,46.5,46
"4968",1586,0.00482303633852253,53,30,22.000080383939
"4969",1581,0.00102914037684335,23,12,24.0000171523396
"4970",1580,0,27,15,26
"4971",1592,0.00263798900409194,31,18,34.0000439664834
"4972",1591,0,38.5,21.5,74
"4973",1590,0,86,49,44
"4974",1575,0.00373755606173764,53.5,31.5,76.000062292601
"4975",1574,0,89,51,20
"4976",1573,0,20.5,10.5,20
"4977",1572,0,20.5,10.5,32
"4978",1579,0.0039797562360765,32.5,16.5,50.0000663292706
"4979",1578,0.000529611063630968,60.5,35.5,86.0000088268511
"4980",1562,0.00318771336039069,101,58,66.000053128556
"4981",1561,0,75.5,42.5,50
"4982",1560,0,56,31,32
"4983",1589,0.00445361724861151,34,18,22.0000742269541
"4984",1593,0.00202997600536328,24.5,13.5,22.0000338329334
"4985",1567,0.00471835051580782,22,11,28.0000786391753
"4986",1566,0,32.5,18.5,44
"4987",1565,0,51,29,40
"4988",1563,0.00363590865615785,44,24,42.0000605984776
"4989",1556,0.00309785597016818,52.5,31.5,58.0000516309328
"4990",1555,0,72.5,43.5,62
"4991",1554,0,73,42,24
"4992",1595,0.0134769570263614,29,17,60.0002246159504
"4993",1547,0.0604723991965761,74,44,32.0010078733199
"4994",1546,0,38.5,22.5,40
"4995",1545,0,44.5,24.5,46
"4996",1544,0,55.5,32.5,66
"4997",1543,0.011675608897293,76.5,43.5,40.0001945934816
"4998",1542,0,45,25,14
"4999",1541,0,17.5,10.5,34
"5000",1889,0.364578721730624,39.5,22.5,36.0060763120288
"5001",1962,0.0712069309737579,43.5,25.5,74.0011867821829
"5002",2574,0.423791463571529,87.5,50.5,60.0070631910595
"5003",2579,0.00644063356690782,69,39,64.0001073438928
"5004",2720,0.144237763813221,78,46,50.0024039627302
"5005",2721,0.00162734618617077,62.5,37.5,84.0000271224364
"5006",2722,0.00213896094536893,98,56,82.0000356493491
"5007",2732,0.0174073722017737,95.5,54.5,32.00029012287
"5008",2715,0.0293238106953011,35.5,19.5,32.0004887301783
"5009",2714,0.0560171555876842,37.5,21.5,42.0009336192598
"5010",2718,0.0745460148052668,45,24,76.0012424335801
"5011",2735,0.177964518572262,89.5,51.5,64.0029660753095
"5012",3166,0.648408896475316,77,45,44.0108068149413
"5013",3165,0,50.5,28.5,66
"5014",3164,0,81,48,62
"5015",3163,0,73.5,42.5,48
"5016",3162,0,52.5,28.5,4
"5017",3161,0,5,3,18
"5018",3160,0,20,11,66
"5019",3159,0,79.5,46.5,38
"5020",3174,0.00125646940718064,45,26,28.0000209411568
"5021",3173,0,32.5,18.5,24
"5022",3172,0,29.5,17.5,30
"5023",3171,0,33,18,64
"5024",3170,0,76.5,44.5,74
"5025",3169,0,86,49,26
"5026",3168,0,30.5,17.5,24
"5027",3167,0,24.5,12.5,28
"5028",3177,0.00132157516883938,30,16,56.0000220262528
"5029",3202,0.00224734463895951,68,40,54.000037455744
"5030",3214,0.00133978890800098,64.5,37.5,40.0000223298151
"5031",3213,0,46.5,26.5,60
"5032",3224,0.000904097997812285,74,44,66.0000150683
"5033",3198,0.00165832282108195,76.5,43.5,46.0000276387137
"5034",3197,0,54,31,62
"5035",3196,0,73.5,42.5,42
"5036",3195,0,48,27,26
"5037",3194,0,31.5,18.5,52
"5038",3191,0.00102910078804863,60,34,14.0000171516798
"5039",3190,0,15.5,8.5,64
"5040",3189,0,74.5,42.5,38
"5041",3187,0.000417523524841456,43,24,32.0000069587254
"5042",3186,0.00101550839654484,35,19,16.0000169251399
"5043",3185,0,18,10,62
"5044",3184,0,71,40,50
"5045",3183,0,55.5,30.5,44
"5046",3182,0,48.5,26.5,30
"5047",3208,0.00193144787035897,34,19,36.0000321907978
"5048",3212,0.000751070813102674,41,23,44.0000125178469
"5049",3228,0.000670375248771081,47.5,25.5,56.0000111729208
"5050",3227,0,66.5,38.5,2
"5051",3226,0.000448480016228722,2,1,62.0000074746669
"5052",3225,0,71.5,40.5,54
"5053",3246,0.000714999569398993,60,33,16.0000119166595
"5054",3245,0,20,12,32
"5055",3244,0,37,21,34
"5056",3243,0,37,20,56
"5057",3237,0.00122853695555868,69,41,36.0000204756159
"5058",3236,0,38,20,78
"5059",3235,0,90,51,6
"5060",3234,0,7,4,50
"5061",3233,0,56.5,31.5,30
"5062",3217,0.000983669412136327,32.5,17.5,46.0000163944902
"5063",3216,0,55,32,28
"5064",3215,0,29,15,84
"5065",3211,0.000250356903331041,99,57,14.0000041726151
"5066",3207,0.00153535037241653,16,9,58.0000255891729
"5067",3206,0,67,38,52
"5068",3205,0,60,34,54
"5069",3204,0,60,33,68
"5070",3203,0,81.5,47.5,64
"5071",3201,0.000250356926219487,74,42,54.0000041726154
"5072",3200,0,62.5,35.5,68
"5073",3231,0.00170451849383495,83,49,44.0000284086416
"5074",3230,0,51.5,29.5,74
"5075",3229,0,86.5,49.5,26
"5076",3276,0.00151124631769067,26.5,13.5,72.0000251874386
"5077",3275,0,87,51,6
"5078",3274,0,7.5,4.5,34
"5079",3290,0.00107483674773435,39.5,22.5,82.0000179139458
"5080",3289,0,96.5,55.5,60
"5081",3299,0.0018376085642018,71,41,40.0000306268094
"5082",3298,0,50,30,56
"5083",3297,0,66.5,38.5,52
"5084",3296,0,58.5,32.5,32
"5085",3295,0,34.5,18.5,32
"5086",3310,0.00137268944688387,35.5,19.5,58.0000228781574
"5087",3321,0.000871277058220524,72,43,22.0000145212843
"5088",3320,0,26,15,16
"5089",3319,0,18.5,10.5,16
"5090",3318,0,19,11,68
"5091",3317,0,79.5,45.5,28
"5092",3327,0.000440354480990776,31,17,30.0000073392413
"5093",3326,0,35.5,20.5,36
"5094",3315,0.00104544719927536,44,26,44.00001742412
"5095",3314,0,47.5,25.5,20
"5096",3313,0,21,11,58
"5097",3333,0.0012771997740681,71.5,42.5,64.0000212866629
"5098",3332,0,75.5,43.5,38
"5099",3331,0,42.5,23.5,80
"5100",3330,0,95,55,24
"5101",3329,0,26,14,76
"5102",3339,0.00200480879341156,88,50,46.0000334134799
"5103",3338,0,51,28,8
"5104",3337,0,10,6,60
"5105",3336,0,71.5,41.5,80
"5106",3335,0,92.5,52.5,52
"5107",3334,0,64,38,60
"5108",3312,0.00139761382929624,71.5,41.5,56.0000232935638
"5109",3311,0,68.5,40.5,58
"5110",3257,0.00268177108809621,72,43,20.0000446961848
"5111",3256,0,20.5,10.5,50
"5112",3255,0,60.5,35.5,44
"5113",3254,0,54,32,74
"5114",3248,0.000664688853740065,87.5,50.5,72.0000110781476
"5115",3242,0.000500713682413102,85.5,49.5,20.000008345228
"5116",3241,0,21.5,11.5,62
"5117",3240,0,76,45,56
"5118",3239,0,67,39,62
"5119",3238,0,75,44,26
"5120",3247,0.00178745956893785,31.5,18.5,20.0000297909928
"5121",3273,0.0015583016079408,24,14,56.0000259716935
"5122",3272,0,66.5,38.5,54
"5123",3271,0,67.5,40.5,36
"5124",3270,0,38,20,78
"5125",3269,0,91,52,70
"5126",3268,0,80.5,45.5,54
"5127",3282,0.000172475746804234,67,40,40.0000028745958
"5128",3281,0,46.5,26.5,16
"5129",3280,0,17.5,9.5,74
"5130",3279,0,87,50,22
"5131",3278,0,26,15,36
"5132",3292,0.000869517896218047,40.5,22.5,50.0000144919649
"5133",3291,0,57.5,32.5,30
"5134",3293,0.000250356802621927,34,19,46.0000041726134
"5135",3316,0.00149891992476699,52.5,29.5,46.0000249819987
"5136",3277,0.00280983627754928,55,32,34.0000468306046
"5137",3288,0.00624837681034955,37.5,20.5,76.0001041396135
"5138",3287,0,89.5,51.5,44
"5139",3210,0.00288318922648858,47.5,25.5,68.0000480531538
"5140",3181,0.00364654540717857,81,47,54.0000607757568
"5141",3222,0.00845255559785124,65,38,34.0001408759266
"5142",3221,0,35.5,18.5,34
"5143",3220,0,37,20,66
"5144",3219,0,78.5,45.5,52
"5145",3218,0,64.5,38.5,24
"5146",3188,0.00236639942192808,27,15,14.0000394399904
"5147",3180,0.00264890388286088,17,10,30.000044148398
"5148",3179,0,37,22,22
"5149",3192,0.00155873822428379,22,11,32.0000259789704
"5150",3178,0.00344326153538615,35,19,60.0000573876923
"5151",3176,0.00205367483586268,71,41,34.0000342279139
"5152",3175,0.00413384879425892,42.5,25.5,38.0000688974799
"5153",3156,0.00361639676353937,40.5,21.5,64.0000602732794
"5154",3232,0.0114078253193037,77.5,45.5,44.000190130422
"5155",3285,0.00352112353923153,55,33,46.0000586853923
"5156",3328,0.00875377870124681,56.5,33.5,68.0001458963117
"5157",3294,0.0127842181382888,79,45,60.0002130703023
"5158",3305,0.00256780192235161,74,44,10.0000427966987
"5159",3304,0,10,5,16
"5160",3303,0,16,8,54
"5161",3302,0,67.5,40.5,64
"5162",3301,0,78.5,46.5,52
"5163",3300,0,62,36,48
"5164",3342,0.00350277653298046,59,35,28.0000583796089
"5165",3283,0.0070778114724848,31,17,70.0001179635245
"5166",3325,0.00316634197779334,81,46,40.0000527723663
"5167",3324,0,48,28,58
"5168",3323,0,71.5,42.5,42
"5169",3322,0,52.5,31.5,42
"5170",3349,0.00893126773462867,50,29,60.0001488544622
"5171",3340,0.00710989329718501,72,42,32.0001184982216
"5172",3352,0.010925721228756,37.5,21.5,32.0001820953538
"5173",3351,0,33,17,30
"5174",3350,0,36,21,68
"5175",3353,0.00335363562939541,80,46,52.0000558939272
"5176",3347,0.00290753548904172,58.5,32.5,74.0000484589248
"5177",3345,0.00315262839719178,87.5,50.5,56.0000525438066
"5178",3344,0,68.5,40.5,58
"5179",3348,0.0057052239389012,72,43,30.0000950870656
"5180",3346,0.00525748883719678,30,15,62.000087624814
"5181",3341,0.00339713512451459,74,43,68.0000566189187
"5182",3307,0.00253207797326541,82,48,60.0000422012996
"5183",3308,0.00189380761231976,70.5,40.5,42.0000315634602
"5184",3343,0.0100601896149231,50,29,46.0001676698269
"5185",3356,0.0211902153124322,57,34,40.0003531702552
"5186",3370,0.0181602115314753,49.5,29.5,6.00030267019219
"5187",3387,0.00215818578781941,6,3,22.0000359697631
"5188",3381,0.00209904120600719,24,13,70.0000349840201
"5189",3378,0.000417519085591589,81,46,22.0000069586514
"5190",3364,0.0013793969310596,25,14,54.0000229899489
"5191",3363,0.0016135952333348,63,36,8.00002689325389
"5192",3362,0,9.5,5.5,34
"5193",3361,0,41.5,24.5,52
"5194",3360,0.00196118557616701,60.5,34.5,24.0000326864263
"5195",3367,0.00317541345392829,26,14,56.0000529235576
"5196",3366,0,67.5,39.5,32
"5197",3365,0,34.5,18.5,64
"5198",3375,0.00123126714470415,76.5,44.5,80.0000205211191
"5199",3374,0,93,53,34
"5200",3373,0,41,24,18
"5201",3379,0.000473181558117898,18,9,64.0000078863593
"5202",3380,0.000889559413844498,75.5,43.5,44.0000148259902
"5203",3377,0.000473181467696408,54.5,32.5,64.0000078863578
"5204",3376,0.000555974632591827,77.5,45.5,20.0000092662439
"5205",3384,0.000946362844971319,23.5,13.5,70.0000157727141
"5206",3385,0.000338502675960693,84.5,49.5,20.0000056417113
"5207",3389,0.000363439978795658,21.5,11.5,26.000006057333
"5208",3392,0.000205211117996182,31.5,18.5,32.0000034201853
"5209",3396,0.000563189909442029,32.5,16.5,62.0000093864985
"5210",3403,0.000747387495836969,74.5,43.5,28.0000124564583
"5211",3408,0.000459401795685177,32.5,18.5,56.0000076566966
"5212",3407,0,65.5,37.5,18
"5213",3416,0.000473181429253739,22.5,13.5,34.0000078863572
"5214",3415,0,41,24,88
"5215",3418,0.000111194924254931,102.5,58.5,44.0000018532487
"5216",3417,0,54,32,50
"5217",3421,0.00041042227338188,59.5,34.5,60.0000068403712
"5218",3420,0,74,44,30
"5219",3425,0.00109144481628234,31,16,40.0000181907469
"5220",3428,0.000375534406440921,46,26,38.0000062589068
"5221",3427,0,41.5,22.5,80
"5222",3430,0.000255437604033232,93.5,53.5,12.0000042572934
"5223",3436,0.000615633313836488,15,9,60.0000102605552
"5224",3434,0.000567740093926859,69.5,39.5,76.0000094623349
"5225",3442,0.00130806047197877,87.5,49.5,16.0000218010079
"5226",3443,0.00125178134590588,16.5,8.5,50.0000208630224
"5227",3444,0.000205211075803387,60.5,35.5,68.0000034201846
"5228",3446,0.000705690621395975,79,45,36.0000117615104
"5229",3445,0,44.5,26.5,52
"5230",3439,0.00125255520861298,64.5,38.5,20.0000208759201
"5231",3440,0.000555974632591827,20,10,32.0000092662439
"5232",3438,0.000934851420522751,32.5,16.5,40.000015580857
"5233",3437,0.00157781617450219,46,26,54.0000262969362
"5234",3431,0.000654291096717744,61.5,34.5,28.0000109048516
"5235",3426,0.000510875106040873,35,21,16.0000085145851
"5236",3424,0.0011485044400323,19,11,30.0000191417407
"5237",3419,0.000473181080175671,32.5,17.5,36.0000078863513
"5238",3409,0.00143341174095453,43,25,58.0000238901957
"5239",3412,0.000477049539181366,66,37,46.0000079508257
"5240",3386,0.00190046969715825,50,27,80.0000316744949
"5241",3383,0.000405170162983701,93,53,50.0000067528361
"5242",3382,0.00125646847605662,61.5,36.5,40.0000209411413
"5243",3371,0.000978480016188988,44.5,24.5,14.0000163080003
"5244",3369,0.000616427068485195,15,8,52.0000102737845
"5245",3368,0.00111787842852626,60.5,34.5,32.0000186313071
"5246",3372,0.0024348752631007,35,19,42.0000405812544
"5247",3395,0.00210397703459151,45.5,24.5,26.0000350662839
"5248",3394,0,28.5,15.5,64
"5249",3393,0,74.5,42.5,50
"5250",3388,0.00391890520941906,60.5,35.5,18.0000653150868
"5251",3390,0.000689102703216018,22.5,13.5,32.0000114850451
"5252",3391,0.00100075434092872,32.5,16.5,22.000016679239
"5253",3414,0.00172832227435719,22,11,14.0000288053712
"5254",3413,0,14.5,7.5,26
"5255",3410,0.000786811486534633,28,15,50.0000131135248
"5256",3423,0.000871269193818184,56.5,31.5,58.0000145211532
"5257",3422,0,66.5,37.5,68
"5258",3432,0.00176140995787135,81.5,47.5,40.0000293568326
"5259",3402,0.00265560176422873,43.5,23.5,48.0000442600294
"5260",3441,0.00564081491007447,54,30,44.0000940135818
"5261",3449,0.0041341916904666,48,26,12.0000689031948
"5262",3450,0.00421287868930099,13,7,76.0000702146448
"5263",3448,0.00413818529858739,87.5,49.5,68.000068969755
"5264",3447,0,79.5,45.5,48
"5265",3435,0.00348555934681532,54,30,32.0000580926558
"5266",3406,0.00302148960103329,34,18,36.00005035816
"5267",3405,0,38.5,20.5,74
"5268",3404,0,86,49,52
"5269",3433,0.0032773532481872,59,33,64.0000546225541
"5270",3359,0.0135089635975276,75,43,48.0002251493933
"5271",3358,0,53.5,29.5,38
"5272",3354,0.0443472512469128,46,27,52.0007391208541
"5273",3199,0.105194995549788,60,34,10.0017532499258
"5274",3193,0.000319914466753516,11,6,78.0000053319078
"5275",3158,0.00593154190111388,93,54,30.0000988590317
"5276",3266,0.00693150499396258,36.5,21.5,44.0001155250832
"5277",3691,0.153267049547362,50.5,28.5,38.0025544508258
"5278",3738,0.0354403032714962,41,22,44.0005906717212
"5279",3513,0.0643867351855528,53,31,10.0010731122531
"5280",3984,0.102639228236587,10.5,5.5,66.0017106538039
"5281",4137,0.0583376705563917,81,48,50.0009722945093
"5282",4136,0.0877593861019775,58.5,33.5,40.001462656435
"5283",4199,0.0991053179529191,45.5,25.5,12.0016517552992
"5284",4304,0.132303969746459,15,9,38.0022050661624
"5285",3487,0.365862145775063,46,27,22.0060977024296
"5286",3508,0.0373489750842851,26,15,16.0006224829181
"5287",3114,0.429024667134279,16,8,28.0071504111189
"5288",3113,0,28,14,40
"5289",3112,0,44.5,24.5,74
"5290",3111,0,86,49,22
"5291",3110,0,26,15,80
"5292",3109,0,94.5,54.5,28
"5293",3136,0.0209469893568523,32.5,18.5,26.0003491164893
"5294",3135,0,31.5,18.5,72
"5295",3134,0,84,48,54
"5296",3133,0,65,38,24
"5297",3132,0,26.5,14.5,44
"5298",3131,0,50.5,28.5,66
"5299",3130,0,79.5,46.5,40
"5300",3129,0,44.5,24.5,58
"5301",3128,0,67.5,38.5,22
"5302",3127,0,25,14,66
"5303",3126,0,77.5,44.5,54
"5304",3125,0,67.5,40.5,54
"5305",3108,0.0380255702148994,63,36,50.0006337595036
"5306",3251,0.0528087168002421,62,37,68.00088014528
"5307",3250,0,82.5,48.5,48
"5308",3249,0,53.5,29.5,62
"5309",3253,0.000444779705507603,76.5,45.5,42.0000074129951
"5310",3252,0,48.5,27.5,80
"5311",3265,0.0001149674845015,93,53,20.0000019161247
"5312",3264,0,21,11,42
"5313",3263,0,50,29,68
"5314",3262,0,80,46,44
"5315",3261,0,51.5,29.5,24
"5316",3260,0,24.5,12.5,40
"5317",3259,0,44.5,24.5,26
"5318",3258,0,30,17,50
"5319",4832,1.42345186340921,60.5,35.5,24.0237241977235
"5320",5336,1.04169154841176,26.5,14.5,54.0173615258069
"5321",5341,0.19821865310873,65,38,4.00330364421848
"5322",5337,0.531660920425573,5,3,88.0088610153404
"5323",5365,0.288247209959389,103,59,62.004804120166
"5324",5364,0,76,45,86
"5325",5363,0,100.5,57.5,60
"5326",5362,0,71,41,50
"5327",5361,0,58,33,44
"5328",5360,0,53,31,58
"5329",5359,0,71.5,42.5,38
"5330",5358,0,42.5,23.5,14
"5331",5340,0.352403050266939,14,7,2.00587338417112
"5332",5331,0.164710562483701,2,1,12.0027451760414
"5333",5330,0,12.5,6.5,88
"5334",5329,0,102.5,58.5,28
"5335",5328,0,32,18,54
"5336",5327,0,63.5,36.5,42
"5337",5335,0.00402935710629824,51.5,30.5,38.0000671559518
"5338",5334,0,46,27,32
"5339",5333,0,39,23,26
"5340",5332,0,26.5,13.5,34
"5341",5326,0.00780593456393945,35.5,18.5,42.0001300989094
"5342",5325,0,48,27,50
"5343",5324,0,60.5,35.5,38
"5344",5308,0.296760991784479,45.5,26.5,76.0049460165297
"5345",5309,0.0032572963761288,90,52,60.0000542882729
"5346",5312,0.0119972469185708,74.5,44.5,40.0001999541153
"5347",5314,0.000751090827300177,49,29,20.0000125181805
"5348",5313,0.000477058224872394,23,13,80.0000079509704
"5349",5310,0.00292823215329493,93.5,53.5,50.0000488038692
"5350",5311,0.00336375392349692,56,31,50.0000560625654
"5351",5306,0.00852954899320697,56,31,56.0001421591499
"5352",5307,0.0127074916630568,64.5,36.5,18.0002117915277
"5353",5320,0.0163415301323195,20,11,44.0002723588355
"5354",5305,0.031454549105554,50,28,32.0005242424851
"5355",5304,0,36,20,58
"5356",5301,0.0140744417530438,70.5,41.5,62.0002345740292
"5357",5300,0,71,40,18
"5358",5299,0,19,10,24
"5359",5298,0.00172857600207204,24.5,12.5,16.0000288096
"5360",5297,0,16,8,74
"5361",5264,0.00540383798722208,87.5,50.5,90.0000900639665
"5362",5266,0.00714984749338806,105,60,22.0001191641249
"5363",5265,0,22.5,11.5,56
"5364",5284,0.00362688895663882,64.5,36.5,76.0000604481493
"5365",5283,0,90,52,38
"5366",5271,0.00414942214283463,45,26,60.0000691570357
"5367",5287,0.00290591563856241,69.5,39.5,82.0000484319273
"5368",5293,0.000871381299531847,96.5,55.5,2.00001452302166
"5369",5277,0.00246246754117393,2.5,1.5,34.0000410411257
"5370",5282,0.00534509409262086,38,21,32.0000890849015
"5371",5281,0,39.5,23.5,10
"5372",5280,0,12.5,7.5,50
"5373",5288,0.000363474935124425,58.5,33.5,48.0000060579156
"5374",5279,0.00102913750250989,59.5,35.5,28.0000171522917
"5375",5286,0.00159450022360807,34,20,78.0000265750037
"5376",5273,0.00137700443053281,91.5,52.5,24.0000229500738
"5377",5272,0,29,17,76
"5378",5270,0.00075955008273421,90.5,52.5,58.000012659168
"5379",5269,0,72,43,74
"5380",5274,0.000799834801538833,87,50,56.00001333058
"5381",5285,0.000616510496504079,64.5,36.5,82.0000102751749
"5382",5292,0.00118387885401676,95,54,78.0000197313142
"5383",5296,0.00192153900244686,90,51,58.00003202565
"5384",5295,0,65.5,36.5,62
"5385",5294,0,70,39,24
"5386",5276,0.00383763998978691,27,15,80.0000639606665
"5387",5275,0.00322670285072571,93,53,44.0000537783808
"5388",5278,0.00101551261103369,55,33,20.0000169252102
"5389",5291,0.00120509818209007,21,11,32.0000200849697
"5390",5290,0,34.5,18.5,30
"5391",5289,0,33.5,18.5,64
"5392",5267,0.00432362265260963,74.5,42.5,22.0000720603775
"5393",5268,0.00361603052618834,23,12,76.0000602671754
"5394",5262,0.00863448161251419,89,51,16.0001439080269
"5395",5250,0.0297822158379282,16,8,78.000496370264
"5396",5263,0.0886724945314478,92.5,53.5,48.0014778749089
"5397",5302,0.0236520339693098,56.5,32.5,68.0003942005661
"5398",5261,0.0182949408631639,81,47,66.0003049156811
"5399",5259,0.00315738217589645,78,45,72.0000526230363
"5400",5256,0.00151908670987722,86.5,50.5,60.0000253181118
"5401",5257,0.00102684353954542,73,43,12.000017114059
"5402",5260,0.00215510509053433,12,6,60.0000359184182
"5403",5258,0.00205368698538667,69,39,24.0000342281164
"5404",5253,0.00316951423301329,27,15,56.0000528252372
"5405",5252,0.000954115921918509,63,35,40.000015901932
"5406",5251,0.00244898988114778,48,28,28.000040816498
"5407",5255,0.00222744508848604,30,16,80.0000371240848
"5408",5254,0.0054594627271522,94.5,54.5,60.0000909910455
"5409",5161,0.292776265666806,69.5,39.5,68.0048796044278
"5410",5157,0.00901877383946354,78.5,44.5,58.0001503128973
"5411",5158,0.00180502478479575,68,39,44.0000300837464
"5412",5159,0.00239950151044302,48.5,26.5,38.0000399916918
"5413",5163,0.00319487921365226,40.5,21.5,30.0000532479869
"5414",5166,0.0044632581245359,31,16,64.0000743876354
"5415",5165,0.0018376301797616,79,47,62.0000306271697
"5416",5162,0.00153461089505964,74.5,43.5,48.0000255768483
"5417",5164,0.00239175549095258,52.5,28.5,68.0000398625915
"5418",5160,0.00262885228779831,77.5,43.5,54.0000438142048
"5419",5168,0.00445210288890614,60.5,33.5,30.0000742017148
"5420",5303,0.24573962033277,35.5,20.5,60.0040956603389
"5421",5174,0.529144976055846,69,39,60.0088190829343
"5422",5172,0.00937624596000894,68,38,50.000156270766
"5423",5373,1.07876298823551,56.5,31.5,74.0179793831373
"5424",5372,0,88.5,51.5,50
"5425",5371,0,55,30,44
"5426",5349,2.59188808472266,48,26,64.0431981347454
"5427",5348,0.00436733066684621,73,41,54.0000727888444
"5428",6536,3.87924449281318,65,38,68.0646540748802
"5429",6054,4.92509654272143,80.5,46.5,82.0820849423787
"5430",6068,0.38918894979708,96,55,36.0064864824966
"5431",6067,0.00280479848623486,38.5,20.5,54.0000467466414
"5432",6069,0.0044384623552365,60,33,56.0000739743726
"5433",6071,0.00197596072846379,64.5,36.5,26.0000329326788
"5434",6070,0.00668755926069281,27.5,14.5,60.000111459321
"5435",6072,0.00908082609060944,68.5,38.5,18.0001513471015
"5436",6065,0.0215386871902826,19.5,10.5,2.00035897811984
"5437",6085,0.200624183424355,2.5,1.5,28.0033437363904
"5438",6089,0.00610633695316791,28.5,14.5,6.00010177228255
"5439",6103,0.0205201596514633,6,3,16.0003420026609
"5440",6101,0.0248647559155294,18,10,78.0004144125986
"5441",6100,0.00273821524722441,92,53,32.0000456369208
"5442",6099,0.000448487193424937,36.5,20.5,24.0000074747866
"5443",6097,0.00193001395835424,28.5,16.5,60.0000321668993
"5444",6095,0.00192159051724292,68.5,38.5,20.0000320265086
"5445",6102,0.00234143808540684,23,13,46.0000390239681
"5446",6098,0.00685024184809865,54,31,78.0001141706975
"5447",6096,0.00329776961270883,92.5,53.5,18.0000549628269
"5448",6091,0.00449788503706826,19,10,76.0000749647506
"5449",6090,0.0045680633625316,89,51,58.0000761343894
"5450",6104,0.0148228936923065,69,40,78.0002470482282
"5451",6112,0.00567641508620715,91.5,52.5,70.0000946069181
"5452",6092,0.0268935644678778,84,49,60.0004482260745
"5453",6236,0.0497807369459858,71,41,26.0008296789491
"5454",6334,0.0876786809706529,30,17,30.0014613113495
"5455",6424,0.199691717219313,31,16,54.003328195287
"5456",6423,0.00144553404360703,63,36,74.0000240922341
"5457",6425,0.00465630198115269,88.5,51.5,44.000077605033
"5458",6426,0.0529454528630544,52.5,30.5,48.0008824242144
"5459",6427,0.0345602191336414,53,29,40.0005760036522
"5460",6428,0.0145727687273776,46.5,26.5,36.0002428794788
"5461",6422,0.16056691537122,37.5,19.5,26.0026761152562
"5462",6421,0.0137794401170565,28,15,50.0002296573353
"5463",6420,0.0295958606342467,61.5,36.5,44.0004932643439
"5464",6094,0.295112300383907,51.5,29.5,76.0049185383397
"5465",6093,0,88.5,50.5,70
"5466",6077,0.015962918716423,80.5,45.5,56.0002660486453
"5467",6076,0,64,36,8
"5468",6075,0.00642221001559155,9,5,42.0001070368336
"5469",6086,0.00583919323872979,50.5,29.5,46.0000973198873
"5470",6079,0.00851408724690478,52.5,29.5,36.0001419014541
"5471",6078,0,38,20,40
"5472",6081,0.00111194926518365,45,25,58.0000185324878
"5473",6080,0,70.5,41.5,76
"5474",6074,0.00652698572893554,88.5,50.5,34.0001087830955
"5475",6084,0.0114370801700718,40,23,12.0001906180028
"5476",6083,0,15,9,38
"5477",6082,0,40.5,21.5,78
"5478",6088,0.00409580343216537,90.5,51.5,32.0000682633905
"5479",6087,0,33.5,17.5,36
"5480",6073,0.014315372190502,45,27,54.0002385895365
"5481",6066,0.0313141370237672,63,36,74.0005219022837
"5482",6021,0.115087283796298,85,48,52.0019181213966
"5483",6020,0,60,34,50
"5484",6019,0,62.5,37.5,34
"5485",6018,0,35.5,18.5,50
"5486",6025,0.00203107786070726,55,30,38.0000338512977
"5487",6024,0,46.5,27.5,68
"5488",6023,0,82.5,48.5,46
"5489",6022,0,57,34,4
"5490",6016,0.00386239133292388,4,2,76.0000643731889
"5491",6015,0,90,52,80
"5492",6014,0,94.5,54.5,62
"5493",6013,0.00702440349578731,70.5,39.5,36.0001170733916
"5494",6007,0.00287966542791103,39.5,21.5,62.0000479944238
"5495",6017,0.00498968257868893,71.5,40.5,88.0000831613763
"5496",6026,0.0024114625100384,103,59,18.0000401910418
"5497",6027,0.000308497407189594,21,12,44.0000051416235
"5498",6028,0.00311829990932331,54,32,56.0000519716652
"5499",6039,0.00379991708113284,67.5,39.5,56.0000633319514
"5500",6038,0,65,37,16
"5501",6037,0,19.5,11.5,36
"5502",6036,0,39.5,21.5,38
"5503",6052,0.000891467094747086,41,22,60.0000148577849
"5504",6051,0,69,39,36
"5505",6050,0,38,20,24
"5506",6049,0,26,14,78
"5507",6048,0,91,52,50
"5508",6053,0.0020310780572621,60.5,35.5,16.000033851301
"5509",6032,0.00262776409182883,19.5,11.5,22.0000437960682
"5510",6031,0,24.5,13.5,20
"5511",6030,0,20,10,46
"5512",6033,0.00672731601655994,51,28,44.0001121219336
"5513",6035,0.000287761456742856,54,32,32.0000047960243
"5514",6034,0,33.5,17.5,26
"5515",6012,0.0122074967798064,32,19,72.0002034582797
"5516",6011,0,84,48,40
"5517",6010,0,43.5,23.5,20
"5518",6009,0,21,11,34
"5519",6008,0,38.5,21.5,36
"5520",6047,0.0155248185849463,42.5,24.5,42.0002587469764
"5521",6046,0,49.5,28.5,46
"5522",6045,0,54,31,58
"5523",6044,0.00467054152231667,68,39,28.0000778423587
"5524",6043,0,31,17,44
"5525",6042,0,50.5,28.5,30
"5526",6041,0,32.5,17.5,44
"5527",6040,0,55,33,32
"5528",6006,0.08132038193171,40,24,38.0013553396989
"5529",6001,0.227010275481568,41,22,44.0037835045914
"5530",5999,0.0534771631995725,47.5,25.5,46.0008912860533
"5531",5995,0.00884375989639336,51,28,16.0001473959983
"5532",5994,0.010265325281016,19.5,11.5,34.0001710887547
"5533",5993,0.00283881610859791,35,18,28.0000473136018
"5534",5992,0.00894294859771512,35,21,50.0001490491433
"5535",5991,0,62.5,37.5,58
"5536",6000,0.0697372760457965,69.5,40.5,32.0011622879341
"5537",5653,0.735940332275434,38,22,76.0122656722046
"5538",5652,0,90.5,52.5,56
"5539",5651,0,63,35,40
"5540",5650,0,49,29,36
"5541",5649,0,43,25,34
"5542",5648,0,38.5,21.5,70
"5543",5322,0.602751205001793,84,49,2.0100458534167
"5544",5321,0,2,1,84
"5545",5129,0.76634042351859,99,57,64.012772340392
"5546",5128,0.00128806575275843,74.5,42.5,50.0000214677625
"5547",5394,0.978179176155039,62,37,30.0163029862692
"5548",5393,0,37,22,50
"5549",5369,0.570154477685796,55,30,20.0095025746281
"5550",5368,0.00162343730849958,22.5,12.5,66.0000270572885
"5551",5370,0.0028758682117469,76,43,30.0000479311369
"5552",5375,0.0991278039493299,35,20,2.00165213006582
"5553",5376,0.0233830539557726,2,1,62.0003897175659
"5554",5631,0.072957263097489,72,41,70.001215954385
"5555",6299,1.0403527289333,80,45,16.0173392121489
"5556",6305,0.0680023844717606,19.5,11.5,8.00113337307453
"5557",6301,0.0195519758689461,10,6,4.00032586626448
"5558",6300,0.00635091162645026,4.5,2.5,38.0001058485271
"5559",6307,0.0145908614173119,43,24,88.0002431810236
"5560",6304,0.00978836262768766,102.5,58.5,52.0001631393771
"5561",6306,0.00352406765020308,58,32,68.0000587344608
"5562",6333,0.208295056992566,79.5,45.5,6.00347158428321
"5563",6361,0.0199035772160113,7.5,4.5,42.0003317262869
"5564",6367,0.00323655575732131,46,25,30.000053942596
"5565",6378,0.00491807113252311,34.5,19.5,10.0000819678522
"5566",6362,0.00200597736914956,10.5,5.5,58.0000334329562
"5567",6356,0.00307913556631159,68.5,39.5,58.0000513189261
"5568",6355,0,68,39,40
"5569",6360,0.00250056046131372,49,29,36.0000416760077
"5570",6346,0.00180060010519561,45,27,64.0000300100018
"5571",6345,0,72.5,40.5,30
"5572",6344,0,34.5,19.5,62
"5573",6340,0.00208266366257484,70,39,58.000034711061
"5574",6339,0,72.5,43.5,74
"5575",6337,0.000440614895186473,87.5,50.5,14.0000073435816
"5576",6336,0,15,8,56
"5577",6335,0,65.5,37.5,26
"5578",6329,0.00277539578328957,26.5,13.5,80.0000462565964
"5579",6328,0,95,55,62
"5580",6327,0,73.5,42.5,64
"5581",6352,0.00373255361696017,74,42,44.0000622092269
"5582",6351,0,54,32,46
"5583",6350,0,54.5,31.5,74
"5584",6354,0.000480209177797223,87.5,50.5,50.0000080034863
"5585",6349,0.00183776815981591,56,31,64.0000306294693
"5586",6348,0,76.5,44.5,66
"5587",6347,0,81,48,22
"5588",6359,0.00120596962491043,24,13,30.0000200994937
"5589",6358,0,35,20,48
"5590",6371,0.00199613526158385,53,29,58.000033268921
"5591",6370,0,70.5,41.5,12
"5592",6377,0.00100172032507544,13,7,1.66953387512573e-05
"5593",6376,0,0,0,40
"5594",6375,0,49.5,29.5,22
"5595",6379,0.00262293422752585,27,16,42.0000437155705
"5596",6382,0.00204581541735259,48,27,58.0000340969236
"5597",6384,0.000405352619595676,71.5,42.5,60.000006755877
"5598",6383,0,69,39,80
"5599",6387,0.000172714996486272,92.5,52.5,26.0000028785833
"5600",6386,0,26.5,13.5,58
"5601",6385,0,65,36,48
"5602",6389,0.00200894685012432,54.5,30.5,52.0000334824475
"5603",6388,0,61.5,35.5,30
"5604",6381,0.00375801795662935,34.5,19.5,28.0000626336326
"5605",6380,0,31.5,17.5,74
"5606",6343,0.00595588016145605,89,52,28.0000992646694
"5607",6342,0,29,15,14
"5608",6332,0.00329853941194095,14,7,44.0000549756569
"5609",6331,0,50.5,28.5,86
"5610",6330,0,100,57,22
"5611",6341,0.00585014942404788,26,15,56.0000975024904
"5612",6338,0.00137832605355675,65,37,40.0000229721009
"5613",6368,0.00394256319017629,44,24,20.0000657093865
"5614",6374,0.000575716919632146,21,11,38.000009595282
"5615",6373,0,47.5,28.5,40
"5616",6372,0,45,25,44
"5617",6366,0.00449265552561685,50,28,28.0000748775921
"5618",6365,0,35,21,28
"5619",6369,0.001235278224037,29.5,15.5,72.0000205879704
"5620",6364,0.000810705781274636,84.5,48.5,50.000013511763
"5621",6325,0.0112454488773775,61.5,36.5,50.000187424148
"5622",6324,0.0265592163907412,59,34,32.0004426536065
"5623",6309,0.0157165964476036,34.5,18.5,68.0002619432741
"5624",6326,0.0136340365672375,80.5,46.5,32.0002272339428
"5625",6353,0.0131434190467321,33,17,12.0002190569841
"5626",6363,0.00360512498147954,13.5,7.5,42.0000600854164
"5627",6357,0.00317987878253637,46,25,16.0000529979797
"5628",6308,0.0405731833115913,16,8,8.00067621972186
"5629",6316,0.117722192904784,8.5,4.5,40.0019620365484
"5630",6315,0,49.5,29.5,28
"5631",6314,0,33.5,19.5,74
"5632",6313,0,85,48,52
"5633",6312,0,59,33,46
"5634",6321,0.000250428586279423,57,34,8.00000417380977
"5635",6320,0,9,5,72
"5636",6319,0,84,48,68
"5637",6318,0,83,49,34
"5638",6317,0,41.5,24.5,46
"5639",6323,0.000229720597623359,51.5,28.5,52.0000038286766
"5640",6322,0,62,36,70
"5641",6311,0.000308580588656548,80,45,42.0000051430098
"5642",6310,0,50.5,29.5,34
"5643",6419,0.0505448731772972,40,23,68.0008424145529
"5644",6418,0.00391263080778775,82,48,56.0000652105135
"5645",6393,0.0112589204034121,64.5,36.5,26.0001876486734
"5646",6398,0.00514726197478074,28,15,58.0000857876996
"5647",6391,0.00156648985109534,67.5,38.5,66.0000261081642
"5648",6413,0.00245847650137199,79.5,46.5,28.0000409746084
"5649",6414,0.00500509620941327,31,17,6.00008341827016
"5650",6392,0.00281974789589554,6,3,74.0000469957983
"5651",6390,0.00215958529799283,89,52,24.0000359930883
"5652",6394,0.00499955954820816,26.5,14.5,6.00008332599247
"5653",6416,0.00221291293863297,6,3,56.0000368818823
"5654",6415,0,65.5,37.5,44
"5655",6406,0.00491805762832535,51.5,29.5,12.0000819676271
"5656",6408,0.00111343853255476,14.5,8.5,32.0000185573089
"5657",6404,0.000172707011473929,37,21,54.0000028784502
"5658",6403,0,66,39,50
"5659",6399,0.000727494308303774,61.5,36.5,46.0000121249051
"5660",6396,0.000115137994488403,55.5,32.5,10.0000019189666
"5661",6395,0.000160065830102556,12,7,18.0000026677638
"5662",6405,0.00168382334783558,19,10,56.0000280637225
"5663",6412,0.000682845645774513,64,36,32.0000113807608
"5664",6417,0.000725741230689977,39.5,23.5,38.0000120956872
"5665",6409,0.00181273004165512,44.5,25.5,48.0000302121674
"5666",6400,0.00036374701048733,57.5,33.5,10.0000060624502
"5667",6397,0.000800328861644528,12.5,7.5,62.0000133388144
"5668",6401,0.00105959157988344,71.5,40.5,30.0000176598597
"5669",6410,0.000563831579140993,32.5,17.5,28.000009397193
"5670",6411,0.00189031375477322,31.5,17.5,28.0000315052292
"5671",6402,0.00151712757378807,33,19,52.0000252854596
"5672",6407,0.00102690606216638,60.5,34.5,32.000017115101
"5673",6298,0.203685876827654,36.5,20.5,60.0033947646138
"5674",6292,0.242786530344673,72,42,58.0040464421724
"5675",6261,0.0140954999460107,72,43,32.0002349249991
"5676",6239,0.0028754583017665,34,18,8.00004792430503
"5677",6238,0,9.5,5.5,82
"5678",6237,0,95,54,76
"5679",6247,0.00160209218113262,91,53,24.0000267015364
"5680",6246,0,30,18,26
"5681",6245,0,27.5,14.5,60
"5682",6218,0.00161557256971392,69,39,56.0000269262095
"5683",6217,0,63,35,24
"5684",6216,0,26.5,14.5,38
"5685",6242,0.00220291806951693,44,25,74.0000367153011
"5686",6241,0,86,49,46
"5687",6240,0,52.5,29.5,76
"5688",6244,0.00145011112642983,88,50,18.0000241685188
"5689",6243,0,20.5,11.5,22
"5690",6262,0.00234147224083853,22,11,74.0000390245373
"5691",6279,0.00220107434616804,86,49,22.0000366845724
"5692",6285,0.000308544059952346,25.5,14.5,48.000005142401
"5693",6284,0,55.5,31.5,26
"5694",6283,0.000250421377068485,29,16,40.0000041736896
"5695",6290,0.00157812888716168,45.5,25.5,36.0000263021481
"5696",6289,0,39.5,21.5,12
"5697",6282,0.0037338807707798,15,9,60.0000622313462
"5698",6281,0,68,38,32
"5699",6280,0,34.5,18.5,32
"5700",6275,0.00120353178530607,35.5,19.5,62.0000200588631
"5701",6274,0,77,46,64
"5702",6267,0.00123968968070869,78.5,46.5,80.0000206614947
"5703",6266,0,93.5,53.5,42
"5704",6265,0,48,27,32
"5705",6295,0.00351304926480739,35.5,19.5,48.0000585508211
"5706",6294,0,57,33,44
"5707",6293,0,51.5,29.5,20
"5708",6291,0.00444928672000289,24.5,14.5,82.0000741547787
"5709",6288,0.00178788468113601,97,56,72.000029798078
"5710",6287,0,82.5,46.5,54
"5711",6286,0,67,40,50
"5712",6270,0.00144334087300895,56.5,31.5,26.0000240556812
"5713",6269,0,30,17,86
"5714",6268,0,100.5,57.5,62
"5715",6260,0.00134220335034641,75.5,44.5,22.0000223700558
"5716",6259,0,27,16,48
"5717",6258,0,60,36,48
"5718",6214,0.00317371458717908,58.5,34.5,68.0000528952431
"5719",6183,0.00645477072279961,78,44,28.000107579512
"5720",6278,0.011082458426606,35,21,0.000184707640443434
"5721",6277,0,0,0,34
"5722",6276,0,41,24,88
"5723",6273,0.00418171061166325,102.5,58.5,62.0000696951769
"5724",6272,0,75.5,44.5,26
"5725",6271,0,28.5,15.5,56
"5726",6296,0.00949200595765466,63.5,35.5,30.0001582000993
"5727",6190,0.0148253928874109,32.5,17.5,26.0002470898815
"5728",6189,0,29.5,16.5,26
"5729",6151,0.0201020337976455,32.5,19.5,78.0003350338966
"5730",6144,0.0158750291003592,92,53,80.0002645838183
"5731",6125,0.00564210391647703,95,55,62.0000940350653
"5732",6140,0.00523426117240651,71,40,76.0000872376862
"5733",6135,0.00184793878605164,90,52,48.0000307989798
"5734",6134,0,59,35,66
"5735",6141,0.00143590673479248,78,45,46.0000239317789
"5736",6148,0.00299317281151333,51,28,58.0000498862135
"5737",6150,0.00552584006834047,70.5,41.5,50.0000920973345
"5738",6149,0.00078063970527648,62.5,37.5,84.0000130106617
"5739",6145,0.00105954799383198,98.5,56.5,20.0000176591332
"5740",6142,0.00395774285509792,25,15,36.0000659623809
"5741",6138,0.00165958452737646,42,24,20.0000276597421
"5742",6136,0.000460487062129556,21,11,54.0000076747844
"5743",6133,0.000338514489143688,61.5,34.5,52.0000056419082
"5744",6132,0,63.5,37.5,58
"5745",6131,0,65.5,36.5,24
"5746",6126,0.000756508006639843,29,17,46.0000126084668
"5747",6124,0.000810656257596849,55,32,74.0000135109376
"5748",6123,0.00125210090572079,85,48,46.0000208683484
"5749",6118,0.00212222811429169,52,29,24.0000353704686
"5750",6113,0.00072191146285751,26,14,70.0000120318577
"5751",6115,0.00333634437565886,83,48,8.0000556057396
"5752",6114,0,8,4,58
"5753",6120,0.00265636616590439,67.5,38.5,48.0000442727694
"5754",6119,0.000440579686126582,58.5,34.5,52.0000073429948
"5755",6128,0.00341171497215434,61,35,14.0000568619162
"5756",6111,0.00751204958261207,15.5,8.5,10.0001252008264
"5757",6110,0,10.5,5.5,78
"5758",6109,0,90.5,51.5,80
"5759",6116,0.00088669007159828,92.5,52.5,66.0000147781679
"5760",6108,0.00950818887954933,79.5,46.5,18.0001584698147
"5761",6107,0,20.5,11.5,72
"5762",6106,0,82.5,46.5,36
"5763",6105,0,37.5,19.5,66
"5764",6122,0.0251080533887781,78,45,76.0004184675565
"5765",6130,0.00256975138760633,89,51,60.0000428291898
"5766",6129,0,75,45,50
"5767",6137,0.000829868890574905,55,30,56.0000138311482
"5768",6143,0.00212222502480326,64,36,70.0000353704171
"5769",6147,0.00264487735755691,84.5,49.5,74.0000440812893
"5770",6146,0,87,50,76
"5771",6121,0.0072128852296996,91,53,44.0001202147538
"5772",6139,0.00487922014067173,52,30,56.0000813203357
"5773",6127,0.00244716846055547,69,41,50.000040786141
"5774",6117,0.00617175042213612,59,34,24.000102862507
"5775",6235,0.0403115265966699,25.5,13.5,12.0006718587766
"5776",6297,0.0658308800271985,14.5,8.5,34.0010971813338
"5777",6213,0.0191663481302914,36,19,64.0003194391355
"5778",6188,0.00443173958438417,75,43,32.0000738623264
"5779",6187,0,39,23,80
"5780",6153,0.00818217575489369,94.5,54.5,28.0001363695959
"5781",6152,0.00223059307197155,30,16,14.0000371765512
"5782",6257,0.202121712962048,14,7,44.003368695216
"5783",6256,0,53.5,31.5,38
"5784",6255,0,46.5,27.5,40
"5785",6254,0,43.5,23.5,70
"5786",6253,0,85,50,66
"5787",6252,0,76,43,48
"5788",6232,0.00355267735171361,56,32,14.0000592112892
"5789",6231,0,16.5,9.5,30
"5790",6230,0,36.5,21.5,14
"5791",6229,0,15,8,20
"5792",6228,0,22.5,12.5,14
"5793",6227,0,15.5,8.5,40
"5794",6226,0,45,25,74
"5795",6225,0,87,50,76
"5796",6224,0,88,50,74
"5797",6223,0,88,51,28
"5798",6222,0,32.5,18.5,56
"5799",6221,0,66.5,38.5,60
"5800",6220,0,70,40,66
"5801",6219,0,77.5,44.5,26
"5802",6215,0.00215078049481509,31.5,18.5,54.0000358463416
"5803",6212,0.00341874067656265,61.5,34.5,54.0000569790113
"5804",6211,0,61.5,34.5,46
"5805",6210,0,57.5,34.5,34
"5806",6202,0.00250418591622905,41.5,24.5,50.0000417364319
"5807",6201,0,57,32,4
"5808",6200,0.000654505709356467,4,2,28.0000109084285
"5809",6199,0,28.5,14.5,54
"5810",6198,0,67,40,26
"5811",6162,0.00948537473794602,31.5,18.5,58.000158089579
"5812",6161,0,66,37,30
"5813",6160,0,30.5,15.5,28
"5814",6186,0.00488409870539656,28.5,14.5,62.0000814016451
"5815",6185,0,74.5,43.5,70
"5816",6184,0,83,48,58
"5817",6191,0.00120581431652029,72.5,43.5,14.0000200969053
"5818",6182,0.00502027787941025,17,10,40.000083671298
"5819",6181,0,45,25,10
"5820",6180,0.00290022121841105,11.5,6.5,38.0000483370203
"5821",6179,0,42,23,18
"5822",6178,0,20.5,11.5,26
"5823",6177,0.00233580275037658,28,15,70.0000389300458
"5824",6176,0,84.5,49.5,78
"5825",6175,0,90.5,51.5,40
"5826",6168,0.00180873919095231,49,29,30.0000301456532
"5827",6167,0,34.5,19.5,52
"5828",6159,0.00489754983422987,59,33,34.0000816258306
"5829",6158,0,36.5,19.5,28
"5830",6157,0,34,20,56
"5831",6156,0,64.5,36.5,50
"5832",6155,0,61,36,66
"5833",6154,0,79,46,78
"5834",6163,0.00628987296366368,93,54,52.0001048312161
"5835",6166,0.00890024830617301,62,36,66.0001483374718
"5836",6165,0,79.5,46.5,32
"5837",6164,0,38.5,22.5,44
"5838",6197,0.00523842338649233,54.5,32.5,60.0000873070564
"5839",6209,0.00220285952205667,72.5,42.5,62.0000367143254
"5840",6208,0,74,43,86
"5841",6196,0.00603986035047273,100.5,57.5,28.0001006643392
"5842",6195,0,35,21,60
"5843",6194,0,68.5,38.5,52
"5844",6193,0,58.5,32.5,72
"5845",6192,0,84,48,46
"5846",6207,0.00994415587550615,52,29,76.0001657359313
"5847",6206,0,89,51,44
"5848",6205,0,52.5,30.5,60
"5849",6204,0,69.5,39.5,58
"5850",6174,0.00577299720753529,66,37,10.0000962166201
"5851",6173,0,12,7,48
"5852",6172,0,60,36,56
"5853",6171,0,65.5,37.5,26
"5854",6170,0,31,18,44
"5855",6169,0,48,26,66
"5856",6234,0.0203302106699919,75.5,42.5,22.0003388368445
"5857",6233,0,26,15,34
"5858",6203,0.0102953836784911,41,24,64.000171589728
"5859",6264,0.0521548816494363,73.5,41.5,46.0008692480275
"5860",6263,0,52,29,54
"5861",6251,0.0142079201730637,64.5,37.5,60.0002367986695
"5862",6250,0,72.5,42.5,62
"5863",6249,0,75,44,46
"5864",6248,0,57,34,54
"5865",6429,0.41123193006254,65,38,34.006853865501
"5866",6434,0.318789201316346,37.5,20.5,44.0053131533553
"5867",6440,0.0090471907454793,51,29,56.0001507865124
"5868",6439,0,67,39,32
"5869",6438,0,36,20,18
"5870",6443,0.00983749052708021,18,9,32.0001639581754
"5871",6441,0.00713586456959574,34.5,18.5,60.0001189310762
"5872",6444,0.00542847202569459,74.5,44.5,50.0000904745338
"5873",6435,0.0188507385405801,58,33,38.0003141789757
"5874",6433,0.00261387910299713,44.5,25.5,60.0000435646517
"5875",6432,0.0209097164355148,75,45,26.0003484952739
"5876",6436,0.00928003097146053,26,13,68.0001546671829
"5877",6442,0.0140599335047362,80,46,30.0002343322251
"5878",6462,0.153955966553748,33.5,18.5,28.0025659327759
"5879",6463,0.00399589754080935,33.5,19.5,64.0000665982923
"5880",6466,0.0558977494854554,78.5,46.5,14.0009316291581
"5881",6469,0.467072690675496,15.5,8.5,76.0077845448446
"5882",6472,0.0116383102446878,88,50,36.0001939718374
"5883",6471,0,37.5,19.5,48
"5884",6470,0,59,35,36
"5885",6476,0.0364458170714392,39,21,44.0006074302845
"5886",6475,0.00305474550210251,49,27,38.000050912425
"5887",6478,0.00638856341318843,40.5,21.5,38.0001064760569
"5888",6477,0,43.5,24.5,34
"5889",6479,0.00826468595161946,37.5,20.5,44.0001377447659
"5890",6481,0.0168315879320763,54,32,72.0002805264655
"5891",6480,0.00230473594455728,84,48,44.0000384122657
"5892",6461,0.195879824215907,49,27,70.0032646637369
"5893",6464,0.551511545526505,84,49,60.0091918590921
"5894",6468,0.345941185098769,72,42,40.0057656864183
"5895",6460,0.084857766916112,43.5,23.5,50.0014142961153
"5896",6459,0,60.5,35.5,22
"5897",6457,0.0132246541263176,23.5,12.5,16.0002204109021
"5898",6456,0.00140481147574138,17.5,9.5,30.0000234135246
"5899",6473,0.188776592065511,30.5,15.5,34.0031462765344
"5900",6474,0.0382510547670205,37.5,20.5,46.0006375175794
"5901",6485,0.106587954090119,51.5,28.5,50.0017764659015
"5902",6487,0.00573600957183937,62.5,37.5,38.0000956001595
"5903",6488,0.0116790161537993,46.5,27.5,48.0001946502692
"5904",6493,0.000767252108590629,57.5,33.5,46.0000127875351
"5905",6492,0,54.5,31.5,26
"5906",6496,0.000836210249040381,26,13,44.0000139368375
"5907",6491,0.00352902000618256,52,30,42.0000588170001
"5908",6490,0,46.5,25.5,50
"5909",6489,0.000851586927696402,58,33,66.0000141931155
"5910",6495,0.00145169305313892,76.5,43.5,72.0000241948842
"5911",6486,0.00220283799445698,87,51,24.0000367139666
"5912",6483,0.0372515571005409,28,16,32.000620859285
"5913",6497,0.0860624030161113,33.5,17.5,50.0014343733836
"5914",6498,0.00977047694562094,56,31,64.0001628412824
"5915",6500,0.0414756061110518,79,47,48.0006912601018
"5916",6499,0.000160080974801271,55,31,52.0000026680163
"5917",6501,0.0503445788264741,59.5,33.5,28.0008390763138
"5918",6484,0.0966126067606457,34,20,48.0016102101127
"5919",6502,0.220835412025132,59,35,28.0036805902004
"5920",6505,0.00268579804558118,32.5,18.5,50.0000447633008
"5921",6506,0.00155991714995781,55,30,42.0000259986192
"5922",6507,0.0006998588304933,48,27,60.0000116643138
"5923",6503,0.00393474050775142,67.5,37.5,76.0000655790085
"5924",6504,0.00738951562110427,88.5,50.5,32.0001231585937
"5925",6525,0.303312663624179,35.5,19.5,64.0050552110604
"5926",6522,0.519132272821534,73.5,41.5,8.00865220454703
"5927",6518,0.00247037444659401,10,6,68.0000411729074
"5928",6521,0.00878609813801689,80,46,54.000146434969
"5929",6520,0,62.5,35.5,48
"5930",6519,0,59,35,82
"5931",6524,0.0135487990234628,97,56,12.0002258133171
"5932",6523,0,14,8,38
"5933",6526,0.02287354241681,45,26,18.0003812257069
"5934",6517,0.183785522645534,21.5,12.5,68.0030630920441
"5935",6516,0.00767828729522574,82,48,30.0001279714549
"5936",6515,0.00489799747840304,31.5,16.5,60.0000816332913
"5937",6514,0.00425691925520434,68,38,40.0000709486543
"5938",6513,0.0595248208506954,47.5,27.5,62.0009920803475
"5939",6512,0.0100768657866501,73.5,42.5,44.0001679477631
"5940",6510,0.0081508391257926,53.5,31.5,36.0001358473188
"5941",6511,0.00236555355061189,44.5,26.5,2.00003942589251
"5942",6509,0.0109093465170516,2,1,32.000181822442
"5943",6508,0.00321374911019185,36.5,20.5,50.0000535624852
"5944",6494,0.280374651394793,60.5,35.5,66.0046729108566
"5945",6527,0.700714518770474,77,44,54.0116785753128
"5946",6531,0.763954370778606,61.5,34.5,64.0127325728463
"5947",6530,0.00834580933524318,75,43,80.0001390968223
"5948",6532,0.301602233564264,94.5,54.5,54.0050267038927
"5949",6534,0.0496648059898156,61,34,36.0008277467665
"5950",6528,0.681971143250879,43.5,25.5,18.0113661857208
"5951",6529,0.0602738364355381,19.5,10.5,72.0010045639406
"5952",6535,1.61320597698038,85.5,49.5,64.026886766283
"5953",6533,1.24686078592078,79,47,54.0207810130987
"5954",6465,2.04185065699798,67.5,40.5,30.0340308442833
"5955",6430,0.215358406611259,32,17,40.0035893067769
"5956",6431,0.00622931535536641,46,26,64.0001038219226
"5957",6448,0.773628695662742,74,42,34.0128938115944
"5958",6452,0.0149669167021053,41,24,36.0002494486117
"5959",6453,0.0125663762904226,43.5,25.5,20.0002094396048
"5960",6451,0.00632619994022296,22,12,62.0001054366657
"5961",6449,0.00996423710184691,72.5,41.5,34.0001660706184
"5962",6447,0.00408215579718033,35.5,18.5,72.00006803593
"5963",6446,0,84,48,52
"5964",6454,0.0210975465492181,63.5,37.5,50.0003516257758
"5965",6455,0.00935274864691595,62,37,32.0001558791441
"5966",6458,0.0239538669561232,39.5,23.5,44.0003992311159
"5967",6450,0.0618660231894249,54,32,56.0010311003865
"5968",6445,0.0378683708898873,64.5,36.5,56.0006311395148
"5969",5949,1.44543467645033,70,42,32.0240905779408
"5970",5948,0,39.5,23.5,12
"5971",5947,0.00314073886404244,12,6,80.0000523456477
"5972",5248,0.93896919246128,94,54,58.015649486541
"5973",5247,0,67,38,34
"5974",5246,0.0026352946820433,40,23,60.000043921578
"5975",4378,1.55056545424855,67.5,37.5,60.0258427575708
"5976",4864,2.18291151565778,68.5,38.5,58.0363818585943
"5977",4866,0.000722216940701163,67,38,32.000012036949
"5978",4869,0.000564259903114506,32.5,16.5,20.0000094043317
"5979",4870,0.000333584778423379,23.5,13.5,16.0000055597463
"5980",4867,0.000403345034104247,16,8,46.0000067224172
"5981",4865,0.000474187442775488,54.5,31.5,60.000007903124
"5982",4863,0.000363166082576513,70.5,40.5,58.000006052768
"5983",4871,0.00184049247108823,68,39,24.0000306748745
"5984",4868,0.0044492897551404,27,15,22.0000741548293
"5985",4874,0.000511806890606816,27.5,16.5,44.0000085301148
"5986",4873,0.000229733295202408,53,31,12.0000038288883
"5987",4872,0.000205537291004743,14.5,8.5,42.0000034256215
"5988",4876,0.00077431644058802,50.5,29.5,68.000012905274
"5989",4875,0.000751425467989356,83,49,50.0000125237578
"5990",4528,1.38617260586136,60,35,82.0231028767644
"5991",4527,0,95.5,54.5,56
"5992",4526,0,68.5,40.5,54
"5993",4525,0,63.5,36.5,46
"5994",4524,0,53.5,30.5,64
"5995",4445,0.171025093091179,73.5,41.5,52.0028504182182
"5996",4447,0.000111194927084224,62.5,36.5,24.0000018532488
"5997",4446,0,29,17,68
"5998",4444,5.75995548400193e-05,80.5,46.5,26.0000009599926
"5999",4443,0,28.5,15.5,42
"6000",4448,0.000250455747443757,52.5,31.5,58.0000041742625
"6001",4451,5.75995515199272e-05,69.5,40.5,64.0000009599925
"6002",4450,0,74.5,42.5,42
"6003",4449,0,47.5,26.5,28
"6004",4455,0.000111194927084224,29,15,10.0000018532488
"6005",4454,0,10,5,26
"6006",4453,0,27.5,14.5,6
"6007",4452,0,7.5,4.5,56
"6008",4440,0.000530187386330017,69,41,26.0000088364564
"6009",4442,0.000582208865234392,28.5,15.5,4.00000970348109
"6010",4441,0.00145582555748171,5,3,12.0000242637593
"6011",4439,0.00107547531087028,14.5,8.5,68.0000179245885
"6012",4438,0.00100289997153863,82,48,6.00001671499953
"6013",4399,0.235257209704649,6.5,3.5,60.0039209534951
"6014",4407,0.261345086143124,73.5,43.5,28.0043557514357
"6015",4406,0,31.5,17.5,60
"6016",4405,0,73.5,43.5,52
"6017",4481,0.333357329401022,63.5,37.5,40.00555595549
"6018",4480,0,50,30,32
"6019",4479,0,35,19,64
"6020",4478,0,77.5,45.5,60
"6021",4508,0.00693589274040161,68.5,38.5,44.0001155982123
"6022",4507,0,48,26,60
"6023",4506,0,70.5,40.5,32
"6024",4505,0,33.5,17.5,72
"6025",4504,0,86,50,14
"6026",4503,0,15.5,8.5,32
"6027",4502,0,39,23,24
"6028",4501,0,26.5,14.5,16
"6029",4500,0,20,12,28
"6030",4499,0,33,19,30
"6031",4496,0.00533654822917667,31,16,60.0000889424705
"6032",4495,0,70,40,34
"6033",4494,0,37.5,20.5,46
"6034",4493,0,55.5,32.5,10
"6035",4492,0,10,5,48
"6036",4491,0,60,36,58
"6037",4490,0,67.5,38.5,34
"6038",4489,0,40,23,40
"6039",4488,0,44,24,58
"6040",4487,0,70.5,41.5,70
"6041",4486,0,82,47,78
"6042",4485,0,90.5,51.5,10
"6043",4484,0,11.5,6.5,60
"6044",4483,0,74.5,44.5,2
"6045",4482,0,2,1,64
"6046",4569,0.353116806270312,76,44,48.0058852801045
"6047",4822,0.541555413865443,54,30,34.0090259235644
"6048",4821,0.0179976743077254,41.5,24.5,38.0002999612385
"6049",4834,0.312490032362093,45,26,62.005208167206
"6050",4848,0.0406572273128998,71,40,60.0006776204552
"6051",5989,2.25214115593919,71,41,40.0375356859323
"6052",5988,0.0486979962663262,50,30,34.0008116332711
"6053",5986,0.296224012166416,42.5,25.5,30.0049370668694
"6054",5998,0.71622409714311,33,18,28.0119370682857
"6055",5997,0,30.5,16.5,52
"6056",5996,0.00594531531268026,64,38,52.0000990885885
"6057",6002,0.0707846113130635,63.5,37.5,48.0011797435219
"6058",6003,0.000362990118252703,56,32,22.0000060498353
"6059",6004,0.00165518022821198,22,11,34.0000275863371
"6060",6005,0.0038680565273931,38,21,48.0000644676088
"6061",6057,0.20656858577151,58.5,34.5,54.0034428097629
"6062",6056,0,62.5,35.5,38
"6063",6055,0,40,21,44
"6064",6029,0.0188626904495731,55,33,10.0003143781742
"6065",6062,0.0391111697442656,10.5,5.5,88.0006518528291
"6066",6061,0,103,59,62
"6067",6060,0,71.5,40.5,28
"6068",6059,0,32,18,46
"6069",6058,0,51,28,54
"6070",6064,0.00445619921370938,66.5,39.5,48.0000742699869
"6071",6063,0,60,36,60
"6072",6302,0.282411630451767,73.5,43.5,8.00470686050753
"6073",6303,0.00584369029791252,8,4,48.0000973948383
"6074",6437,2.32389677868807,59,35,84.0387316129781
"6075",6467,0.237720933226877,97.5,55.5,10.0039620155538
"6076",2755,5.12520350125507,10.5,5.5,10.0854200583543
"6077",2754,5.75502470575745e-05,11,6,40.0000009591708
"6078",2752,5.75502470575745e-05,49.5,29.5,40.0000009591708
"6079",2750,0,46.5,26.5,28
"6080",2751,0.000111194927084224,30,16,78.0000018532488
"6081",2753,0.00033851268412771,93,54,34.0000056418781
"6082",2749,0.00113552793224122,35,18,42.0000189254655
"6083",2748,0.000689146955185523,50,29,12.0000114857826
"6084",1264,2.87398518985079,12,6,60.0478997531642
"6085",1363,4.75647465200062,75,45,24.0792745775333
"6086",1366,0.21788991236905,30,18,30.0036314985395
"6087",1365,0,37,22,34
"6088",1267,0.423476811654768,42,25,84.0070579468609
"6089",1266,0,98.5,56.5,72
"6090",1265,0,87,51,78
"6091",1261,0.0470926248449209,93,54,30.0007848770807
"6092",1260,0,37,22,52
"6093",1259,0,58,32,50
"6094",1258,0,57.5,32.5,56
"6095",1254,0.0101196953690034,63.5,35.5,68.0001686615895
"6096",1247,0.0307676844788426,82.5,48.5,68.0005127947413
"6097",1249,0.0036486077769954,80.5,46.5,26.0000608101296
"6098",1248,0,30,17,64
"6099",1253,0.00388672033471337,75.5,43.5,38.0000647786722
"6100",1252,0,44,25,46
"6101",1251,0,57,34,16
"6102",1250,0,17.5,9.5,62
"6103",1257,0.00410632642996443,70,39,22.0000684387738
"6104",1256,0,24,13,4
"6105",1255,0,5,3,34
"6106",1263,0.0047602096318964,37.5,20.5,22.0000793368272
"6107",1262,0,22,11,18
"6108",1288,3.28850637404947,20,11,52.0548084395675
"6109",1287,0,59,33,60
"6110",1286,0,68.5,38.5,64
"6111",1285,0,78.5,46.5,42
"6112",1284,0,48,27,34
"6113",1283,0,37.5,20.5,56
"6114",1282,0,66,38,28
"6115",1281,0,31.5,17.5,48
"6116",1280,0,59,35,64
"6117",1279,0,77.5,45.5,64
"6118",1278,0,77,45,34
"6119",1277,0,36.5,19.5,82
"6120",1276,0,95.5,54.5,60
"6121",1275,0,71.5,41.5,38
"6122",1274,0,43.5,24.5,62
"6123",1273,0,73.5,42.5,54
"6124",1272,0,64.5,37.5,52
"6125",1271,0,60,34,16
"6126",1270,0,17.5,9.5,22
"6127",1269,0,26,15,42
"6128",4886,4.58700769919923,52.5,31.5,84.07645012832
"6129",4885,0,99,57,12
"6130",4887,0.0319154644627006,12,6,50.0005319244077
"6131",4906,0.172437207465752,58.5,33.5,78.0028739534578
"6132",4911,0.016816050719586,93,54,42.000280267512
"6133",4910,0,52.5,31.5,30
"6134",4919,5.769069016504e-05,36.5,21.5,52.0000009615115
"6135",4918,0.000111194927084224,65,39,24.0000018532488
"6136",4917,0,25,13,62
"6137",4916,0,77,46,16
"6138",4915,0.000111194927084224,16.5,8.5,80.0000018532488
"6139",4914,0.000111194927084224,94.5,54.5,38.0000018532488
"6140",4921,5.76906947753084e-05,41.5,22.5,50.0000009615116
"6141",4913,0.000125269821460068,59,34,42.0000020878304
"6142",4909,0.000125269819881729,52,31,68.0000020878303
"6143",4912,0.000125269823157191,79.5,45.5,74.0000020878304
"6144",4920,5.76906997525534e-05,85.5,48.5,68.0000009615117
"6145",4923,0.000173072099624637,81,47,62.000002884535
"6146",4922,0.000111194927084224,74,43,70.0000018532488
"6147",4947,0.0488211956883004,84.5,49.5,36.0008136865948
"6148",4952,0.003225168885309,40,22,24.0000537528148
"6149",4951,0,27,15,28
"6150",4950,0,28.5,14.5,46
"6151",4949,0,54.5,31.5,66
"6152",4955,5.76905155943831e-05,79.5,46.5,22.0000009615086
"6153",4954,0,24,13,74
"6154",4953,0.000125269738177655,86,49,2.00000208782897
"6155",4946,5.76905143022752e-05,2.5,1.5,68.0000009615086
"6156",4945,0,81,47,64
"6157",4934,0.00260459955260482,73.5,41.5,38.0000434099925
"6158",4993,0.00466790031458632,43,24,22.0000777983386
"6159",5023,0.00137432017071188,23.5,12.5,44.0000229053362
"6160",5045,0.00112742742154574,47.5,25.5,42.000018790457
"6161",5101,0.0035342858595443,45.5,24.5,52.0000589047643
"6162",5089,0.00218543035654395,64,38,46.0000364238393
"6163",5022,0.00403352187389813,57,34,18.0000672253646
"6164",5018,0.000160240529370114,21.5,12.5,72.0000026706755
"6165",5017,0.000889559413844498,87,51,12.0000148259902
"6166",5006,0.000309141940741516,14.5,8.5,60.0000051523657
"6167",5005,0,67.5,37.5,62
"6168",4999,0.000797373727644172,76,45,76.0000132895621
"6169",5007,0.00032048097511686,89,51,32.0000053413496
"6170",5024,0.000418861440944408,38.5,22.5,50.000006981024
"6171",5009,0.000654921440324309,62,37,60.0000109153573
"6172",4991,0.000843692395150863,72.5,42.5,64.0000140615399
"6173",4974,0.0010791615769214,73,41,16.0000179860263
"6174",4977,0.000338536523655728,19,11,56.0000056422754
"6175",4986,0.000160240431837236,62.5,34.5,22.0000026706739
"6176",4957,0.00169450628105225,26.5,15.5,18.0000282417714
"6177",4948,0.00157869474612338,20,11,48.0000263115791
"6178",4935,0.00144514421236863,54,30,30.0000240857369
"6179",4958,0.00216768297858627,34.5,19.5,34.0000361280496
"6180",4972,0.00108088423028283,35,18,40.0000180147372
"6181",4971,0,50,30,46
"6182",4965,0.000441002086762571,51.5,28.5,46.0000073500348
"6183",4964,0.000222389854168448,57,34,24.0000037064976
"6184",4963,5.76902136408786e-05,26.5,14.5,64.0000009615036
"6185",4956,0.000617138398598782,75.5,43.5,74.00001028564
"6186",4959,0.000352975134871344,88,51,46.0000058829189
"6187",4966,0.000564834631522441,56.5,33.5,50.0000094139105
"6188",4967,0.000229750748125351,58,33,36.0000038291791
"6189",4970,5.76901970500098e-05,41.5,23.5,28.0000009615033
"6190",4968,0.000229750744553515,33.5,19.5,14.0000038291791
"6191",4969,0.000125269589950513,14,7,32.0000020878265
"6192",4960,0.000728453689723887,36.5,20.5,36.0000121408948
"6193",4962,0.00113564152492269,39,21,42.0000189273588
"6194",4988,0.00133297569353701,47,26,50.0000222162616
"6195",4990,0.000601962007734736,59,34,76.0000100327001
"6196",5000,0.000461017102109521,90,52,16.0000076836184
"6197",5002,0.000229750735210904,18.5,10.5,12.0000038291789
"6198",5008,0.000115380291603584,15,9,72.0000019230049
"6199",5021,0.000441001855109599,84.5,48.5,8.00000735003092
"6200",5011,0.000256153799741228,8.5,4.5,38.00000426923
"6201",5032,0.000801201103564088,44,25,8.00001335335173
"6202",5037,5.76901605500924e-05,10,6,36.0000009615027
"6203",5029,0.000459501476107208,41,23,40.0000076583579
"6204",5041,0.000405622111646226,43,23,40.0000067603685
"6205",5052,0.000904905085685853,47.5,27.5,70.0000150817514
"6206",5056,0.000160240225936806,80,45,56.0000026706704
"6207",5075,0.00106196956210798,63.5,35.5,66.0000176994927
"6208",5082,0.000320480461592244,78,45,28.000005341341
"6209",5071,0.00109271351428451,35,21,10.0000182118919
"6210",5090,0.00102461564080476,11,6,68.0000170769273
"6211",5105,0.00198048209164088,79.5,45.5,18.0000330080349
"6212",5107,0.00371450558407921,19.5,10.5,32.0000619084264
"6213",5102,0.00271895787609118,35,19,72.0000453159646
"6214",5036,0.00370970055868968,83,47,30.0000618283426
"6215",5026,0.00267863664337139,31.5,16.5,40.0000446439441
"6216",5048,0.00106025123377365,44.5,24.5,54.0000176708539
"6217",5031,0.00139410938888822,63.5,36.5,26.0000232351565
"6218",4981,0.00151634301036021,31.5,18.5,50.0000252723835
"6219",4987,0.00122450393132833,60,35,56.0000204083989
"6220",4980,0.00111344480571982,64.5,36.5,44.0000185574134
"6221",4989,0.000919002987116259,54,32,38.0000153167165
"6222",4992,0.00058228962918643,45.5,26.5,62.0000097048271
"6223",4994,0.000448505458062668,76.5,45.5,16.000007475091
"6224",5001,0.000626347901735769,17,9,82.0000104391317
"6225",5004,0.000229750740210044,96,55,16.000003829179
"6226",5020,0.00159474723166226,16.5,8.5,84.0000265791205
"6227",5010,0.000405622160518383,98,56,60.0000067603693
"6228",5019,0.000281798995569292,74.5,44.5,48.0000046966499
"6229",5016,0.000125269594754089,54,30,34.0000020878266
"6230",5013,0.000229750745895447,38.5,21.5,36.0000038291791
"6231",5014,0.000111194927084224,40.5,22.5,22.0000018532488
"6232",4937,0.00394283613508654,26,15,54.0000657139356
"6233",4995,0.00504866891790446,65,38,36.000084144482
"6234",4996,0.00100075434092872,37.5,19.5,18.000016679239
"6235",5044,0.00127404433994313,18,9,52.0000212340723
"6236",5027,0.00128808424617022,60.5,34.5,34.0000214680708
"6237",5055,0.000872466400580768,36.5,19.5,32.0000145411067
"6238",5073,0.0007581697023802,33,17,62.0000126361617
"6239",5076,0.000480720434108139,77,46,62.0000080120072
"6240",5077,0.00044850544603329,77,46,40.0000074750908
"6241",5074,0.00145585782616012,45,25,12.0000242642971
"6242",5078,0.000320480246560823,14,8,30.0000053413374
"6243",5070,0.000618281367941388,33,18,38.0000103046895
"6244",5069,0,44,25,52
"6245",5065,0.000563597571526106,63,37,58.0000093932929
"6246",5057,0.000281798777708916,66.5,37.5,70.0000046966463
"6247",5066,0.000477265424207649,82.5,47.5,82.0000079544237
"6248",5064,0.000229750714797758,95.5,54.5,54.0000038291786
"6249",5068,0.000405621863706068,64.5,37.5,46.0000067603644
"6250",5051,0.000587519035226086,54.5,31.5,52.0000097919839
"6251",5080,0.00132687140604663,64.5,38.5,44.0000221145234
"6252",5079,0,54.5,32.5,22
"6253",5081,5.76900613717925e-05,26,15,28.000000961501
"6254",5095,0.00263555679566699,35,21,20.0000439259466
"6255",5110,0.00156159459221703,22.5,12.5,44.0000260265765
"6256",5111,0.00333784258479635,49,27,42.0000556307097
"6257",5108,0.00189383174195275,52.5,31.5,38.0000315638624
"6258",5112,0.000654920714278676,42.5,23.5,42.0000109153452
"6259",5109,0.000411425110150567,47.5,26.5,78.0000068570852
"6260",5098,0.00173119113461507,91.5,52.5,74.0000288531856
"6261",5097,5.76901327125781e-05,85.5,48.5,38.0000009615022
"6262",5096,0.000125269564955891,47.5,28.5,64.0000020878261
"6263",5094,0.000160240189672318,74.5,42.5,44.0000026706698
"6264",5100,0.000309140905585214,47.5,25.5,26.0000051523484
"6265",5099,0,32.5,19.5,54
"6266",5092,0.00125269566212111,64.5,37.5,62.000020878261
"6267",5072,0.00138561677608567,73.5,42.5,40.0000230936129
"6268",5046,0.00109611270663826,48,28,80.0000182685451
"6269",5015,0.0040836828002199,94,54,16.00006806138
"6270",5012,0.000229750715808464,18.5,10.5,54.0000038291786
"6271",5063,0.00396415937085615,62.5,35.5,24.0000660693228
"6272",5062,0,26,14,72
"6273",5061,0,87,51,26
"6274",5060,0.000111194927084224,32,19,54.0000018532488
"6275",5059,0,65.5,38.5,20
"6276",5047,0.000617136955448361,25,15,34.0000102856159
"6277",5058,0.00112742554862332,42.5,25.5,44.0000187904258
"6278",5042,0.00108088215192108,50,28,62.0000180147025
"6279",5035,0.000352974990229247,71,40,28.0000058829165
"6280",5040,0.000669659133670735,31,17,30.0000111609856
"6281",5067,0.00112966558310108,32.5,17.5,56.0000188277597
"6282",5091,0.00160239959091287,67.5,39.5,74.0000267066598
"6283",5087,0.000726855221561808,88,51,72.0000121142537
"6284",5086,0.000111194927084224,86.5,50.5,74.0000018532488
"6285",5085,0,87.5,50.5,18
"6286",5084,0.000111194927084224,22.5,13.5,58.0000018532488
"6287",5083,0.000444779705507603,69,40,48.0000074129951
"6288",5054,0.00140230531858611,58,34,56.0000233717553
"6289",5053,0.000555974635421119,68,40,22.0000092662439
"6290",5043,0.000461519533504187,26.5,15.5,42.0000076919922
"6291",5033,0.000459501368864881,51.5,30.5,34.0000076583561
"6292",5034,0.000111194927084224,40.5,23.5,30.0000018532488
"6293",5039,0.000448505425973308,35.5,20.5,42.0000074750904
"6294",5038,0.000111194927084224,49.5,28.5,40.0000018532488
"6295",4997,0.00111844209027978,44,24,32.0000186407015
"6296",4961,0.00192798213539794,36.5,20.5,14.0000321330356
"6297",4940,0.00103590984939881,14.5,7.5,30.0000172651642
"6298",4944,0.000111194927084224,31.5,16.5,86.0000018532488
"6299",4943,0.000111194927084224,100,57,30.0000018532488
"6300",4942,0.000333584778423379,32,17,40.0000055597463
"6301",4941,0.000111194929913516,48,28,64.0000018532488
"6302",4936,0.00125058538707437,74,42,86.0000208430898
"6303",4939,0.00274309083179826,100.5,57.5,38.0000457181805
"6304",4938,0.00324984065705927,47.5,28.5,78.0000541640109
"6305",4998,0.00369042187699477,93,54,58.0000615070313
"6306",5050,0.00229027137609013,65,36,12.0000381711896
"6307",5088,0.00184406287093989,15,9,32.0000307343812
"6308",5003,0.00433542129850815,39.5,23.5,46.0000722570216
"6309",5025,0.000811242827614752,57.5,34.5,32.0000135207138
"6310",5028,5.76898585959034e-05,35.5,19.5,64.0000009614976
"6311",5030,0.000567820631357567,79,47,52.0000094636772
"6312",5049,0.00110204754982902,64.5,38.5,18.0000183674592
"6313",5123,0.017764454903464,20.5,11.5,32.0002960742484
"6314",5122,0.000705950010248404,36,20,38.0000117658335
"6315",5125,0.000927421018589727,41.5,22.5,44.000015457017
"6316",5127,0.00184406478515521,53.5,31.5,38.0000307344131
"6317",5126,0.00352768464918977,41.5,22.5,18.0000587947442
"6318",5124,0.00128851770856615,18,9,20.0000214752951
"6319",5121,0.000530983810285954,23.5,13.5,72.0000088497302
"6320",5120,5.76900493912004e-05,84,48,58.0000009615008
"6321",5119,0.00228525129694422,65,36,28.0000380875216
"6322",5118,0.00596807523327036,33.5,19.5,20.0000994679206
"6323",4985,0.0131740041690778,22,12,46.0002195667361
"6324",4978,5.76902621213622e-05,54,31,58.0000009615044
"6325",4979,0.000111194927084224,72.5,43.5,44.0000018532488
"6326",4984,5.76902637804485e-05,51,29,4.0000009615044
"6327",4983,0,4.5,2.5,34
"6328",4982,0,35,18,32
"6329",4976,0.000160240376458825,33.5,17.5,50.0000026706729
"6330",4975,0,55,30,22
"6331",4973,0.000250539248071078,26.5,15.5,70.0000041756541
"6332",4933,0.00689811589253341,83.5,48.5,32.0001149685982
"6333",4932,0.0107184767019673,35.5,19.5,60.0001786412784
"6334",4927,0.00648530165386554,74.5,44.5,36.0001080883609
"6335",4930,0.000689252181832017,41.5,23.5,60.0000114875364
"6336",4931,5.76901140956397e-05,73.5,43.5,72.0000009615019
"6337",4929,0.000352975070492767,84,48,50.0000058829178
"6338",4928,5.76901091183761e-05,62.5,37.5,44.0000009615018
"6339",4926,0.000250539101372227,50.5,28.5,30.0000041756517
"6340",4925,0.0289398574859629,34.5,19.5,54.0004823309581
"6341",4924,0.000906238839528685,61,34,28.0000151039807
"6342",5104,0.0614666679055698,30,16,26.0010244444651
"6343",5103,0.00722790046876692,32,19,26.0001204650078
"6344",5093,0.00113891899698368,32.5,19.5,40.0000189819833
"6345",5117,0.00347127989241977,43,23,44.0000578546649
"6346",5116,0.00234149853323694,51.5,29.5,70.0000390249756
"6347",5106,0.0055441185361017,82,47,66.0000924019756
"6348",5113,0.00310900556198266,77.5,44.5,44.0000518167594
"6349",5114,0.000352975527633392,53,31,52.0000058829255
"6350",5115,0.000111194927084224,64,38,50.0000018532488
"6351",4894,0.208587592595058,58.5,33.5,80.0034764598766
"6352",5202,0.443276412993558,94.5,54.5,28.0073879402166
"6353",5635,0.938099168608713,31.5,17.5,66.0156349861435
"6354",5639,0.725418159595967,78.5,45.5,20.0120903026599
"6355",5637,0.0291778483677877,20,10,18.0004862974728
"6356",5636,0,19,10,56
"6357",5638,0.00656684318675402,70,42,76.0001094473864
"6358",5954,0.296524768349282,91,53,42.0049420794725
"6359",5956,0.00161969953945873,50,29,60.0000269949923
"6360",5959,0.00139986774091912,74.5,44.5,22.000023331129
"6361",5963,0.000666575132673384,25,14,28.0000111095855
"6362",5964,0.000111194927084224,35,21,32.0000018532488
"6363",5962,5.77099339638244e-05,34,18,22.0000009618322
"6364",5961,0.000111194924254931,22,11,1.85324873758219e-06
"6365",5966,0.000782496654007639,0,0,40.0000130416109
"6366",5960,0.00162862279373588,47,27,54.0000271437132
"6367",5958,0.00083798705959777,62.5,35.5,46.000013966451
"6368",5965,0.00159053711705905,54.5,31.5,54.000026508952
"6369",5957,0.00152763924580857,65.5,38.5,64.0000254606541
"6370",5967,0.00198392180658334,77,45,76.0000330653635
"6371",5979,0.00341777768472752,88,50,30.0000569629614
"6372",5980,0.000448507993969227,35,20,18.0000074751332
"6373",5982,0.0010415229891545,19,10,66.0000173587165
"6374",5973,0.00224544187367013,81,48,14.0000374240312
"6375",5978,0.000666575418815911,16.5,9.5,58.0000111095903
"6376",5976,0.00134552401116487,72.5,43.5,12.0000224254002
"6377",5974,0.000405667213092346,13,7,58.0000067611202
"6378",5975,0.000338539878830543,70,41,70.0000056423313
"6379",5977,0.000320537591350137,81,46,22.0000053422932
"6380",5981,0.000531159373477111,27,16,32.0000088526562
"6381",5968,0.00241053352001984,37.5,21.5,64.0000401755587
"6382",5970,0.0033853988552099,79,47,76.0000564233142
"6383",5969,0,89,51,24
"6384",5972,0.000160268894700123,25,13,48.0000026711482
"6385",5971,0,56,32,46
"6386",5983,0.0109426301453938,51.5,28.5,40.0001823771691
"6387",5984,0.00111194926801295,49.5,29.5,72.0000185324878
"6388",5955,0.00891266268543208,85,49,38.0001485443781
"6389",5615,0.552530089525563,42.5,23.5,70.0092088348254
"6390",5614,5.77160256119339e-05,82,47,32.0000009619338
"6391",5617,0.00901344387420636,37,21,80.0001502240646
"6392",5616,0,93.5,53.5,28
"6393",5607,0.0140679812909703,30,16,84.0002344663548
"6394",5601,0.00391273686572745,98,56,40.0000652122811
"6395",5610,0.00112738938876168,46,26,22.0000187898231
"6396",5953,0.378642019311582,23.5,12.5,44.0063107003219
"6397",6482,1.96689865687845,52.5,30.5,38.0327816442813
"6398",3093,7.65164518645548,43.5,24.5,80.1275274197743
"6399",3092,0,92.5,52.5,54
"6400",3091,0,60,33,22
"6401",3090,0,23.5,12.5,6
"6402",3089,0,7,4,30
"6403",3088,0,34.5,19.5,70
"6404",3087,0,82,47,66
"6405",3086,0,78,45,50
"6406",3085,0,57.5,32.5,34
"6407",3084,0,38,21,58
"6408",6537,9.65277730797841,71.5,42.5,50.1608796217996
"6409",4781,16.5688277138155,56.5,31.5,70.2761471285636
"6410",4777,0.0166141461469743,82,47,54.0002769024358
"6411",4776,0.00297059429740008,67,40,10.000049509905
"6412",4775,0.000338593198257153,12,7,54.00000564322
"6413",4774,0.00017406593094047,61.5,34.5,22.0000029010988
"6414",4773,0,24,13,84
"6415",4772,0,98.5,56.5,50
"6416",4768,0,62,37,34
"6417",4771,0.000333584781252672,39,22,50.0000055597464
"6418",4770,0,55.5,30.5,48
"6419",4769,0,54.5,30.5,64
"6420",4766,0.000685944312209146,72.5,40.5,68.0000114324052
"6421",4765,0,79.5,45.5,88
"6422",4763,0.00105957780444905,103,59,36.0000176596301
"6423",4762,0,38,20,74
"6424",4761,0,88.5,51.5,70
"6425",4760,0,83,48,82
"6426",4759,0,95.5,54.5,78
"6427",4758,0,92.5,53.5,68
"6428",4757,0.000406378709218255,78.5,44.5,10.0000067729785
"6429",4756,0,10,5,24
"6430",4755,0,24,12,16
"6431",4754,0,17.5,9.5,70
"6432",4753,0,83,48,38
"6433",4752,0,40.5,21.5,80
"6434",4751,0,95,55,50
"6435",4750,0,61.5,36.5,6
"6436",4733,0.00261335701405869,7.5,4.5,14.0000435559502
"6437",4732,0,15.5,8.5,52
"6438",4736,0.00123546780286955,61,35,18.00002059113
"6439",4735,0,22.5,13.5,48
"6440",4734,0,56,32,84
"6441",4739,0.000786967265023475,98,56,58.0000131161211
"6442",4738,0,71.5,42.5,46
"6443",4737,0,52.5,29.5,38
"6444",4744,0.000229834278524643,47.5,28.5,54.0000038305713
"6445",4743,0,62.5,35.5,26
"6446",4742,0,30,17,68
"6447",4741,0,80,46,36
"6448",4745,0.000125422729878643,43.5,25.5,44.0000020903788
"6449",4722,0.00269096497044811,54.5,32.5,60.0000448494162
"6450",4719,0.00175480896413858,71,41,68.0000292468161
"6451",4718,0,80.5,46.5,42
"6452",4717,0,50,29,50
"6453",4716,0,61,36,68
"6454",4715,0,81,47,46
"6455",4714,0,53.5,30.5,38
"6456",4692,0.00623672088676794,42,23,62.0001039453481
"6457",4674,0.00341089143760967,76,45,52.0000568481906
"6458",4645,0.00165850927978385,62.5,36.5,60.0000276418213
"6459",4639,0.00154501306665108,75,45,76.0000257502178
"6460",4631,0.00554568079787698,88,50,68.0000924280133
"6461",4658,0.00472078464853102,81.5,47.5,22.0000786797441
"6462",4657,0,25,14,60
"6463",4656,0,71,41,34
"6464",4655,0,36.5,19.5,52
"6465",4654,0,63.5,37.5,54
"6466",4653,0,64.5,37.5,40
"6467",4652,0,42.5,22.5,76
"6468",4651,0,91,53,42
"6469",4650,0,47.5,26.5,28
"6470",4649,0,30,16,60
"6471",4648,0,69,39,62
"6472",4671,0.00375826838745702,75.5,44.5,64.0000626378065
"6473",4670,0,77,45,76
"6474",4669,0.00200234950929972,88.5,50.5,50.0000333724918
"6475",4667,0.000812757984072595,61.5,36.5,22.0000135459664
"6476",4666,0,22.5,11.5,42
"6477",4665,0,48,27,66
"6478",4664,0,81,48,52
"6479",4663,0,58.5,32.5,32
"6480",4662,0,36,20,62
"6481",4661,0,70.5,39.5,80
"6482",4660,0,94.5,54.5,58
"6483",4659,0.000206551263901829,70,41,38.0000034425211
"6484",4647,0.000777935536577921,46,27,26.0000129655923
"6485",4646,0,30,17,74
"6486",4643,0.000206551248682752,86,49,30.0000034425208
"6487",4642,0.000477309765960599,35,20,30.0000079551628
"6488",4640,0.00115679119524035,30.5,15.5,44.0000192798533
"6489",4668,0.00325471315992183,47.5,25.5,46.0000542452193
"6490",4672,0.000421101196201603,50.5,27.5,28.0000070183533
"6491",4687,0.000533906772835907,32,18,32.0000088984462
"6492",4688,0.000338593231116791,32.5,16.5,26.0000056432205
"6493",4686,0.000321437977047767,30.5,17.5,50.0000053572996
"6494",4685,0,59.5,34.5,58
"6495",4684,0,65.5,36.5,26
"6496",4683,0,26.5,13.5,58
"6497",4682,0,68.5,39.5,20
"6498",4681,0,22.5,12.5,0
"6499",4680,0,0,0,52
"6500",4679,0,65,39,58
"6501",4678,0,71.5,42.5,24
"6502",4677,0,29.5,17.5,74
"6503",4676,0,88,51,30
"6504",4675,0,32,17,68
"6505",4689,0.00120494465814865,82,48,52.000020082411
"6506",4720,0.0099945457884911,64.5,38.5,40.0001665757631
"6507",4778,0.0107323350794944,42.5,22.5,58.0001788722513
"6508",4731,0.00956652796561888,68.5,39.5,38.0001594421328
"6509",4730,0,45,26,18
"6510",4729,0,22.5,13.5,30
"6511",4728,0,36,21,26
"6512",4727,0,26.5,13.5,14
"6513",4726,0,15.5,8.5,48
"6514",4725,0.000222389854168448,56.5,32.5,50.0000037064976
"6515",4712,0.0645748566349583,59.5,34.5,62.0010762476106
"6516",4711,0,74.5,43.5,52
"6517",4710,0,57.5,31.5,36
"6518",4709,0,40,22,36
"6519",4708,0,38,20,28
"6520",4707,0,31.5,17.5,48
"6521",4706,0,52.5,28.5,24
"6522",4705,0,28,16,28
"6523",4704,0,33.5,19.5,72
"6524",4703,0,85.5,49.5,52
"6525",4702,0,63.5,37.5,44
"6526",4701,0,49.5,27.5,54
"6527",4700,0,67,40,54
"6528",4699,0,66.5,39.5,2
"6529",4698,0,2.5,1.5,70
"6530",6538,33.480252907416,83.5,48.5,40.5580042151236
"6531",508,53.0170701537162,44.5,24.5,32.8836178358953
"6532",507,0,33,17,52
"6533",506,0,59.5,33.5,64
"6534",1180,3.13333067783184,76,44,42.0522221779639
"6535",1179,0,46.5,25.5,52
"6536",1178,0,61,35,36
"6537",1177,0,37.5,19.5,54
"6538",1176,0,65.5,38.5,58
