"","total_route","single_distance","single_cargo_weight","single_cargo_volume","total_travel_time"
"1",1,0,0,0,0
"2",9,0.122500193890719,70,41,70.0020416698982
"3",3,0.00143902458178703,80,45,32.000023983743
"4",5,0.000555974632591827,33.5,17.5,58.0000092662439
"5",10,0.00206835744141037,65,36,50.000034472624
"6",17,0.000730157850699582,57,32,34.0000121692975
"7",19,0,37.5,20.5,64
"8",18,0.00133740411626495,77.5,45.5,54.0000222900686
"9",16,0.000706297828005084,64.5,37.5,38.0000117716305
"10",14,0.000626960012791029,46.5,27.5,52.0000104493335
"11",12,0.000525225567316285,65,39,46.0000087537595
"12",15,0.000830555394048885,56.5,33.5,56.0000138425899
"13",13,0.00127161312181953,67,39,64.000021193552
"14",11,0.00087774401317753,76.5,44.5,80.0000146290669
"15",20,0.0023513863599154,94,54,56.0000391897727
"16",31,3.88321338748634,68,40,8.06472022312477
"17",33,0,8.5,4.5,22
"18",35,0.00268914207318186,22.5,11.5,60.0000448190346
"19",39,0,73.5,43.5,66
"20",42,0.00107986666393479,79.5,46.5,56.0000179977777
"21",53,0.00402557431155954,62.5,34.5,48.0000670929052
"22",59,0,60,36,60
"23",61,0,71,41,34
"24",76,0.0057094432891155,42,25,60.0000951573882
"25",79,0.00622452470887841,71,41,42.0001037420785
"26",62,0.0371028303384402,52.5,31.5,16.0006183805056
"27",65,0,16,8,50
"28",70,0,61.5,36.5,58
"29",75,0,68,39,20
"30",80,0.0314571236084853,24,14,18.0005242853935
"31",82,0.000125387025749615,19,10,24.0000020897838
"32",81,0.000567924444301863,24.5,12.5,44.0000094654074
"33",83,0.000448538274671422,50,28,50.0000074756379
"34",88,0.0593520258265651,58,33,82.0009892004304
"35",95,0.00767169420989984,96,55,24.0001278615702
"36",103,0,26.5,14.5,42
"37",115,0,49,28,38
"38",118,0,40,21,34
"39",78,0.409013596621912,35.5,18.5,70.006816893277
"40",77,0.00622452470887841,85,50,20.0001037420785
"41",74,0.0218136776657046,22,12,60.0003635612944
"42",73,0,69,39,64
"43",72,0,75.5,43.5,64
"44",71,0,77,45,50
"45",69,0.00769883864547737,55,30,28.0001283139774
"46",68,0,33,19,14
"47",67,0,14,7,48
"48",66,0,54.5,30.5,28
"49",43,0.0132405158818504,31.5,17.5,74.0002206752647
"50",41,0.00182479216518933,88,51,34.0000304132028
"51",40,0.00107986666393479,41,24,46.0000179977777
"52",44,0.00182479216518933,50,27,54.0000304132028
"53",47,0.000571200722799937,60,33,78.000009520012
"54",52,0,90,51,64
"55",51,0,73,41,52
"56",50,0,62.5,36.5,52
"57",49,0,64,38,62
"58",48,0,74.5,43.5,50
"59",58,0.00166792390060477,61,36,60.0000277987317
"60",57,0,67.5,37.5,66
"61",56,0,80,47,40
"62",55,0,44.5,24.5,42
"63",54,0,50,29,44
"64",46,0.0012336101743324,49.5,27.5,20.0000205601696
"65",45,0.000571200722799937,22.5,12.5,86.000009520012
"66",60,0.00212343111368925,101,58,16.0000353905186
"67",64,0.00232102246177269,18,10,44.0000386837077
"68",63,0,51,29,44
"69",38,0.00878373901170503,54.5,32.5,50.0001463956502
"70",37,0,56,31,60
"71",36,0,73,43,80
"72",34,0.00759539999136321,93.5,53.5,42.0001265899999
"73",32,0.00494603844989076,51,30,68.0000824339742
"74",119,0.41481968957627,82,48,58.0069136614929
"75",121,0,65,36,32
"76",138,0,38,22,66
"77",140,0,78,45,28
"78",142,0,29.5,15.5,28
"79",150,0.000970364962388348,33,19,30.0000161727494
"80",149,0.000462577718381685,35.5,20.5,48.0000077096286
"81",148,0,56,32,28
"82",147,0,34,20,10
"83",146,0,10.5,5.5,56
"84",151,0.000462577718381685,67,39,30.0000077096286
"85",153,0,31,16,16
"86",160,0,18,10,58
"87",166,0.00164448498877567,69.5,40.5,54.0000274080831
"88",168,0,63.5,36.5,66
"89",170,0.00147428217800881,75.5,42.5,26.0000245713696
"90",165,0.00148781503050419,29.5,16.5,50.0000247969172
"91",169,0.00151804250147364,55.5,30.5,68.0000253007084
"92",164,0.00132550483560367,78.5,44.5,16.0000220917473
"93",163,0,17.5,9.5,70
"94",162,0,80,45,64
"95",171,0.00148781503050419,73,41,72.0000247969172
"96",174,0.000173833700775039,84.5,48.5,38.0000028972283
"97",178,0,47.5,28.5,36
"98",173,0.000706283509692967,40.5,22.5,8.00001177139183
"99",172,0.000173833700775039,8,4,36.0000028972283
"100",177,0.000689444248435392,41,23,70.0000114907375
"101",176,0,83.5,48.5,22
"102",175,0,27,16,50
"103",179,0.00133559666752278,58.5,33.5,32.0000222599445
"104",183,0,39.5,23.5,64
"105",185,0,74,42,64
"106",197,0.00232842738640505,78.5,46.5,80.0000388071231
"107",203,0,95,55,42
"108",202,0.00180586434140482,51.5,30.5,44.000030097739
"109",201,0,51,29,36
"110",200,0,44.5,26.5,72
"111",199,0,84.5,48.5,70
"112",198,0,84.5,49.5,50
"113",190,0.00149768649172861,62.5,37.5,52.0000249614415
"114",196,0,57.5,31.5,44
"115",195,0,48,26,40
"116",194,0,47.5,27.5,32
"117",193,0,37.5,21.5,54
"118",192,0,66.5,39.5,52
"119",191,0,61,35,72
"120",186,0.00232842738640505,83.5,47.5,82.0000388071231
"121",189,0.00171729582267417,96,55,76.000028621597
"122",188,0,88,50,62
"123",187,0.00171729582267417,73,42,16.000028621597
"124",204,0.00322061352040256,16.5,8.5,56.000053676892
"125",214,0,68,40,22
"126",244,0.0116903594537098,22.5,11.5,2.00019483932423
"127",246,0,2.5,1.5,60
"128",275,0.00185817970460593,73.5,43.5,32.0000309696617
"129",284,0,34.5,18.5,50
"130",287,0,56.5,31.5,66
"131",289,0,78,45,16
"132",294,0,16,8,80
"133",274,0.00116506873111899,95,55,62.0000194178122
"134",295,0.00116506873111899,74.5,43.5,64.0000194178122
"135",297,0,79,47,26
"136",296,0.000567101510560478,28.5,15.5,66.0000094516919
"137",293,0.000558988040458126,78,45,28.0000093164673
"138",292,0,34,20,34
"139",291,0,41,24,46
"140",290,0,54.5,31.5,70
"141",273,0.000476858325402769,82,47,72.0000079476387
"142",305,0.00151582452962342,84.5,48.5,48.0000252637422
"143",314,0.00223068675768302,55.5,31.5,70.0000371781126
"144",321,0,85,50,66
"145",307,0.000481905568415154,79,46,82.0000080317595
"146",352,0.00110691771448455,96,55,78.0000184486286
"147",362,0,91.5,52.5,30
"148",371,0,34,19,18
"149",374,0,21,12,58
"150",361,0.00100316798133307,68.5,39.5,10.0000167194664
"151",360,0,12,7,54
"152",359,0,61.5,34.5,36
"153",358,0,43.5,25.5,74
"154",357,0,87,50,40
"155",356,0,49.5,29.5,30
"156",355,0,33.5,18.5,60
"157",354,0,74.5,44.5,64
"158",353,0,76,44,14
"159",375,0.00100316798133307,16.5,9.5,78.0000167194664
"160",385,0,92,53,52
"161",387,0,64,38,32
"162",440,0.00513631016505156,37,21,40.0000856051694
"163",445,0,47,27,72
"164",464,0.000206404677135345,86,50,54.000003440078
"165",472,0,66,39,22
"166",550,0.000825619068528764,27.5,16.5,58.0000137603178
"167",553,0,65,36,10
"168",559,0,12.5,7.5,14
"169",561,0,15.5,8.5,28
"170",564,0,31.5,17.5,66
"171",577,0,79,46,40
"172",581,0,42.5,22.5,18
"173",584,0,21,12,62
"174",587,0.000125395977650154,70.5,39.5,56.000002089933
"175",594,0.000229819693530765,64.5,36.5,34.0000038303282
"176",603,0,36.5,19.5,40
"177",607,0,46,26,18
"178",610,0,20,11,62
"179",618,0,77,46,30
"180",623,0,32,17,28
"181",622,0.000530871870808196,30.5,16.5,26.0000088478645
"182",621,0,32,19,38
"183",620,0,40,21,36
"184",619,0,40.5,22.5,18
"185",591,0.000289820571849237,21.5,12.5,48.0000048303429
"186",593,0,57,33,40
"187",592,0,44.5,24.5,42
"188",588,0.000229819693530765,49,28,86.0000038303282
"189",590,0,101,58,72
"190",585,0.00045963936102474,84.5,48.5,76.000007660656
"191",560,0.000462697949665154,90.5,52.5,42.0000077116325
"192",558,0.000229819683598634,45,24,38.0000038303281
"193",557,0,43,24,28
"194",556,0,29.5,15.5,56
"195",555,0,64,36,46
"196",554,0,57,34,24
"197",586,0.00046371298113208,29.5,17.5,44.0000077285497
"198",606,0.000689459050471364,51.5,29.5,22.0000114909842
"199",605,0,26,15,26
"200",604,0,32.5,19.5,22
"201",609,0.00012539598300911,26.5,15.5,70.000002089933
"202",608,0,85,50,28
"203",602,0.000125395983774675,28.5,14.5,46.0000020899331
"204",601,0,50,27,74
"205",600,0,85.5,48.5,28
"206",599,0,30.5,16.5,68
"207",598,0,78.5,44.5,22
"208",597,0,22.5,11.5,76
"209",596,0,88.5,50.5,66
"210",595,0,78.5,45.5,32
"211",552,0.000695569630875371,34.5,18.5,28.0000115928272
"212",551,0,35,21,32
"213",563,0.000459639371885293,39.5,23.5,44.0000076606562
"214",562,0,48,26,62
"215",540,0.000812493159692092,74,43,34.0000135415527
"216",545,0,38.5,21.5,22
"217",548,0,27,16,62
"218",576,0.000310419836469632,72.5,41.5,58.0000051736639
"219",575,0,72.5,43.5,46
"220",574,0,55,32,62
"221",573,0,75,44,58
"222",572,0,67.5,38.5,20
"223",571,0,22,12,56
"224",570,0,67,39,44
"225",569,0,50,28,22
"226",568,0,27,16,46
"227",567,0,55.5,32.5,40
"228",566,0,47.5,27.5,40
"229",565,0,48.5,28.5,24
"230",549,0.000310419836469632,30,18,26.0000051736639
"231",583,0.000567102141635758,26.5,13.5,18.0000094517024
"232",582,0,19,10,26
"233",617,0.000525272591477677,26,13,58.0000087545432
"234",616,0,68,39,10
"235",615,0,11,6,4
"236",614,0,4.5,2.5,24
"237",613,0,27,15,52
"238",612,0,62.5,36.5,60
"239",611,0,74.5,44.5,52
"240",589,0.000501584014080629,59,33,22.0000083597336
"241",626,0.000819081240611095,26.5,15.5,28.000013651354
"242",665,0.000347785083922502,28,14,76.0000057964181
"243",667,0,88.5,50.5,50
"244",669,0,59,34,56
"245",706,0.000824070596150221,66,38,68.0000137345099
"246",705,0.000229819692695338,82.5,48.5,56.0000038303282
"247",704,0,66.5,38.5,20
"248",703,0,23,13,64
"249",702,0,76,44,16
"250",701,0,16,8,66
"251",700,0,75,42,48
"252",699,0,55.5,31.5,22
"253",698,0,24.5,13.5,42
"254",697,0,50,29,34
"255",696,0,36.5,19.5,60
"256",707,0.000229819692695338,69,39,78.0000038303282
"257",734,0.000819081126520255,91,52,10.0000136513521
"258",750,0,11.5,6.5,68
"259",761,0.000852528913594383,78.5,44.5,20.0000142088152
"260",765,0,22.5,12.5,46
"261",751,0.00100617685693046,50.5,27.5,58.0000167696143
"262",759,0,65,36,42
"263",439,0.0116828040136375,49,28,76.0001947134002
"264",438,0,89,51,60
"265",437,0,69.5,39.5,16
"266",436,0,19.5,11.5,8
"267",388,0.00513631016505156,10,6,28.0000856051694
"268",386,0.000406246512623753,32.5,18.5,14.0000067707752
"269",389,0.000406246512623753,17.5,10.5,68.0000067707752
"270",405,0,79.5,45.5,60
"271",407,0.00020640453062884,68.5,38.5,54.0000034400755
"272",414,0,67,40,74
"273",416,0,87.5,50.5,68
"274",424,0,79.5,45.5,44
"275",434,0.000353154571947365,48.5,26.5,22.0000058859095
"276",460,0.000231856437752762,25,14,50.000003864274
"277",459,0.000333584778423379,58.5,33.5,10.0000055597463
"278",458,0,10.5,5.5,56
"279",435,0.000231856437752762,68.5,40.5,64.000003864274
"280",370,0.0110572430354128,77,45,74.0001842873839
"281",369,0,85,48,72
"282",368,0,84,48,46
"283",367,0,51.5,28.5,50
"284",366,0,57.5,32.5,52
"285",365,0,58,32,34
"286",364,0,37.5,20.5,58
"287",363,0,65.5,36.5,72
"288",313,0.00265010483190123,83,47,34.0000441684139
"289",312,0,37,20,36
"290",311,0,44.5,26.5,60
"291",310,0,69.5,39.5,18
"292",309,0,22,13,30
"293",299,0.00105054649729457,31,16,28.0000175091083
"294",304,0,31.5,17.5,62
"295",303,0,75.5,44.5,44
"296",302,0,54.5,32.5,42
"297",301,0,52,31,40
"298",300,0,50,30,22
"299",327,0.00129445595749779,24.5,13.5,4.00002157426596
"300",329,0,5,3,46
"301",331,0,56.5,33.5,62
"302",349,0.000338583281083722,70,39,26.0000056430547
"303",351,0,27,14,58
"304",350,0,68.5,39.5,26
"305",308,0.00110691771448455,30,17,38.0000184486286
"306",306,0.00223068675768302,47.5,28.5,50.0000371781126
"307",322,0.000481905568415154,61.5,36.5,28.0000080317595
"308",326,0,30,16,60
"309",325,0,69,39,48
"310",324,0,53,29,40
"311",323,0,46.5,26.5,26
"312",332,0.000477564118764548,30,17,56.000007959402
"313",348,0,63,35,34
"314",347,0,35.5,18.5,30
"315",346,0,36.5,21.5,84
"316",345,0,98.5,56.5,32
"317",344,0,35,19,8
"318",343,0,9,5,58
"319",342,0,71.5,42.5,18
"320",341,0,19,10,12
"321",340,0,13.5,7.5,38
"322",339,0,40,21,10
"323",338,0,10.5,5.5,36
"324",337,0,42.5,24.5,72
"325",336,0,83,47,50
"326",335,0,61,36,34
"327",334,0,38,21,50
"328",333,0,55.5,30.5,12
"329",330,0.000897081540554356,13,7,70.000014951359
"330",320,0.000695569074031468,80,45,78.0000115928179
"331",319,0,92,53,22
"332",318,0,26,15,48
"333",317,0,53.5,29.5,28
"334",316,0,31.5,17.5,44
"335",315,0,55,33,20
"336",298,0.00192762282363074,25,15,80.0000321270471
"337",286,0.00157581994667884,93,53,62.0000262636658
"338",285,0,76.5,45.5,26
"339",272,0.00358832638085665,32,19,28.0000598054397
"340",261,0.00146785895406078,30.5,16.5,44.0000244643159
"341",268,0,53,31,42
"342",271,0,51.5,30.5,38
"343",270,0,43,24,68
"344",269,0,79,45,74
"345",328,0.00449396495443491,86.5,49.5,64.0000748994159
"346",429,0.00447628233395734,77,45,18.0000746047056
"347",433,0,19,10,18
"348",432,0,22.5,13.5,30
"349",431,0,33.5,18.5,42
"350",430,0,46.5,25.5,70
"351",425,0.000353154571947365,81,46,20.0000058859095
"352",428,0,20.5,10.5,30
"353",427,0,31.5,16.5,34
"354",426,0,37.5,20.5,48
"355",473,0.000890463737014858,59.5,35.5,24.0000148410623
"356",482,0,26.5,14.5,52
"357",489,0,64,38,66
"358",492,0,76.5,43.5,26
"359",481,5.79641559954751e-05,31,18,58.0000009660693
"360",480,0,72,43,64
"361",479,0,75.5,43.5,82
"362",478,0,95.5,54.5,38
"363",477,0,45.5,26.5,82
"364",476,0,96,55,22
"365",475,0,23,12,14
"366",474,0,17,10,48
"367",493,5.79641559954751e-05,54.5,30.5,24.0000009660693
"368",498,0,30,18,70
"369",504,0,83.5,48.5,30
"370",510,0,34,19,24
"371",518,0,27,15,66
"372",520,0,78.5,45.5,74
"373",536,0,87,50,66
"374",539,0,76,43,40
"375",538,0,42.5,22.5,44
"376",537,0,53,31,52
"377",517,0.000229819691024483,60.5,34.5,76.0000038303282
"378",516,0,90,52,68
"379",515,0,78.5,44.5,68
"380",514,0,81,47,38
"381",513,0,45,26,78
"382",512,0,93,54,74
"383",511,0,86.5,49.5,54
"384",547,0.000231856622875751,64.5,37.5,54.000003864277
"385",546,0,62,35,32
"386",491,0.000533396302866396,35.5,19.5,22.0000088899384
"387",490,0,24.5,13.5,54
"388",488,0.000333584778423379,64,37,46.0000055597463
"389",487,0,53.5,30.5,82
"390",486,0,97,56,80
"391",485,0,93,53,54
"392",484,0,66,39,32
"393",483,0,33,17,78
"394",444,0.000571234439759237,93,54,66.000009520574
"395",443,0,80,47,58
"396",442,0,68.5,39.5,36
"397",441,0,44.5,26.5,6
"398",463,0.00060238299700114,6.5,3.5,18.0000100397166
"399",462,0,22.5,13.5,68
"400",446,0.000206404677135345,79,45,34.000003440078
"401",457,0,36.5,19.5,56
"402",461,0.000333584778423379,65,37,20.0000055597463
"403",456,0.000797552410816825,23,13,22.0000132925402
"404",455,0,23,12,56
"405",454,0,66.5,38.5,34
"406",453,0,42.5,25.5,44
"407",452,0,48,26,36
"408",451,0,38.5,20.5,40
"409",450,0,44.5,24.5,48
"410",449,0,59,35,50
"411",448,0,55,30,62
"412",447,0,74,43,52
"413",509,0.000777412172655935,62,36,30.0000129568695
"414",508,0,37,22,12
"415",507,0,15,9,32
"416",506,0,37.5,21.5,58
"417",505,0,70.5,41.5,56
"418",519,0.000229819681278524,69,41,8.00000383032802
"419",503,0.000160635208684253,8.5,4.5,56.0000026772535
"420",502,0,64,36,10
"421",501,0,11.5,6.5,12
"422",500,0,13.5,7.5,54
"423",499,0,66,39,66
"424",471,0.000462697929655825,79,46,36.0000077116322
"425",470,0,42,24,34
"426",469,0,39.5,22.5,40
"427",468,0,43.5,23.5,70
"428",467,0,81,46,14
"429",466,0,16.5,9.5,54
"430",465,0,67.5,40.5,80
"431",497,0.000481905595142413,95,55,58.0000080317599
"432",496,0,67.5,38.5,6
"433",495,0,7.5,4.5,50
"434",494,0,60.5,35.5,72
"435",544,0.00104187580505307,86,50,18.0000173645968
"436",543,0,21,12,48
"437",542,0,58,34,40
"438",541,0,49,29,56
"439",535,0.000125395966932243,68,40,66.0000020899328
"440",534,0,76.5,43.5,30
"441",533,0,37,22,56
"442",532,0,67,39,14
"443",531,0,15,8,72
"444",530,0,83.5,47.5,36
"445",529,0,43,25,72
"446",528,0,82.5,46.5,50
"447",527,0,55,30,34
"448",526,0,37,20,62
"449",525,0,76,45,18
"450",524,0,20.5,11.5,54
"451",523,0,64,37,34
"452",522,0,36,19,44
"453",521,0,55,33,54
"454",580,0.00053339580685029,63,36,54.0000088899301
"455",579,0,63.5,36.5,76
"456",578,0,88.5,50.5,50
"457",624,0.00113141538519956,58.5,33.5,50.0000188569231
"458",627,0.00257385257931859,55.5,30.5,44.000042897543
"459",625,0.00345920509534002,52,30,24.0000576534183
"460",664,0.000462698286837276,27.5,15.5,20.0000077116381
"461",663,0,20.5,10.5,26
"462",662,0,30,17,24
"463",661,0,28.5,16.5,66
"464",684,0.000620839664194415,75,42,62.0000103473277
"465",690,0,75.5,44.5,30
"466",695,0,35,20,74
"467",708,0.000727400393867643,85,48,26.0000121233399
"468",720,0.000533396229025466,26.5,13.5,44.0000088899371
"469",724,0,54,32,68
"470",732,0,81,47,30
"471",714,0.00081216304057805,35.5,20.5,34.0000135360507
"472",719,0,40.5,23.5,42
"473",718,0.000111194927084224,45,24,66.0000018532488
"474",717,0,78.5,45.5,12
"475",716,0,13.5,7.5,58
"476",715,0,69,40,38
"477",731,0.000160635237370007,41,22,44.000002677254
"478",730,0,49,27,44
"479",729,0,50.5,28.5,32
"480",728,0,40,24,32
"481",727,0,38,22,72
"482",726,0,86,50,14
"483",725,0,14,7,32
"484",723,0.00022981968777577,36,20,58.0000038303281
"485",722,0,71,42,68
"486",721,0,79.5,45.5,46
"487",709,0.000803176184359344,52.5,29.5,76.0000133862697
"488",668,0.0021667149681216,89.5,51.5,58.0000361119161
"489",710,0.0021667149681216,65,36,42.0000361119161
"490",713,0,51,30,30
"491",712,0,31,16,72
"492",711,0,85.5,49.5,50
"493",733,0.00081216304057805,56,31,88.0000135360507
"494",749,0.0014479473964757,102.5,58.5,30.0000241324566
"495",748,0,31.5,16.5,56
"496",747,0,68.5,40.5,30
"497",746,0,31,16,50
"498",745,0,62.5,37.5,42
"499",744,0,52.5,31.5,48
"500",743,0,58.5,34.5,28
"501",742,0,29.5,15.5,54
"502",741,0,61.5,34.5,70
"503",740,0,80,45,28
"504",739,0,34,20,58
"505",738,0,65.5,36.5,38
"506",737,0,40.5,21.5,70
"507",736,0,81,46,32
"508",735,0,35.5,19.5,70
"509",770,0.0013375552695826,83.5,48.5,14.0000222925878
"510",773,0,14,7,24
"511",776,0,24,12,56
"512",778,0,68.5,40.5,30
"513",783,0,34,19,46
"514",247,0.193727491490168,55.5,32.5,20.0032287915248
"515",250,0,24.5,14.5,46
"516",256,0,57.5,34.5,64
"517",260,0,75.5,43.5,38
"518",267,0.000353154584376421,45.5,26.5,60.0000058859097
"519",266,0,73.5,43.5,60
"520",265,0,74,44,34
"521",264,0,36,19,62
"522",263,0,76.5,45.5,44
"523",262,0,49,27,64
"524",249,0.000876543313824238,75,43,30.0000146090552
"525",248,0,35.5,20.5,38
"526",255,0.0011179760866218,43.5,24.5,36.0000186329348
"527",254,0,41,23,10
"528",253,0,11.5,6.5,74
"529",252,0,86,49,44
"530",251,0,48,26,74
"531",259,0.00157990811260871,85,48,64.0000263318019
"532",258,0,76.5,44.5,24
"533",257,0,24.5,12.5,48
"534",283,0.00118224239019041,57,33,26.0000197040398
"535",282,0,27.5,14.5,60
"536",281,0,71.5,41.5,54
"537",280,0,61.5,34.5,30
"538",279,0,32,17,6
"539",278,0,7.5,4.5,20
"540",277,0,21.5,11.5,68
"541",276,0,82,48,20
"542",288,0.00200486317668132,22,12,28.0000334143863
"543",245,0.00349121861443667,29.5,15.5,60.0000581869769
"544",243,0.00444714644916691,70,40,40.0000741191075
"545",241,0.00600627059424759,46.5,26.5,64.0001001045099
"546",373,0.00835647009158029,72.5,40.5,72.0001392745015
"547",372,0,83,47,26
"548",384,0.000906024771585976,30.5,17.5,44.0000151004129
"549",383,0,53.5,31.5,44
"550",382,0,50.5,28.5,64
"551",381,0,79,47,54
"552",380,0,62.5,35.5,40
"553",379,0,46.5,26.5,52
"554",378,0,61.5,35.5,52
"555",377,0,57.5,31.5,60
"556",376,0,73,43,20
"557",404,0.00143662610868904,24.5,14.5,4.00002394376848
"558",403,0,4.5,2.5,86
"559",402,0,100.5,57.5,42
"560",401,0,49.5,28.5,32
"561",400,0,36,20,58
"562",399,0,65,36,62
"563",398,0,73,42,0
"564",397,0,0,0,60
"565",396,0,68.5,38.5,52
"566",395,0,62.5,36.5,54
"567",394,0,66.5,39.5,84
"568",393,0,97.5,55.5,82
"569",392,0,96,55,54
"570",391,0,64.5,37.5,58
"571",390,0,68,39,52
"572",415,0.00127162730795453,65,39,10.0000211937885
"573",423,0.00145595579393485,12,7,48.0000242659299
"574",422,0,58,34,44
"575",421,0,54.5,32.5,28
"576",420,0,33,19,82
"577",419,0,96.5,55.5,52
"578",418,0,58.5,32.5,46
"579",417,0,56,33,28
"580",660,0.00385691579447839,32,18,48.0000642819299
"581",683,0.000620839664194415,54.5,30.5,66.0000103473277
"582",682,0,76.5,43.5,72
"583",681,0,84,48,84
"584",680,0,98.5,56.5,88
"585",679,0,103,59,58
"586",678,0,66.5,37.5,56
"587",677,0,69,41,60
"588",694,0.000365312751528774,67.5,37.5,34.0000060885459
"589",693,0,42.5,25.5,24
"590",692,0,27,15,36
"591",691,0,44,26,20
"592",670,0.00185402568034901,23,13,66.000030900428
"593",676,0,75.5,42.5,74
"594",659,0.00283966181784584,88,51,32.000047327697
"595",658,0.000689459057990208,38.5,22.5,12.0000114909843
"596",657,0.000689459057990208,12.5,6.5,44.0000114909843
"597",656,0,52.5,30.5,60
"598",655,0,70,40,84
"599",654,0,99,57,32
"600",653,0,40,24,34
"601",652,0,37.5,20.5,22
"602",651,0,23,12,44
"603",650,0,55,33,30
"604",649,0,31.5,16.5,38
"605",648,0,46,27,38
"606",647,0,44,25,62
"607",646,0,72,41,64
"608",645,0,77.5,45.5,16
"609",634,0.000125395982243545,16.5,8.5,22.000002089933
"610",644,0,26.5,15.5,56
"611",633,0.000125395982243545,68.5,40.5,56.000002089933
"612",666,0.000310419589065688,66.5,38.5,58.0000051736598
"613",632,0.000412809264842584,69.5,40.5,36.0000068801544
"614",631,0.000338583290440236,37.5,19.5,54.0000056430548
"615",630,0,61,34,60
"616",629,0,67.5,37.5,26
"617",643,0.00045963936617585,28.5,15.5,26.0000076606561
"618",642,0,30,17,36
"619",641,0,42.5,24.5,20
"620",640,0,24,14,64
"621",639,0,73,41,38
"622",638,0,46.5,27.5,36
"623",637,0,41,23,14
"624",636,0,16,9,54
"625",635,0,62,35,40
"626",675,0.000730625034366166,42.5,22.5,44.0000121770839
"627",674,0,48.5,26.5,28
"628",673,0,33.5,19.5,82
"629",672,0,95.5,54.5,56
"630",671,0,66,38,62
"631",689,0.000812162987874382,76,45,30.0000135360498
"632",688,0,32,17,34
"633",687,0,35.5,18.5,28
"634",686,0,31,17,68
"635",685,0,80.5,46.5,50
"636",758,0.00291754955820138,59,34,14.000048625826
"637",757,0,15,8,22
"638",756,0,23,12,26
"639",755,0,26.5,13.5,58
"640",754,0,71.5,42.5,22
"641",753,0,24.5,13.5,14
"642",752,0,16,9,58
"643",768,0.000785665733516577,70.5,41.5,38.0000130944289
"644",767,0.00202238303575008,46,27,56.0000337063839
"645",764,0.000780863333621578,63,35,48.0000130143889
"646",763,0,55.5,31.5,44
"647",762,0,51,29,68
"648",769,0.00227172947780394,78,44,46.000037862158
"649",772,0.00301139530194347,51.5,28.5,42.0000501899217
"650",771,0,47.5,26.5,16
"651",777,0.00140708898090101,16.5,8.5,16.000023451483
"652",775,0.00394370680682665,17,9,22.0000657284468
"653",774,0,26.5,15.5,50
"654",766,0.0075195795872748,61.5,36.5,36.0001253263265
"655",628,0.00833926732957416,41,23,42.0001389877888
"656",413,0.00391261199287134,52,31,56.0000652101999
"657",412,0,68.5,40.5,34
"658",411,0,39,22,62
"659",410,0,72.5,41.5,50
"660",409,0,56,31,54
"661",408,0,64,37,28
"662",406,0.000689459022809278,34,20,46.0000114909837
"663",242,0.0100400081856114,51,28,34.0001673334698
"664",240,0.00875177454585098,39,22,46.0001458629091
"665",239,0.00834788612589958,56.5,33.5,4.00013913143543
"666",215,0.0146868053083822,4.5,2.5,20.0002447800885
"667",220,0.00182476972062122,23.5,13.5,80.0000304128287
"668",238,0,92.5,52.5,56
"669",760,0.0351920380154094,66,38,44.0005865339669
"670",785,0.0538413990177089,49.5,27.5,60.0008973566503
"671",782,0.101968448917388,72.5,42.5,40.0016994741486
"672",781,0,46.5,26.5,22
"673",780,0,22.5,11.5,36
"674",779,0,38,20,36
"675",219,0.0372788162465335,37.5,19.5,32.0006213136041
"676",218,0,40,24,70
"677",217,0,80,45,20
"678",216,0.00182476972062122,22.5,12.5,68.0000304128287
"679",184,0.0104945185536154,81.5,47.5,24.0001749086426
"680",182,0.00159486542542471,29,17,12.0000265810904
"681",181,0,12.5,6.5,56
"682",180,0,67,39,48
"683",161,0.00441499436918009,60,36,68.0000735832395
"684",159,0.00221659352864161,78.5,44.5,16.0000369432255
"685",158,0,20,12,40
"686",157,0,49,29,34
"687",156,0,39.5,22.5,38
"688",155,0,46,27,56
"689",154,0,65.5,37.5,34
"690",143,0.00255664385805599,36.5,19.5,16.000042610731
"691",145,0,16.5,8.5,70
"692",141,0.00239012878727968,84,49,70.0000398354798
"693",144,0.00347550138170554,83,48,68.000057925023
"694",139,0.0056829232163865,79,45,28.0000947153869
"695",152,0.0095923323664854,30.5,16.5,68.0001598722061
"696",167,0.00323000055475194,81.5,47.5,32.0000538333426
"697",120,0.108944296712665,39,23,64.0018157382785
"698",137,0.0189460751111254,77.5,45.5,22.0003157679185
"699",136,0,24,13,60
"700",135,0,74.5,44.5,60
"701",134,0,70.5,40.5,32
"702",133,0,40,24,52
"703",132,0,63,37,40
"704",131,0,43,23,36
"705",130,0,45,27,24
"706",129,0,24,12,60
"707",128,0,68,38,40
"708",127,0,49.5,29.5,60
"709",126,0,73.5,43.5,18
"710",125,0,20.5,11.5,68
"711",124,0,81,47,64
"712",123,0,78.5,46.5,56
"713",122,0,66.5,38.5,78
"714",117,0.17223639712932,93,54,46.0028706066188
"715",116,0,51,28,34
"716",114,0.00392708538421444,39.5,22.5,18.0000654514231
"717",113,0,20,11,52
"718",112,0,59,33,22
"719",111,0,25,14,4
"720",110,0,4,2,34
"721",109,0,36.5,19.5,32
"722",108,0,32.5,16.5,30
"723",107,0,37.5,22.5,90
"724",106,0,105,60,36
"725",105,0,45,27,62
"726",104,0,77,46,72
"727",102,0.00412754032665227,84.5,48.5,40.0000687923388
"728",101,0,42.5,22.5,78
"729",100,0,92.5,53.5,68
"730",99,0,77.5,43.5,88
"731",98,0,102.5,58.5,24
"732",97,0,28.5,16.5,42
"733",96,0,52,31,12
"734",93,0.00301514963725054,12.5,6.5,58.000050252494
"735",92,0.00409528085738249,67.5,38.5,24.000068254681
"736",91,0.00025077354302251,27.5,15.5,44.000004179559
"737",90,0,51,29,30
"738",94,0.00409528085738249,36,21,74.000068254681
"739",89,0.00767169420989984,85,48,18.0001278615702
"740",87,0.0306275432905668,20,11,62.0005104590548
"741",86,0.0013946256263886,70,39,40.0000232437604
"742",85,0,47.5,27.5,36
"743",84,0.0596343437907752,45,27,66.0009939057298
"744",786,0.330022101751834,78,45,66.0055003683625
"745",237,0.153456562255482,79.5,46.5,34.0025576093709
"746",236,0,35,18,50
"747",235,0,62.5,37.5,60
"748",234,0,71.5,41.5,72
"749",233,0,87,51,56
"750",232,0,66.5,38.5,38
"751",231,0,45,26,42
"752",230,0,51.5,30.5,68
"753",229,0,82,48,54
"754",228,0,61,34,58
"755",227,0,67.5,38.5,64
"756",226,0,75,43,62
"757",225,0,76.5,45.5,54
"758",224,0,67,40,54
"759",223,0,61,34,60
"760",222,0,72.5,42.5,40
"761",221,0,45.5,25.5,26
"762",213,0.0263996535407879,29.5,16.5,46.0004399942257
"763",212,0,56,33,34
"764",211,0,42,25,12
"765",210,0,13,7,78
"766",209,0,91.5,52.5,66
"767",208,0,80,47,28
"768",207,0,30.5,16.5,40
"769",206,0,42.5,22.5,56
"770",205,0,68,40,66
"771",787,0.168730532457581,77.5,44.5,50.002812175541
"772",795,0,61,36,78
"773",811,0,93,54,52
"774",816,0,57.5,31.5,68
"775",819,0,80.5,46.5,6
"776",826,0,7,4,52
"777",825,0.024953625369867,62.5,36.5,76.0004158937562
"778",824,0,88.5,50.5,42
"779",823,0,46,25,32
"780",822,0,36,20,16
"781",821,0,17,9,38
"782",820,0,46,27,32
"783",827,0.024953625369867,33.5,17.5,48.0004158937562
"784",852,0,60,36,34
"785",861,0,37.5,20.5,30
"786",866,0,32.5,17.5,6
"787",870,0.003073407286452,7.5,4.5,32.0000512234548
"788",875,0,32.5,16.5,42
"789",877,0,51.5,30.5,20
"790",874,0.000674992698408616,22,12,42.0000112498783
"791",873,0,52,31,30
"792",872,0,36,21,32
"793",871,0,33.5,17.5,20
"794",878,0.000674992698408616,20.5,10.5,12.0000112498783
"795",885,0,14,8,20
"796",897,0,20.5,10.5,40
"797",899,0,46.5,26.5,14
"798",902,0,15,8,40
"799",904,0,49.5,29.5,52
"800",896,0.0167620914657866,63,37,50.0002793681911
"801",895,0,60.5,35.5,50
"802",894,0,61,36,10
"803",893,0,11,6,6
"804",892,0,6.5,3.5,18
"805",891,0,21,12,36
"806",890,0,42,24,44
"807",889,0,55,33,22
"808",888,0,25,14,26
"809",887,0,31.5,18.5,40
"810",886,0,44.5,24.5,46
"811",905,0.0167620914657866,52,29,28.0002793681911
"812",916,0,30,16,40
"813",918,0,45.5,25.5,26
"814",934,0,28,15,40
"815",933,0.0027481703925432,50,30,72.0000458028399
"816",932,0,83.5,47.5,70
"817",931,0,81,46,0
"818",930,0,0,0,10
"819",929,0,12,7,38
"820",928,0,42,23,52
"821",927,0,59.5,33.5,14
"822",926,0,17,10,52
"823",925,0,62.5,36.5,76
"824",924,0,88,50,6
"825",923,0,6,3,34
"826",922,0,40,23,42
"827",921,0,45,24,24
"828",920,0,29.5,17.5,58
"829",919,0,70,41,50
"830",935,0.0027481703925432,57.5,32.5,44.0000458028399
"831",946,0,51,29,40
"832",949,0,42.5,22.5,74
"833",958,0,87,50,64
"834",982,0,72.5,40.5,62
"835",985,0,70,39,74
"836",987,0,86,49,38
"837",1007,0.000874966453891271,42,23,62.0000145827742
"838",993,0.000206394926623172,74,43,54.0000034399154
"839",1006,0,67.5,40.5,76
"840",1005,0,87.5,49.5,28
"841",1004,0,30.5,16.5,40
"842",1003,0,43,23,46
"843",1002,0,56,33,64
"844",1001,0,78.5,46.5,56
"845",1000,0,70,42,58
"846",999,0,69,40,66
"847",998,0,79.5,46.5,28
"848",997,0,31.5,17.5,22
"849",996,0,23.5,12.5,34
"850",995,0,36.5,19.5,58
"851",994,0,70,41,48
"852",988,0.000874966453891271,54.5,30.5,78.0000145827742
"853",1021,0.0012416071177942,93,54,60.000020693452
"854",1023,0,69,39,4
"855",1059,0.000525251912044281,4,2,36.0000087541985
"856",1063,0,45,27,32
"857",1071,0.000125394301637431,35,19,64.000002089905
"858",1217,0.000934015761301933,78,46,52.0000155669294
"859",1220,0,61.5,35.5,20
"860",1226,0,22.5,12.5,72
"861",1229,0,84.5,48.5,74
"862",1199,0.000206395140105236,86,49,28.000003439919
"863",1203,0,31.5,17.5,34
"864",1205,0,35.5,18.5,72
"865",1216,0.000115921110486876,84,48,32.0000019320185
"866",1327,0.000590177995216413,36.5,20.5,64.0000098362999
"867",1402,0.000642520434185054,72.5,40.5,36.0000107086739
"868",1404,0,45,27,56
"869",1429,0.000567930969553171,68,40,44.0000094655162
"870",1431,0,51,29,20
"871",1433,0,22,12,56
"872",1350,0.000723954963564337,64,36,60.0000120659161
"873",1369,0.000459637522514064,72,42,34.0000076606254
"874",1374,0,36,19,42
"875",1377,0,45.5,24.5,10
"876",1427,0.000257129877414969,10.5,5.5,36.000004285498
"877",1515,0.000533362976609664,39,21,26.0000088893829
"878",1578,0.000642520319442784,32.5,19.5,32.000010708672
"879",1610,0.000206395463945518,35,19,72.0000034399244
"880",1677,0.000619187358784394,84,48,38.0000103197893
"881",1705,0.000173881352890095,41,22,26.0000028980226
"882",1680,0.0002063956526226,29.5,16.5,54.0000034399275
"883",1689,0,64.5,37.5,56
"884",1462,0.00203221799363914,69.5,41.5,50.0000338702999
"885",1525,0.000877760523408999,62.5,37.5,36.0000146293421
"886",1497,0.000160629956818332,44,26,82.000002677166
"887",1500,0,96.5,55.5,30
"888",1507,0,31,16,34
"889",1509,0,40.5,23.5,50
"890",1514,0.000333584778423379,56,31,34.0000055597463
"891",1428,0.000533362976609664,41.5,24.5,44.0000088893829
"892",1483,0.00031040382433722,51.5,29.5,26.0000051733971
"893",1486,0,32.5,19.5,30
"894",1475,0.000111194927084224,33,18,48.0000018532488
"895",1477,0,58.5,34.5,82
"896",1482,0,96.5,55.5,58
"897",1481,0,66,37,62
"898",1480,0,76,45,86
"899",1479,0,100.5,57.5,68
"900",1478,0,79.5,45.5,58
"901",1542,0.000476832286625463,66,37,42.0000079472048
"902",1544,0,48.5,27.5,52
"903",1393,0.00108125587909905,63,37,68.0000180209313
"904",1399,0,79.5,45.5,12
"905",1401,0,13,7,44
"906",1487,0.000525253149377564,49,27,64.0000087542192
"907",1489,0,73.5,41.5,24
"908",1410,0.000525254759806422,29,17,64.000008754246
"909",1412,0,73,41,48
"910",1382,0.000582530990567104,59.5,35.5,58.0000097088498
"911",1384,0,68,39,48
"912",1386,0,58.5,34.5,26
"913",1322,0.000514255960192442,26.5,13.5,50.0000085709327
"914",1288,0.00032126005467402,61.5,36.5,26.0000053543342
"915",1290,0,31,18,56
"916",1292,0,64.5,36.5,26
"917",1270,0.000282297521739065,32,19,36.0000047049587
"918",1274,0,43,25,52
"919",1276,0,61,35,34
"920",1279,0,41,24,30
"921",1212,0.000257128957185993,37,22,32.0000042854826
"922",1214,0,37.5,21.5,62
"923",1206,0.000115921110486876,70.5,39.5,12.0000019320185
"924",1225,0.000353152203286074,15,9,62.0000058858701
"925",1224,0,72.5,41.5,56
"926",1223,0,69.5,41.5,50
"927",1222,0,58,33,16
"928",1221,0,19,11,38
"929",1207,0.000353152203286074,41,22,78.0000058858701
"930",1210,0,93,54,50
"931",1191,0.000282297565416763,60,35,36.0000047049594
"932",1111,0.000463683633714773,39,21,46.0000077280606
"933",1103,5.79603347824638e-05,55.5,32.5,38.0000009660056
"934",1118,0.000250788742433614,41,22,36.0000041798124
"935",1120,0,41,23,26
"936",1115,0.000125394202499303,29.5,16.5,70.0000020899034
"937",1117,0.000111194927084224,82.5,47.5,34.0000018532488
"938",1116,0.000111194927084224,41,24,62.0000018532488
"939",1104,0.000250788742433614,77,46,62.0000041798124
"940",1109,0,75,44,10
"941",1192,0.000463683633714773,11.5,6.5,34.0000077280606
"942",1194,0,41.5,24.5,30
"943",1169,0.000282298121585342,34.5,19.5,60.0000047049687
"944",1284,0.000533364201195974,71,41,18.0000088894034
"945",1119,0.000824024920744557,22.5,13.5,18.0000137337487
"946",1113,0.000353152086945765,20,11,44.0000058858681
"947",1121,0.000125394202499303,47.5,25.5,48.0000020899034
"948",1058,0.000579603581169688,56,32,78.0000096600597
"949",1070,0.000459637462876253,92,53,22.0000076606244
"950",1064,0.000125394301637431,25.5,14.5,28.000002089905
"951",1029,0.000412789699891465,28,14,62.0000068798283
"952",1032,0,74.5,43.5,20
"953",1042,0.000459637505574475,21.5,11.5,32.0000076606251
"954",1045,0,33.5,17.5,86
"955",1025,0.000689456101794234,100.5,57.5,56.000011490935
"956",1028,0,69,41,64
"957",1027,0,75.5,43.5,46
"958",1026,0,54.5,31.5,40
"959",1019,0.000406237690186527,42.5,22.5,76.0000067706282
"960",1014,0.000289802171514471,90.5,52.5,44.0000048300362
"961",1016,0,49,27,12
"962",1022,0.00040623798887234,15,9,34.0000067706331
"963",1034,0.000206395175116891,35,18,26.0000034399196
"964",1047,0.000160629720594378,27,14,82.000002677162
"965",1073,0.000310402231994516,96.5,55.5,16.0000051733705
"966",1114,0.000481889002450813,18.5,10.5,88.0000080314834
"967",1108,0.000353152064112642,103,59,38.0000058858677
"968",1107,0,47,28,26
"969",1106,0,29.5,16.5,38
"970",1105,0,43.5,24.5,76
"971",1057,0.00052525144788464,90,52,42.0000087541908
"972",1069,0.000459637462876253,49,28,64.0000076606244
"973",1068,0,73,41,48
"974",1122,0.0006425190747093,58,34,58.0000107086512
"975",1124,0,71.5,42.5,40
"976",1126,0,49,29,56
"977",1467,0.00306990823593109,66.5,38.5,60.0000511651373
"978",1474,0,71,41,4
"979",1473,0,4,2,58
"980",1472,0,67.5,38.5,32
"981",1471,0,36,20,44
"982",1470,0,48.5,26.5,82
"983",1469,0,97,56,48
"984",1468,0,54,30,20
"985",1435,0.000406238472819405,21,11,18.0000067706412
"986",1437,0,20.5,11.5,34
"987",1439,0,35.5,18.5,44
"988",1430,5.79605418093784e-05,54.5,32.5,46.000000966009
"989",1440,5.79605418093784e-05,50.5,27.5,64.000000966009
"990",1436,0.000558987671746362,78,46,54.0000093164612
"991",1415,5.79605517466633e-05,67.5,40.5,36.0000009660092
"992",1419,0,44,26,70
"993",1426,0,83.5,48.5,40
"994",1378,0.000257129877414969,50,30,40.000004285498
"995",1381,0,47.5,27.5,34
"996",1380,0,36.5,19.5,26
"997",1379,0,26.5,13.5,38
"998",1413,0.000582530990567104,41.5,22.5,10.0000097088498
"999",1438,0.00016063005456127,10.5,5.5,82.0000026771676
"1000",1414,0.00016063005456127,95,54,32.0000026771676
"1001",1409,0.000229818783023866,40,24,60.000003830313
"1002",1490,0.000525254759806422,72.5,42.5,66.000008754246
"1003",1432,0.000310403854593855,75.5,42.5,44.0000051733976
"1004",1491,0.000310403854593855,50.5,28.5,50.0000051733976
"1005",1495,0,61,36,10
"1006",1466,0.000206395849050279,12.5,7.5,26.0000034399308
"1007",1046,0.0026921876343366,29.5,16.5,36.0000448697939
"1008",1035,0.000160629720594378,37.5,19.5,56.000002677162
"1009",1100,0.000619185161175407,65,37,68.0000103197527
"1010",1088,0.000229818752438869,81.5,47.5,64.0000038303126
"1011",1099,0,74.5,42.5,30
"1012",1098,0,33,18,60
"1013",1097,0,67.5,37.5,74
"1014",1096,0,86,49,26
"1015",1095,0,31.5,18.5,74
"1016",1094,0,86.5,49.5,68
"1017",1093,0,80,46,24
"1018",1092,0,24,12,48
"1019",1091,0,60,36,52
"1020",1090,0,58.5,32.5,32
"1021",1089,0,39.5,23.5,14
"1022",1112,5.79603347824638e-05,15.5,8.5,18.0000009660056
"1023",1102,0.000353152092880169,21,12,50.0000058858682
"1024",1137,0.00041279010357496,56,31,66.0000068798351
"1025",1148,0,79.5,46.5,30
"1026",1289,0.000637565724170592,37.5,22.5,6.0000106260954
"1027",1349,0.000619186528758309,6.5,3.5,20.0000103197755
"1028",1348,0,20,10,64
"1029",1347,0,77.5,45.5,70
"1030",1346,0,81.5,46.5,48
"1031",1345,0,55,31,52
"1032",1344,0,60.5,34.5,32
"1033",1343,0,39,23,58
"1034",1360,0.000448540310275462,69,40,24.0000074756718
"1035",1385,0.000160629875276503,27.5,15.5,78.0000026771646
"1036",1361,0.000160629875276503,93,54,58.0000026771646
"1037",1363,0,69,40,36
"1038",1340,0.000406238145554537,43.5,25.5,56.0000067706358
"1039",1336,0.000250788587793377,63.5,35.5,66.0000041798098
"1040",1339,0,78.5,45.5,82
"1041",1286,0.000347762705411498,95,54,50.0000057960451
"1042",1311,0.000257129507067102,55,30,32.0000042854918
"1043",1342,0.000321260487779932,37.5,21.5,52.0000053543415
"1044",1359,0.000448540310275462,63.5,37.5,22.0000074756718
"1045",1358,0,23.5,12.5,58
"1046",1464,0.000590174871876458,68.5,39.5,34.0000098362479
"1047",1690,0.00309368737842193,36,19,28.0000515614563
"1048",1692,0,28.5,14.5,60
"1049",1669,0.0011358618599268,71,41,68.000018931031
"1050",1671,0,79.5,45.5,24
"1051",1642,0.000206395648126066,24.5,12.5,54.0000034399275
"1052",1644,0,67,40,72
"1053",1612,0.000257128455423928,83,47,48.0000042854743
"1054",1572,0.000602377229410662,56.5,32.5,16.0000100396205
"1055",1576,0,17.5,9.5,30
"1056",1641,0.000463684587325642,33.5,18.5,44.0000077280765
"1057",1640,0,51,29,12
"1058",1639,0,15,9,48
"1059",1638,0,56.5,32.5,48
"1060",1637,0,56.5,32.5,58
"1061",1636,0,68,39,20
"1062",1635,0,21.5,11.5,42
"1063",1672,0.000206395648126066,48.5,27.5,40.0000034399275
"1064",1674,0,44.5,24.5,16
"1065",1668,0.000250788739201009,19,11,60.0000041798123
"1066",1675,0.000250788739201009,73.5,43.5,44.0000041798123
"1067",1611,0.000619187358784394,52.5,30.5,76.0000103197893
"1068",1645,0.000257128455423928,89,51,34.0000042854743
"1069",1647,0,39.5,22.5,58
"1070",1615,0.000231842346477316,69.5,40.5,68.0000038640391
"1071",1618,0,77.5,43.5,18
"1072",1550,0.000462676295608222,22,13,12.0000077112716
"1073",1565,0.000111194927084224,14.5,8.5,42.0000018532488
"1074",1633,0.00047683054687166,47,26,56.0000079471758
"1075",1688,0.00036529839232116,66,38,74.0000060883065
"1076",1687,0,87.5,50.5,10
"1077",1686,0,12.5,7.5,2
"1078",1685,0,2,1,76
"1079",1684,0,89.5,51.5,56
"1080",1683,0,68,40,12
"1081",1682,0,15,9,60
"1082",1681,0,72.5,42.5,14
"1083",1634,0.00036529839232116,15,8,68.0000060883065
"1084",1706,0.000405724014048197,80.5,46.5,52.0000067620669
"1085",1726,0.000231841856606549,64,38,68.0000038640309
"1086",1691,0.00127162106812793,81,47,8.00002119368447
"1087",1727,0.00127162106812793,9,5,72.0000211936845
"1088",1729,0,83.5,47.5,54
"1089",1753,0.000501577399126069,63,36,22.0000083596233
"1090",1758,0,26.5,15.5,44
"1091",1764,0.000685523163172658,48,26,16.0000114253861
"1092",1766,0,17.5,9.5,44
"1093",1778,0,49.5,27.5,28
"1094",1704,0.00215604847530673,29.5,15.5,78.0000359341413
"1095",1678,0.000173881352890095,91,52,28.0000028980226
"1096",1707,0.000406238178124514,31.5,17.5,82.0000067706363
"1097",1695,0.000459637532538833,97,56,38.0000076606255
"1098",1679,0.000459637522282421,42.5,23.5,40.0000076606254
"1099",1577,0.000704359260288146,47.5,27.5,28.000011739321
"1100",1516,0.000642520319442784,33.5,19.5,54.000010708672
"1101",1817,0.0129840040993799,66.5,39.5,22.0002164000683
"1102",1465,0.0132922444696284,26,15,78.0002215374078
"1103",1496,0.000206395849050279,91,52,46.0000034399308
"1104",1526,0.000160629956818332,51,28,58.0000026771659
"1105",1551,0.000289802072141543,66,37,4.00000483003454
"1106",1556,0,4.5,2.5,34
"1107",1605,0.000321259770640762,41.5,24.5,32.0000053543295
"1108",1607,0,37.5,21.5,54
"1109",1717,0.00113414641937701,60.5,33.5,58.0000189024403
"1110",1725,0,67,38,28
"1111",1724,0,29,15,62
"1112",1723,0,76,45,50
"1113",1722,0,55,30,20
"1114",1721,0,22,12,70
"1115",1720,0,84,49,64
"1116",1719,0,74,42,0
"1117",1718,0,0,0,56
"1118",1757,0.000619186140681239,63.5,35.5,80.000010319769
"1119",1756,0,94.5,54.5,60
"1120",1755,0,71,41,52
"1121",1754,0,63,37,60
"1122",1696,0.000976574455691942,68,38,66.0000162762409
"1123",1699,0,78.5,45.5,36
"1124",1703,0,42,24,38
"1125",1584,0.00076165051046399,40.5,21.5,46.0000126941752
"1126",1601,0,52.5,29.5,50
"1127",1603,0,56.5,31.5,54
"1128",1606,0.000111194927084224,63.5,36.5,30.0000018532488
"1129",1604,0.000111194927084224,37.5,22.5,66.0000018532488
"1130",1557,0.000321259770640762,76,43,36.0000053543295
"1131",1564,0,39.5,21.5,72
"1132",1563,0,83.5,47.5,14
"1133",1562,0,15,8,70
"1134",1561,0,83,48,84
"1135",1560,0,98.5,56.5,32
"1136",1559,0,34.5,18.5,72
"1137",1558,0,85,49,64
"1138",1527,0.000310402239726012,73,41,50.0000051733707
"1139",1531,0,56.5,31.5,50
"1140",1541,0,62.5,37.5,18
"1141",1405,0.000931211403447447,22,13,54.0000155201901
"1142",1411,0.000669682484768694,61.5,34.5,66.0000111613747
"1143",1406,0.000669682484768694,76,43,34.0000111613747
"1144",1408,0,40,23,56
"1145",1407,0,64.5,36.5,28
"1146",1357,0.000365298359180486,29.5,15.5,52.000006088306
"1147",1383,0.000677165342676803,62,36,22.000011286089
"1148",1291,0.000647189347332583,23,12,10.0000107864891
"1149",1178,0.000620805275795913,10,5,34.0000103467546
"1150",1752,0.00436878121863042,39,22,56.0000728130203
"1151",1730,0.000501577399126069,63.5,35.5,54.0000083596233
"1152",1739,0,66.5,39.5,58
"1153",1746,0,69,40,34
"1154",1750,0.000780519493876597,37.5,20.5,44.0000130086582
"1155",1702,0.000730595652942531,49.5,27.5,22.0000121765942
"1156",1701,0,25.5,14.5,48
"1157",1700,0,54.5,30.5,24
"1158",1631,0.000514256224243871,29,17,14.0000085709371
"1159",1583,0.000626972152648104,15,8,74.0000104495359
"1160",1632,0.000626972152648104,88,51,34.0000104495359
"1161",1694,0.000420685177231149,38.5,21.5,58.0000070114196
"1162",1643,0.000412790838462404,67.5,38.5,38.0000068798473
"1163",1627,0.000353152197260254,43.5,24.5,60.00000588587
"1164",1630,0.000111194927084224,68,38,34.0000018532488
"1165",1571,0.000602029925056152,39,22,46.0000100338321
"1166",1530,0.000365106870710992,53.5,30.5,26.0000060851145
"1167",1529,0,31.5,18.5,44
"1168",1528,0,47.5,25.5,8
"1169",1613,0.000883773755570707,10,6,58.0000147295626
"1170",1646,0.000231841524994759,69,40,26.0000038640254
"1171",1660,0.000229818739072518,26.5,13.5,34.0000038303123
"1172",1667,0,42,25,44
"1173",1676,0.00100744577373173,51,29,32.0000167907629
"1174",1524,0.00110125196476628,34,18,20.0000183541994
"1175",1523,0,22.5,12.5,52
"1176",1522,0,64,38,70
"1177",1521,0,81.5,46.5,26
"1178",1476,0.000310403251537924,27.5,14.5,84.0000051733875
"1179",1463,0.000897080643950762,97.5,55.5,40.0000149513441
"1180",1488,0.000250788615906282,44.5,24.5,80.0000041798103
"1181",1568,0.000620805430425761,94.5,54.5,14.0000103467572
"1182",1567,0.000111194927084224,14.5,7.5,46.0000018532488
"1183",1569,0.000111194927084224,51,28,66.0000018532488
"1184",1540,0.000441886955466455,80,47,28.0000073647826
"1185",1539,0,31,17,70
"1186",1538,0,83,48,52
"1187",1537,0,65,39,76
"1188",1536,0,90,52,42
"1189",1535,0,50.5,29.5,58
"1190",1534,0,66.5,37.5,72
"1191",1533,0,86.5,50.5,34
"1192",1532,0,35,18,20
"1193",1570,0.000441886955466455,20.5,10.5,72.0000073647826
"1194",1460,0.00112440884184219,86,50,72.0000187401474
"1195",1511,0.00034776285410216,86.5,50.5,48.0000057960476
"1196",1513,0,60,36,24
"1197",1512,0,28,16,34
"1198",1499,5.7960581927208e-05,41.5,24.5,76.0000009660097
"1199",1498,0,90,52,72
"1200",1510,0.000338582683758489,82.5,46.5,42.0000056430447
"1201",1461,0.00034776285410216,48,27,68.0000057960476
"1202",1181,0.005136765743491,78,44,32.0000856127624
"1203",1187,0,38,22,56
"1204",1190,0,66,38,22
"1205",1189,0,27.5,16.5,58
"1206",1188,0,70,41,56
"1207",1211,0.000282297565416763,67,39,24.0000047049594
"1208",1280,0.000257128957185993,30,18,66.0000042854826
"1209",1283,0,75.5,42.5,20
"1210",1170,0.000533364201195974,23.5,13.5,64.0000088894033
"1211",1275,0.000571211757992543,72.5,40.5,20.000009520196
"1212",1171,0.000571211757992543,25,15,46.000009520196
"1213",1175,0,56,33,76
"1214",1177,0,89.5,51.5,56
"1215",1125,0.000376182908016169,70,42,40.0000062697151
"1216",1335,0.00113414312742614,45,25,56.0000189023855
"1217",1341,0.000250788587793377,63.5,35.5,24.0000041798098
"1218",1312,0.000321260487779932,25,13,60.0000053543415
"1219",1321,0,71.5,41.5,40
"1220",1387,0.000514255960192442,46,26,20.0000085709327
"1221",1391,0,25,15,44
"1222",1398,0.000125394275821168,52.5,30.5,60.0000020899046
"1223",1397,0,72,42,4
"1224",1396,0,5,3,34
"1225",1395,0,39,22,82
"1226",1394,0,96.5,55.5,22
"1227",1392,0.000125394275821168,25.5,14.5,64.0000020899046
"1228",1545,0.00108125587909905,76.5,44.5,66.0000180209313
"1229",1547,0,77,44,72
"1230",1549,0,82.5,46.5,28
"1231",1520,0.000289802991340644,29.5,15.5,56.0000048300499
"1232",1617,0.00131155999436542,62.5,34.5,66.0000218593332
"1233",1616,0,79.5,46.5,30
"1234",1600,0.000797550100176694,35,20,34.0000132925017
"1235",1599,0,35,18,30
"1236",1598,0,36.5,21.5,10
"1237",1597,0,10.5,5.5,32
"1238",1596,0,34,18,78
"1239",1595,0,91,52,62
"1240",1594,0,71,40,26
"1241",1593,0,31.5,18.5,60
"1242",1592,0,75,45,44
"1243",1591,0,50.5,28.5,44
"1244",1590,0,54,32,26
"1245",1589,0,29.5,16.5,38
"1246",1588,0,46,27,46
"1247",1587,0,56.5,33.5,56
"1248",1586,0,66.5,38.5,34
"1249",1585,0,35,18,30
"1250",1619,0.000477560326001,30.5,15.5,14.0000079593388
"1251",1623,0.000333584778423379,15.5,8.5,26.0000055597463
"1252",1626,0,30,17,56
"1253",1625,0,66,38,46
"1254",1624,0,50,27,52
"1255",1575,0.000564595408501902,60,34,56.0000094099235
"1256",1574,0,65.5,37.5,50
"1257",1573,0,61,36,30
"1258",1501,0.000567071358759765,30,15,48.0000094511893
"1259",1506,0,52.5,28.5,68
"1260",1485,0.000206395376041158,78.5,44.5,26.0000034399229
"1261",1484,0,29,16,62
"1262",1390,0.000642519726341714,75.5,44.5,30.0000107086621
"1263",1389,0,36,21,72
"1264",1388,0,86,50,8
"1265",1368,0.000115920941552995,9,5,58.0000019320157
"1266",1367,0,71,42,24
"1267",1366,0,27.5,15.5,82
"1268",1351,0.000459637522514064,97,56,28.0000076606254
"1269",1356,0,31.5,17.5,80
"1270",1355,0,93.5,53.5,54
"1271",1354,0,62,35,50
"1272",1353,0,62,37,58
"1273",1352,0,71,42,66
"1274",1441,0.000723955107594931,75,42,40.0000120659185
"1275",1459,0,50,30,38
"1276",1458,0,43.5,24.5,32
"1277",1457,0,34.5,18.5,72
"1278",1456,0,85.5,49.5,48
"1279",1455,0,54.5,30.5,26
"1280",1454,0,28,15,48
"1281",1453,0,57,33,50
"1282",1452,0,62.5,37.5,66
"1283",1451,0,77,44,58
"1284",1450,0,67,38,64
"1285",1449,0,74.5,42.5,32
"1286",1448,0,37.5,21.5,64
"1287",1447,0,73.5,41.5,56
"1288",1446,0,68,40,38
"1289",1445,0,40,21,54
"1290",1444,0,65,38,36
"1291",1443,0,39.5,21.5,80
"1292",1442,0,95,55,56
"1293",1338,0.000761645697056291,67.5,39.5,84.0000126940949
"1294",1337,0,98.5,56.5,34
"1295",1269,0.000525252092945664,36,19,60.0000087542016
"1296",1242,0.000115920749431998,69.5,39.5,58.0000019320125
"1297",1244,0,66,37,36
"1298",1267,0.000229818764134431,40.5,22.5,34.0000038303127
"1299",1240,0.000115920782556316,37,20,54.000001932013
"1300",1230,0.000229818737401725,63.5,36.5,30.0000038303123
"1301",1213,5.79606395259862e-05,37,22,46.0000009660107
"1302",1231,5.79606395259862e-05,55.5,32.5,52.0000009660107
"1303",1296,0.000626972337698238,58.5,32.5,50.000010449539
"1304",1299,0,62,37,46
"1305",1301,0,53.5,30.5,62
"1306",1303,0,70.5,39.5,66
"1307",1193,0.000590175799373206,79,46,22.0000098362633
"1308",1304,0.000590175799373206,23,12,80.0000098362633
"1309",1306,0,92.5,52.5,84
"1310",1310,0,98.5,56.5,28
"1311",1309,0,34.5,20.5,48
"1312",1308,0,56,32,22
"1313",1307,0,23.5,12.5,78
"1314",1287,0.000257129507067102,92,53,16.0000042854918
"1315",1257,0.000115921070369043,17.5,9.5,14.0000019320178
"1316",1259,0,15,8,44
"1317",1266,0,52.5,30.5,52
"1318",1265,0,60,34,72
"1319",1264,0,84.5,48.5,40
"1320",1263,0,50,30,56
"1321",1262,0,63,35,66
"1322",1261,0,80.5,47.5,22
"1323",1260,0,25,14,68
"1324",1245,0.000229818764134431,80,46,72.0000038303127
"1325",1256,0,85,49,28
"1326",1255,0,29.5,15.5,50
"1327",1254,0,62,37,74
"1328",1253,0,88.5,51.5,72
"1329",1252,0,83.5,47.5,38
"1330",1251,0,43.5,24.5,20
"1331",1250,0,24.5,14.5,8
"1332",1249,0,9,5,34
"1333",1248,0,35,18,18
"1334",1247,0,21.5,12.5,24
"1335",1246,0,25.5,13.5,44
"1336",1323,0.000412791099513824,52,30,10.0000068798517
"1337",1298,0.000282298121585342,12.5,7.5,20.0000047049687
"1338",1297,0,22.5,12.5,56
"1339",1324,0.000282298121585342,65.5,37.5,50.0000047049687
"1340",1232,0.00205451759876058,60,35,54.00003424196
"1341",1123,0.000668748230130031,65.5,38.5,20.0000111458038
"1342",1233,0.000668748230130031,20,10,34.0000111458038
"1343",1219,0.000125394276586713,40,23,66.0000020899046
"1344",1218,0,81,48,50
"1345",1234,0.000125394276586713,58,33,50.0000020899046
"1346",1239,0,61.5,36.5,28
"1347",1268,0.000115920782556316,34.5,20.5,14.000001932013
"1348",1167,0.000567070741387486,14,7,82.000009451179
"1349",1195,0.000282298121585342,95,54,68.0000047049687
"1350",1197,0.000222389854168448,80.5,46.5,66.0000037064976
"1351",1241,0.000257127966831889,80,47,22.0000042854661
"1352",1198,0.000257127966831889,23,12,78.0000042854661
"1353",1160,0.000477560076344922,91,52,58.0000079593346
"1354",1165,0,69.5,40.5,48
"1355",1131,0.000567930822838579,53.5,29.5,62.0000094655137
"1356",1133,0,70.5,39.5,76
"1357",1136,0,88.5,50.5,74
"1358",1135,0,85,48,24
"1359",1134,0,24,12,60
"1360",1036,0.000876487030977318,69.5,39.5,28.0000146081172
"1361",1041,0,33.5,19.5,24
"1362",1040,0,28,16,66
"1363",1039,0,79.5,46.5,66
"1364",1038,0,77.5,44.5,76
"1365",1037,0,88.5,50.5,32
"1366",1020,0.000310402340235448,39.5,23.5,56.0000051733723
"1367",1067,0.0010617229978038,66.5,38.5,38.0000176953833
"1368",1015,0.000761645121588338,46,27,56.0000126940854
"1369",990,0.000897397778927217,63,35,54.0000149566296
"1370",1149,0.00197379227637015,64,37,50.0000328965379
"1371",1159,0,62.5,37.5,0
"1372",1158,0,0,0,30
"1373",1157,0,33,18,34
"1374",1156,0,39.5,22.5,8
"1375",1155,0,9,5,44
"1376",1154,0,53.5,31.5,60
"1377",1153,0,74,44,52
"1378",1152,0,62.5,36.5,36
"1379",1151,0,37.5,19.5,16
"1380",1150,0,19,11,70
"1381",1278,0.00052164329736123,83,48,36.000008694055
"1382",1277,0,41,23,34
"1383",1293,0.000376182728878635,36,19,6.00000626971215
"1384",1373,0.000762378601286788,6.5,3.5,86.00001270631
"1385",1372,0,100.5,57.5,70
"1386",1371,0,81,46,28
"1387",1370,0,34.5,20.5,20
"1388",1434,0.000752365898498974,23,13,46.0000125394316
"1389",1403,0.000477560329619207,53,30,38.0000079593388
"1390",1328,0.000906010409006018,42,23,16.0000151001735
"1391",1334,0,20,12,70
"1392",1333,0,83.5,48.5,38
"1393",1332,0,43.5,24.5,34
"1394",1331,0,36.5,19.5,58
"1395",1330,0,69,40,34
"1396",1329,0,39.5,22.5,82
"1397",1546,0.00149804305590978,95.5,54.5,8.00002496738426
"1398",1555,5.79604970915882e-05,10,6,30.0000009660083
"1399",1554,0,32,17,28
"1400",1553,0,32,18,82
"1401",1552,0,95.5,54.5,8
"1402",1579,0.000250788606166465,8,4,36.0000041798101
"1403",1581,0,43.5,25.5,36
"1404",1519,0.000906011247612947,38,20,56.0000151001875
"1405",1648,0.00116692891453231,67.5,39.5,8.00001944881524
"1406",1673,0.000250788655161378,8,4,64.0000041798109
"1407",1649,0.000250788655161378,74,42,36.0000041798109
"1408",1659,0,41.5,23.5,70
"1409",1614,0.000365297669368737,83,48,6.08829448947895e-06
"1410",1400,0.00166692742806987,0,0,78.0000277821238
"1411",1365,0.000173881715232387,90.5,51.5,40.0000028980286
"1412",1258,0.000824026753179484,49,29,14.0000137337792
"1413",1300,0.000530861909202066,15.5,8.5,62.0000088476985
"1414",1364,0.000462675441628825,70.5,39.5,54.0000077112574
"1415",1243,0.00105050605573673,61.5,34.5,60.0000175084343
"1416",1215,0.000448540313414712,73,43,86.0000074756719
"1417",1294,0.00095512054609088,100.5,57.5,72.0000159186758
"1418",1273,0.00101574798102439,84,48,54.000016929133
"1419",1272,0,62,35,28
"1420",1271,0,30.5,16.5,56
"1421",1295,0.00101574798102439,63.5,35.5,28.000016929133
"1422",1325,0.00145595461542842,33.5,19.5,32.0000242659103
"1423",1425,0.00106172578276644,35,19,50.0000176954297
"1424",1424,0,55,30,4
"1425",1423,0,5,3,20
"1426",1422,0,25,15,50
"1427",1421,0,59.5,34.5,4
"1428",1420,0,4,2,60
"1429",1326,0.00106172578276644,68,38,12.0000176954297
"1430",1072,0.00150698154037544,15,9,28.000025116359
"1431",1048,0.000310402231994516,28,14,82.0000051733705
"1432",1050,0,96,55,46
"1433",1056,0,54,31,32
"1434",1049,0.000353152057588894,32.5,16.5,40.0000058858676
"1435",1065,0.000582530963871257,43.5,23.5,44.0000097088494
"1436",1062,0.000125394258213634,53.5,31.5,10.0000020899043
"1437",1061,0,11.5,6.5,30
"1438",1060,0,35,20,74
"1439",1066,0.000125394258213634,86.5,49.5,16.0000020899043
"1440",1087,0.000206394974503213,18,10,38.0000034399162
"1441",1101,0.000229818752438869,45,26,76.0000038303126
"1442",1086,0.00100243136867115,87.5,49.5,40.0000167071895
"1443",1085,0,46.5,26.5,36
"1444",1084,0,42,24,62
"1445",1228,0.000841367370936059,70,39,76.0000140227895
"1446",1227,0,89.5,51.5,26
"1447",1196,0.000477560000362734,31.5,18.5,56.0000079593333
"1448",1204,0.00100243136742624,68.5,40.5,62.0000167071895
"1449",1074,0.000819027279584399,71.5,40.5,10.0000136504547
"1450",1081,0,11.5,6.5,32
"1451",1186,0.00109444483139254,39.5,23.5,52.0000182407472
"1452",1185,0,58.5,32.5,50
"1453",1184,0,62,37,48
"1454",1183,0,54.5,30.5,38
"1455",1182,0,42.5,23.5,36
"1456",1282,0.000514258744668398,44,26,30.0000085709791
"1457",1281,0,30.5,15.5,32
"1458",1082,0.00128758572626745,34,18,14.0000214597621
"1459",1110,0.00145595447004653,14,7,64.0000242659078
"1460",1033,0.00104384233907928,73.5,41.5,22.0000173973723
"1461",1044,0.000160629813390532,27.5,16.5,66.0000026771636
"1462",1043,0,75,42,42
"1463",1017,0.000619185512792906,47.5,26.5,32.0000103197585
"1464",1008,0.000642518665242182,34.5,18.5,52.0000107086444
"1465",1010,0,65,39,30
"1466",1018,0.00279493821221724,35,20,24.0000465823035
"1467",1011,0.000852519391583954,29.5,17.5,24.0000142086565
"1468",1013,0,30,18,72
"1469",1009,0.000289802171514471,85,49,30.0000048300362
"1470",1164,0.0023773511906518,31,16,52.0000396225198
"1471",1163,0,62,36,16
"1472",1162,0,19.5,11.5,76
"1473",1161,0,89.5,51.5,48
"1474",1174,5.79604109684005e-05,59,35,50.0000009660069
"1475",1173,0,62.5,37.5,58
"1476",1172,0,69,40,66
"1477",1147,0.000459637489608947,78.5,45.5,58.0000076606248
"1478",1146,0,68.5,39.5,52
"1479",1145,0,59,33,50
"1480",1144,0,57.5,32.5,42
"1481",1143,0,46,25,38
"1482",1142,0,47.5,28.5,72
"1483",1141,0,87,51,6
"1484",1140,0,6,3,52
"1485",1139,0,58.5,32.5,48
"1486",1138,0,60,36,62
"1487",1202,0.000231841617742844,76.5,45.5,78.000003864027
"1488",1201,0,90.5,51.5,66
"1489",1200,0,79,46,16
"1490",1166,0.000689456229609846,19.5,11.5,76.0000114909372
"1491",1055,0.00183022122561002,89.5,51.5,26.0000305036871
"1492",1054,0,32,19,18
"1493",1053,0,21.5,12.5,30
"1494",1052,0,30.5,15.5,16
"1495",1051,0,17.5,9.5,24
"1496",1080,0.000282297512557751,25,13,84.0000047049585
"1497",1079,0,98,56,30
"1498",1078,0,35.5,20.5,54
"1499",1077,0,63.5,36.5,54
"1500",1076,0,61.5,34.5,84
"1501",1075,0,99,57,60
"1502",1024,0.000620804023293744,67.5,37.5,64.0000103467337
"1503",1209,0.0026888248831818,75,43,82.000044813748
"1504",1208,0,95.5,54.5,48
"1505",1320,0.000567069740422275,56.5,32.5,52.0000094511623
"1506",1319,0,63,37,44
"1507",1318,0,54,32,32
"1508",1317,0,33,17,34
"1509",1316,0,37,20,60
"1510",1315,0,70.5,40.5,44
"1511",1314,0,48,26,58
"1512",1313,0,67.5,38.5,70
"1513",1012,0.0027321420147764,83.5,48.5,46.0000455357002
"1514",992,0.000642518713051435,54.5,31.5,40.0000107086452
"1515",989,0.00160873103070216,42.5,22.5,60.0000268121838
"1516",1285,0.00374836594769586,71.5,41.5,72.0000624727658
"1517",1494,0.00127512991910477,82.5,46.5,82.0000212521653
"1518",1493,0,97,56,58
"1519",1492,0,65,36,84
"1520",1505,0.000160629906784432,99,57,42.0000026771651
"1521",1504,0,50.5,29.5,8
"1522",1503,0,8.5,4.5,24
"1523",1502,0,28,16,40
"1524",1543,0.000727392987720202,48,28,12.0000121232165
"1525",1548,0.000115920884872988,14.5,8.5,68.0000019320148
"1526",1620,0.000906009791932104,78.5,44.5,50.0000151001632
"1527",1622,0,57,32,68
"1528",1698,0.000619185990298658,82,48,48.0000103197665
"1529",1697,0,55,31,44
"1530",1666,0.000955120303805435,52,30,60.0000159186717
"1531",1665,0,68.5,38.5,44
"1532",1664,0,54,32,70
"1533",1663,0,85,50,38
"1534",1662,0,44,25,18
"1535",1661,0,18.5,9.5,28
"1536",1751,0.00108125715217798,33,19,44.0000180209525
"1537",1762,0.000637560969540996,51.5,29.5,36.0000106260162
"1538",1759,0.000936997499455976,40,22,32.000015616625
"1539",1761,0,39.5,23.5,62
"1540",1760,0,72,41,46
"1541",1777,0.00379658818230573,53.5,30.5,40.0000632764697
"1542",1776,0,44,24,34
"1543",1775,0,37,20,80
"1544",1774,0,93,53,80
"1545",1773,0,94.5,54.5,54
"1546",1772,0,62,35,58
"1547",1771,0,69.5,40.5,46
"1548",1770,0,51,28,20
"1549",1769,0,24.5,14.5,40
"1550",1768,0,50,30,30
"1551",1767,0,30.5,15.5,54
"1552",1765,0.00522616155315348,63.5,36.5,4.00008710269255
"1553",1127,0.00586287908572844,4,2,50.0000977146514
"1554",1130,0,56,31,50
"1555",1629,0.00301394008588232,58.5,33.5,32.0000502323348
"1556",1628,0.000111194927084224,38,22,58.0000018532488
"1557",1747,0.000953658915616166,67.5,38.5,50.0000158943153
"1558",1749,0,56.5,31.5,28
"1559",1786,0.00462468391014398,35,21,68.0000770780652
"1560",1794,0,79.5,45.5,48
"1561",1793,0.00322517372541401,56.5,32.5,66.0000537528954
"1562",1792,0,77.5,44.5,58
"1563",1791,0,69.5,40.5,44
"1564",1790,0,52,30,14
"1565",1789,0,15,8,10
"1566",1788,0,12,7,20
"1567",1787,0,24.5,14.5,64
"1568",1795,0.00322517372541401,74,42,54.0000537528954
"1569",1811,0,60,33,68
"1570",1816,0,78,44,24
"1571",1517,0.0129840040993799,24.5,12.5,22.0002164000683
"1572",1582,0.000906011247612947,26,15,32.0000151001875
"1573",1518,0.00196096959390789,39.5,23.5,36.0000326828266
"1574",1362,0.00102851794364414,38.5,20.5,24.0000171419657
"1575",1779,0.00469703955736468,25.5,13.5,36.0000782839926
"1576",1785,0,43.5,25.5,24
"1577",1784,0,25.5,13.5,42
"1578",1783,0,49.5,28.5,50
"1579",1782,0,55,30,78
"1580",1781,0,90.5,51.5,38
"1581",1780,0,45.5,26.5,44
"1582",1810,0.00433773063668795,49,27,60.0000722955106
"1583",1809,0,72,42,54
"1584",1808,0,66.5,39.5,80
"1585",1807,0,92.5,52.5,50
"1586",1806,0,57.5,32.5,76
"1587",1805,0,89.5,51.5,24
"1588",1804,0,25,13,88
"1589",1803,0,102.5,58.5,54
"1590",1802,0,67,40,28
"1591",1801,0,32,18,22
"1592",1800,0,25,14,52
"1593",1799,0,64.5,38.5,44
"1594",1798,0,50.5,28.5,72
"1595",1797,0,84,48,34
"1596",1796,0,35.5,18.5,26
"1597",1708,0.0152111811988605,31.5,18.5,34.0002535196867
"1598",1508,0.0015157448905524,36.5,19.5,22.0000252624148
"1599",1305,0.00150759112874368,22,11,46.0000251265188
"1600",1168,0.0010505075420196,54.5,31.5,88.000017508459
"1601",1418,0.00187280905571449,103,59,50.0000312134843
"1602",1417,0,62,37,40
"1603",1416,0,49,29,36
"1604",1580,0.00108106764457852,39.5,21.5,76.0000180177941
"1605",1608,0.00122862503887125,89.5,51.5,48.000020477084
"1606",1658,0.0011650623625579,56.5,32.5,38.000019417706
"1607",1657,0,40,21,50
"1608",1656,0,58,33,26
"1609",1655,0,32.5,19.5,66
"1610",1654,0,78,45,52
"1611",1653,0,57.5,31.5,20
"1612",1652,0,22,12,72
"1613",1651,0,86,50,82
"1614",1650,0,95.5,54.5,46
"1615",1621,0.000376182933066895,57.5,34.5,36.0000062697155
"1616",1566,0.000688272830961708,44.5,26.5,80.0000114712139
"1617",1713,0.00110684936797621,93,53,14.0000184474895
"1618",1712,0.000558987668311759,15,8,24.0000093164611
"1619",1711,0,30,18,76
"1620",1710,0,90.5,52.5,32
"1621",1738,0.000231842074858204,34,18,34.0000038640346
"1622",1737,0,35,18,70
"1623",1736,0,84,49,40
"1624",1735,0,45,25,36
"1625",1734,0,45,27,66
"1626",1733,0,76,43,86
"1627",1732,0,100.5,57.5,80
"1628",1731,0,92.5,52.5,32
"1629",1714,0.000582531186602771,32.5,16.5,70.0000097088531
"1630",1716,0,83,48,20
"1631",1715,0,20,10,56
"1632",1693,0.00181278891087322,66,38,34.0000302131485
"1633",1745,0.000685523333311282,38.5,21.5,48.0000114253889
"1634",1744,0,57,33,68
"1635",1743,0,77.5,43.5,36
"1636",1742,0,39.5,21.5,60
"1637",1741,0,70,40,56
"1638",1740,0,63.5,35.5,30
"1639",1670,0.000730215191675034,31.5,16.5,32.0000121702532
"1640",1602,0.000762378611233649,33.5,17.5,32.0000127063102
"1641",1748,0.00209950764205541,37,21,50.000034991794
"1642",1728,0.00289629238640119,56,31,52.0000482715398
"1643",1302,0.00297475435159364,64.5,38.5,26.0000495792392
"1644",1238,0.000752366155892781,29.5,16.5,32.0000125394359
"1645",1237,0,36.5,20.5,66
"1646",1236,0,78,45,56
"1647",1235,0,63.5,35.5,70
"1648",1129,0.000619187369817887,81.5,46.5,46.0000103197895
"1649",1128,0,51.5,28.5,18
"1650",1376,0.00178086107453689,21.5,12.5,14.0000296810179
"1651",1375,0,16,9,2
"1652",1031,0.00361977757803534,2,1,42.0000603296263
"1653",1030,0,52,31,30
"1654",1176,0.00173009115271868,33.5,18.5,22.0000288348525
"1655",1132,0.00367355009134768,22.5,11.5,56.0000612258349
"1656",991,0.00210943761637244,66,38,68.0000351572936
"1657",1083,0.0126483012680873,81,47,30.0002108050211
"1658",1609,0.0132729127542286,36.5,21.5,54.0002212152126
"1659",1763,0.00237535654469331,64,37,68.0000395892757
"1660",1815,0.0101847674068457,82,48,64.0001697461234
"1661",1814,0,79,47,56
"1662",1813,0,66.5,38.5,22
"1663",1812,0,23,12,66
"1664",1709,0.0125466289628249,80,47,30.0002091104827
"1665",1180,0.0266844205328168,31,16,42.0004447403422
"1666",1818,0.0154347827320575,51.5,30.5,62.0002572463789
"1667",1859,0,71.5,40.5,30
"1668",1891,0,30,15,82
"1669",2463,0.0669873321376828,96,55,28.0011164555356
"1670",2473,0,35,21,26
"1671",2455,0.00181189893443038,28,15,44.0000301983156
"1672",2445,0.00313671905473751,51.5,29.5,10.0000522786509
"1673",2420,0.00108105466617114,10.5,5.5,28.0000180175778
"1674",2429,0.00062693760267993,33.5,19.5,62.00001044896
"1675",2444,0.000476715613560225,70.5,39.5,56.0000079452602
"1676",2381,0.00260754352628331,69,41,72.0000434590588
"1677",2383,0,84.5,48.5,90
"1678",2385,0,105,60,36
"1679",2356,0.000823849814327117,42,24,38.0000137308302
"1680",2359,0,41.5,22.5,66
"1681",2361,0,78.5,45.5,40
"1682",2370,0.000231783058191256,45.5,25.5,40.000003863051
"1683",2333,0.000823849263043132,43.5,23.5,64.0000137308211
"1684",2354,0.000365022836344376,76.5,44.5,50.0000060837139
"1685",2339,0.000727363556291229,55,30,68.0000121227259
"1686",2352,0.000231783322842075,80,46,68.0000038630554
"1687",2334,0.000365022836344376,82,48,54.0000060837139
"1688",2343,0.000125387495743379,64,37,66.0000020897916
"1689",2393,0.00188590900168471,77,44,42.0000314318167
"1690",2395,0,51.5,30.5,58
"1691",2392,0.000441839028365426,68,39,48.0000073639838
"1692",2344,0.00188590900168471,54,30,44.0000314318167
"1693",2299,0.0010810530297167,49,27,62.0000180175505
"1694",2298,0.000222389851339155,76.5,45.5,46.0000037064975
"1695",2292,0.000282270125565397,52,29,20.0000047045021
"1696",2307,0.000689445107931123,20,10,8.0000114907518
"1697",2309,0,8.5,4.5,14
"1698",2266,0.00427431971048358,16,9,16.0000712386618
"1699",2280,0.00042058555015275,20,12,72.0000070097592
"1700",2273,0.000250774815387628,84.5,48.5,54.0000041795803
"1701",2297,0.000590030590862505,66,39,36.0000098338432
"1702",2300,0.000222389851339155,45,27,76.0000037064975
"1703",2306,0,87.5,49.5,32
"1704",2294,0.000353142490427464,40,24,28.0000058857082
"1705",2288,0.000206357977094809,31.5,17.5,58.0000034392996
"1706",2290,0,72,43,40
"1707",2345,0.00134832347613716,43,23,24.0000224720579
"1708",2348,0.00033858014871215,25.5,13.5,46.0000056430025
"1709",2387,0.00188081386472307,54,31,48.0000313468977
"1710",2390,0,59.5,35.5,34
"1711",2432,0.00186199956487078,41.5,24.5,24.0000310333261
"1712",2436,0,28,16,28
"1713",2435,0.000667169559676051,29,15,44.0000111194927
"1714",2434,0,53.5,31.5,66
"1715",2433,0,79.5,46.5,24
"1716",2437,0.000667169559676051,28.5,16.5,74.0000111194927
"1717",2425,0.00064243494083192,88.5,51.5,20.000010707249
"1718",2415,0.000257075016481884,22,12,26.0000042845836
"1719",2389,0.00173569696933055,32,19,48.0000289282828
"1720",2388,0,55.5,31.5,6
"1721",2337,0.00126175084586877,6,3,24.0000210291808
"1722",2355,0.000727363556291229,24,12,16.0000121227259
"1723",2386,0.000823849814327117,20,12,24.0000137308302
"1724",2349,0.00188081386472307,28,16,16.0000313468977
"1725",2353,0.000786944785202694,18,10,38.0000131157464
"1726",2351,0.000558986132306422,43,24,10.0000093164355
"1727",2340,0.000231783322842075,10.5,5.5,14.0000038630554
"1728",2342,0,14.5,7.5,80
"1729",2341,0,94.5,54.5,58
"1730",2335,0.000125387495743379,72,43,12.0000020897916
"1731",2372,0.00170496645791483,12.5,6.5,54.0000284161076
"1732",2374,0,65,38,52
"1733",2208,0.00537783443485936,59.5,33.5,8.00008963057391
"1734",2252,0.00159370611954952,8,4,32.0000265617687
"1735",2249,0.000250774980175126,39.5,23.5,18.000004179583
"1736",2229,0.00137926109571237,20.5,11.5,64.0000229876849
"1737",2231,0,77.5,45.5,64
"1738",2248,0.000812409499737579,74,42,62.0000135401583
"1739",2253,0.000250774980175126,71.5,40.5,44.000004179583
"1740",2255,0,48.5,26.5,72
"1741",2258,0.000111194927084224,85,49,50.0000018532488
"1742",2256,0.00016060861717346,57,32,38.0000026768103
"1743",2251,0.000173836821392963,43.5,24.5,64.0000028972804
"1744",2247,0.0014559492301875,76.5,44.5,46.0000242658205
"1745",2246,0,50,27,58
"1746",2232,0.000812409499737579,69.5,40.5,48.0000135401583
"1747",2240,0.000206357982805369,57,33,24.0000034392997
"1748",2243,5.79457647321136e-05,26,14,18.0000009657627
"1749",2398,0.00467085003415624,22.5,13.5,24.0000778475006
"1750",2441,0.00216636895127766,25.5,13.5,42.0000361061492
"1751",2454,0.00160607413598932,49.5,28.5,56.0000267679023
"1752",2448,0.000933775452775417,68.5,40.5,42.0000155629242
"1753",2431,0.000876270265698943,50,29,38.0000146045044
"1754",2406,0.00146771590685656,43.5,24.5,20.0000244619318
"1755",2419,0.000564540955214226,25,15,64.0000094090159
"1756",2446,0.00108105466617114,76.5,44.5,28.0000180175778
"1757",2426,0.00102830012510485,30.5,16.5,48.0000171383354
"1758",2423,0.000231780202231253,58,34,16.0000038630034
"1759",2412,0.000257075069353227,20,12,34.0000042845845
"1760",2438,0.000695349412722679,39,22,14.0000115891569
"1761",2440,0.000111194924254931,16.5,9.5,64.0000018532487
"1762",2410,0.00165855707927534,79,47,42.000027642618
"1763",2424,0.000257075069353227,49.5,28.5,42.0000042845845
"1764",2413,0.000501550000707244,50.5,29.5,24.0000083591667
"1765",2371,0.00191620745325761,24,12,38.0000319367909
"1766",2336,0.00170496645791483,46.5,27.5,74.0000284161076
"1767",2282,0.0017133396103081,87,50,58.0000285556602
"1768",2260,0.000533231691833477,68,39,72.0000088871949
"1769",2230,0.00109506921846438,85.5,49.5,80.0000182511536
"1770",2215,0.000685422046572836,92.5,52.5,36.0000114237008
"1771",2233,0.000846811035706997,41,23,10.0000141135173
"1772",2254,0.000970371838675961,10,5,42.000016172864
"1773",2235,0.000668617184539793,52,31,40.0000111436197
"1774",2237,0,46,26,34
"1775",2239,0,36,19,16
"1776",2216,0.000890290173934087,20,12,54.0000148381696
"1777",2225,0.00125698985315217,61.5,34.5,86.0000209498309
"1778",2227,0,101,58,28
"1779",2202,0.000841169210183629,33.5,19.5,56.0000140194868
"1780",2196,0.000706285120719914,63.5,35.5,74.0000117714187
"1781",2186,0.000412716070260993,88.5,51.5,42.0000068786012
"1782",2188,0,45,24,40
"1783",2210,0.00106164308184494,43.5,23.5,36.0000176940514
"1784",2212,0,43.5,25.5,26
"1785",2214,0,31.5,18.5,36
"1786",2206,0.000530821724106557,41.5,23.5,38.0000088470287
"1787",2199,0.00102724517873044,43.5,24.5,50.000017120753
"1788",2172,0.00100986894990013,61,36,36.0000168311492
"1789",2181,0.000459630083508659,38,20,18.0000076605014
"1790",2197,0.000668617270988912,21,12,60.0000111436212
"1791",2201,0.000125387495743379,67.5,37.5,12.0000020897916
"1792",2193,0.00053082142791413,15,9,42.0000088470238
"1793",2173,0.000620667309724047,45,24,50.0000103444552
"1794",2170,0.000530821708174863,57.5,32.5,4.00000884702847
"1795",2149,0.000619074827478195,4,2,78.0000103179138
"1796",2157,0.00101574048900438,92.5,53.5,48.0000169290082
"1797",2117,0.00106646576168953,54.5,30.5,42.0000177744294
"1798",2091,0.000874806123979433,47.5,26.5,8.00001458010207
"1799",2093,0,8,4,4
"1800",2080,0.000420585460696382,4.5,2.5,42.0000070097577
"1801",2119,0.00146095932027023,49.5,28.5,28.000024349322
"1802",2113,0.000797540327710719,32.5,18.5,24.0000132923388
"1803",2140,0.000874803565190759,30,18,22.0000145800594
"1804",2151,0.00032121732332362,26,15,38.0000053536221
"1805",2122,0.000874803937468276,40,21,30.0000145800656
"1806",2125,0,30,15,56
"1807",2144,0.000685422566488935,64,36,28.0000114237094
"1808",2141,0.000353142510705966,31.5,17.5,38.0000058857085
"1809",2159,0.000481823715036853,43.5,24.5,64.0000080303953
"1810",2161,0.000667169559676051,75.5,43.5,10.0000111194927
"1811",2168,0,10,5,52
"1812",2178,0.000310333728822661,58.5,32.5,58.0000051722288
"1813",2180,0,70,41,16
"1814",2174,0.000250774952448052,17,9,88.0000041795825
"1815",2177,0,103,59,68
"1816",2169,0.000310333728822661,79.5,45.5,28.0000051722288
"1817",2134,0.000695348836305305,34,20,38.0000115891473
"1818",2079,0.00275284113759243,46.5,27.5,48.0000458806856
"1819",2074,0.000365023148718866,57,33,8.00000608371915
"1820",2077,0.000206358016293451,9.5,5.5,60.0000034393003
"1821",2139,0.00180801379675919,69,39,22.0000301335633
"1822",2145,0.000353142510117117,22.5,11.5,22.0000058857085
"1823",2148,0.000780518406531985,24,13,28.0000130086401
"1824",2147,0,29,15,80
"1825",2171,0.000619074827478195,92.5,52.5,64.0000103179138
"1826",2152,0.000642434751558817,78.5,46.5,24.0000107072459
"1827",2154,0,24,12,20
"1828",2184,0.00084117169259836,24,14,42.0000140195282
"1829",2209,0.00180706458734574,46,25,70.0000301177431
"1830",2182,0.000985317461683095,80,45,64.0000164219577
"1831",2155,0.00084117169259836,79,47,66.0000140195282
"1832",2153,0.000677160263580234,76.5,43.5,48.0000112860044
"1833",2156,0.000677160263580234,56,32,6.00001128600439
"1834",2150,0.00101574048900438,7,4,42.0000169290081
"1835",2131,0.000642434675066052,51.5,30.5,78.0000107072446
"1836",2088,0.00133786007525693,90.5,51.5,34.0000222976679
"1837",2090,0,42.5,25.5,78
"1838",2118,0.000874806123979433,91,52,30.0000145801021
"1839",2129,0.000441838974058447,36.5,21.5,66.0000073639829
"1840",2133,0.000250774862676058,81,48,34.000004179581
"1841",2121,0.00068821183154056,39,22,50.0000114701972
"1842",2098,0.000922712295008497,61,36,26.0000153785383
"1843",2108,0.000830538096526656,26,13,46.0000138423016
"1844",2112,0,56.5,33.5,44
"1845",2120,0.000797540327710719,52,30,78.0000132923388
"1846",2084,0.00104302340334713,90.5,51.5,42.0000173837234
"1847",2102,0.000977670894443958,49,28,60.0000162945149
"1848",2097,0.000477544043293478,72.5,42.5,46.0000079590674
"1849",2076,0.000936248126150911,50.5,27.5,54.0000156041354
"1850",2075,0.000206358016293451,67.5,40.5,58.0000034393003
"1851",2094,0.000970372224645785,65,36,48.0000161728704
"1852",2096,0.000459630028612414,58.5,34.5,42.0000076605005
"1853",2087,0.00031033348913143,50.5,29.5,72.0000051722248
"1854",2132,0.00133786007525693,86,50,44.0000222976679
"1855",2130,0.000250774862676058,48,26,38.000004179581
"1856",2160,0.00178556789251485,40,21,42.0000297594649
"1857",2167,0.00089707678924056,50,29,60.0000149512798
"1858",2166,0,74.5,44.5,64
"1859",2165,0,78,46,16
"1860",2164,0,16,8,46
"1861",2163,0,53,30,70
"1862",2162,0,80.5,45.5,10
"1863",2127,0.000933775268581716,10,5,66.0000155629211
"1864",2126,0.00145017224683917,79.5,46.5,20.0000241695374
"1865",2103,0.000668617315145885,20,10,8.00001114362192
"1866",884,0.307911884179757,8.5,4.5,72.0051318647363
"1867",883,0,84.5,48.5,26
"1868",882,0,32.5,19.5,4
"1869",881,0,4.5,2.5,36
"1870",880,0,39,21,68
"1871",879,0,82,48,20
"1872",2104,0.307911884179757,21.5,11.5,36.0051318647363
"1873",2095,0.000462584307832143,38.5,20.5,54.0000077097385
"1874",2105,0.000365239075062797,65.5,38.5,50.0000060873179
"1875",2085,0.00145472508076543,59.5,34.5,26.000024245418
"1876",2089,0.00016060839795436,31.5,18.5,36.0000026768066
"1877",2086,0.00016060839795436,38.5,20.5,34.0000026768066
"1878",2114,0.00191017621198655,42,25,18.0000318362702
"1879",2195,0.00257467374874676,22,13,2.00004291122915
"1880",2207,0.000626937524815136,2,1,22.0000104489587
"1881",2116,0.00260990710463928,25.5,14.5,60.0000434984517
"1882",2107,0.000257074634168657,74.5,44.5,66.0000042845772
"1883",2099,0.000830538096526656,80,47,48.0000138423016
"1884",2101,0,52.5,28.5,72
"1885",2106,0.000477543473499549,83.5,47.5,24.0000079590579
"1886",2158,0.00131772582018508,25,13,22.000021962097
"1887",2142,0.000481823715036853,24,13,38.0000080303953
"1888",2179,0.0013255145617172,43.5,24.5,30.0000220919094
"1889",2204,0.000876267135816852,30.5,15.5,62.0000146044523
"1890",2219,0.000571113966535097,77,46,42.0000095185661
"1891",2222,0,49,28,76
"1892",2224,0,89.5,51.5,32
"1893",2223,0,39,23,28
"1894",2217,0.00125698985315217,33,19,70.0000209498309
"1895",2205,0.000571113966535097,84.5,49.5,2.00000951856611
"1896",2200,0.000477544102986323,2.5,1.5,52.0000079590684
"1897",2198,0.000125387495743379,58,32,32.0000020897916
"1898",2221,0.000753295024700008,32.5,16.5,38.0000125549171
"1899",2220,0,47,28,6
"1900",2241,0.00068542225045623,6,3,38.0000114237042
"1901",2267,0.00087714898438828,42,23,68.0000146191497
"1902",2270,0,77.5,43.5,64
"1903",2250,0.00153228881879772,77.5,45.5,46.000025538147
"1904",2257,0.000173836821392963,50,27,38.0000028972804
"1905",2259,0.000115891399530008,45,26,52.0000019315233
"1906",2283,0.000533231691833477,63,37,24.0000088871949
"1907",2422,0.00541899945358749,30,18,66.0000903166576
"1908",2427,0.000231780202231253,80.5,47.5,26.0000038630034
"1909",2421,0.00062693760267993,28.5,15.5,66.00001044896
"1910",2476,0.00461628205862891,76.5,43.5,30.0000769380343
"1911",2475,0.00273223086042514,32,17,74.000045537181
"1912",2479,0.00258100668855539,85.5,48.5,38.0000430167781
"1913",2483,0.00301315348417646,43,24,46.0000502192247
"1914",2487,0.00411790875993962,50,27,68.0000686318127
"1915",2485,0.00445897264143274,77.5,43.5,20.0000743162107
"1916",2481,0.00371179467595751,23.5,13.5,46.0000618632446
"1917",2480,0.00301315348417646,52.5,29.5,56.0000502192247
"1918",2486,0.00371179467595751,64,36,70.0000618632446
"1919",2489,0.00333347974339589,80.5,45.5,8.00005555799572
"1920",2491,0.00313467553955471,8,4,28.0000522445923
"1921",2484,0.00889214363767749,29.5,15.5,74.000148202394
"1922",2488,0.00445897264143274,85,48,86.0000743162107
"1923",2492,0.00436912421294377,100,57,56.0000728187369
"1924",2490,0.0119087794037475,68,40,60.0001984796567
"1925",2493,0.0111997624356705,73.5,43.5,50.0001866627073
"1926",2517,1.50099543419489,56,31,42.0250165905699
"1927",2529,0.252424552038187,48.5,27.5,68.0042070758673
"1928",2531,0.00113584915827031,80.5,46.5,26.0000189308193
"1929",2533,0.00294930916510513,31,18,42.0000491551528
"1930",2535,0.0140277863321527,50,29,54.0002337964389
"1931",2539,0.00422919192309611,63,36,62.0000704865321
"1932",2541,0.00302706437128178,71.5,40.5,62.0000504510729
"1933",2543,0.00803067986966133,76,45,28.0001338446645
"1934",2545,0,34,20,6
"1935",2542,0.973624735275584,7.5,4.5,16.0162270789213
"1936",2540,0.0150193049371381,19.5,11.5,8.00025032174895
"1937",2536,0.00666839718581915,8.5,4.5,28.0001111399531
"1938",2538,0.00252711952391839,34,20,62.0000421186587
"1939",2537,0.0067681631956303,70,39,58.0001128027199
"1940",2505,0.782954218516562,68.5,39.5,10.0130492369753
"1941",2507,0,11,6,50
"1942",2511,0,58.5,33.5,58
"1943",2515,0,69,40,42
"1944",2514,0.00387065149223946,49.5,28.5,28.0000645108582
"1945",2513,0,28,14,52
"1946",2512,0,57.5,31.5,58
"1947",2516,0.00387065149223946,67.5,38.5,40.0000645108582
"1948",2559,0.950712214222975,43,23,90.0158452035704
"1949",2573,0.00155769563458935,105,60,28.0000259615939
"1950",2558,0.238371773520649,31.5,17.5,44.003972862892
"1951",2666,1.28329803925062,54.5,32.5,78.0213883006542
"1952",2678,0,92.5,53.5,76
"1953",2683,0,88.5,50.5,44
"1954",2686,0,50.5,28.5,30
"1955",2689,0.000365450520387512,33,18,70.000006090842
"1956",2697,0.000530966839727615,84.5,49.5,30.0000088494473
"1957",2736,0.318448591509304,34,19,8.00530747652516
"1958",2735,0.0270676367296631,10,6,48.0004511272788
"1959",2685,0.223510939272672,59.5,35.5,54.0037251823212
"1960",2684,0,60,33,70
"1961",2677,0.150553242669269,80,45,54.0025092207112
"1962",2676,0,61.5,34.5,14
"1963",2675,0,17,10,14
"1964",2674,0,17,10,18
"1965",2673,0,18,9,36
"1966",2672,0,40,22,16
"1967",2671,0,19,11,38
"1968",2670,0,47,28,50
"1969",2669,0,59,34,80
"1970",2668,0,95,55,20
"1971",2667,0,24.5,14.5,26
"1972",2682,0.00116616132747375,30.5,17.5,48.0000194360221
"1973",2681,0,54.5,30.5,54
"1974",2680,0,64.5,37.5,18
"1975",2679,0,21,12,34
"1976",2658,0.0584860069799091,41,24,80.000974766783
"1977",2661,0,94.5,54.5,48
"1978",2663,0,57,33,24
"1979",2665,0,29.5,17.5,32
"1980",2726,0.52752346691086,33.5,17.5,32.0087920577818
"1981",2728,0.0108188527460393,40,24,16.0001803142124
"1982",2731,0.00209213974995209,16,8,66.0000348689958
"1983",2734,0.0181516633334373,80.5,47.5,40.0003025277222
"1984",2737,0.0270676367296631,43,23,66.0004511272788
"1985",2746,0,76,43,52
"1986",2750,0,61,35,42
"1987",2754,0,48.5,27.5,42
"1988",2757,0.00108287679558816,46.5,25.5,32.0000180479466
"1989",2765,0.000883449565203453,40,24,30.0000147241594
"1990",2784,0.000729648800704673,37,22,46.0000121608133
"1991",2778,0.000347465562519794,52,29,68.0000057910927
"1992",2783,0.000173732746468297,82.5,48.5,10.0000028955458
"1993",2766,0.000729648800704673,12.5,7.5,44.0000121608133
"1994",2768,0.000173732811081267,51,29,60.0000028955468
"1995",2770,0,73.5,43.5,56
"1996",2769,0.000222389854168448,65.5,37.5,44.0000037064976
"1997",2773,0.000222389851339155,48.5,26.5,60.0000037064975
"1998",2775,0.000229806268949687,74,44,68.0000038301045
"1999",2774,0.000250742790640824,79,45,48.0000041790465
"2000",2776,5.79109269638398e-05,55.5,31.5,46.0000009651821
"2001",2772,0.000173732761378983,51,28,20.000002895546
"2002",2767,0.000231643747985563,20.5,10.5,46.0000038607291
"2003",2780,0.000420350414715344,53.5,30.5,56.0000070058402
"2004",2788,0.000256949766449651,63.5,35.5,24.0000042824961
"2005",2790,0,25,13,42
"2006",2793,5.79109103964108e-05,45.5,24.5,30.0000009651818
"2007",2792,5.79109157350173e-05,30,15,24.0000009651819
"2008",2791,5.79109103964108e-05,25.5,13.5,60.0000009651818
"2009",2794,5.79109157350173e-05,69.5,39.5,26.0000009651819
"2010",2787,0.000365101585574805,32.5,19.5,72.0000060850264
"2011",2786,0.000229806281382943,85,49,60.0000038301047
"2012",2789,0.000160558463700928,74.5,44.5,52.0000026759744
"2013",2795,0.000376114209409944,62.5,36.5,44.0000062685702
"2014",2798,0.000125371414345501,51.5,29.5,36.0000020895236
"2015",2804,0.000282206217330777,38.5,20.5,8.00000470343696
"2016",2808,5.79109306457031e-05,8,4,40.0000009651822
"2017",2824,0.000347465681805269,45,25,70.0000057910947
"2018",2819,0.000250742782606511,81,46,74.0000041790464
"2019",2821,0,89,52,36
"2020",2817,0.000160558461044947,38.5,20.5,68.0000026759743
"2021",2828,0.000173732761378983,82,48,26.000002895546
"2022",2816,0.00056441215659732,30,17,9.406869276622e-06
"2023",2812,0.000115821880803941,0,0,22.0000019303647
"2024",2806,0.000206270286392572,23.5,12.5,14.0000034378381
"2025",2805,0.000222389854168448,16.5,9.5,44.0000037064976
"2026",2813,0.000206270286392572,55,33,80.0000034378381
"2027",2825,0.000406125079118572,93.5,53.5,40.0000067687513
"2028",2818,0.000206270170703718,47.5,27.5,56.0000034378362
"2029",2826,0.000282206158967985,66.5,38.5,76.000004703436
"2030",2820,0.000173732686825547,88,50,44.0000028955448
"2031",2827,0.000173732686825547,50,28,32.0000028955448
"2032",2832,0.000406125109357452,38,22,52.0000067687518
"2033",2834,0.000250742768661416,65,39,58.0000041790461
"2034",2836,0.000111194927084224,70,41,54.0000018532488
"2035",2839,0.000160558372871613,62,35,28.0000026759729
"2036",2837,0.0002507427474039,32.5,18.5,18.0000041790458
"2037",2846,0.000406124937807855,22.5,13.5,28.000006768749
"2038",2861,0.000688068323310728,33.5,19.5,44.0000114678054
"2039",2876,0.00020627001581371,51.5,29.5,4.0000034378336
"2040",2865,0.000160558315936549,4,2,44.0000026759719
"2041",2867,0,49.5,27.5,54
"2042",2874,0.000160558353749654,61.5,34.5,10.0000026759726
"2043",2873,0.000111194927084224,11.5,6.5,46.0000018532488
"2044",2883,0.000160558353749654,52.5,29.5,42.0000026759726
"2045",2885,0,50,29,28
"2046",2892,0.000160558347009733,32,18,18.0000026759724
"2047",2905,5.79108358429584e-05,20,11,44.0000009651806
"2048",2922,0.00016055830159508,48.5,26.5,74.0000026759717
"2049",2920,0.000111194924254931,87.5,50.5,26.0000018532487
"2050",2901,0.000115821708502655,30.5,17.5,38.0000019303618
"2051",2908,0.000125371366346768,42,23,58.0000020895228
"2052",2895,0.000115821684939867,69.5,40.5,32.0000019303614
"2053",2911,0.000115821694880329,33.5,17.5,76.0000019303616
"2054",2916,5.7910846151798e-05,88.5,50.5,48.0000009651808
"2055",2923,0.000111194924254931,55.5,31.5,58.0000018532487
"2056",2914,0.000250742756587189,67,38,74.0000041790459
"2057",2962,0.000347464926330336,86.5,49.5,40.0000057910821
"2058",2965,5.79108325294708e-05,46,26,62.0000009651805
"2059",2957,0.000206269941987009,72.5,41.5,14.0000034378324
"2060",2964,5.79108341862146e-05,14.5,7.5,60.0000009651806
"2061",2963,5.79108325294708e-05,75,45,54.0000009651805
"2062",2958,5.79108341862146e-05,62.5,35.5,68.0000009651806
"2063",2972,0.000206270053489659,78,44,10.0000034378342
"2064",2981,0.000173732577848864,10,5,66.000002895543
"2065",2979,0.000115821642232904,75,42,46.0000019303607
"2066",2966,0.000231643310973711,53,30,42.0000038607218
"2067",2968,0,47.5,26.5,38
"2068",2955,0.000173732517837715,40.5,21.5,28.000002895542
"2069",2946,0.000115821681626379,30,16,22.0000019303614
"2070",2942,0,25.5,14.5,50
"2071",2938,5.79108693462079e-05,59,34,64.0000009651812
"2072",2925,5.79108292159832e-05,77.5,45.5,36.0000009651805
"2073",2928,0.000111194924254931,42.5,24.5,14.0000018532487
"2074",2959,0.000310170997467877,17,10,32.0000051695166
"2075",2961,0.000111194927084224,36.5,20.5,82.0000018532488
"2076",2977,0.000231643284097432,95,54,40.0000038607214
"2077",2984,0.000289554072263193,45.5,25.5,70.0000048259012
"2078",2995,0.000883449260879078,80,45,72.0000147241543
"2079",2997,0.000555974632591827,87,51,52.0000092662439
"2080",3003,0.000477506095967915,65,39,74.0000079584349
"2081",3001,0.00022980626853219,86.5,49.5,12.0000038301045
"2082",2993,0.000310171073784687,15,9,48.0000051695179
"2083",2999,0.000173732701736235,53.5,29.5,34.000002895545
"2084",2994,0.000256949550150205,38.5,21.5,28.0000042824925
"2085",3000,0.000376114161197662,29,15,68.0000062685694
"2086",3004,0.00022980626853219,82,48,44.0000038301045
"2087",3006,0.000111194927084224,51,29,32.0000018532488
"2088",3002,0.000501485516787203,38.5,22.5,58.0000083580919
"2089",2998,0.000477506095967915,65,36,56.0000079584349
"2090",3009,0.000521198105577083,67,39,28.0000086866351
"2091",3013,0.000282206117187905,33,19,74.0000047034353
"2092",3011,0.000376114106268086,89,52,26.0000062685684
"2093",3010,0.000338574181458573,31,18,32.000005642903
"2094",3014,0.000376114106268086,40,24,64.0000062685684
"2095",3008,0.00105935903478042,74,42,62.0000176559839
"2096",3012,0.000160558403944799,76.5,45.5,64.0000026759734
"2097",3016,0.000677148367562354,78.5,46.5,12.0000112858061
"2098",3018,0.0142676654997193,12.5,6.5,52.000237794425
"2099",3023,0.121433274291521,64,38,58.0020238879049
"2100",3025,0.00313981925751204,70.5,41.5,60.000052330321
"2101",3053,0.064262706074484,68,38,10.0010710451012
"2102",3066,0.0260614396154134,10.5,5.5,36.0004343573269
"2103",3068,0.000250844008251548,44.5,26.5,64.0000041807335
"2104",3073,0.00108199269705958,74.5,42.5,80.0000180332116
"2105",3071,0.000675860274261348,94,54,44.0000112643379
"2106",3078,0.00140664020986995,52,30,48.0000234440035
"2107",3081,0.000229833868008104,60,36,18.0000038305645
"2108",3084,0.000413093460751358,18,9,72.000006884891
"2109",3086,0.000898269176546321,82.5,46.5,68.000014971153
"2110",3095,0,82,48,24
"2111",3085,0.00122348995761319,28,16,20.0000203914993
"2112",3096,0.000365449244391889,21,11,70.0000060908207
"2113",3083,0.00381872582219827,81,46,44.0000636454304
"2114",3082,0.000413093460751358,49,27,76.000006884891
"2115",3079,0.0011322479977111,88.5,50.5,52.0000188708
"2116",3077,0.000567955336284339,58.5,32.5,62.0000094659223
"2117",3080,0.0011134619626003,72.5,41.5,44.0000185576994
"2118",3075,0.000964298251328413,51,29,16.0000160716375
"2119",3074,0.000826187187855449,16.5,8.5,54.0000137697865
"2120",3076,0.00151822786862063,62,35,78.0000253037978
"2121",3072,0.00162198356973636,93,54,64.0000270330595
"2122",3069,0.00108199269705958,72.5,40.5,26.0000180332116
"2123",3067,0.000655970293235558,28.5,15.5,16.0000109328382
"2124",3070,0.000406375059563091,18,10,62.0000067729177
"2125",3097,0.00714566067961718,72,41,38.0001190943447
"2126",3099,0.000675853291834297,42.5,23.5,44.0000112642215
"2127",3101,0.00366108303740677,50.5,28.5,28.0000610180506
"2128",3098,0.00713228626943186,34,20,56.0001188714378
"2129",3102,0.00656893677738708,69.5,41.5,30.0001094822796
"2130",3060,0.043247709959417,30.5,15.5,42.000720795166
"2131",3065,0.00931310202630913,47.5,26.5,56.0001552183671
"2132",3054,0.0260614396154134,66.5,38.5,52.0004343573269
"2133",3059,0.0193624561277838,57.5,31.5,28.0003227076021
"2134",3100,0.0309413786905778,33.5,19.5,80.0005156896448
"2135",3104,0.0120668170340132,93.5,53.5,42.0002011136172
"2136",3106,0.00291005814633179,45.5,24.5,86.0000485009691
"2137",3105,0.00737897441967344,100.5,57.5,60.000122982907
"2138",3107,0.00501186381081608,71.5,41.5,60.0000835310635
"2139",3150,0.111821899994586,74,44,48.0018636983332
"2140",3154,0.0134067209906528,59,35,54.0002234453498
"2141",3158,0.0289919533660421,65,38,40.0004831992228
"2142",3165,0.00712347299884385,46,26,32.00011872455
"2143",3163,0.0287307019954043,37.5,21.5,66.0004788450333
"2144",3160,0.0023230196978503,77,44,62.000038716995
"2145",3162,0.00178290766381942,75,44,58.0000297151277
"2146",3161,0.00200908010447936,69,40,44.0000334846684
"2147",3164,0.00705756557538243,54.5,32.5,22.0001176260929
"2148",3159,0.00712347299884385,22.5,11.5,48.00011872455
"2149",3157,0.0224964822088317,56,32,38.0003749413701
"2150",3166,0.0263716471353399,43.5,24.5,32.0004395274523
"2151",3193,0.248835536129106,37.5,21.5,12.0041472589355
"2152",3051,0.367256902978689,12.5,6.5,66.006120948383
"2153",3049,0.000931769369646174,80.5,47.5,50.0000155294895
"2154",3052,0.00215995249044649,62.5,37.5,14.0000359992082
"2155",3103,0.0563198632773341,15,8,62.000938664388
"2156",3108,0.0827224988318343,73,42,78.0013787083139
"2157",3155,0.499330546824904,92,53,38.0083221757804
"2158",3152,0.0385794352264463,46.5,27.5,34.0006429905871
"2159",3151,0.0403697883577995,38.5,21.5,24.000672829806
"2160",3156,0.0385794352264463,25,13,48.0006429905871
"2161",3169,0.0861729390931564,53.5,29.5,22.0014362156516
"2162",3171,0.0175427552001425,23,12,48.0002923792533
"2163",3173,0.000232077537290459,59,35,6.00000386795895
"2164",3172,0.000365531758571315,6,3,34.000006092196
"2165",3174,0.000229833626857007,41.5,24.5,10.0000038305604
"2166",3176,0.00125707518216378,11.5,6.5,40.000020951253
"2167",3178,0.00169747874205156,43,23,24.0000282913124
"2168",3180,0.000250843052276414,26.5,14.5,56.0000041807175
"2169",3182,0.000884160435588609,63.5,35.5,42.0000147360073
"2170",3185,0.000282406563549155,51,30,48.0000047067761
"2171",3184,0.00100337212996777,59.5,35.5,46.0000167228688
"2172",3183,0.000282406563549155,54,31,36.0000047067761
"2173",3186,0.00100337212996777,44.5,26.5,64.0000167228688
"2174",3188,0.000376264510595444,77,45,48.0000062710752
"2175",3187,0.00170532817172036,60,36,36.0000284221362
"2176",3190,0.00128670286719759,42.5,24.5,44.0000214450478
"2177",3192,0.0094056906371865,47.5,25.5,56.0001567615106
"2178",3167,0.248835536129106,66.5,38.5,28.0041472589355
"2179",3170,0.0519813569334103,30,16,62.0008663559489
"2180",3175,0.0027782240980657,71.5,40.5,48.000046303735
"2181",3177,0.00201491860347102,54.5,30.5,56.0000335819767
"2182",3179,0.000884160555093708,68,40,62.0000147360092
"2183",3181,0.00211588787757583,70.5,39.5,30.000035264798
"2184",3189,0.00168623141274882,33.5,18.5,30.0000281038569
"2185",3191,0.0231518125935833,32,17,40.0003858635432
"2186",3168,0.0980146245786333,49.5,29.5,70.0016335770763
"2187",3237,0.473133547566655,81,46,20.0078855591261
"2188",3242,0.00565180989839925,25,15,66.0000941968316
"2189",3283,0.276828205229014,76,43,42.0046138034205
"2190",3300,0.0251773107547493,47.5,26.5,26.0004196218459
"2191",3299,0.0150822826739176,30.5,17.5,48.0002513713779
"2192",3301,0.0105505413244434,58.5,34.5,22.0001758423554
"2193",3309,0,25.5,14.5,48
"2194",3308,5.79028803242597e-05,55.5,31.5,74.000000965048
"2195",3307,0,88.5,51.5,62
"2196",3306,0,71.5,40.5,28
"2197",3305,0,31,17,44
"2198",3304,0,52,30,28
"2199",3303,0,30.5,16.5,66
"2200",3302,0,79,46,64
"2201",3310,5.79028803242597e-05,78.5,46.5,36.000000965048
"2202",3314,0,39,21,8
"2203",3316,0,9,5,34
"2204",3315,0.00389569714230692,35.5,18.5,72.0000649282857
"2205",3322,0.00281010432285848,84.5,48.5,54.000046835072
"2206",3324,0.0104341087066475,65.5,38.5,12.0001739018118
"2207",3329,0.00055898250420892,12.5,6.5,28.0000093163751
"2208",3331,0.00428798498168487,31.5,17.5,30.0000714664164
"2209",3333,0,34,19,30
"2210",3335,0,31.5,16.5,30
"2211",3338,0,32.5,17.5,50
"2212",3340,0.0191169354603514,61.5,36.5,62.000318615591
"2213",3344,0,75.5,44.5,42
"2214",3350,0,49.5,28.5,58
"2215",3352,0,68.5,39.5,20
"2216",3356,0,22,12,76
"2217",3358,0.000459594360248487,89,51,42.000007659906
"2218",3360,0,50.5,29.5,46
"2219",3362,0,51.5,28.5,50
"2220",3361,0.000677141839307646,59.5,34.5,76.0000112856973
"2221",3367,0.000310082009002979,89,51,34.0000051680335
"2222",3488,0.424800457709432,37,20,30.0070800076285
"2223",3359,0.613693778319241,33.5,18.5,40.0102282296387
"2224",3489,0.613693778319241,50,30,50.0102282296387
"2225",3491,0.0146148088542046,57,32,64.0002435801476
"2226",3495,0.00247269727442658,76.5,44.5,34.0000412116212
"2227",3497,0.00133938450012012,41,24,30.000022323075
"2228",3503,0.00222470323977694,35.5,20.5,32.0000370783873
"2229",3511,0.00540082759036422,39,23,36.0000900137932
"2230",3485,0.135406740700817,38.5,20.5,72.0022567790117
"2231",3487,0,86,50,32
"2232",3486,0.000919254697346434,34,18,40.0000153209116
"2233",3368,0.425057789353592,47.5,27.5,42.0070842964892
"2234",3374,0.0516040747013692,52,31,36.0008600679117
"2235",3379,0,45,27,14
"2236",3382,0,16,9,16
"2237",3381,5.78733839579427e-05,17,9,22.0000009645564
"2238",3380,0,27,16,14
"2239",3383,5.78733839579427e-05,14.5,7.5,86.0000009645564
"2240",3391,5.78733823008003e-05,100,57,64.0000009645564
"2241",3390,5.78733826689392e-05,73,41,66.0000009645564
"2242",3389,0,77,44,38
"2243",3388,0,43,24,28
"2244",3384,5.78733823008003e-05,29,15,68.0000009645564
"2245",3387,0,83,49,48
"2246",3392,5.78733826689392e-05,56.5,32.5,28.0000009645564
"2247",3395,0,31,17,78
"2248",3398,0.000376061917626703,91,52,36.0000062676986
"2249",3400,0,40,22,22
"2250",3402,0,23,12,42
"2251",3405,0,49.5,28.5,34
"2252",3484,0.167995091508356,39.5,22.5,52.0027999181918
"2253",3483,0.0811196539651907,64.5,38.5,58.0013519942328
"2254",3482,0,70.5,41.5,50
"2255",3406,0.167995091508356,58,33,28.0027999181918
"2256",3472,0.0170723062051872,31,17,50.0002845384368
"2257",3462,0.00399551066835209,60,35,70.0000665918445
"2258",3464,0,82,47,40
"2259",3468,0,43.5,23.5,78
"2260",3471,0,90.5,51.5,58
"2261",3407,0.0170723062051872,66,37,56.0002845384368
"2262",3409,0,69.5,41.5,40
"2263",3408,0.0016571064427138,46,26,30.0000276184407
"2264",3410,0.0016571064427138,31,16,48.0000276184407
"2265",3531,0.417857366733038,53,29,54.0069642894455
"2266",3533,0.00100310483917589,65,38,64.000016718414
"2267",3536,0,75.5,43.5,38
"2268",3539,0.0131937213763877,42.5,23.5,56.0002198953563
"2269",3538,0.00597228170832419,69.5,41.5,52.0000995380285
"2270",3541,0.0025938581755167,58,32,78.0000432309696
"2271",3543,0.00289106809287265,92.5,53.5,44.0000481844682
"2272",3537,0.0377855328206699,49,27,54.0006297588803
"2273",3540,0.00597228170832419,62.5,35.5,50.0000995380285
"2274",3548,0.0146790772101287,57,32,58.0002446512868
"2275",3475,0.358979345934466,72.5,43.5,30.0059829890989
"2276",3477,0.0118107911072223,35,20,44.0001968465185
"2277",3479,0.00674196461077005,52,30,14.0001123660768
"2278",3481,0.00468695582400043,15,8,58.0000781159304
"2279",3512,0.215393030721318,65,36,74.0035898838454
"2280",3510,0.00485567009630499,88,51,54.0000809278349
"2281",3504,0.00540082759036422,64,37,54.0000900137932
"2282",3501,0.00122458972015154,64,37,58.0000204098287
"2283",3498,0.0022852404849823,70.5,41.5,26.0000380873414
"2284",3506,0.00216329908433683,31,18,54.0000360549847
"2285",3508,0,64.5,37.5,64
"2286",3502,0.00432395091500008,76,44,78.0000720658486
"2287",3494,0.00299096818450174,91.5,52.5,66.0000498494697
"2288",3492,0.00247269727442658,79,46,52.0000412116212
"2289",3496,0.00486636312584011,62.5,36.5,80.0000811060521
"2290",3493,0.00375024771761859,92.5,52.5,6.00006250412863
"2291",3509,0.00674832231332048,7,4,50.0001124720386
"2292",3507,0.00413885850250969,57.5,32.5,58.000068980975
"2293",3499,0.00396132664173677,67.5,38.5,58.0000660221107
"2294",3505,0.00193971861984769,70.5,41.5,16.0000323286437
"2295",3513,0.00762787754733673,18.5,10.5,80.0001271312925
"2296",3500,0.01718151099896,92.5,52.5,42.0002863585166
"2297",3514,0.0164374513537669,48,27,52.0002739575226
"2298",3517,0.0172034948924232,59,33,64.0002867249149
"2299",3520,0,75,43,28
"2300",3524,0,29,15,50
"2301",3526,0,58.5,33.5,30
"2302",3525,0.000125446558084191,33.5,18.5,56.000002090776
"2303",3523,5.8073469795842e-05,69,41,40.0000009678912
"2304",3522,0,49.5,29.5,10
"2305",3521,0,12,7,54
"2306",3519,0.000125446561358215,67,40,42.000002090776
"2307",3518,0,47.5,26.5,62
"2308",3516,0,72.5,41.5,6
"2309",3527,0.000206681061311316,6,3,42.0000034446844
"2310",3530,0.0150867322105089,47,26,36.0002514455368
"2311",3550,0.0318472624874086,37.5,19.5,14.0005307877081
"2312",3552,0.00609485192794005,15.5,8.5,80.0001015808655
"2313",3544,0.0429057759863813,93.5,53.5,64.0007150962664
"2314",3547,0,74,42,52
"2315",3551,0.00787740088806198,63,37,48.0001312900148
"2316",3554,0.0128799924703847,53,29,70.0002146665412
"2317",3558,0.00639069561664254,82.5,47.5,58.0001065115936
"2318",3564,0.0019887399639706,71.5,42.5,88.0000331456661
"2319",3568,0.00155477165501017,103,59,76.0000259128609
"2320",3567,0.00285273828810821,88.5,50.5,20.0000475456381
"2321",3565,0.00155477165501017,22,12,60.0000259128609
"2322",3560,0.00323110832260075,74.5,44.5,58.0000538518054
"2323",3557,0.0033682293933731,67.5,38.5,50.0000561371566
"2324",3562,0.00219460473279142,60.5,35.5,32.0000365767455
"2325",3559,0.00363814235432837,39,23,34.0000606357059
"2326",3561,0.0008781426875629,41.5,24.5,56.0000146357115
"2327",3566,0.00508726202975089,69,41,58.0000847877005
"2328",3569,0.00285273828810821,67.5,38.5,64.0000475456381
"2329",3563,0.0114975493072028,78,46,24.0001916258218
"2330",3556,0.00482959506642183,26.5,14.5,26.0000804932511
"2331",3555,0.00928322363106846,27.5,14.5,80.0001547203939
"2332",3570,0.0132545720570434,95,55,44.0002209095343
"2333",3572,0.00345492974986603,49,27,34.0000575821625
"2334",3546,0.150481691896115,39,22,74.0025080281983
"2335",3545,0,87.5,50.5,76
"2336",3553,0.0621964769261562,90.5,52.5,40.0010366079488
"2337",3582,0.119465968124932,50,30,66.0019910994687
"2338",3584,0,78,45,64
"2339",3583,0.00689433008129354,77.5,45.5,46.0001149055014
"2340",3589,0.00341122828832765,52.5,29.5,24.0000568538048
"2341",3588,0.00278090956647679,28.5,16.5,74.0000463484928
"2342",3576,0.0100209472366779,88.5,51.5,56.0001670157873
"2343",3574,0.0019082863270411,69,41,22.0000318047721
"2344",3578,0.0105864772217535,24,13,28.000176441287
"2345",3575,0.0264209317568472,31,17,36.0004403488626
"2346",3577,0.00156644890033414,41,23,62.0000261074817
"2347",3579,0.015938263998088,70,39,46.0002656377333
"2348",3587,0.00237244195886149,51.5,28.5,24.0000395406993
"2349",3581,0.00221959003197091,26,14,38.0000369931672
"2350",3585,0.00811909936090663,46,27,62.0001353183227
"2351",3580,0.00237244195886149,72.5,41.5,18.0000395406993
"2352",3586,0.00401366012330645,22.5,13.5,40.0000668943354
"2353",3590,0.00465587270243106,46.5,26.5,66.0000775978784
"2354",3608,0.466444573594153,80,47,64.0077740762266
"2355",3682,0.226900381144703,77.5,45.5,52.0037816730191
"2356",3685,0.00774346962192672,57.5,31.5,72.000129057827
"2357",3684,0.0637469436274657,84,48,52.0010624490605
"2358",3683,0.00774346962192672,59.5,33.5,28.000129057827
"2359",3686,0.0637469436274657,31.5,17.5,74.0010624490605
"2360",3668,0.0441764669979772,86,49,48.00073627445
"2361",3665,0.00831832146761497,56,32,68.0001386386911
"2362",3667,0.00244904451168138,79,45,50.0000408174085
"2363",3678,0.0182431574066599,57,32,44.0003040526234
"2364",3673,0.00576688655118212,48,26,58.0000961147759
"2365",3664,0.0139413642516396,70,41,66.0002323560709
"2366",3671,0.0045962863325213,80.5,47.5,58.0000766047722
"2367",3666,0.00499444260848061,67.5,38.5,68.0000832407101
"2368",3672,0.00436151331526266,83,49,20.0000726918886
"2369",3679,0.00576688655118212,20,10,50.0000961147759
"2370",3736,0.166498795169931,60,35,40.0027749799195
"2371",3730,0.00301918744150757,46.5,26.5,52.0000503197907
"2372",3727,0.00394393858312625,60,34,32.0000657323097
"2373",3729,0.00453247424561208,37,21,6.00007554123743
"2374",3737,0.00301918744150757,7.5,4.5,76.0000503197907
"2375",3739,0.00122809165000688,91,53,56.0000204681942
"2376",3742,0.00196646095969815,66.5,38.5,46.0000327743493
"2377",3744,0.000125377799560156,50,27,12.00000208963
"2378",3743,0.000376133394045409,15,9,76.0000062688899
"2379",3745,0.000250755594485253,90.5,52.5,64.0000041792599
"2380",3749,0.000689429218819656,75.5,43.5,18.000011490487
"2381",3754,0.000812313237359473,19,10,66.000013538554
"2382",3756,0.00144553404643633,77.5,44.5,66.0000240922341
"2383",3761,0.00103106360184193,77.5,44.5,44.0000171843934
"2384",3755,0.00201406126060612,53,31,16.0000335676877
"2385",3770,0.00224465010295382,16.5,8.5,48.000037410835
"2386",3774,0.000309944889246388,56.5,32.5,28.0000051657482
"2387",3773,0.000115724916438207,29.5,15.5,34.0000019287486
"2388",3771,0.000309944889246388,36,19,42.0000051657481
"2389",3775,0.000115724916438207,49,28,56.0000019287486
"2390",3782,0,69,41,64
"2391",3784,0,78.5,46.5,68
"2392",3787,0.00242089236610648,80.5,46.5,40.0000403482061
"2393",3792,0.00967669320340349,42.5,22.5,90.00016127822
"2394",3791,0.00424469381024536,105,60,20.0000707448968
"2395",3788,0.00967669320340349,23.5,13.5,62.0001612782201
"2396",3786,0.00297922443262646,70.5,39.5,24.0000496537405
"2397",3785,0.00242089236610648,28.5,16.5,38.0000403482061
"2398",3789,0.00297922443262646,42,23,78.0000496537405
"2399",3793,0.00643938219967885,90,51,56.0001073230367
"2400",3796,0.00361504968058744,65.5,37.5,44.000060250828
"2401",3798,0.0172470327396337,53,31,60.0002874505457
"2402",3800,0.00111799103796824,72.5,42.5,48.000018633184
"2403",3847,0.138003063859024,54.5,30.5,14.0023000510643
"2404",3845,0.0794615105841315,17,10,14.0013243585097
"2405",3933,0.331695437959991,17,10,66.0055282572993
"2406",3936,0,76.5,43.5,52
"2407",3943,0.287983104188393,61.5,35.5,56.0047997184031
"2408",3945,0,65.5,37.5,46
"2409",3947,0.0213930322080924,55,32,40.0003565505368
"2410",3953,0.0444978731630007,43.5,23.5,38.0007416312194
"2411",3967,0.11250675976169,41.5,22.5,24.0018751126627
"2412",3962,0.0397994703025245,27.5,15.5,22.000663324505
"2413",3968,0.0425488811883712,25.5,14.5,48.0007091480198
"2414",3974,0.076090972452201,59,35,18.0012681828742
"2415",3978,0.0141547028735825,21,12,74.0002359117146
"2416",3984,0.00690967229418733,88.5,51.5,34.0001151612049
"2417",3986,0.000116068720254371,39,22,40.0000019344787
"2418",3983,0.0028594161389263,48.5,28.5,44.0000476569356
"2419",3988,0.0033482047519944,54.5,32.5,76.0000558034125
"2420",3987,0.00559975004175315,90.5,52.5,16.0000933291674
"2421",3991,0.00662803589225367,19,11,30.0001104672649
"2422",3993,0,32,17,36
"2423",3990,0.0102063729820725,43,25,30.0001701062164
"2424",3979,0.0162190315904917,32.5,17.5,30.0002703171932
"2425",3995,0.0219478249308779,31,16,18.0003657970822
"2426",3997,0.00507901014120272,21.5,12.5,22.000084650169
"2427",3999,0.000160781512028439,22.5,11.5,34.0000026796919
"2428",3973,0.0937491697176231,38.5,21.5,46.001562486162
"2429",3972,0,57,34,34
"2430",3971,0.0397082952241419,39,22,40.0006618049204
"2431",3970,0.0455475355700684,47,27,32.0007591255928
"2432",3966,0.0397233560643932,38.5,22.5,70.0006620559344
"2433",3954,0.11250675976169,82,47,60.0018751126627
"2434",3963,0.0711180077567398,70,40,10.0011853001293
"2435",3965,0,12.5,7.5,60
"2436",3969,0.127496963581578,73.5,43.5,64.002124949393
"2437",4000,0.100580091810405,75.5,43.5,40.0016763348635
"2438",3996,0.0191219133214508,49.5,29.5,48.0003186985554
"2439",4002,0.00734041355620608,58.5,34.5,36.0001223402259
"2440",3992,0.152545091913774,37.5,19.5,26.0025424181986
"2441",4003,0.152545091913774,29,16,64.0025424181986
"2442",4034,0.20264968688622,79,47,42.0033774947814
"2443",4036,0,51,30,42
"2444",4042,0.00100746855854554,46,25,78.0000167911426
"2445",4041,0.00016077302963407,92,53,2.00000267955049
"2446",4040,0.000111194927084224,2,1,50.0000018532488
"2447",4039,0,57,32,68
"2448",4038,0,82.5,48.5,52
"2449",4043,0.00016077302963407,64,38,76.0000026795505
"2450",4037,0.00452145974392743,89,51,14.0000753576624
"2451",4044,0.00340782812774947,17.5,10.5,14.0000567971355
"2452",4067,0.107756913576504,17,10,38.0017959485596
"2453",4061,0.0325226633759412,46.5,27.5,32.0005420443896
"2454",4069,0.0681666425647583,37.5,21.5,16.0011361107094
"2455",4078,0.0392702656266184,17,9,24.0006545044271
"2456",4086,0.00340950152749213,27.5,15.5,56.0000568250255
"2457",4084,0.0019716526259773,63,35,34.0000328608771
"2458",4083,0.00233048626816451,35.5,18.5,50.0000388414378
"2459",4082,0,57.5,32.5,18
"2460",4081,0,20,11,58
"2461",4080,0.000955230353594161,68.5,39.5,72.0000159205059
"2462",4087,0.0019716526259773,84,48,58.0000328608771
"2463",4090,0,65.5,36.5,40
"2464",4095,0,49,29,46
"2465",4102,0,51,28,30
"2466",4094,0.00289788996153604,33.5,18.5,66.000048298166
"2467",4093,0,79.5,46.5,56
"2468",4092,0,66,38,46
"2469",4091,0,56,33,56
"2470",4103,0.00289788996153604,68,40,46.000048298166
"2471",4106,0,52,29,40
"2472",4109,0,42.5,22.5,28
"2473",4108,0.00128922107038206,28.5,14.5,30.0000214870178
"2474",4107,0,30,15,12
"2475",4110,0.00128922107038206,14.5,8.5,14.0000214870178
"2476",4114,0,17,10,32
"2477",4117,0,39,23,66
"2478",4138,0.0368287356669481,76.5,43.5,34.0006138122611
"2479",4140,0.0852817280173911,41,24,70.0014213621336
"2480",4139,0.0872562174060357,84.5,49.5,4.0014542702901
"2481",4141,0.00200487483269857,4,2,72.0000334145805
"2482",4364,0.810022607068332,84,48,52.0135003767845
"2483",4361,0.0190178660901933,61.5,35.5,58.0003169644348
"2484",4363,0.00832701727418215,68.5,39.5,58.0001387836212
"2485",4362,0.0186178959087562,67.5,38.5,46.0003102982651
"2486",4365,0.0255080703597734,55,32,6.000425134506
"2487",4368,0.0385499496284997,7.5,4.5,34.0006424991605
"2488",4374,0.025788353196155,36.5,19.5,64.0004298058866
"2489",4372,0.017066479242506,74.5,42.5,48.0002844413207
"2490",4370,0.012815804949712,54,30,48.0002135967492
"2491",4375,0.017066479242506,55,31,52.0002844413207
"2492",4377,0.0128737622107073,62.5,36.5,84.0002145627035
"2493",4379,0.00435046749576706,98,56,50.0000725077916
"2494",4381,0,55.5,30.5,44
"2495",4384,0.0144204318775254,51,29,6.00024034053129
"2496",4383,0.00318376399338215,7.5,4.5,64.0000530627332
"2497",4385,0.00452796734163218,74.5,42.5,28.0000754661224
"2498",4387,0,30.5,16.5,26
"2499",4389,0.0496835638477,28.5,15.5,54.0008280593975
"2500",4392,0.000229813462686873,65.5,38.5,52.0000038302244
"2501",4398,0.00025705258997821,64.5,38.5,36.0000042842098
"2502",4406,0.0760503107877465,37.5,19.5,54.0012675051798
"2503",4409,0.0188967709110163,66,39,36.0003149461819
"2504",4413,0.00200904181278441,45,27,12.0000334840302
"2505",4410,0.0102820990436062,15,9,54.0001713683174
"2506",4412,0,62,35,28
"2507",4411,0.00733977992612292,35,21,72.0001223296654
"2508",4414,0.0151186190752081,84,48,50.0002519769846
"2509",4416,0,61.5,36.5,30
"2510",4418,0,34.5,19.5,36
"2511",4420,0,40,22,66
"2512",4425,0.00346644517296569,80,47,14.0000577740862
"2513",4427,0,17.5,10.5,54
"2514",4423,0.00145420941696255,64.5,37.5,58.0000242368236
"2515",4431,0.00146240527108948,67.5,38.5,54.0000243734212
"2516",4434,0,60.5,33.5,28
"2517",4428,0.00477402047025912,31.5,17.5,16.0000795670078
"2518",4436,0.00260491455020994,18,10,38.0000434152425
"2519",4439,0.00170951608956244,43,24,52.0000284919348
"2520",4441,0,63.5,37.5,40
"2521",4435,0.0261105808196458,48,28,62.000435176347
"2522",4433,0.001185736516736,72,41,30.0000197622753
"2523",4432,0,30.5,15.5,30
"2524",4426,0.00125912362690706,33,18,52.0000209853938
"2525",4419,0.00242394360598681,60.5,34.5,52.0000403990601
"2526",4429,0.00328647438083913,63,37,32.000054774573
"2527",4424,0.00146240527108948,35,19,28.0000243734212
"2528",4430,0.00146240527108948,28,14,26.0000243734212
"2529",4421,0.00404938991154677,26,13,78.0000674898318
"2530",4438,0.00428412961347618,92.5,53.5,24.0000714021602
"2531",4437,0.00170951608956244,25.5,13.5,26.0000284919348
"2532",4422,0.00428412961347618,28,15,52.0000714021602
"2533",4442,0.0322843811807832,61,35,48.0005380730197
"2534",4482,0,54,30,46
"2535",4484,0,50,27,28
"2536",4555,0.331136265540401,33.5,19.5,76.005518937759
"2537",4557,0.0191043230799845,90.5,52.5,48.0003184053847
"2538",4562,0.0123091973590979,56.5,32.5,32.0002051532893
"2539",4572,0.000346826769305137,36,20,78.0000057804461
"2540",4577,0,91.5,52.5,66
"2541",4581,0.00025656575029096,81,48,32.0000042760958
"2542",4586,0.000160404891246974,36.5,20.5,42.0000026734149
"2543",4588,0.000173413354810817,49.5,28.5,38.0000028902226
"2544",4591,0,42.5,23.5,68
"2545",4593,0.000687629298040451,82.5,48.5,50.0000114604883
"2546",4595,0.000780507930009226,59,34,76.0000130084655
"2547",4600,0,87.5,49.5,48
"2548",4592,0.000875319259398453,60,36,44.0000145886543
"2549",4601,0.000461718008319426,54.5,32.5,52.0000076953001
"2550",4594,0.00121897552125697,59,33,46.0000203162587
"2551",4590,0.000635849022472107,52.5,29.5,8.00001059748371
"2552",4589,0,8,4,14
"2553",4587,0.000405882351318943,14,7,24.0000067647059
"2554",4582,0.000461718110344314,28.5,16.5,84.0000076953018
"2555",4585,0.000125322244734567,98.5,56.5,32.0000020887041
"2556",4583,0.000448520166911854,35.5,19.5,56.0000074753361
"2557",4580,0.000723155876063604,69.5,41.5,62.0000120525979
"2558",4579,0.000250644497711114,75.5,44.5,26.0000041774083
"2559",4578,0.000353049888227566,27.5,14.5,46.0000058841648
"2560",4576,0.000718040863252548,54.5,31.5,40.0000119673477
"2561",4575,0,44.5,24.5,48
"2562",4574,0,59,35,46
"2563",4573,0,54,31,30
"2564",4571,0.000689338391619121,36,21,58.0000114889732
"2565",4570,0,72.5,43.5,36
"2566",4569,0,43,25,18
"2567",4568,0,21,12,22
"2568",4567,0,22,11,54
"2569",4566,0,62,35,44
"2570",4565,0,50,28,70
"2571",4564,0,84.5,49.5,36
"2572",4563,0.000346826769305137,38.5,20.5,38.0000057804462
"2573",4561,0.000929023099355925,45,26,70.0000154837183
"2574",4560,0,80,45,44
"2575",4559,0,51.5,29.5,58
"2576",4584,0.00285440023438672,69.5,40.5,52.0000475733372
"2577",4599,0.00203246510268505,59.5,33.5,50.0000338744184
"2578",4598,0,61,36,84
"2579",4597,0,98,56,74
"2580",4596,0,89,52,38
"2581",4602,0.00240833080493178,42.5,23.5,16.0000401388467
"2582",4604,0.012000713232298,16.5,8.5,40.0002000118872
"2583",4603,0.0140764914405461,43.5,23.5,28.0002346081907
"2584",4605,0.00211980865860441,31.5,17.5,44.0000353301443
"2585",4607,0.0139899787798117,49,27,32.000233166313
"2586",4606,0.0228183787798713,36.5,20.5,82.000380306313
"2587",4608,0.00929842198355719,95,54,46.0001549736997
"2588",4631,0.0428384249899058,53.5,30.5,82.0007139737498
"2589",4611,0.164500601418461,96,55,54.0027416766903
"2590",4618,0,67.5,40.5,22
"2591",4620,0,23,12,78
"2592",4619,0.000111194927084224,90,51,38.0000018532488
"2593",4621,0.000111194927084224,40,21,30.0000018532488
"2594",4623,0,32.5,17.5,12
"2595",4625,0,14.5,8.5,30
"2596",4627,0,35,20,84
"2597",4630,0.00133470545687556,99,57,64.0000222450909
"2598",4629,0,75,43,24
"2599",4628,0.00133470545687556,25,13,22.0000222450909
"2600",4626,0.0193075988174314,26,15,38.0003217933136
"2601",4624,0.000655269469602691,41,22,56.0000109211578
"2602",4622,0.000687611126152262,65,37,14.0000114601854
"2603",4617,0.00109341575388488,17,10,46.0000182235959
"2604",4616,0,51,28,4
"2605",4615,0,5,3,64
"2606",4614,0,74.5,42.5,56
"2607",4613,0,64,36,58
"2608",4612,0,67.5,38.5,54
"2609",4610,0.000125320214347761,64,37,54.0000020886702
"2610",4609,0.0634211811350354,64.5,37.5,58.0010570196856
"2611",4632,0.164500601418461,67,38,22.0027416766903
"2612",4641,0.433748457419206,27.5,16.5,64.007229140957
"2613",4645,0,76.5,44.5,34
"2614",4649,0,36.5,19.5,20
"2615",4656,0,22,12,48
"2616",4660,0,55,31,28
"2617",4662,0,32.5,18.5,42
"2618",4665,0,50,29,36
"2619",4678,0,40,22,72
"2620",4701,0,85,49,38
"2621",4703,0.0049034938275376,44.5,25.5,86.0000817248971
"2622",4707,0,100,57,80
"2623",4714,0,94,54,54
"2624",4745,0.00227151380441698,64,37,68.0000378585634
"2625",4760,0,81,47,52
"2626",4769,0,58.5,32.5,78
"2627",4790,0,92,53,72
"2628",4789,0.00160850468533225,83.5,47.5,30.0000268084114
"2629",4788,0,36.5,21.5,38
"2630",4787,0,44,25,64
"2631",4786,0,74,42,56
"2632",4785,0,63.5,35.5,38
"2633",4784,0,45,26,14
"2634",4783,0,17.5,10.5,20
"2635",4782,0,23,13,62
"2636",4781,0,73,42,32
"2637",4780,0,40,24,22
"2638",4779,0,25,14,58
"2639",4778,0,72,43,26
"2640",4777,0,28,15,58
"2641",4776,0,69.5,40.5,40
"2642",4775,0,47,27,56
"2643",4774,0,68,40,64
"2644",4773,0,78,46,24
"2645",4772,0,24.5,12.5,46
"2646",4771,0,51,28,44
"2647",4770,0,49.5,27.5,88
"2648",4768,0.000564120843219946,102.5,58.5,4.00000940201405
"2649",4767,0,5,3,30
"2650",4766,0,37.5,22.5,78
"2651",4765,0,91,52,80
"2652",4764,0,94.5,54.5,24
"2653",4763,0,25.5,13.5,42
"2654",4762,0,51,30,16
"2655",4761,0,17.5,9.5,36
"2656",4744,0.00161929534357726,44,26,44.0000269882557
"2657",4743,0,50,28,48
"2658",4742,0,60,36,72
"2659",4741,0,83,47,46
"2660",4740,0,56.5,33.5,32
"2661",4739,0.00192189736713777,39.5,23.5,30.0000320316228
"2662",4738,0.00192189736713777,36.5,21.5,40.0000320316228
"2663",4737,0,48,28,54
"2664",4736,0,65.5,38.5,36
"2665",4735,0,40,22,66
"2666",4734,0,80,47,54
"2667",4733,0,64,37,30
"2668",4732,0,33.5,18.5,70
"2669",4731,0,81,46,24
"2670",4730,0,25.5,13.5,74
"2671",4729,0,88.5,51.5,28
"2672",4728,0,35,21,10
"2673",4727,0,10,5,48
"2674",4726,0,53,29,78
"2675",4725,0,91.5,52.5,18
"2676",4724,0,21,12,72
"2677",4723,0,87,51,78
"2678",4722,0,93,54,52
"2679",4721,0,57.5,31.5,24
"2680",4720,0,27,15,44
"2681",4719,0,51.5,29.5,62
"2682",4718,0,76,45,60
"2683",4717,0,72.5,42.5,22
"2684",4716,0,23,12,62
"2685",4759,0.00104097608520794,74.5,43.5,42.0000173496014
"2686",4758,0,46,25,44
"2687",4757,0,54,32,58
"2688",4756,0,66,37,66
"2689",4755,0,78,45,68
"2690",4754,0,80.5,46.5,52
"2691",4753,0,60,34,44
"2692",4752,0,55,33,58
"2693",4751,0,65,36,18
"2694",4750,0,19.5,10.5,56
"2695",4749,0,68.5,40.5,64
"2696",4748,0,77,45,64
"2697",4747,0,78,46,36
"2698",4746,0,39.5,21.5,22
"2699",4795,0.00253248646564015,22,11,66.0000422081078
"2700",4791,0.0177266785158621,80.5,47.5,22.0002954446419
"2701",4794,0,26.5,15.5,12
"2702",4793,0,15,9,38
"2703",4792,0,46.5,27.5,66
"2704",4715,0.00477947761767317,75,42,84.0000796579603
"2705",4713,0.00316671355401456,98,56,38.0000527785592
"2706",4712,0,47.5,28.5,48
"2707",4711,0,55,31,20
"2708",4710,0,24,14,64
"2709",4709,0,74.5,42.5,46
"2710",4708,0,57.5,34.5,8
"2711",4706,0.00453355938204199,9,5,46.000075559323
"2712",4705,0,54,31,2
"2713",4704,0,2,1,50
"2714",4702,0.00813438560715364,60,35,52.0001355730935
"2715",4796,0.0299433637494626,60,34,2.00049905606249
"2716",4798,0.00565278149851439,2.5,1.5,42.000094213025
"2717",4800,0.00523127855055077,51,30,54.0000871879758
"2718",4802,0.00112106794918635,65.5,38.5,72.0000186844658
"2719",4805,0.00193827345760061,85,49,6.00003230455763
"2720",4804,0.0137685217409357,6,3,44.0002294753623
"2721",4803,0.00193827345760061,47.5,25.5,84.0000323045576
"2722",4799,0.0101141471303736,98.5,56.5,48.0001685691188
"2723",4801,0.00282730965676906,53,29,66.0000471218276
"2724",4806,0.0236950981324456,80.5,47.5,58.0003949183022
"2725",4556,1.6026219490796,70.5,41.5,36.026710365818
"2726",4485,0.332161694106041,42.5,24.5,52.0055360282351
"2727",4487,0,64,38,48
"2728",4506,0,56.5,32.5,22
"2729",4505,0.00114889202397465,25.5,14.5,42.0000191482004
"2730",4504,0,48,27,62
"2731",4503,0,70,39,32
"2732",4502,0,37,21,56
"2733",4501,0,68,40,62
"2734",4500,0,71,40,44
"2735",4499,0,51,29,28
"2736",4498,0,33.5,19.5,2
"2737",4497,0,2.5,1.5,64
"2738",4496,0,77.5,45.5,26
"2739",4495,0,28.5,15.5,52
"2740",4494,0,60.5,34.5,20
"2741",4493,0,22.5,12.5,28
"2742",4492,0,34,20,10
"2743",4491,0,12.5,7.5,22
"2744",4490,0,22,11,24
"2745",4489,0,25,13,28
"2746",4488,0,34,20,32
"2747",4486,0.000655270259115561,37.5,21.5,20.000010921171
"2748",4507,0.00178499727851458,22,12,58.0000297499546
"2749",4510,0.00171124356557024,70,41,28.0000285207261
"2750",4519,0,28,14,46
"2751",4523,0,53.5,30.5,82
"2752",4531,0,95,54,48
"2753",4509,0.00510268068497288,56,32,6.00008504467808
"2754",4508,0.00171124356557024,7.5,4.5,76.0000285207261
"2755",4518,0.00394802756851652,88,50,36.0000658004595
"2756",4517,0,45,27,26
"2757",4516,0,30.5,17.5,44
"2758",4515,0,53.5,31.5,44
"2759",4514,0,49.5,27.5,40
"2760",4513,0,42.5,22.5,44
"2761",4512,0,51,29,38
"2762",4511,0,41.5,22.5,36
"2763",4522,0.001079449809401,38.5,20.5,20.0000179908302
"2764",4521,0,25,15,26
"2765",4520,0,27.5,14.5,40
"2766",4530,0.000125320311243868,48.5,28.5,66.0000020886719
"2767",4529,0,80,47,48
"2768",4528,0,56,32,10
"2769",4527,0,11,6,46
"2770",4526,0,51.5,28.5,54
"2771",4525,0,60.5,33.5,70
"2772",4524,0,81.5,46.5,42
"2773",4532,0.00638929560435987,48.5,27.5,38.0001064882601
"2774",4535,0.000667398741750733,43.5,24.5,16.0000111233124
"2775",4537,0.000160405737123224,16.5,8.5,60.000002673429
"2776",4545,0.000160405734998472,75,45,38.0000026734289
"2777",4547,0,42,23,14
"2778",4551,0,17,10,72
"2779",4553,0.000565784701080118,84.5,48.5,30.000009429745
"2780",4552,0.0119462457139287,32.5,17.5,74.0001991040952
"2781",4550,0.0012828391213679,86,49,58.000021380652
"2782",4549,0,72.5,43.5,70
"2783",4548,0,83,48,30
"2784",4544,0.00078368202383369,36.5,21.5,48.0000130613671
"2785",4543,0,58,34,62
"2786",4542,0,71,40,58
"2787",4541,0,65,36,84
"2788",4540,0,98.5,56.5,50
"2789",4539,0,55.5,30.5,34
"2790",4538,0.000160405734998472,38,21,76.0000026734289
"2791",4536,0.000461721701808022,87.5,49.5,62.0000076953617
"2792",4534,0.000412005399760964,75.5,44.5,22.0000068667567
"2793",4533,0.000667398741750733,25,14,22.0000111233124
"2794",4546,0.00168564185299745,27.5,16.5,62.0000280940309
"2795",4554,0.0125433554153903,74.5,43.5,48.0002090559236
"2796",4807,1.60489276348127,54.5,30.5,24.0267482127247
"2797",4382,3.13411692250659,26.5,14.5,26.0522352820418
"2798",4360,1.25280997756844,32,19,48.0208801662928
"2799",4366,0.0814719550677754,59,35,58.0013578659178
"2800",4300,0.294737802705316,68.5,39.5,38.0049122967118
"2801",4304,0,45,26,74
"2802",4306,0.00297359673154337,87,50,50.0000495599455
"2803",4299,0.0266177084715575,60.5,35.5,34.0004436284745
"2804",4294,0.0283324865658431,38,21,44.0004722081094
"2805",4296,0.00359132245653409,51,29,64.0000598553743
"2806",4293,0.00370126612988299,74,42,38.0000616877688
"2807",4297,0.0153360914282539,40.5,21.5,62.0002556015238
"2808",4295,0.00435031586021,71,40,32.0000725052643
"2809",4298,0.00390411415254325,35,19,56.0000650685692
"2810",4307,0.0266177084715575,67,39,32.0004436284745
"2811",4312,0.00763412336540163,33,17,76.0001272353894
"2812",4309,0.00499920095546976,89.5,51.5,66.0000833200159
"2813",4311,0.00111194926518365,76.5,43.5,26.0000185324878
"2814",4310,0.00111194926518365,30.5,17.5,54.0000185324878
"2815",4308,0.00763412336540163,62,35,36.0001272353894
"2816",4313,0.00499920095546976,44,26,58.0000833200159
"2817",4316,0.00143271182528608,69,40,70.0000238785304
"2818",4318,0.000111194929913516,85,50,46.0000018532488
"2819",4320,0,54.5,31.5,10
"2820",4319,0.000111194927084224,11.5,6.5,40.0000018532488
"2821",4321,0.000111194927084224,44.5,24.5,50.0000018532488
"2822",4323,0.000229821204120454,58.5,33.5,26.0000038303534
"2823",4317,0.00463164396988948,32,19,62.0000771940662
"2824",4314,0.00321734495958521,76,45,68.000053622416
"2825",4324,0.00556720310270375,80.5,46.5,62.0000927867184
"2826",4332,0.00375655683589213,71.5,40.5,44.0000626092806
"2827",4334,0.0051545610011923,53.5,31.5,28.00008590935
"2828",4336,0,30.5,16.5,44
"2829",4335,0.00669499511874035,52.5,30.5,18.000111583252
"2830",4337,0.00669499511874035,21.5,12.5,56.000111583252
"2831",4349,0.00169005662922547,63.5,35.5,46.0000281676105
"2832",4359,0,56,33,16
"2833",4348,0.013673092731698,19.5,11.5,64.0002278848789
"2834",4347,0.000405990055526187,74.5,42.5,52.0000067665009
"2835",4346,0,61,35,54
"2836",4345,0,67.5,40.5,18
"2837",4344,0,19,10,14
"2838",4343,0,14.5,7.5,36
"2839",4342,0,44.5,26.5,48
"2840",4341,0,56.5,32.5,24
"2841",4340,0,29.5,17.5,32
"2842",4339,0,34,18,56
"2843",4358,0.00150412859516212,65.5,37.5,40.0000250688099
"2844",4357,0,49,29,54
"2845",4356,0,65,38,42
"2846",4355,0,45,24,10
"2847",4354,0,10,5,66
"2848",4353,0,79,46,26
"2849",4352,0,32.5,19.5,24
"2850",4351,0,24,12,32
"2851",4350,0,40,24,24
"2852",4338,0.0017391090672517,25,13,62.0000289851511
"2853",4376,0.545229589031002,71,40,66.0090871598172
"2854",4371,0.0896154073617911,81,48,62.0014935901227
"2855",4378,0.021474564582463,77,46,46.0003579094097
"2856",4373,0.0330003104346248,52,29,36.0005500051739
"2857",4369,0.025788353196155,43.5,25.5,52.0004298058866
"2858",4280,0.521202928418537,65,39,60.0086867154736
"2859",4282,0.000229820508595988,75,45,34.0000038303418
"2860",4284,0,36,19,20
"2861",4286,0,25,15,54
"2862",4288,0,67,40,28
"2863",4292,0,29,15,64
"2864",4287,0.0207704342268159,72.5,40.5,32.0003461739038
"2865",4283,0.00131160338433439,36,20,54.0000218600564
"2866",4285,0.0023530123238442,63.5,36.5,32.0000392168721
"2867",4281,0.00104341314369892,39.5,23.5,42.0000173902191
"2868",4291,0.0765874331430435,46,25,60.001276457219
"2869",4290,0,75,45,70
"2870",4289,0,82,47,36
"2871",4303,0.276421406717924,41.5,23.5,66.0046070234453
"2872",4302,0,81,48,46
"2873",4301,0,53.5,30.5,70
"2874",4315,0.179868275025135,84,49,70.0029978045837
"2875",4322,0.0102670999797707,83,48,28.000171118333
"2876",4326,0.0223854825368833,34,20,38.0003730913756
"2877",4330,0.00259623488152331,45,26,46.0000432705814
"2878",4327,0.00755590898281755,51,28,62.0001259318164
"2879",4329,0,72,41,30
"2880",4331,0.00496380008048734,31.5,16.5,18.0000827300013
"2881",4328,0.0027878096680303,20.5,11.5,70.0000464634945
"2882",4325,0.00440187762039061,82.5,47.5,38.000073364627
"2883",4333,0.0229577340580597,47.5,28.5,68.000382628901
"2884",4367,0.296194986139594,83,49,24.0049365831023
"2885",4278,0.668186426299045,27,15,26.0111364404383
"2886",4277,0.00325014308624599,27,14,12.0000541690514
"2887",4276,0,13,7,38
"2888",4275,0,44,25,70
"2889",4279,0.00325014308624599,82,47,50.0000541690514
"2890",4144,0.279878962681329,57,32,68.004664649378
"2891",4171,0.299898601629776,83,49,36.0049983100272
"2892",4173,0.00757957945892179,41,23,78.0001263263243
"2893",4179,0.0168022225861115,93,54,50.0002800370431
"2894",4176,0.000459645926225339,62,37,52.0000076607654
"2895",4178,0.000111194927084224,64.5,38.5,66.0000018532488
"2896",4180,0.00100075433809943,80,47,30.000016679239
"2897",4191,0.000321307764270766,31,16,32.0000053551294
"2898",4188,5.79770554123306e-05,39,23,28.0000009662843
"2899",4192,0.000125401953885624,32.5,18.5,30.0000020900326
"2900",4199,0,34,19,64
"2901",4195,0,78,46,20
"2902",4198,0,20.5,10.5,60
"2903",4197,0,73.5,43.5,24
"2904",4196,0,29.5,17.5,6
"2905",4193,0,6,3,24
"2906",4200,0,28.5,16.5,44
"2907",4202,0.000111194927084224,54,32,30.0000018532488
"2908",4194,0.000125401953161331,32,17,24.0000020900326
"2909",4203,0.000125401953161331,25.5,13.5,12.0000020900326
"2910",4205,5.79769954261477e-05,15,9,48.0000009662833
"2911",4204,0.000250803856726861,54.5,30.5,60.0000041800643
"2912",4206,0.000229822929853499,69.5,39.5,60.0000038303822
"2913",4209,0.000160653410004673,68,38,40.0000026775568
"2914",4211,0,47.5,27.5,48
"2915",4217,0.0110203494383444,53,29,28.0001836724906
"2916",4219,0.00233797047628309,28.5,14.5,30.0000389661746
"2917",4221,0,37,22,6
"2918",4224,5.79752668808266e-05,6,3,48.0000009662544
"2919",4228,0,59.5,35.5,50
"2920",4230,0,59.5,34.5,68
"2921",4234,0,78.5,44.5,18
"2922",4239,0.000704535370660532,18,9,66.0000117422562
"2923",4241,0.000376203663823808,76,43,64.0000062700611
"2924",4243,0,76.5,44.5,30
"2925",4247,0,35,20,76
"2926",4252,0,89,51,40
"2927",4254,0,49.5,29.5,76
"2928",4259,0.00565059837280466,91,53,36.0000941766395
"2929",4274,0,38.5,20.5,26
"2930",4273,0.00958012223987338,32.5,19.5,62.000159668704
"2931",4272,0,76.5,45.5,18
"2932",4271,0,18,9,30
"2933",4270,0,32,17,66
"2934",4269,0,77.5,44.5,66
"2935",4268,0,77,44,42
"2936",4267,0,48.5,27.5,6
"2937",4266,0,6,3,46
"2938",4265,0,51,28,42
"2939",4264,0,52,31,72
"2940",4263,0,85.5,49.5,72
"2941",4262,0,84.5,48.5,50
"2942",4261,0,60.5,35.5,0
"2943",4260,0,0,0,38
"2944",4213,0.0967473420369379,47.5,28.5,16.0016124557006
"2945",4216,0.00700743912419846,19.5,11.5,44.0001167906521
"2946",4222,0.00540739556756802,52.5,30.5,30.0000901232595
"2947",4220,0.000353161909607605,31.5,16.5,38.0000058860318
"2948",4223,0.000353161909607605,45.5,26.5,60.0000058860318
"2949",4227,0.00393835898202833,75,45,44.0000656393164
"2950",4226,0,51.5,29.5,32
"2951",4225,0,38,22,34
"2952",4229,0.00475495655331854,35.5,18.5,28.0000792492759
"2953",4218,0.0103285461503521,31,17,18.0001721424358
"2954",4214,0.00957278962173344,21,12,36.0001595464937
"2955",4212,0.0316924631290001,41.5,23.5,32.0005282077188
"2956",4215,0.000250801955456258,34,18,8.00000418003259
"2957",4235,0.035153980142559,9.5,5.5,34.000585899669
"2958",4238,0,36.5,19.5,14
"2959",4242,0.000412866418659664,14.5,7.5,28.000006881107
"2960",4249,0.000677170456137178,28,14,46.0000112861743
"2961",4251,0,54,31,16
"2962",4250,0,19.5,11.5,40
"2963",4248,0,49,29,8
"2964",4253,0.000229822535996864,9,5,60.0000038303756
"2965",4246,0.000677170460611053,74.5,44.5,1.12861743435176e-05
"2966",4245,0,0,0,44
"2967",4244,0,53.5,31.5,62
"2968",4240,0.000830590230692391,76.5,45.5,44.0000138431705
"2969",4237,0.00122828528310197,50.5,28.5,40.0000204714214
"2970",4236,0,46,26,20
"2971",4256,0.00118064379607742,23.5,13.5,16.0000196773966
"2972",4258,0.00139654602417306,18.5,10.5,28.0000232757671
"2973",4257,0.00139654602417306,33.5,19.5,50.0000232757671
"2974",4255,0.00565059837280466,62.5,37.5,42.0000941766395
"2975",4233,0.00273652256348969,51,30,58.0000456087094
"2976",4232,0,66.5,37.5,40
"2977",4231,0,45,25,46
"2978",4210,0.0660889760149496,56.5,33.5,70.0011014829336
"2979",4207,0.0220770607711582,81,46,34.0003679510129
"2980",4187,0.0213751432857232,37.5,20.5,50.0003562523881
"2981",4189,0.000111194924254931,56,31,34.0000018532487
"2982",4201,0.000160653868987435,37,20,30.0000026775645
"2983",4190,0.000115954100519634,37.5,22.5,58.0000019325683
"2984",4181,0.000321307764270766,71.5,42.5,62.0000053551294
"2985",4184,0,74.5,43.5,34
"2986",4186,0,40,23,6
"2987",4185,5.79769954261477e-05,6,3,52.0000009662833
"2988",4183,0.000111194927084224,58,32,22.0000018532488
"2989",4182,0,25,14,40
"2990",4177,0.000919291723778731,49,29,36.0000153215287
"2991",4175,0.00137893761588539,42.5,24.5,68.0000229822936
"2992",4174,0.0173410816621236,83,49,58.0002890180277
"2993",4208,0.0237649716734278,71.5,42.5,68.0003960828612
"2994",4305,0.169644598942857,79.5,45.5,20.0028274099824
"2995",4132,0.373801024651774,20,10,52.0062300170775
"2996",4127,0.00675534286211293,60.5,34.5,50.0001125890477
"2997",4131,0,56.5,31.5,64
"2998",4071,0.504433271179561,77.5,45.5,56.0084072211863
"2999",4077,0,68,40,10
"3000",4079,0.00299163510571353,12,7,56.0000498605851
"3001",4085,0.00293722431624982,64,36,20.0000489537386
"3002",4101,0.00309552476684021,22,12,66.0000515920794
"3003",4100,0,80.5,47.5,28
"3004",4099,0,33.5,19.5,72
"3005",4098,0,86.5,50.5,54
"3006",4097,0,67.5,40.5,64
"3007",4096,0,75.5,43.5,90
"3008",4076,0.014409237951951,105,60,12.0002401539659
"3009",4075,0,14.5,8.5,54
"3010",4074,0,63.5,36.5,66
"3011",4073,0,75.5,42.5,90
"3012",4072,0,105,60,60
"3013",4089,0.00696692658458875,72.5,42.5,32.0001161154431
"3014",4088,0,32.5,16.5,66
"3015",4113,0.00604726849827237,78,45,38.0001007878083
"3016",4112,0,40,21,44
"3017",4111,0,53.5,31.5,44
"3018",4105,0.0120984415005103,54,32,52.0002016406917
"3019",4104,0,62.5,36.5,86
"3020",4116,0.0544262679435699,101,58,62.0009071044657
"3021",4115,0,72,41,80
"3022",4122,0.022213487381669,95,55,40.0003702247897
"3023",4121,0.124006321436592,49.5,29.5,38.0020667720239
"3024",4120,0,44.5,25.5,24
"3025",4119,0,24,12,40
"3026",4070,0.07356702270819,50,30,58.0012261170451
"3027",4172,0.237021842572956,69.5,40.5,40.0039503640429
"3028",3717,1.42933896423404,45.5,25.5,56.0238223160706
"3029",3719,0,63.5,35.5,70
"3030",3723,0.0132545789237704,81.5,46.5,26.0002209096487
"3031",3725,0.00283851916447698,31,18,16.0000473086527
"3032",3721,0.00642754251263238,19,11,54.0001071257085
"3033",3728,0.00656176231519903,64,37,44.0001093627053
"3034",3722,0.0101525422627194,51,29,62.0001692090377
"3035",3731,0.011934888214373,77,46,82.0001989148036
"3036",3692,0.347230577527269,95,54,32.0057871762921
"3037",3622,0.096390928046322,36.5,20.5,22.0016065154674
"3038",3625,0.00829012486548588,22.5,11.5,2.00013816874776
"3039",3620,0.0140778180747088,2.5,1.5,42.0002346303012
"3040",3636,0.0288574960172989,45,24,48.000480958267
"3041",3674,0.0196703806611879,53,29,36.0003278396777
"3042",3676,0,43,25,32
"3043",3669,0.00963896711332048,36.5,20.5,62.0001606494519
"3044",3660,0.00835760182328251,75,44,54.0001392933637
"3045",3662,0.00396438182507838,60,33,28.0000660730304
"3046",3659,0.00200818375620531,33,19,32.0000334697293
"3047",3658,0.00254362842064521,37,21,32.000042393807
"3048",3656,0.00116823969741122,35.5,19.5,64.0000194706616
"3049",3628,0.0234823549873158,76,44,10.0003913725831
"3050",3630,0.00313988808397892,12.5,7.5,24.0000523314681
"3051",3635,0.00457577706091447,30,18,56.000076262951
"3052",3637,0.000515096494507836,66.5,38.5,60.0000085849416
"3053",3650,0.00621530914361311,71.5,41.5,32.0001035884857
"3054",3649,0.00113309673003407,36,20,54.0000188849455
"3055",3638,0.00621530914361311,60.5,33.5,24.0001035884857
"3056",3644,0.0021657613315913,29.5,17.5,64.0000360960222
"3057",3654,0.0035858165418537,74,42,30.000059763609
"3058",3640,0.00554475879424124,30.5,15.5,62.0000924126466
"3059",3646,0.00396191973206897,71,40,58.0000660319955
"3060",3643,0.00135402511438881,67,38,72.0000225670852
"3061",3639,0.0021657613315913,86,50,80.0000360960222
"3062",3655,0.00554475879424124,94,54,30.0000924126466
"3063",3652,0.00266660147473257,37.5,22.5,50.0000444433579
"3064",3651,0.00289165138201596,56.5,31.5,36.0000481941897
"3065",3645,0.00425234272083627,38.5,20.5,82.0000708723787
"3066",3641,0.00396191973206897,95,54,50.0000660319955
"3067",3647,0.00210107435228104,62.5,37.5,40.0000350179059
"3068",3653,0.00386538641345583,42.5,22.5,82.0000644231069
"3069",3663,0.00375822431831764,95,54,4.00006263707197
"3070",3681,0.0291883031171354,4.5,2.5,70.0004864717186
"3071",3735,0.15421730709121,81.5,46.5,26.0025702884515
"3072",3734,0.000125450749492163,31.5,18.5,6.00000209084582
"3073",3733,0,6,3,60
"3074",3680,0.166516483873896,72,42,40.0027752747312
"3075",3675,0.00726015680045458,44.5,24.5,20.0001210026133
"3076",3621,0.0524926095733604,23.5,13.5,64.0008748768262
"3077",3615,0.092013007077621,73,41,38.001533550118
"3078",3617,0.00353638868333031,44.5,25.5,34.0000589398114
"3079",3613,0.073778757413381,42.5,25.5,38.0012296459569
"3080",3618,0.0749962183927897,42.5,23.5,68.0012499369732
"3081",3627,0.0205229642513636,78.5,44.5,16.0003420494042
"3082",3633,0.0121340251076789,16,8,20.0002022337518
"3083",3642,0.00463928844313285,22.5,12.5,68.0000773214741
"3084",3661,0.00476825517187727,79.5,45.5,56.0000794709195
"3085",3634,0.0108156925075854,65,37,58.0001802615418
"3086",3631,0.00457577706091447,68,39,66.000076262951
"3087",3599,0.496628649193836,75,42,42.0082771441532
"3088",3601,5.80223460463055e-05,48,27,18.0000009670391
"3089",3605,0,19.5,10.5,82
"3090",3595,0.250743123886212,96.5,55.5,4.00417905206477
"3091",3598,0,5,3,46
"3092",3597,0,51.5,28.5,32
"3093",3596,0,38,22,76
"3094",3600,0.000353192830871767,89,51,30.0000058865472
"3095",3604,0.000125422902797066,32.5,17.5,44.0000020903817
"3096",3603,0,51,29,22
"3097",3602,0,22,11,58
"3098",3594,0.0511107987412919,65,36,76.0008518466457
"3099",3606,0.250743123886212,89.5,51.5,58.0041790520648
"3100",3614,0.200945961438011,68.5,39.5,76.0033490993573
"3101",3693,0.188178529249654,88.5,50.5,30.0031363088208
"3102",3710,0.04594378407422,33.5,18.5,38.0007657297346
"3103",3691,0.115771894059101,40.5,21.5,36.0019295315677
"3104",3690,0,42,24,86
"3105",3689,0,100.5,57.5,62
"3106",3688,0,72.5,41.5,64
"3107",3711,0.115771894059101,76,44,78.0019295315677
"3108",3715,0,90.5,51.5,38
"3109",3714,0.000567942289741045,47.5,28.5,56.0000094657048
"3110",3713,0,67.5,39.5,10
"3111",3712,0,12,7,38
"3112",3716,0.000567942289741045,43.5,24.5,76.0000094657048
"3113",3612,0.280795911550621,88.5,50.5,40.0046799318592
"3114",3607,0.190583455707657,45.5,25.5,42.0031763909285
"3115",3593,0.376044656547851,48.5,27.5,72.0062674109425
"3116",3632,0.512775780944474,84,48,60.0085462630157
"3117",3626,0.0196376410914265,68.5,38.5,62.0003272940182
"3118",3619,0.0205229642513636,70.5,39.5,50.0003420494042
"3119",3623,0.0167882534373903,60.5,35.5,18.000279804224
"3120",3657,0.0308885153281161,21,12,54.0005148085888
"3121",3670,0.00999613832383557,62.5,35.5,34.0001666023054
"3122",3677,0.0053908821610504,41.5,24.5,50.000089848036
"3123",3687,0.0525752530826281,60,35,18.000876254218
"3124",3611,0.302998704853784,18,9,68.0050499784142
"3125",3610,0.015329588684096,79.5,45.5,34.0002554931447
"3126",3732,0.640989562093454,36.5,19.5,46.0106831593682
"3127",3726,0.225469959819107,52.5,29.5,62.0037578326637
"3128",3720,0.0145001523884036,75.5,44.5,74.0002416692065
"3129",3724,0.0103136157251748,88.5,51.5,44.0001718935954
"3130",3648,0.17632363611033,51,29,62.0029387272685
"3131",3629,0.0182420573327023,77,46,40.0003040342889
"3132",3624,0.0756310855663105,44.5,24.5,42.0012605180928
"3133",3609,0.375342096071639,48,27,48.0062557016012
"3134",3591,0.899611967667614,53.5,29.5,58.0149935327945
"3135",3411,0.578515169883863,67.5,38.5,40.0096419194981
"3136",3416,0,43.5,23.5,56
"3137",3420,0.000160502450327255,63,35,32.0000026750408
"3138",3417,0.000250706944222285,34.5,18.5,52.0000041784491
"3139",3419,0,61.5,35.5,10
"3140",3418,0,12,7,34
"3141",3421,0.000333584778423379,38,21,80.0000055597463
"3142",3423,0,95,55,56
"3143",3426,0,69,41,18
"3144",3422,0.00154193434522039,21,12,26.0000256989058
"3145",3427,0.00154193434522039,31.5,18.5,26.0000256989058
"3146",3430,0.0132323228221808,26,13,14.0002205387137
"3147",3433,0,14,7,26
"3148",3450,0.0028096642418562,28.5,15.5,26.0000468277374
"3149",3453,0,29.5,16.5,42
"3150",3452,0.000812058168610404,45,24,32.0000135343028
"3151",3451,0,34,18,10
"3152",3454,0.000812058168610404,11,6,66.0000135343028
"3153",3457,0,75.5,42.5,22
"3154",3456,5.78721328104171e-05,26.5,15.5,54.0000009645355
"3155",3455,0,63,36,36
"3156",3458,5.78721328104171e-05,43.5,25.5,26.0000009645355
"3157",3463,0.000932606635110704,28,15,40.0000155434439
"3158",3460,0,45,25,42
"3159",3467,0.000459592994929946,52,31,68.0000076598833
"3160",3466,0,80,46,58
"3161",3465,0,72,43,48
"3162",3461,0.000459592994929946,57.5,33.5,20.0000076598832
"3163",3459,0.000984210179875531,20,10,12.000016403503
"3164",3473,0.00418297500375077,12.5,6.5,54.0000697162501
"3165",3529,0.230588659297275,60.5,33.5,18.0038431443216
"3166",3532,0.00877540904183525,21,12,50.0001462568174
"3167",3528,0.0182656722559806,57.5,32.5,22.0003044278709
"3168",3542,0.0483479130906824,27,16,60.0008057985515
"3169",3474,0.268353893912944,69.5,39.5,52.0044725648985
"3170",3478,0.0201125877110636,64.5,38.5,76.0003352097952
"3171",3476,0.0188308892791716,90,52,44.0003138481547
"3172",3549,0.369570096654821,48.5,26.5,60.0061595016109
"3173",3573,0.287448386871626,72.5,42.5,44.0047908064479
"3174",3515,0.343680806762418,54.5,32.5,54.005728013446
"3175",3490,0.0646730161745134,63,36,52.0010778836029
"3176",3571,0.223351841849879,58.5,32.5,40.0037225306975
"3177",3616,0.725688888765147,49,29,50.0120948148128
"3178",3790,0.259223712448083,62.5,37.5,60.0043203952075
"3179",3858,0.333804295018986,74,44,62.005563404917
"3180",3863,0,74.5,43.5,78
"3181",3866,0.00356574381343388,91.5,52.5,80.0000594290636
"3182",3873,0,92.5,52.5,84
"3183",3875,0,97.5,55.5,4
"3184",3877,0,4,2,54
"3185",3876,0.00381070882661832,65.5,38.5,34.0000635118138
"3186",3878,0.00381070882661832,38.5,21.5,62.0000635118138
"3187",3887,0,71.5,40.5,24
"3188",3889,0.00154592009639056,28.5,16.5,28.0000257653349
"3189",3893,0.00572140435243718,28,14,42.0000953567392
"3190",3901,0.00496884746135401,46,25,52.0000828141244
"3191",3903,0,61.5,35.5,20
"3192",3914,0.0083256437041323,25,15,70.0001387607284
"3193",3918,0.00223173827214583,85,50,24.0000371956379
"3194",3921,0,26.5,14.5,70
"3195",3923,0,80,45,56
"3196",3926,0.00266605046584634,63.5,35.5,16.0000444341744
"3197",3924,0.0133738733223875,16,8,36.0002228978887
"3198",3912,0.0346113294906933,43.5,25.5,28.0005768554915
"3199",3907,0.00587861236023041,29,15,64.0000979768727
"3200",3909,0,76.5,44.5,34
"3201",3902,0.0132872960411069,36,19,54.000221454934
"3202",3910,0.0132872960411069,66.5,39.5,62.000221454934
"3203",3898,0.0197046772607169,75,44,30.0003284112877
"3204",3890,0.0295446864917157,34.5,19.5,74.0004924114415
"3205",3892,0,87,50,20
"3206",3899,0.0243648602000982,21.5,11.5,38.0004060810033
"3207",3905,0.0156378099443428,41,22,44.0002606301657
"3208",3913,0.00587861236023041,49,27,26.0000979768727
"3209",3906,0.00587861236023041,26.5,13.5,52.0000979768727
"3210",3916,0.00675424736586885,59.5,33.5,74.0001125707894
"3211",3915,0.00223173827214583,86.5,49.5,24.0000371956379
"3212",3917,0.00140574845484997,29.5,17.5,14.0000234291409
"3213",3922,0.00779025085020734,17.5,10.5,22.0001298375142
"3214",3904,0.0227214437567084,22.5,11.5,20.0003786907293
"3215",3900,0.0156378099443428,24.5,14.5,42.0002606301657
"3216",3894,0.00496884746135401,51.5,30.5,56.0000828141244
"3217",3897,0,68.5,40.5,40
"3218",3896,0,45.5,25.5,50
"3219",3895,0,58.5,33.5,36
"3220",3888,0.0146267746566581,39.5,21.5,54.0002437795776
"3221",3911,0.0326333472176644,63,36,14.0005438891203
"3222",3925,0.0346113294906933,16.5,9.5,20.0005768554915
"3223",3927,0.0157042111994874,21,11,48.0002617368533
"3224",3931,0,56,32,22
"3225",3939,0.0161885997283854,23,12,48.0002698099955
"3226",3942,0,53.5,29.5,78
"3227",3937,0.287983104188393,93,54,80.0047997184031
"3228",3932,0.0161885997283854,93.5,53.5,16.0002698099955
"3229",3938,0.0161885997283854,17.5,9.5,34.0002698099955
"3230",3946,0.0917891671381374,36,19,24.0015298194523
"3231",3952,0.028052510785642,28.5,16.5,66.0004675418464
"3232",3948,0.0444978731630007,75,42,54.0007416312194
"3233",3950,0,64,37,72
"3234",3949,0.000229846366615246,85,49,10.0000038307728
"3235",3951,0.000229846366615246,12.5,7.5,70.0000038307728
"3236",3944,0.126181137336699,84,49,72.0021030189556
"3237",3846,0.512857797224576,86.5,50.5,64.0085476299537
"3238",3801,0.138003063859024,77,45,30.0023000510643
"3239",3809,0.0171653505657214,32.5,17.5,22.0002860891761
"3240",3849,0.403177862085742,25,14,20.0067196310348
"3241",3852,0.162658964170978,20.5,10.5,34.0027109827362
"3242",3855,0,38.5,21.5,26
"3243",3862,0.00606499040154557,27.5,14.5,34.0001010831734
"3244",3861,0,38.5,21.5,34
"3245",3860,0,38,21,64
"3246",3859,0,75.5,43.5,70
"3247",3856,0.00606499040154557,82.5,47.5,70.0001010831734
"3248",3886,0.0292276269440774,81.5,46.5,24.0004871271157
"3249",3885,0,25.5,13.5,56
"3250",3884,0,62.5,34.5,52
"3251",3883,0,60,34,48
"3252",3882,0,57,33,54
"3253",3881,0,63,36,10
"3254",3880,0,12,7,48
"3255",3879,0,59,35,26
"3256",3891,0.0120657594400664,27.5,14.5,42.0002010959907
"3257",3857,0.041079874508106,48,27,62.0006846645751
"3258",3920,0.086322462204573,75.5,44.5,40.0014387077034
"3259",3919,0,48.5,28.5,38
"3260",3930,0.0180211025401054,45,26,56.000300351709
"3261",3929,0,69.5,41.5,64
"3262",3928,0,73.5,41.5,58
"3263",3935,0.161665833679661,67.5,38.5,24.0026944305613
"3264",3934,0,27,15,66
"3265",3941,0.00599350287857542,75,42,40.0000998917146
"3266",3940,0,43,23,66
"3267",3980,0.393588944876249,80,47,62.0065598157479
"3268",3982,0.01093185364469,76,45,70.0001821975607
"3269",3989,0.00835736553067084,80,45,32.0001392894255
"3270",3994,0.0102063729820725,35,19,66.0001701062164
"3271",3998,0.0116001948211222,79.5,46.5,52.0001933365804
"3272",4001,0.0306950391072997,59.5,33.5,26.0005115839851
"3273",3976,0.0745348747538027,32.5,19.5,72.0012422479126
"3274",3964,0.408964446819826,82.5,46.5,60.0068160741137
"3275",3977,0.408964446819826,67.5,37.5,16.0068160741137
"3276",3975,0.0141547028735825,18.5,10.5,40.0002359117146
"3277",3981,0.0360351056347798,44.5,24.5,74.0006005850939
"3278",4026,0.22936376308401,87.5,50.5,18.0038227293847
"3279",4028,0,19.5,10.5,24
"3280",4030,0,26,14,56
"3281",4011,0.188095558918226,64,36,14.003134925982
"3282",4010,0.0115128218179843,17,10,66.0001918803636
"3283",4005,0.108469668621725,81,48,64.0018078278104
"3284",4009,0,76.5,44.5,26
"3285",4012,0.0115128218179843,26,13,36.0001918803636
"3286",4014,0.0373666053759225,44,26,40.0006227767563
"3287",4016,0.00582301019125706,43.5,23.5,68.0000970501699
"3288",4025,0.0135508995256605,81,47,32.0002258483254
"3289",4050,0.137478337525912,34,18,18.0022913056254
"3290",4052,0.000353218478699449,18,9,60.0000058869746
"3291",4059,0,75,45,52
"3292",4058,0.000125440987017552,60.5,34.5,28.0000020906831
"3293",4057,0,31.5,17.5,10
"3294",4056,0,10.5,5.5,48
"3295",4055,0,58,34,24
"3296",4054,0,25.5,13.5,36
"3297",4053,0,43,25,62
"3298",4060,0.000125440987017552,70.5,39.5,54.0000020906831
"3299",4068,0.0325226633759412,63.5,36.5,24.0005420443896
"3300",4051,0.0443725474700423,29,17,42.0007395424578
"3301",4049,0.00922880904316317,45,24,22.0001538134841
"3302",4062,0.0777985389224263,24.5,13.5,54.0012966423154
"3303",4065,0.000763078227067024,61,34,58.0000127179704
"3304",4063,0.00846696200121073,69,40,52.0001411160334
"3305",4066,0.0105737297058617,63,37,36.0001762288284
"3306",4064,0.0279476634003859,38,20,52.00046579439
"3307",4035,0.124088950074033,63.5,37.5,64.0020681491679
"3308",4045,0.159214697547572,78,46,4.00265357829246
"3309",4008,0.223742555169627,5,3,52.0037290425862
"3310",4007,0,62,36,54
"3311",4006,0,62.5,35.5,58
"3312",4046,0.223742555169627,67,38,14.0037290425862
"3313",4048,0,17.5,10.5,10
"3314",4123,0.204713691911583,11.5,6.5,14.0034118948652
"3315",4130,0.008387173847187,15.5,8.5,46.0001397862308
"3316",4129,0,52.5,29.5,32
"3317",4128,0,34.5,18.5,54
"3318",4124,0.008387173847187,60.5,33.5,60.0001397862308
"3319",4126,0,71.5,41.5,62
"3320",4125,0,70,39,42
"3321",4133,0.00675534286211293,45,24,68.0001125890477
"3322",4137,0,80,46,54
"3323",4118,0.0368287356669481,65.5,38.5,24.0006138122611
"3324",4151,0.146269905811194,28,16,76.0024378317635
"3325",4153,0.00837345642482159,91,53,54.0001395576071
"3326",4156,0.00436295687799464,65,38,56.000072715948
"3327",4155,0.00811812885347202,67.5,39.5,74.0001353021476
"3328",4154,0.00436295687799464,89,52,34.000072715948
"3329",4157,0.00811812885347202,39.5,22.5,36.0001353021476
"3330",4165,0.0287933720843659,37.5,19.5,32.0004798895347
"3331",4170,0,34.5,18.5,58
"3332",4169,0,71,42,22
"3333",4168,0,27.5,16.5,54
"3334",4167,0,61.5,34.5,48
"3335",4166,0,60,36,50
"3336",4164,0.0152625120184842,58,33,30.0002543752003
"3337",4163,0,30,15,44
"3338",4162,0,47.5,25.5,16
"3339",4161,0,17,9,56
"3340",4158,0.0287933720843659,70,42,8.00047988953474
"3341",4160,0,9,5,54
"3342",4145,0.311173695558066,63.5,36.5,32.0051862282593
"3343",4147,0,36.5,20.5,58
"3344",4149,0,67,38,64
"3345",4143,0.0404523430052263,74,42,6.00067420571675
"3346",4150,0.0404523430052263,6.5,3.5,10.0006742057168
"3347",4148,0.425350963702632,10,5,46.0070891827284
"3348",4024,0.38460040429689,51,28,46.0064100067383
"3349",4023,0,51,28,28
"3350",4017,0.0135508995256605,34,20,28.0002258483254
"3351",4022,0.000222389854168448,31.5,17.5,80.0000037064976
"3352",4018,0.0290456517151796,93,53,62.0004840941953
"3353",4021,0,75.5,44.5,60
"3354",4020,0,70.5,40.5,8
"3355",4019,0,9.5,5.5,28
"3356",4031,0.737939783335476,28,14,48.0122989963889
"3357",4033,0.0261868323929597,54,30,58.0004364472065
"3358",4004,0.20264968688622,69,40,34.0033774947814
"3359",4136,0.672083816153729,40.5,23.5,26.0112013969359
"3360",4135,0,27.5,14.5,70
"3361",4134,0,82,47,46
"3362",4032,0.278676198024485,52.5,29.5,30.0046446033004
"3363",3985,0.260640034806282,32,17,52.0043440005801
"3364",3955,0.262159593373428,65,39,76.0043693265562
"3365",3961,0.0490896629536409,88,50,38.0008181610492
"3366",3960,0.0903770111499012,46.5,27.5,28.0015062835192
"3367",3957,0.000310727084478347,30.5,16.5,62.0000051787847
"3368",3959,0,73,42,20
"3369",3958,0.000111194924254931,22,12,70.0000018532487
"3370",3956,0.0492562033844399,81,46,64.0008209367231
"3371",3848,0.572914551593994,73.5,41.5,46.0095485758599
"3372",3810,0.403177862085742,51.5,28.5,16.0067196310348
"3373",3805,0.00361315387723914,17.5,9.5,16.0000602192313
"3374",3804,0.0028916466476329,19,11,60.0000481941108
"3375",3806,0.0028916466476329,74.5,44.5,86.0000481941108
"3376",3808,0,100,57,10
"3377",3807,0.00679496419624576,11,6,36.0001132494033
"3378",3811,0.00435687158049041,37.5,19.5,12.0000726145263
"3379",3813,0,14.5,8.5,42
"3380",3823,0,47,26,46
"3381",3825,0,53.5,30.5,6
"3382",3812,0.00433194425356403,6.5,3.5,42.0000721990709
"3383",3826,0.00433194425356403,49.5,28.5,58.0000721990709
"3384",3851,0.37484444723882,69.5,40.5,32.006247407454
"3385",3850,0.162658964170978,38,22,52.0027109827362
"3386",3864,0.349686132547405,60,34,56.0058281022091
"3387",3872,0.00206848537140647,64,36,20.0000344747562
"3388",3871,0,24.5,14.5,60
"3389",3870,0,67.5,37.5,66
"3390",3869,0,76,43,34
"3391",3868,0,36.5,19.5,70
"3392",3867,0,84,49,30
"3393",3865,0.00206848537140647,33.5,18.5,40.0000344747562
"3394",3874,0.0173183503091747,48.5,28.5,52.0002886391718
"3395",3827,0.743404493689999,60.5,34.5,68.0123900748948
"3396",3832,0.00318903613428596,78,44,46.0000531506022
"3397",3803,0.0299136033642138,57.5,34.5,20.0004985600561
"3398",3822,0.00718007280282029,20,10,58.00011966788
"3399",3821,0,66,37,30
"3400",3820,0,36,21,80
"3401",3819,0,94.5,54.5,64
"3402",3818,0,72.5,40.5,42
"3403",3817,0,45.5,24.5,32
"3404",3816,0,37,21,54
"3405",3815,0,62,35,44
"3406",3814,0,48.5,26.5,28
"3407",3828,0.00508679254055683,33,19,24.0000847798757
"3408",3831,0.00637316145941591,26,14,16.0001062193577
"3409",3830,0.00591381733586662,19.5,11.5,32.0000985636223
"3410",3829,0.00637316145941591,33.5,17.5,50.0001062193577
"3411",3824,0.00608908274964169,56.5,31.5,36.0001014847125
"3412",3802,0.0249393015676825,40,22,26.0004156550261
"3413",3833,0.0299136033642138,26.5,13.5,56.0004985600561
"3414",3839,0,67.5,39.5,48
"3415",3838,0.00763180959523774,52.5,28.5,36.0001271968266
"3416",3837,0,45,27,36
"3417",3836,0,45,27,62
"3418",3835,0,72,41,44
"3419",3834,0,48,26,70
"3420",3840,0.00763180959523774,81,46,14.0001271968266
"3421",3844,0.000353202815039313,15.5,8.5,68.0000058867136
"3422",3843,0,82.5,48.5,20
"3423",3842,0,23.5,13.5,68
"3424",3841,0.000353202815039313,79,45,14.0000058867136
"3425",3799,0.144937616599304,14,7,62.0024156269433
"3426",3797,0.0202582198991385,76,45,28.0003376369983
"3427",3795,0.105375214748286,28,14,72.0017562535791
"3428",3794,0.00361504968058744,86.5,50.5,52.000060250828
"3429",3854,1.85362927922427,58.5,32.5,10.0308938213204
"3430",3853,0,10.5,5.5,28
"3431",4013,1.53765648963382,29.5,15.5,34.0256276081606
"3432",4015,0.612721225068324,36,19,12.0102120204178
"3433",4047,0.167919716074117,14.5,8.5,12.0027986619346
"3434",4027,0.372163849500505,12.5,6.5,38.006202730825
"3435",4029,0.00611016318093269,41,22,66.000101836053
"3436",3592,1.93614417896939,76.5,43.5,70.0322690696495
"3437",3399,1.25890261321694,85,50,28.0209817102203
"3438",3245,1.13003996435116,29.5,15.5,6.01883399940585
"3439",3247,0.000891453701738885,6,3,10.0000148575617
"3440",3250,0,11,6,42
"3441",3253,0,50,29,24
"3442",3252,0.000448529264251352,25.5,13.5,36.0000074754877
"3443",3251,0,41.5,23.5,12
"3444",3254,0.000448529264251352,14,8,10.0000074754877
"3445",3229,0.315058824793941,11,6,34.0052509804132
"3446",3215,0.343566407343237,40,23,72.0057261067891
"3447",3218,0,86,50,52
"3448",3221,0.064971815980735,60.5,34.5,88.0010828635997
"3449",3207,0.157244286674273,103,59,44.0026207381112
"3450",3209,0.00675272557392786,47.5,25.5,36.0001125454262
"3451",3211,0,44.5,26.5,22
"3452",3022,0.555903014309966,22.5,11.5,38.0092650502385
"3453",3019,0.121433274291521,45,26,74.0020238879049
"3454",3021,0.00193800103797413,87,50,80.0000323000173
"3455",3020,0.00162920348294564,94,54,28.0000271533914
"3456",3212,0.556142687864403,29.5,15.5,28.0092690447977
"3457",3214,0,34.5,20.5,60
"3458",3213,0,72,42,60
"3459",3208,0.00721333513691026,73,43,24.0001202222523
"3460",3210,0.00767441477755678,27.5,15.5,52.000127906913
"3461",3205,0.0771155695326932,57.5,31.5,66.0012852594922
"3462",3204,0.0256125333260317,79.5,46.5,86.0004268755554
"3463",3206,0.0256125333260317,101,58,48.0004268755554
"3464",3222,0.157244286674273,58,34,52.0026207381112
"3465",3243,0.809781642287302,58,32,70.0134963607048
"3466",3238,0.0262457782489853,84,49,34.0004374296375
"3467",3244,0.0400493623504617,42,25,42.0006674893725
"3468",3094,1.36509035643058,45.5,24.5,60.0227515059405
"3469",3093,0,67.5,37.5,40
"3470",3092,0,43.5,23.5,8
"3471",3091,0,9.5,5.5,14
"3472",3090,0,14.5,7.5,66
"3473",3089,0,80.5,47.5,30
"3474",3088,0,37,22,44
"3475",3087,0,50.5,28.5,30
"3476",2753,0.552579446609213,30,15,46.0092096574435
"3477",2752,0,57.5,34.5,24
"3478",2751,0,28,16,20
"3479",2749,0.0168174072975338,20,10,66.0002802901216
"3480",2748,0,78,45,42
"3481",2747,0,45,24,40
"3482",2724,0.25607684353345,48.5,28.5,32.0042679473922
"3483",2640,0.281397314156473,39,23,28.0046899552359
"3484",2644,0,34,20,66
"3485",2646,0,79,46,82
"3486",2653,0,95.5,54.5,36
"3487",2656,0,44,26,70
"3488",2655,0.000116009009521707,80.5,45.5,18.0000019334835
"3489",2654,0,21.5,12.5,52
"3490",2657,0.000116009009521707,57.5,31.5,64.0000019334835
"3491",2662,0.00159515762635248,75.5,43.5,54.0000265859604
"3492",2664,0.001779118827689,66,39,62.0000296519805
"3493",2660,0.00167195340834805,76.5,45.5,24.0000278658901
"3494",2659,0,29.5,17.5,20
"3495",2645,0.0283005918643683,22,12,50.0004716765311
"3496",2633,0.160733301847552,55,30,14.0026788883641
"3497",2546,3.50846085971727,15,8,28.058474347662
"3498",2580,0.514524249590202,28,14,36.0085754041598
"3499",2583,0,42,24,74
"3500",2585,0,86.5,49.5,50
"3501",2587,0,61.5,36.5,60
"3502",2586,0.000525744828041575,69.5,39.5,52.0000087624138
"3503",2588,0.000525744828041575,64,38,60.0000087624138
"3504",2597,0,72,42,38
"3505",2605,0,43,24,90
"3506",2608,0,105,60,68
"3507",2618,0,77.5,43.5,22
"3508",2622,0,22,11,8
"3509",2628,0,10,6,84
"3510",2627,0.144580211497735,98,56,52.0024096701916
"3511",2626,0,62.5,36.5,76
"3512",2625,0,90,52,52
"3513",2624,0,59,33,52
"3514",2623,0,60.5,34.5,30
"3515",2621,0.00335300523597176,36.5,21.5,14.0000558834206
"3516",2620,0,16.5,9.5,42
"3517",2619,0,48,27,32
"3518",2638,0.0295474239004748,38.5,22.5,68.000492457065
"3519",2632,0.00804168490505373,77.5,43.5,30.0001340280818
"3520",2637,0.001827309484537,31.5,16.5,70.0000304551581
"3521",2636,0,81.5,46.5,70
"3522",2635,0,82.5,47.5,26
"3523",2617,0.0625807374367654,26.5,13.5,22.0010430122906
"3524",2616,0,25.5,14.5,48
"3525",2615,0,55,31,28
"3526",2614,0,30.5,16.5,64
"3527",2613,0,74.5,42.5,26
"3528",2612,0,26,13,48
"3529",2611,0,54.5,30.5,10
"3530",2610,0,12.5,7.5,38
"3531",2609,0,47.5,28.5,62
"3532",2607,0.000771833715007962,72.5,41.5,70.0000128638953
"3533",2606,0,80.5,45.5,52
"3534",2579,0.114695288448157,61.5,35.5,42.0019115881408
"3535",2578,0,45.5,24.5,54
"3536",2577,0,61.5,34.5,24
"3537",2576,0,25,13,34
"3538",2575,0,39,22,18
"3539",2629,0.283503822599539,20.5,11.5,46.00472506371
"3540",2631,0,50,27,56
"3541",2630,0,65.5,37.5,62
"3542",2639,0.00804168490505373,76,45,64.0001340280818
"3543",2725,0.281397314156473,75.5,43.5,72.0046899552359
"3544",2863,0.774409775371772,85.5,49.5,24.0129068295895
"3545",2866,0.000111194927084224,29.5,17.5,48.0000018532488
"3546",2869,5.79108478085417e-05,59,35,20.0000009651808
"3547",2875,0.000229806253735291,23.5,13.5,8.00000383010423
"3548",2870,0.00012537136481622,8,4,74.0000020895228
"3549",2860,0.000173732666944629,87.5,50.5,60.0000028955444
"3550",2847,0.000688068323310728,68,38,58.0000114678054
"3551",2842,0.000282206006808715,65.5,36.5,44.0000047034334
"3552",2833,0.000752841707400892,48,26,8.00001254736179
"3553",2843,0.000674723339808234,9,5,12.000011245389
"3554",2850,0.000310170796406998,12.5,6.5,4.00000516951327
"3555",2840,0.00040537611837318,4,2,14.0000067562686
"3556",2845,0.000206270032558576,17.5,10.5,62.0000034378339
"3557",2849,0.000256949347915992,74,43,32.0000042824891
"3558",2859,0.000173732493354935,37,21,58.0000028955416
"3559",2871,0.000173732666944629,67,38,8.00000289554445
"3560",2881,5.79108474401645e-05,8,4,40.0000009651808
"3561",2878,0.000229806255589775,42.5,22.5,32.0000038301043
"3562",2924,0.000642233562928067,39.5,23.5,62.0000107038927
"3563",2939,5.79108292159832e-05,74,43,48.0000009651805
"3564",2948,5.7910851122029e-05,56,32,28.0000009651809
"3565",2945,5.79108507536517e-05,31,17,62.0000009651808
"3566",2956,0.000115821681626379,76,45,64.0000019303613
"3567",2950,0.000125371350062469,77,45,36.0000020895225
"3568",2931,0.000206270032558576,38,20,10.0000034378339
"3569",2909,0.000115821685308244,10,5,12.0000019303614
"3570",2903,0.000125371362520398,13,7,52.0000020895227
"3571",2890,0.000115821731697065,59.5,33.5,50.0000019303622
"3572",2902,0.000250742730567872,56,31,34.0000041790455
"3573",2910,0.000125371362520398,35.5,18.5,8.00000208952271
"3574",2912,0.000111194927084224,10,6,14.0000018532488
"3575",2907,0,16,9,60
"3576",2930,0.000160558346578919,72.5,42.5,38.0000026759724
"3577",2927,0,47,28,66
"3578",2926,0.000111194924254931,80,47,50.0000018532487
"3579",2951,0.000206270032558576,59,34,24.0000034378339
"3580",2947,0.000125371358694028,27,15,74.0000020895226
"3581",2949,5.79108507536517e-05,89,52,50.0000009651808
"3582",2953,0.000222389854168448,61,36,82.0000037064976
"3583",2960,0.000125371363455831,95,54,16.0000020895227
"3584",2954,5.79108544355162e-05,18.5,10.5,42.0000009651809
"3585",2969,0.000173732517837715,50.5,29.5,42.000002895542
"3586",2983,0.00036482357194739,47.5,26.5,34.0000060803929
"3587",2978,0.000289554072263193,42,25,36.0000048259012
"3588",2982,0.000115821642232904,38.5,20.5,10.0000019303607
"3589",2970,0.00036482357194739,10,5,54.0000060803929
"3590",2974,0.00033857417374444,65,38,60.0000056429029
"3591",2967,0.000250742718323489,71.5,41.5,64.0000041790453
"3592",2952,0.000231643370248111,77.5,45.5,74.0000038607228
"3593",2906,0.000364823544407267,87.5,50.5,28.0000060803924
"3594",2913,0,30,16,64
"3595",2929,0.000567910619854109,74.5,42.5,46.000009465177
"3596",2936,0.000229806254570285,56.5,33.5,74.0000038301042
"3597",2919,0.000115821688253354,86.5,49.5,36.0000019303615
"3598",2917,0,39,21,54
"3599",2900,0.000115821681994757,62,35,8.00000193036137
"3600",2921,0.000115821708502655,8.5,4.5,26.0000019303618
"3601",2897,0.000206269948834242,30.5,17.5,38.0000034378325
"3602",2899,0,42,23,32
"3603",2898,0,34,18,32
"3604",2918,0.000115821681994757,33.5,17.5,36.0000019303614
"3605",2937,0.000115821688253354,44,26,60.0000019303615
"3606",2943,5.79108693462079e-05,70,40,48.0000009651812
"3607",2940,0.000125371362690557,55,31,32.0000020895227
"3608",2935,5.79108362113356e-05,36.5,20.5,56.0000009651806
"3609",2944,0.000229806253828121,66,38,58.0000038301042
"3610",2896,0.000412539984053836,65.5,36.5,72.0000068756664
"3611",2888,0.000125371354272544,83,47,54.0000020895226
"3612",2915,0.000406124884889837,66.5,39.5,46.0000067687481
"3613",2932,0.000229806251230309,57.5,34.5,52.0000038301042
"3614",2941,0.000115821672054294,62,36,34.0000019303612
"3615",2894,0.000364823628752319,36,19,24.0000060803938
"3616",2877,0.000256949336299471,26.5,14.5,62.0000042824889
"3617",2882,0.000229806255589775,70,39,78.0000038301043
"3618",2886,0.000111194927084224,92.5,53.5,58.0000018532488
"3619",2858,0.000462371396015457,67.5,38.5,30.0000077061899
"3620",2857,0.000229806247565666,37,22,12.0000038301041
"3621",2887,0.000462371396015457,13,7,46.0000077061899
"3622",2893,0.000125371355037818,53.5,30.5,74.0000020895226
"3623",2872,0.000406124934027997,88.5,51.5,10.0000067687489
"3624",2884,0.000160558330278019,12,7,22.0000026759722
"3625",2864,0.000231643397124387,24,13,68.0000038607233
"3626",2853,0.000256949329100784,81,47,40.0000042824888
"3627",2862,0.000376114094788977,48.5,28.5,38.0000062685682
"3628",2986,0.00165546027416991,47.5,28.5,16.0000275910046
"3629",2980,0.00173107034241795,16.5,8.5,34.0000288511724
"3630",2973,0.000173732577848864,41.5,24.5,34.000002895543
"3631",2975,0.000222389854168448,38.5,21.5,14.0000037064976
"3632",2988,0.000703770333872515,17,10,22.0000117295056
"3633",2990,0.000778364486760275,23,12,32.0000129727414
"3634",3007,0.000719077877151854,35.5,19.5,72.0000119846313
"3635",3015,0.00105935903478042,84.5,48.5,66.0000176559839
"3636",2991,0.00160558402278068,80,47,28.0000267597337
"3637",3005,0.000579108740954116,33,19,58.0000096518123
"3638",2996,0.000564412138465366,68.5,39.5,40.000009406869
"3639",2992,0.00023164349616062,44,24,38.0000038607249
"3640",2976,0.00144740138545993,44,25,68.0000241233564
"3641",2889,0.000876696554784082,78,44,36.0000146116092
"3642",2904,0.000115821731697065,43.5,25.5,20.0000019303622
"3643",2933,0.000173732507897252,21.5,11.5,58.0000028955418
"3644",2856,0.000876696769281409,69,40,40.0000146116128
"3645",2844,0.00052498414715519,43.5,23.5,44.0000087497358
"3646",2841,0.000206270032558576,51.5,29.5,62.0000034378339
"3647",2848,0.000282206006808715,73.5,42.5,20.0000047034334
"3648",2855,0.000125371360224576,22,12,54.0000020895227
"3649",2838,0.000730202435349273,65.5,38.5,28.0000121700406
"3650",2851,0.000524984397610431,28.5,14.5,48.00000874974
"3651",2868,0.000256949413965488,57,33,52.0000042824902
"3652",2854,0.000530726533109768,64.5,38.5,64.0000088454422
"3653",2891,0.000762072699175716,75.5,43.5,44.0000127012117
"3654",2852,0.000589687291317192,53,31,48.0000098281215
"3655",2934,0.000896678282179762,59,35,88.000014944638
"3656",2971,0.0012885694968381,103,59,76.0000214761583
"3657",2879,0.00171700562263045,88.5,50.5,26.0000286167604
"3658",2985,0.00140425158091262,29.5,16.5,26.000023404193
"3659",2987,0.000160558262920351,31.5,18.5,42.000002675971
"3660",2880,0.00302820066119142,45,24,38.000050470011
"3661",2829,0.002688663596504,44,25,54.0000448110599
"3662",2822,0.000321116925011611,62,35,56.0000053519488
"3663",2831,0.000321116977597008,67.5,39.5,74.0000053519496
"3664",2835,0.000626856992781728,89,52,10.0000104476165
"3665",2830,0.000780669825404992,11,6,46.0000130111638
"3666",2823,0.000321116977597008,51.5,28.5,36.0000053519496
"3667",2809,0.000347465681805269,43.5,25.5,50.0000057910947
"3668",2815,0.000115821863868136,57.5,32.5,46.0000019303644
"3669",2811,0.00100242850868577,56.5,33.5,38.0000167071418
"3670",2810,0.000558982529783183,42,23,78.0000093163755
"3671",2803,0.000365101381915783,91,52,18.000006085023
"3672",2799,0.000282206217330777,21.5,12.5,24.000004703437
"3673",2797,0.000125371395427185,29,17,8.00000208952326
"3674",2796,0.000125371414345501,8,4,40.0000020895236
"3675",2800,0.000125371395427185,43.5,23.5,64.0000020895233
"3676",2807,0.000256949646631409,74,42,34.0000042824941
"3677",2801,0.000310171252660479,36,19,12.0000051695209
"3678",2814,0.000752228340548361,15,9,66.000012537139
"3679",2785,0.000930513757981436,75,42,56.0000155085626
"3680",2781,0.000376114241551471,67,39,42.0000062685707
"3681",2763,0.000729648403070404,48.5,27.5,24.0000121608067
"3682",2771,0.000412540387455814,27.5,15.5,56.0000068756731
"3683",2777,0.000173732761378983,67,39,80.000002895546
"3684",2764,0.000521198343779691,93,53,38.0000086866391
"3685",2782,0.000845519271111099,45.5,26.5,36.0000140919879
"3686",2779,0.000173732746468297,44.5,26.5,52.0000028955458
"3687",2761,0.000818342829983153,57.5,31.5,78.0000136390472
"3688",2759,0.000481675639853387,91,52,42.0000080279273
"3689",2756,0.000930513316850343,46.5,25.5,44.0000155085553
"3690",2760,0.000877599696181285,49.5,27.5,52.0000146266616
"3691",2758,0.00160864394337593,59,33,80.0000268107324
"3692",2762,0.000481675639853387,93.5,53.5,2.00000802792733
"3693",2755,0.00208689299995741,2,1,36.00003478155
"3694",2802,0.00272715478544866,39.5,21.5,48.0000454525798
"3695",2989,0.00555429407464288,56.5,32.5,50.0000925715679
"3696",2548,1.04549100503486,58,33,46.0174248500839
"3697",2557,0,51,28,40
"3698",2556,0.00560700757795588,47.5,27.5,38.0000934501263
"3699",2555,0,41.5,22.5,40
"3700",2554,0,49,29,30
"3701",2553,0,31.5,16.5,34
"3702",2552,0,36.5,19.5,40
"3703",2551,0,49.5,29.5,66
"3704",2550,0,79,46,52
"3705",2549,0,63.5,37.5,58
"3706",2574,0.240917240725442,69,40,38.0040152873454
"3707",2699,0.424376317668524,43.5,24.5,44.0070729386278
"3708",2701,0.000444779708336895,53,31,22.0000074129951
"3709",2700,0.00178289644888708,24.5,13.5,76.0000297149408
"3710",2702,0.00222692178553747,89,51,18.0000371153631
"3711",2708,0.0175866254284095,21,12,52.0002931104238
"3712",2711,0.00208831216889589,61,35,44.0000348052028
"3713",2722,0,53,31,58
"3714",2710,0.00567188316243193,69.5,40.5,48.000094531386
"3715",2709,0.00208831216889589,55.5,31.5,54.0000348052028
"3716",2723,0.00567188316243193,61,34,44.000094531386
"3717",2703,0.0366487859472482,55,33,22.0006108130991
"3718",2705,0.0289416088959467,24.5,13.5,10.0004823601483
"3719",2707,0.00198044359249281,10,5,46.0000330073932
"3720",2706,0.0277738022344416,56.5,33.5,42.0004628967039
"3721",2704,0.0326164677864909,51.5,30.5,70.0005436077964
"3722",2688,0.0783352108625447,84,49,36.0013055868477
"3723",2687,0.000365450520387512,37.5,19.5,8.00000609084201
"3724",2690,0.000724151670438533,8.5,4.5,14.0000120691945
"3725",2696,0,14.5,7.5,18
"3726",2695,0.000257266891763941,22,13,32.0000042877815
"3727",2694,0,34,18,20
"3728",2693,0,21,11,52
"3729",2692,0,64.5,38.5,68
"3730",2691,0,83,49,26
"3731",3027,0.5707890587701,27,14,48.0095131509795
"3732",3024,0.0247345231480077,53,29,30.0004122420525
"3733",3029,0.0199556979940541,34,19,22.0003325949666
"3734",3031,0.00564358946174932,23,12,52.0000940598244
"3735",3037,0.0263568209902152,61.5,35.5,58.0004392803498
"3736",3034,0.015367643109361,67.5,38.5,16.0002561273852
"3737",3039,0.0241770605140134,19,11,42.0004029510086
"3738",3042,0.000786120108510678,52.5,31.5,40.0000131020018
"3739",3041,0.000719952351106248,48,28,38.0000119992059
"3740",3044,0.000696007108069054,40,21,16.0000116001185
"3741",3047,0.0023465904535132,17.5,9.5,66.0000391098409
"3742",3043,0.00241031790620323,76,43,10.0000401719651
"3743",3048,0.00144523350569238,12,7,54.0000240872251
"3744",3050,0.00233581367796933,66,39,74.000038930228
"3745",3040,0.00391141066941594,88.5,51.5,48.0000651901778
"3746",3045,0.00443098879309515,56.5,32.5,82.0000738498132
"3747",3030,0.0418887025385292,96,55,24.0006981450423
"3748",3046,0.0432713015497246,30,18,8.00072118835916
"3749",3028,0.0868198500823058,8,4,84.0014469975014
"3750",3058,0.0702432658129052,98.5,56.5,42.0011707210969
"3751",3055,0.0193624561277838,51,30,76.0003227076021
"3752",3057,0.00355871035916095,87.5,49.5,30.0000593118393
"3753",3056,0.00524190925672297,34.5,19.5,32.0000873651543
"3754",3194,0.368098632975178,34,18,26.0061349772163
"3755",3200,0,26.5,13.5,32
"3756",3203,0,39.5,23.5,36
"3757",3220,0.227708149205546,37.5,19.5,44.0037951358201
"3758",3219,0.064971815980735,51,29,26.0010828635997
"3759",3202,0.144545916192054,29,16,58.0024090986032
"3760",3201,0,67.5,38.5,46
"3761",3199,0.00267432091218222,56.5,33.5,32.0000445720152
"3762",3198,0,34.5,18.5,20
"3763",3197,0,24.5,14.5,20
"3764",3196,0,22,12,50
"3765",3195,0,56,31,34
"3766",3217,0.411046889974227,37.5,20.5,42.0068507814996
"3767",3216,0,47,26,72
"3768",3235,0.229266518792397,83,47,78.0038211086465
"3769",3241,0.0493483855631462,91,52,28.0008224730927
"3770",3239,0.0416030538832826,29,15,48.0006933842314
"3771",3236,0.0493483855631462,54,30,38.0008224730927
"3772",3246,0.0607216876650285,45.5,26.5,60.0010120281278
"3773",3231,0.634348671712942,73,43,20.0105724778619
"3774",3234,0.00164776487882556,25,15,48.000027462748
"3775",3240,0.0517298527181626,55.5,31.5,74.000862164212
"3776",3269,0.187409217199515,85.5,48.5,20.0031234869533
"3777",3259,0.0502195488037258,22.5,12.5,38.0008369924801
"3778",3261,0.00122786817019465,44.5,25.5,58.0000204644695
"3779",3264,0.0289049196911568,70,41,28.0004817486615
"3780",3268,0,35,21,30
"3781",3267,0,35.5,20.5,30
"3782",3266,0,34.5,19.5,20
"3783",3265,0,25,15,66
"3784",3276,0.269600667195929,81,48,84.0044933444533
"3785",3278,0.000752112037879472,99,57,6.00001253520063
"3786",3282,0,6,3,78
"3787",3233,0.475654244117215,90.5,51.5,42.0079275707353
"3788",3232,0.00164776487882556,46.5,25.5,68.000027462748
"3789",3225,0.0175515920994724,79.5,45.5,38.000292526535
"3790",3228,0,43,24,66
"3791",3227,0,78,45,40
"3792",3226,0,49,29,12
"3793",3262,0.203830273833288,14,8,58.0033971712306
"3794",3313,0.329904368130917,68.5,39.5,34.0054984061355
"3795",3312,0,41.5,24.5,12
"3796",3311,0,14.5,8.5,6
"3797",3317,0.0171776630753571,7,4,62.0002862943846
"3798",3323,0.0984952194004789,76,45,28.00164158699
"3799",3325,0.00334036874239938,29,15,70.0000556728124
"3800",3328,0,81,46,32
"3801",3327,0,33.5,17.5,32
"3802",3326,0,34.5,18.5,22
"3803",3330,0.0298837784827918,22.5,11.5,18.0004980629747
"3804",3334,0.00888080131119536,21.5,12.5,20.0001480133552
"3805",3318,0.122128130367041,23,13,44.0020354688395
"3806",3321,0,52.5,30.5,86
"3807",3320,0,101,58,60
"3808",3319,0,67.5,37.5,36
"3809",3332,0.27397821734795,41,23,56.0045663036225
"3810",3298,0.360426201417742,64,36,54.006007103357
"3811",3284,0.0265697088332991,60,33,42.0004428284806
"3812",3287,0,45,24,54
"3813",3293,0,62,35,8
"3814",3297,0,9.5,5.5,50
"3815",3292,0.0725334812518383,62.5,37.5,18.0012088913542
"3816",3291,0,20,11,58
"3817",3290,0,72,43,52
"3818",3289,0,64.5,38.5,30
"3819",3288,0,33,18,60
"3820",3286,0.0138369302156042,73.5,43.5,60.0002306155036
"3821",3285,0,67.5,37.5,84
"3822",3281,0.191628700070953,97.5,55.5,44.0031938116678
"3823",3280,0,54,32,30
"3824",3279,0,35,20,34
"3825",3263,0.516112194875524,36,19,22.0086018699146
"3826",3255,0.419642079874704,27.5,16.5,58.0069940346646
"3827",3257,0.0119408954573043,67,38,48.0001990149243
"3828",3270,0.0502195488037258,57.5,33.5,52.0008369924801
"3829",3275,0,64.5,38.5,36
"3830",3274,0,44,26,88
"3831",3273,0,103,59,26
"3832",3272,0,26,13,68
"3833",3271,0,80,46,76
"3834",3277,0.00333048485899686,88.5,50.5,56.000055508081
"3835",3258,0.0659642139685121,63.5,35.5,38.0010994035661
"3836",3260,0.120535800540936,46.5,27.5,52.002008930009
"3837",3296,0.274228912171094,60.5,34.5,16.0045704818695
"3838",3295,0,16,8,38
"3839",3294,0,43,24,42
"3840",3337,0.529705654542205,48.5,27.5,76.0088284275757
"3841",3336,0,90,52,54
"3842",3339,0.0573307889019584,62,35,40.0009555131484
"3843",3351,0.0197365821340485,43,23,76.0003289430356
"3844",3357,0.00314157744108783,90.5,52.5,72.000052359624
"3845",3355,0.00461158717157323,86,50,12.0000768597862
"3846",3354,0,12.5,6.5,62
"3847",3353,0,75,44,58
"3848",3369,0.0768552269634935,72,43,34.0012809204494
"3849",3373,5.78739063250617e-05,36.5,19.5,58.0000009645651
"3850",3372,0.000111194924254931,68,39,12.0000018532487
"3851",3371,0,13.5,7.5,16
"3852",3378,5.78739059569195e-05,20,12,66.0000009645651
"3853",3377,0,75.5,42.5,52
"3854",3376,0,64.5,38.5,32
"3855",3375,0,38,22,30
"3856",3370,0.000115747812281981,31.5,16.5,62.0000019291302
"3857",3386,0.0704905425981122,71.5,40.5,26.0011748423766
"3858",3385,0,27.5,14.5,58
"3859",3394,0.00462987072767931,67.5,38.5,68.0000771645121
"3860",3393,0,78.5,44.5,42
"3861",3396,0.0135148603530329,47,26,14.0002252476726
"3862",3401,0.0162079262422277,17,10,26.000270132104
"3863",3404,0.00169281882853892,29,16,54.0000282136471
"3864",3403,0,67,40,38
"3865",3397,0.0173266743010362,44.5,25.5,52.000288777905
"3866",3432,0.0856720645495924,65,39,28.0014278677425
"3867",3431,0,31.5,17.5,82
"3868",3434,0.016679339394562,97,56,48.0002779889899
"3869",3441,0,56.5,32.5,78
"3870",3443,0,92.5,53.5,30
"3871",3449,0,36,21,28
"3872",3448,0,34.5,20.5,42
"3873",3447,0,48.5,27.5,54
"3874",3446,0,64,37,64
"3875",3445,0,79,47,22
"3876",3444,0,23,12,30
"3877",3442,0.00208349575107927,31.5,16.5,66.0000347249292
"3878",3440,5.78720466382972e-05,79,46,18.0000009645341
"3879",3439,0,22.5,13.5,56
"3880",3438,0,62.5,34.5,26
"3881",3437,0,26.5,13.5,44
"3882",3436,0,49.5,27.5,52
"3883",3435,0,63,37,54
"3884",3429,0.00106517111071215,62.5,35.5,26.0000177528518
"3885",3425,0.000935477514555316,27,14,52.0000155912919
"3886",3424,0,60,34,16
"3887",3415,0.00474939057301364,20,12,56.0000791565095
"3888",3414,0,68,40,62
"3889",3413,0,72,41,10
"3890",3412,0,11.5,6.5,50
"3891",3470,0.0100537438032403,62,37,50.0001675623967
"3892",3469,0,62.5,37.5,44
"3893",3428,0.0135670491418193,48.5,26.5,32.0002261174857
"3894",3708,1.30617711523411,35.5,19.5,66.0217696185872
"3895",3694,0.0506310991937684,79,46,32.0008438516532
"3896",3707,0,36,20,16
"3897",3706,0,16.5,8.5,68
"3898",3705,0,82.5,48.5,26
"3899",3704,0,29,16,50
"3900",3703,0,61,36,12
"3901",3702,0,13,7,38
"3902",3701,0,45.5,26.5,52
"3903",3700,0,63.5,37.5,22
"3904",3699,0,25.5,14.5,20
"3905",3698,0,21,11,42
"3906",3697,0,52,31,54
"3907",3696,0,66.5,39.5,76
"3908",3695,0,88,50,74
"3909",3709,0.271898081999611,86,49,38.0045316347
"3910",3772,0.0841328703562135,43,24,72.0014022145059
"3911",3781,0.000309945013001322,83.5,47.5,68.0000051657502
"3912",3780,0,77.5,43.5,38
"3913",3779,0,42.5,23.5,72
"3914",3778,0,83.5,47.5,66
"3915",3777,0,76.5,43.5,58
"3916",3776,0,71.5,42.5,20
"3917",3783,0.00201484640653132,22.5,12.5,56.0000335807734
"3918",4152,1.6530188093474,70,42,28.0275503134891
"3919",4159,0.0415412188041271,34,20,54.0006923536467
"3920",4146,0.163479973512117,64,37,40.0027246662252
"3921",4388,2.41139756698676,44.5,24.5,16.0401899594498
"3922",4633,1.58800997320754,18.5,10.5,74.0264668328868
"3923",4635,0.0139079728442294,87,50,76.0002317995474
"3924",4637,0.0125998321653379,88,50,78.0002099972027
"3925",4639,0.0043191349270381,92.5,53.5,58.0000719855821
"3926",4644,0.000689354463575729,71.5,42.5,34.0000114892411
"3927",4643,0,35.5,18.5,56
"3928",4642,0,65.5,37.5,78
"3929",4640,0.000689354463575729,90,51,44.0000114892411
"3930",4648,0.0019767822110118,48,26,72.0000329463702
"3931",4647,0,84.5,48.5,46
"3932",4646,0,55.5,32.5,60
"3933",4655,0.000338559635032466,69,39,40.0000056426606
"3934",4654,0,48.5,28.5,42
"3935",4653,0,46.5,25.5,62
"3936",4652,0,74.5,43.5,62
"3937",4651,0,75,44,72
"3938",4650,0,83,47,36
"3939",4659,0.000125332088399614,44,26,46.0000020888681
"3940",4658,0,50,27,8
"3941",4657,0,8.5,4.5,64
"3942",4661,0.00362526768841022,72.5,40.5,30.0000604211281
"3943",4700,0.00160345873680977,37,22,10.0000267243123
"3944",4699,0,10.5,5.5,42
"3945",4698,0,51,30,24
"3946",4697,0,27,15,64
"3947",4696,0,77.5,45.5,20
"3948",4695,0,22.5,12.5,38
"3949",4694,0,46,27,42
"3950",4693,0,45,24,68
"3951",4692,0,80,46,62
"3952",4691,0,74,43,60
"3953",4690,0,68.5,38.5,38
"3954",4689,0,44,25,66
"3955",4688,0,75.5,42.5,70
"3956",4687,0,83.5,48.5,64
"3957",4686,0,77,45,78
"3958",4685,0,92,53,20
"3959",4684,0,20.5,10.5,8
"3960",4683,0,9,5,34
"3961",4682,0,37,20,70
"3962",4681,0,84,49,28
"3963",4680,0,30,16,52
"3964",4679,0,62,36,62
"3965",4664,0.000481307251056379,77,46,20.0000080217875
"3966",4663,0,23.5,13.5,30
"3967",4677,0.000689354549925871,37.5,22.5,60.0000114892425
"3968",4676,0,67.5,37.5,66
"3969",4675,0,79,46,34
"3970",4674,0,38.5,21.5,36
"3971",4673,0,43,25,54
"3972",4672,0,66,39,52
"3973",4671,0,58.5,32.5,78
"3974",4670,0,92,53,20
"3975",4669,0,23,13,16
"3976",4668,0,17,9,46
"3977",4667,0,55,32,66
"3978",4666,0,80.5,47.5,30
"3979",4797,0.134289332698258,37.5,22.5,44.002238155545
"3980",4638,0.328087278456149,48.5,26.5,6.0054681213076
"3981",4636,0.0167379714737962,6.5,3.5,24.0002789661912
"3982",4634,0.0246694173188417,29,17,74.0004111569553
"3983",4558,2.01396809442754,87,50,36.0335661349071
"3984",4380,6.36845006139998,37.5,19.5,42.1061408343567
"3985",4405,2.82172699976015,52,31,26.0470287833293
"3986",4399,0.0760503107877465,26,13,48.0012675051798
"3987",4404,0.00515587661743196,52.5,28.5,28.000085931277
"3988",4401,0.0082002874592863,34.5,20.5,30.0001366714577
"3989",4403,0.00215528758141102,32.5,17.5,30.0000359214597
"3990",4402,0.00215528758141102,31,16,58.0000359214597
"3991",4400,0.00515587661743196,66.5,37.5,70.000085931277
"3992",4415,0.135546948409453,85,50,40.0022591158068
"3993",4417,0.0929963451296961,46.5,26.5,10.0015499390855
"3994",4407,0.0513680548403866,11,6,58.0008561342473
"3995",4440,0.116099241144094,68.5,39.5,8.0019349873524
"3996",4481,0.105905384932248,9.5,5.5,60.0017650897489
"3997",4480,0,72,42,36
"3998",4479,0,45,27,74
"3999",4478,0,87,50,62
"4000",4477,0,76,45,12
"4001",4476,0,13,7,66
"4002",4475,0,78.5,45.5,48
"4003",4474,0,56.5,32.5,58
"4004",4473,0,70,41,64
"4005",4472,0,78.5,46.5,16
"4006",4471,0,18.5,10.5,70
"4007",4470,0,85,50,64
"4008",4469,0,79,47,36
"4009",4468,0,39.5,21.5,22
"4010",4467,0,22,11,64
"4011",4466,0,77.5,45.5,42
"4012",4465,0,47.5,26.5,18
"4013",4464,0,20,11,32
"4014",4463,0,34,18,44
"4015",4462,0,52,30,60
"4016",4461,0,69,39,50
"4017",4460,0,59.5,34.5,78
"4018",4459,0,92.5,53.5,66
"4019",4458,0,75,42,26
"4020",4457,0,27,14,16
"4021",4456,0,16.5,8.5,60
"4022",4455,0,72.5,42.5,26
"4023",4454,0,26.5,13.5,78
"4024",4453,0,90.5,51.5,74
"4025",4452,0,85,48,44
"4026",4451,0,53.5,31.5,46
"4027",4450,0,57,34,58
"4028",4449,0,65,36,44
"4029",4448,0,48,26,64
"4030",4447,0,74,42,30
"4031",4446,0,31,16,28
"4032",4445,0,29,15,62
"4033",4444,0,70.5,39.5,44
"4034",4443,0,49,27,70
"4035",4408,0.118238027923778,83,48,46.0019706337987
"4036",4393,0.361487146368456,54,31,44.0060247857728
"4037",4396,0.000111194924254931,52,30,48.0000018532487
"4038",4394,0.000376153763592543,52.5,28.5,54.0000062692294
"4039",4397,0.000477537260197181,65.5,38.5,52.0000079589543
"4040",4395,0.000477537260197181,62,36,20.0000079589543
"4041",4391,0.00236584414874959,21,11,12.0000394307358
"4042",4390,0.000229813462686873,15,9,16.0000038302244
"4043",4386,0.385113479582759,20,12,30.006418557993
"4044",4483,1.21775226197891,32.5,17.5,42.020295871033
"4045",4142,3.24804094281507,52,31,46.0541340157136
"4046",3249,3.4929507059674,52.5,29.5,38.0582158450995
"4047",3248,0,42.5,23.5,80
"4048",3224,0.197154087409227,93,53,20.0032859014568
"4049",2745,1.14898013736952,21.5,11.5,32.0191496689562
"4050",2744,0,39,23,64
"4051",2743,0,77.5,45.5,52
"4052",2742,0,59,33,30
"4053",2741,0,37.5,22.5,34
"4054",2740,0,35,18,30
"4055",2739,0,35,20,6
"4056",2738,0,7.5,4.5,20
"4057",3109,0.789624928515355,22,12,2.01316041547526
"4058",3113,0.000125440690539672,2.5,1.5,54.0000020906782
"4059",3121,0,62,35,38
"4060",3125,0,44,25,14
"4061",3128,5.80607832646885e-05,14.5,7.5,50.0000009676797
"4062",3127,0.000125440689178437,56.5,31.5,66.0000020906782
"4063",3126,5.80607832646885e-05,78.5,45.5,82.0000009676797
"4064",3124,0.000125440685733418,95.5,54.5,40.0000020906781
"4065",3123,0,45.5,25.5,18
"4066",3122,0,19,10,30
"4067",3130,0.000160774777110992,33,18,66.0000026795796
"4068",3138,0,79,46,54
"4069",3140,0,66,39,30
"4070",3142,0,37.5,22.5,52
"4071",3139,0.000116121556598511,57.5,31.5,76.0000019353593
"4072",3143,0.000116121556598511,90.5,52.5,86.0000019353593
"4073",3137,0.000232243120556261,100,57,74.0000038707187
"4074",3136,0,86,49,58
"4075",3135,0,72.5,43.5,60
"4076",3134,0,72,42,60
"4077",3133,0,67.5,37.5,60
"4078",3132,0,70,40,32
"4079",3131,0,32.5,16.5,24
"4080",3144,0.000232243120556261,24.5,12.5,48.0000038707187
"4081",3146,0.000125440681136872,60,36,16.000002090678
"4082",3148,0.000229844077390044,19,11,22.0000038307346
"4083",3129,0.00628829209569153,22,11,16.0001048048683
"4084",3141,0.000282483155526419,17,9,26.0000047080526
"4085",3145,0.0003763220508958,28.5,15.5,32.0000062720342
"4086",3147,0.000338599848715983,36.5,20.5,40.0000056433308
"4087",3111,0.00120500721288916,50,30,76.0000200834535
"4088",3120,0.000125440689773582,88.5,50.5,18.0000020906782
"4089",3119,0,19.5,10.5,54
"4090",3118,0,67.5,40.5,52
"4091",3117,0,58,32,58
"4092",3116,0,65.5,36.5,28
"4093",3115,0,32,18,58
"4094",3114,0,69,40,38
"4095",3112,0.000125440689773582,47,28,22.0000020906782
"4096",3110,0.000125440690539672,22,11,50.0000020906782
"4097",3149,0.00681898490640033,55,30,26.0001136497484
"4098",3064,0.172526757131942,26.5,13.5,38.0028754459522
"4099",3061,0.00931310202630913,45,26,74.0001552183671
"4100",3063,0.00169296299691668,89,52,28.0000282160499
"4101",3062,0.00524771425106901,29.5,15.5,90.0000874619042
"4102",3026,0.16201758785724,105,60,68.002700293131
"4103",3033,0.784488573512386,82.5,48.5,48.0130748095585
"4104",3038,0.015367643109361,58,34,46.0002561273852
"4105",3036,0.0170886667447374,52.5,29.5,56.0002848111124
"4106",3032,0.0263568209902152,69.5,41.5,52.0004392803498
"4107",3017,0.262720990698867,62.5,36.5,56.0043786831783
"4108",3035,0.447226872490781,69,41,34.0074537812082
"4109",2721,0.536115431385824,36,19,20.0089352571898
"4110",2720,0,25,15,20
"4111",2719,0,24.5,14.5,80
"4112",2718,0,92.5,52.5,36
"4113",2717,0,40,22,74
"4114",2716,0,86,49,24
"4115",2715,0,29.5,17.5,66
"4116",2714,0,80,47,82
"4117",2713,0,95,54,44
"4118",2712,0,54.5,32.5,20
"4119",2643,0.225128993112622,23.5,13.5,20.0037521498852
"4120",2642,0,21,11,28
"4121",2641,0,30.5,16.5,54
"4122",2732,0.805517333789668,66.5,39.5,52.0134252888965
"4123",2652,0.314274042802462,58.5,32.5,44.0052379007134
"4124",2651,0,50,28,26
"4125",2650,0,29,16,66
"4126",2649,0,79,46,46
"4127",2648,0,52.5,29.5,50
"4128",2647,0,56,31,22
"4129",2572,0.261249031821023,26.5,15.5,42.0043541505304
"4130",2571,0,50.5,29.5,64
"4131",2570,0,74,42,74
"4132",2569,0,85.5,48.5,34
"4133",2568,0,38,21,60
"4134",2567,0,73.5,43.5,22
"4135",2566,0,25.5,14.5,84
"4136",2565,0,99,57,58
"4137",2564,0,65.5,36.5,74
"4138",2563,0,86,49,22
"4139",2562,0,25,14,86
"4140",2561,0,101,58,66
"4141",2560,0.00155769563458935,75,42,18.0000259615939
"4142",2733,0.575380539490821,18.5,9.5,50.0095896756582
"4143",2582,0.901073524605493,59,34,68.0150178920768
"4144",2581,0,82,48,48
"4145",2596,0.423370615716314,56,32,16.0070561769286
"4146",2595,0,18.5,10.5,64
"4147",2594,0,75.5,43.5,86
"4148",2593,0,100,57,66
"4149",2592,0,77,44,72
"4150",2591,0,82.5,46.5,50
"4151",2590,0,56.5,31.5,60
"4152",2589,0,72.5,42.5,30
"4153",2604,0.00116523057861162,35.5,20.5,74.0000194205096
"4154",2603,0,88,51,46
"4155",2602,0,55,32,8
"4156",2601,0,10,6,48
"4157",2600,0,53.5,29.5,28
"4158",2599,0,34,20,42
"4159",2598,0,45,24,46
"4160",2584,0.315338813857637,51,28,22.0052556468976
"4161",3153,1.07351673087077,24.5,13.5,32.0178919455145
"4162",3256,1.03219559781517,36,20,52.0172032599636
"4163",3480,1.44358850371412,61,35,40.0240598083952
"4164",2544,3.39338605931369,42.5,22.5,20.0565564343219
"4165",23,3.11696526362146,24.5,14.5,32.0519494210604
"4166",21,4.73385651813423,32.5,16.5,60.0788976086356
"4167",2634,7.73862048852697,74,44,72.1289770081421
"4168",2547,0.681197974278547,82.5,46.5,30.0113532995713
"4169",2534,0.846540248366774,37,22,20.0141090041394
"4170",2532,0.0153989752884649,24.5,14.5,80.0002566495881
"4171",2521,0.687564144408439,93.5,53.5,68.0114594024068
"4172",2510,0.166167931297919,81.5,47.5,66.0027694655216
"4173",2509,0,79.5,46.5,44
"4174",2508,0,51,29,18
"4175",2506,0.0319131544369116,22.5,13.5,46.0005318859073
"4176",2522,0.191525843469189,56.5,33.5,18.0031920973912
"4177",2524,0.00154295560200985,18.5,9.5,20.0000257159267
"4178",2523,0.00236719854818385,25,15,80.0000394533091
"4179",2525,0.000955039460469849,94,54,60.0000159173243
"4180",2527,0.000777112767089315,74,44,34.0000129518794
"4181",2530,0.00667951946039481,42,25,50.0001113253243
"4182",2528,0.00619069835173705,61,36,46.0001031783059
"4183",2518,0.252424552038187,51,28,44.0042070758673
"4184",2520,0.00315964949289869,50,28,12.0000526608249
"4185",2519,0.363229168228846,14.5,8.5,72.0060538194705
"4186",2526,0.22021193953773,87,51,42.0036701989923
"4187",2504,0.708719547280018,48.5,27.5,54.0118119924547
"4188",2494,4.47456785893373,66,39,68.0745761309822
"4189",2497,0.00514951683585748,81,47,62.0000858252806
"4190",2499,0.0107062375675927,71.5,40.5,78.0001784372928
"4191",2503,0,91.5,52.5,82
"4192",2502,0,96.5,55.5,50
"4193",2501,0,62.5,37.5,18
"4194",2500,0,22.5,13.5,44
"4195",2495,0.0595389215661522,49.5,27.5,76.0009923153594
"4196",2498,0.0579902742331407,88,50,56.0009665045706
"4197",2496,0.0686283097407855,62.5,34.5,68.0011438051623
"4198",867,0.815223695411486,83,49,74.0135870615902
"4199",876,0.00221458830997587,89,52,46.0000369098052
"4200",868,0.00221458830997587,51,28,40.0000369098052
"4201",860,0.00349045878481336,42.5,22.5,62.0000581743131
"4202",859,0,72,41,18
"4203",858,0,19,10,48
"4204",857,0,52.5,28.5,30
"4205",856,0,33.5,18.5,12
"4206",855,0,12.5,6.5,10
"4207",854,0,11.5,6.5,52
"4208",853,0,63,37,10
"4209",865,0.00319013821365492,10.5,5.5,58.0000531689702
"4210",864,0,69,40,60
"4211",863,0,69.5,39.5,38
"4212",862,0,41,22,56
"4213",869,0.00591460410003475,62.5,34.5,50.000098576735
"4214",851,0.0722638689399586,60,35,50.0012043978157
"4215",850,0,59.5,34.5,52
"4216",849,0,60.5,34.5,46
"4217",848,0,56,33,84
"4218",847,0,97.5,55.5,58
"4219",846,0,66.5,37.5,26
"4220",845,0,26,13,54
"4221",844,0,63.5,36.5,72
"4222",843,0,86,50,32
"4223",842,0,37.5,21.5,48
"4224",841,0,57.5,33.5,32
"4225",840,0,33,17,14
"4226",839,0,17.5,10.5,14
"4227",838,0,14,7,44
"4228",837,0,55,33,68
"4229",836,0,81.5,47.5,26
"4230",835,0,31.5,18.5,22
"4231",834,0,24,13,74
"4232",833,0,88.5,51.5,46
"4233",832,0,52,29,76
"4234",831,0,88,50,42
"4235",830,0,51.5,30.5,48
"4236",829,0,57.5,33.5,82
"4237",828,0,95,54,18
"4238",794,0.104940845230459,18,9,28.0017490140872
"4239",793,0,31,17,26
"4240",792,0,26,13,32
"4241",791,0,32.5,16.5,26
"4242",790,0,28.5,15.5,42
"4243",789,0,49,28,32
"4244",788,0,35,19,28
"4245",810,0.0775303536676301,34.5,20.5,62.0012921725611
"4246",809,0,75.5,44.5,40
"4247",808,0,43.5,23.5,16
"4248",807,0,16,8,70
"4249",806,0,81,46,88
"4250",805,0,102.5,58.5,20
"4251",804,0,21.5,11.5,12
"4252",803,0,13.5,7.5,52
"4253",802,0,65,39,56
"4254",801,0,62.5,34.5,28
"4255",800,0,35,21,76
"4256",799,0,89,51,44
"4257",798,0,53.5,31.5,20
"4258",797,0,20.5,10.5,46
"4259",796,0,50.5,27.5,58
"4260",815,0.0105886384924606,71.5,42.5,56.0001764773082
"4261",814,0,65.5,37.5,40
"4262",813,0,46.5,26.5,24
"4263",812,0,28,16,18
"4264",818,0.0273554857619684,19.5,10.5,48.0004559247627
"4265",817,0,55.5,31.5,34
"4266",1892,0.712804595044626,37.5,20.5,52.0118800765841
"4267",1894,0,61.5,35.5,40
"4268",1897,0,48.5,28.5,30
"4269",1899,0,37.5,22.5,42
"4270",1898,0.00627738152282101,51.5,30.5,24.0001046230254
"4271",1900,0.00627738152282101,27.5,15.5,60.0001046230254
"4272",1976,0.0055825340829963,71.5,41.5,36.0000930422347
"4273",1978,0,40.5,22.5,46
"4274",1984,0.00150658621655419,57,34,28.0000251097703
"4275",1986,0.0030378402214917,30,16,54.0000506306704
"4276",1991,0.000752324690005793,63.5,36.5,74.0000125387448
"4277",1995,0.00032121734244681,87,50,5.3536223741135e-06
"4278",1994,0.00178759139450453,0,0,26.0000297931899
"4279",1992,0.00032121734244681,32.5,19.5,62.0000053536224
"4280",1999,0.00076228653741302,71.5,40.5,60.0000127047756
"4281",1972,0.00555372336011948,69.5,39.5,70.000092562056
"4282",1974,0,84,49,8
"4283",2031,0.0075021778688567,8.5,4.5,56.0001250362978
"4284",2023,0.000803042558818718,70,42,48.0000133840426
"4285",2052,0.00220707015514683,54.5,30.5,36.0000367845026
"4286",2055,0.00122862222070531,43.5,25.5,48.000020477037
"4287",2059,0.000501549892819011,55,31,60.0000083591649
"4288",2062,0,69,39,32
"4289",2069,0.000282270431589915,36.5,20.5,44.0000047045072
"4290",2072,0.00055898612241445,55,33,20.0000093164354
"4291",2058,0.000566950634897279,25,15,70.0000094491772
"4292",2071,0.000462584957469797,80,45,44.0000077097493
"4293",2070,0.00055898612241445,54,32,74.0000093164354
"4294",2063,0.000406204499518995,88.5,51.5,62.000006770075
"4295",2054,0.000590029972719577,70.5,39.5,22.0000098338329
"4296",2064,0.000590029972719577,27,16,24.0000098338329
"4297",2061,0.00200486103458935,29.5,17.5,18.0000334143506
"4298",2060,0,22,13,32
"4299",2092,0.00123338400739712,37.5,21.5,44.0000205564001
"4300",2111,0.000846810899998036,50,28,64.000014113515
"4301",2110,0,76,44,48
"4302",2109,0,59,35,58
"4303",2138,0.000753293388204155,69.5,40.5,62.0000125548898
"4304",2078,0.00180801379675919,75,44,44.0000301335633
"4305",2038,0.00274167806460726,53,31,40.0000456946344
"4306",2041,0,45,25,14
"4307",2035,0.00031033408550718,15.5,8.5,70.0000051722348
"4308",2022,0.000841166660674124,85,50,32.0000140194443
"4309",2032,0.000803042558818718,35,19,72.0000133840426
"4310",2040,0.00081214205277886,86.5,50.5,22.0000135357009
"4311",2039,0,25,14,66
"4312",2043,0.000115891598663232,80,47,56.0000019315266
"4313",2045,0.000891444699458802,66,38,36.0000148574117
"4314",2036,0.00125387345661483,37.5,19.5,50.0000208978909
"4315",2048,0.00460333379555736,57,32,70.0000767222299
"4316",2073,0.00118742079803342,82.5,47.5,60.0000197903466
"4317",2053,0.00140423927187054,72.5,42.5,44.0000234039879
"4318",2030,0.00168498233877058,48.5,26.5,66.000028083039
"4319",1975,0.0075021778688567,79,46,26.0001250362978
"4320",1979,0.00132968234073131,32,19,66.0000221613723
"4321",1981,0,76.5,43.5,40
"4322",1977,0.00205703665453792,46.5,26.5,44.0000342839442
"4323",1969,0.00199820124072758,51,29,40.000033303354
"4324",1971,0,47.5,27.5,54
"4325",2000,0.00555372336011948,67.5,40.5,40.000092562056
"4326",1989,0.00116423590257591,45.5,25.5,52.0000194039317
"4327",1988,0.00167695839644237,62.5,36.5,40.0000279493066
"4328",2001,0.00116423590257591,45.5,25.5,68.0000194039317
"4329",2003,0,82,48,62
"4330",2019,0.00171509484271084,70.5,39.5,16.000028584914
"4331",2013,0.00116503566850138,19.5,11.5,56.0000194172611
"4332",2002,0.00127963773086393,63,35,68.0000213272955
"4333",2014,0.00127963773086393,79,45,4.00002132729551
"4334",2049,0.00277245363578555,5,3,86.0000462075606
"4335",2042,0.00145472771572236,100.5,57.5,60.0000242454619
"4336",2033,0.000852484025406258,74,44,32.0000142080671
"4337",2029,0.000115891628477915,33.5,17.5,66.0000019315272
"4338",2026,0.000206358154431783,75,42,66.0000034393026
"4339",2009,0.00207843240710317,75.5,42.5,46.0000346405401
"4340",2007,0.000675083807443877,54.5,31.5,30.0000112513968
"4341",2005,0.00204219634641045,37.5,22.5,74.0000340366058
"4342",1997,0.00461125589098055,87.5,50.5,22.0000768542648
"4343",2021,0.00369467675515787,25,14,66.0000615779459
"4344",2046,0.00165085938904464,80,47,14.0000275143232
"4345",2037,0.00460333379555736,14.5,7.5,70.0000767222299
"4346",2027,0.00335391660122629,81.5,46.5,60.00005589861
"4347",2034,0.000115891628477915,72,42,16.0000019315271
"4348",2028,0.000115891628477915,16.5,8.5,42.0000019315271
"4349",2050,0.00157049748279378,47,26,38.000026174958
"4350",2082,0.00243723008936685,40,21,82.0000406205015
"4351",2068,0.00077122341897301,95,54,34.0000128537236
"4352",2056,0.000970372046607441,41.5,24.5,34.0000161728674
"4353",2067,0.000476716875976673,42,25,44.0000079452813
"4354",2083,0.00077122341897301,52.5,30.5,74.0000128537236
"4355",2146,0.00244726349888292,86,49,48.000040787725
"4356",2128,0.00100310003454213,54.5,30.5,64.0000167183339
"4357",2081,0.0015516701128441,72.5,40.5,58.0000258611685
"4358",2066,0.000777247885933401,67.5,38.5,28.0000129541314
"4359",2057,0.000476716875976673,28.5,14.5,28.0000079452813
"4360",2100,0.0016477066586663,32,18,78.0000274617776
"4361",2185,0.002500037387632,90,51,34.0000416672898
"4362",2213,0.000874803342369941,42,25,20.0000145800557
"4363",2187,0.000936247746382812,20,10,46.0000156041291
"4364",2194,0.00112545569486792,51,28,74.0000187575949
"4365",2211,0.000514148271070681,85.5,48.5,88.0000085691379
"4366",2192,0.000970370404699428,103,59,42.0000161728401
"4367",2176,0.000668616841752112,48.5,27.5,56.000011143614
"4368",2175,0,65,37,24
"4369",2137,0.00102829933780768,24.5,12.5,60.0000171383223
"4370",2189,0.00196952347828528,72,42,20.0000328253913
"4371",2226,0.00118742208122741,21,11,36.000019790368
"4372",2190,0.00118742208122741,44,26,48.000019790368
"4373",2265,0.00241703936743116,55,31,26.0000402839895
"4374",2285,0.00168216623221895,26.5,13.5,62.0000280361039
"4375",2287,0,74.5,43.5,40
"4376",2295,0.000206357977094809,44.5,24.5,22.0000034392996
"4377",2313,0.0002897290875742,24,13,22.0000048288181
"4378",2324,0.000376162498882453,24,13,26.000006269375
"4379",2326,0,27,14,54
"4380",2328,0,60.5,33.5,20
"4381",2332,0.000338580148948405,24.5,14.5,48.0000056430025
"4382",2291,0.000985315366980755,54.5,30.5,20.0000164219228
"4383",2281,0.00247968820539976,23,13,52.0000413281368
"4384",2271,0.000206357537874178,59,33,18.0000034392923
"4385",2264,0.000257075421465768,21.5,12.5,22.0000042845904
"4386",2191,0.00241703936743116,25.5,14.5,20.0000402839895
"4387",2115,0.00281510807065655,20.5,10.5,10.0000469184678
"4388",2124,0.00213247694618856,11.5,6.5,8.00003554128244
"4389",2123,0,9.5,5.5,6
"4390",2135,0.00301621033124195,7.5,4.5,26.0000502701722
"4391",2143,0.00156103678327129,30.5,17.5,32.0000260172797
"4392",2183,0.00106646969818961,37,21,46.000017774495
"4393",2203,0.000922712823633597,51,28,56.0000153785471
"4394",2136,0.00197063140630097,64.5,36.5,6.00003284385677
"4395",2228,0.00279299938277897,7,4,22.0000465499897
"4396",2416,0.00552276176136512,23,12,84.0000920460294
"4397",2418,0,97.5,55.5,18
"4398",2417,0,22,13,76
"4399",2408,0.000365239605480875,89,51,34.0000060873268
"4400",2399,0.00293772728743649,35,18,52.0000489621215
"4401",2430,0.0010664686187075,60.5,34.5,24.000017774477
"4402",2449,0.000876270265698943,29,17,62.0000146045044
"4403",2452,0.00233796757091856,75.5,44.5,24.0000389661262
"4404",2442,0.00160607413598932,27,15,40.0000267679023
"4405",2400,0.0015430783810827,44,24,36.000025717973
"4406",2402,0,40.5,22.5,30
"4407",2394,0.000723879005230895,37,22,38.0000120646501
"4408",2380,0.000647028872141584,43,24,66.0000107838145
"4409",2367,0.000257074002518206,79,46,36.0000042845667
"4410",2347,0.000476715753923517,37.5,19.5,26.0000079452626
"4411",2346,0.00033858014871215,26.5,13.5,36.0000056430025
"4412",2368,0.000476715753923517,37.5,19.5,78.0000079452626
"4413",2350,0.00110290637915664,92,53,26.000018381773
"4414",2379,0.000777245825568982,30.5,17.5,70.0000129540971
"4415",2403,0.00128734072352098,83,48,32.0000214556787
"4416",2405,0,35,19,62
"4417",2404,0,71.5,40.5,12
"4418",2358,0.00205627150418635,14,8,58.0000342711917
"4419",2357,0,69,40,80
"4420",2318,0.000925168432985221,92.5,52.5,52.0000154194739
"4421",2320,0,63.5,37.5,66
"4422",2322,0,75.5,42.5,50
"4423",2321,0.000333584778423379,61.5,36.5,8.00000555974631
"4424",2323,0.000333584778423379,9,5,20.0000055597463
"4425",2314,0.000376162498882453,20.5,10.5,66.000006269375
"4426",2316,0,77.5,44.5,34
"4427",2305,0.000564540434972461,35.5,18.5,80.0000094090072
"4428",2304,0,95,55,42
"4429",2303,0,48.5,27.5,58
"4430",2302,0,72,43,24
"4431",2301,0,30,18,50
"4432",2317,0.000564540434972461,56,31,62.0000094090072
"4433",2319,0.00189386294767786,76,45,62.0000315643825
"4434",2391,0.00213010074622072,77,46,78.0000355016791
"4435",2396,0.000441839028365426,90.5,51.5,74.0000073639838
"4436",2411,0.000963651809713773,86,49,32.0000160608635
"4437",2397,0.000963651809713773,35.5,19.5,38.0000160608635
"4438",2244,0.00467085003415624,43.5,24.5,20.0000778475006
"4439",2242,0.00145594920764201,23,13,40.0000242658201
"4440",2261,0.00143650088796545,45.5,25.5,50.0000239416815
"4441",2263,0,56.5,31.5,54
"4442",2262,0,63.5,36.5,58
"4443",2272,0.000257075421465768,70,41,36.0000042845904
"4444",2238,0.00194074261945354,41.5,23.5,54.0000323457103
"4445",2218,0.000579456071555607,65.5,38.5,58.0000096576012
"4446",2236,0.00283962398860872,66.5,37.5,78.0000473270665
"4447",2279,0.00162068985063891,90,51,36.0000270114975
"4448",2315,0.000876270216043872,38,20,20.0000146045036
"4449",2331,0.000525172989943085,25,15,32.0000087528832
"4450",2330,0,40,24,16
"4451",2329,0.000338580148948405,16.5,8.5,76.0000056430025
"4452",2362,0.000620667695978632,87.5,49.5,42.0000103444616
"4453",2364,0,51.5,30.5,74
"4454",2363,0.000111194927084224,88,51,18.0000018532488
"4455",2365,0.000111194927084224,21.5,12.5,26.0000018532488
"4456",2456,0.00491734366608951,26,13,60.0000819557278
"4457",2462,0.000229815063866113,67.5,37.5,72.0000038302511
"4458",2453,0.0233567572859836,83,47,34.0003892792881
"4459",2409,0.00473821003433704,36,19,38.0000789701672
"4460",2284,0.0130685349240363,44.5,25.5,38.0002178089154
"4461",2366,0.00195769592038529,45,26,52.0000326282653
"4462",2310,0.00505592898878329,61,35,60.0000842654831
"4463",2312,0,72.5,42.5,14
"4464",2311,0,17,10,74
"4465",2296,0.0002897290875742,86.5,49.5,12.0000048288181
"4466",2274,0.000590030590862505,13.5,7.5,14.0000098338432
"4467",2278,0,16.5,9.5,16
"4468",2277,0,18,10,66
"4469",2276,0,79,46,12
"4470",2275,0,13,7,18
"4471",2286,0.00105942742704175,22,13,78.0000176571238
"4472",2289,0.000667169559676051,92,53,64.0000111194927
"4473",2293,0.00100744233852519,76.5,44.5,52.0000167907056
"4474",2338,0.00168672805136977,58.5,32.5,2.00002811213419
"4475",2234,0.00313696796535877,2.5,1.5,64.0000522827994
"4476",2369,0.00505850389999145,78,46,42.0000843083983
"4477",2384,0.00028972882255477,51.5,30.5,54.0000048288137
"4478",2327,0.00168498247547902,63.5,36.5,70.0000280830413
"4479",2407,0.00259119937020526,80,45,18.0000431866562
"4480",2443,0.00130144122021186,20.5,11.5,64.000021690687
"4481",2459,0.00156848185060408,75,43,14.0000261413642
"4482",2472,0.000173837278551796,17,10,82.000002897288
"4483",2471,0,95.5,54.5,42
"4484",2470,0,48.5,27.5,48
"4485",2469,0,59,35,6
"4486",2468,0,7.5,4.5,42
"4487",2467,0,47,26,66
"4488",2466,0,78,45,44
"4489",2465,0,51.5,29.5,64
"4490",2464,0,79,47,44
"4491",2460,0.000173837278551796,51.5,29.5,40.000002897288
"4492",2457,0.000229815063866113,46,26,18.0000038302511
"4493",2474,0.0021907275985361,20,11,24.0000365121266
"4494",2477,0.00273223086042514,24.5,12.5,56.000045537181
"4495",2461,0.00246767862939233,66.5,38.5,48.0000411279772
"4496",2451,0.00109434898591001,56.5,32.5,30.0000182391498
"4497",2450,0.00233796757091856,34,19,70.0000389661262
"4498",2428,0.00178058312641672,80,45,32.0000296763854
"4499",2401,0.00132728923669,32.5,16.5,30.0000221214873
"4500",2378,0.00164566647303885,30,15,38.0000274277745
"4501",2447,0.00288825207670156,46.5,27.5,82.0000481375346
"4502",2439,0.00203148084279015,95.5,54.5,36.000033858014
"4503",2458,0.00232688937652348,42,24,38.0000387814896
"4504",2478,0.00418645675698729,44,25,56.0000697742793
"4505",2375,0.0128084474363136,64.5,36.5,58.0002134741239
"4506",2377,0,69.5,40.5,66
"4507",2360,0.000571115354011581,77,44,30.0000095185892
"4508",2382,0.00135345980049662,34.5,19.5,24.0000225576633
"4509",2373,0.000206358316161614,28,16,46.0000034393053
"4510",2325,0.00113389981770745,52,29,74.0000188983303
"4511",2308,0.00085248403903568,86.5,49.5,24.0000142080673
"4512",2245,0.00223768301179703,29.5,17.5,70.0000372947169
"4513",2376,0.00381259084316924,80.5,45.5,22.0000635431807
"4514",2269,0.00338323498012896,23.5,12.5,50.0000563872497
"4515",2268,0,56.5,31.5,52
"4516",2051,0.0080872046256044,64,38,60.0001347867438
"4517",2024,0.00220707015514683,69,39,14.0000367845026
"4518",2018,0.000812408834361375,16.5,9.5,42.0000135401472
"4519",2017,0.00112545569486792,46.5,25.5,22.0000187575949
"4520",2012,0.000365239364126935,26.5,15.5,12.0000060873227
"4521",2010,0.000173836826362083,12,6,44.0000028972804
"4522",2004,0.00290945486173398,51,29,54.0000484909144
"4523",2008,0.00204219634641045,61.5,34.5,48.0000340366058
"4524",1980,0.00567328597218408,56,32,28.0000945547662
"4525",1998,0.00389661715874705,29.5,15.5,46.0000649436193
"4526",1993,0.00076228653741302,52,29,30.0000127047756
"4527",1996,0.00178759139450453,35,20,80.0000297931899
"4528",2006,0.00461125589098055,92.5,52.5,58.0000768542648
"4529",2020,0.00146095616684327,71.5,42.5,38.0000243492694
"4530",1970,0.0105580336636905,40,21,18.0001759672277
"4531",1901,0.00643384311415565,20,11,72.0001072307186
"4532",1943,0.00102724654347576,84,48,2.00001712077572
"4533",1949,0,2.5,1.5,46
"4534",1951,0,54.5,31.5,34
"4535",1964,0,35,18,48
"4536",1896,0.00819614491924719,58,34,54.0001366024153
"4537",1895,0,60.5,33.5,60
"4538",1893,0.00166893011730051,69,39,74.000027815502
"4539",1965,0.00888983089844839,88,51,36.0001481638483
"4540",1967,0,40.5,22.5,34
"4541",1982,0.00318741248224495,38.5,21.5,18.0000531235414
"4542",2011,0.00459927324903228,20.5,11.5,40.0000766545541
"4543",2025,0.000874803120183916,46.5,26.5,38.000014580052
"4544",2016,0.00226310120099853,47.5,28.5,64.0000377183534
"4545",2044,0.00216638240040402,74,42,34.0000361063733
"4546",1987,0.0047146262465179,38.5,21.5,60.0000785771041
"4547",1990,0.00167695839644237,68,38,50.0000279493066
"4548",1983,0.00730927777508346,58,33,52.0001218212963
"4549",2065,0.0068411879120726,65,39,64.0001140197985
"4550",2015,0.0045404349659002,75,43,18.0000756739161
"4551",1968,0.0135291436882459,22.5,13.5,76.0002254857281
"4552",2414,0.0303296728784646,87.5,49.5,22.000505494548
"4553",2482,0.0301816241783371,22,11,76.0005030270696
"4554",2047,0.0229082755008437,90,52,42.0003818045917
"4555",1985,0.0132593135468465,45.5,24.5,24.0002209885591
"4556",1937,0.128945145222145,27,15,16.0021490857537
"4557",1942,0,16.5,8.5,2
"4558",1941,0,2.5,1.5,20
"4559",1940,0,20,10,26
"4560",1939,0,26,13,36
"4561",1938,0,39.5,21.5,46
"4562",1902,0.00102724654347576,57.5,34.5,72.0000171207757
"4563",1950,0.000812143857882423,84,48,48.000013535731
"4564",1903,0.000812143857882423,57,33,20.000013535731
"4565",1936,0,24.5,14.5,30
"4566",1935,0,37.5,22.5,60
"4567",1934,0,75,45,24
"4568",1933,0,25.5,13.5,70
"4569",1932,0,82.5,47.5,70
"4570",1931,0,80.5,45.5,26
"4571",1930,0,30,17,50
"4572",1929,0,60.5,35.5,42
"4573",1928,0,47.5,26.5,28
"4574",1927,0,31.5,17.5,4
"4575",1926,0,4,2,34
"4576",1925,0,36.5,19.5,32
"4577",1924,0,38.5,22.5,68
"4578",1923,0,78.5,44.5,42
"4579",1922,0,52,31,38
"4580",1921,0,47.5,28.5,66
"4581",1920,0,75.5,42.5,16
"4582",1919,0,19.5,11.5,36
"4583",1918,0,41,23,68
"4584",1917,0,79.5,45.5,28
"4585",1916,0,33.5,19.5,76
"4586",1915,0,89.5,51.5,22
"4587",1914,0,22.5,11.5,20
"4588",1913,0,20.5,10.5,36
"4589",1912,0,39,21,50
"4590",1911,0,60,35,24
"4591",1910,0,30,18,44
"4592",1909,0,54,32,60
"4593",1908,0,73.5,43.5,56
"4594",1907,0,62.5,34.5,68
"4595",1906,0,81,47,36
"4596",1905,0,44,26,78
"4597",1904,0,90,51,22
"4598",1948,0.0123438610507025,27.5,16.5,30.0002057310175
"4599",1947,0,36.5,21.5,56
"4600",1946,0,63.5,35.5,60
"4601",1945,0,72,42,2
"4602",1944,0,2.5,1.5,52
"4603",1966,0.00218871862759611,62.5,36.5,14.0000364786438
"4604",1963,0.722989694084034,16.5,9.5,40.0120498282347
"4605",1962,0,49.5,29.5,66
"4606",1961,0,76.5,43.5,62
"4607",1960,0,72.5,41.5,64
"4608",1959,0,76,44,78
"4609",1958,0,92.5,53.5,46
"4610",1957,0,50.5,27.5,70
"4611",1956,0,81,46,70
"4612",1955,0,82,47,80
"4613",1954,0,94.5,54.5,36
"4614",1953,0,40,22,58
"4615",1952,0,65.5,36.5,34
"4616",1973,0.00393446771126875,42.5,25.5,50.0000655744619
"4617",1179,0.22215756212081,55,30,62.0037026260353
"4618",945,0.0321411327498453,76.5,45.5,46.0005356855458
"4619",944,0,56.5,33.5,28
"4620",943,0,28.5,14.5,50
"4621",942,0,55,30,80
"4622",941,0,93.5,53.5,44
"4623",940,0,48,26,8
"4624",939,0,8.5,4.5,58
"4625",938,0,71,42,40
"4626",937,0,49,29,54
"4627",936,0,65,38,86
"4628",901,0.026738479969092,100,57,36.0004456413328
"4629",900,0,43,25,50
"4630",981,0.0331442411502334,61.5,36.5,62.0005524040192
"4631",980,0,70,39,42
"4632",979,0,51.5,30.5,74
"4633",978,0,88,51,20
"4634",977,0,22,12,34
"4635",976,0,37.5,20.5,30
"4636",975,0,33,18,20
"4637",974,0,23,13,68
"4638",973,0,82.5,48.5,68
"4639",972,0,81,47,34
"4640",971,0,35.5,18.5,60
"4641",970,0,72.5,42.5,56
"4642",969,0,66,38,26
"4643",968,0,26,13,60
"4644",967,0,72,42,64
"4645",966,0,74,42,30
"4646",965,0,35.5,20.5,66
"4647",964,0,78.5,45.5,34
"4648",963,0,38.5,21.5,24
"4649",962,0,24.5,12.5,60
"4650",961,0,72.5,42.5,38
"4651",960,0,47.5,28.5,64
"4652",959,0,72.5,40.5,84
"4653",986,0.00788359958260006,99,57,76.0001313933264
"4654",957,0.0222835620847341,90.5,52.5,20.0003713927014
"4655",956,0,24.5,14.5,32
"4656",955,0,40,24,40
"4657",954,0,44,24,30
"4658",953,0,37.5,22.5,22
"4659",952,0,27,16,64
"4660",951,0,72.5,40.5,44
"4661",950,0,53,31,4
"4662",948,0.0123141683372285,5,3,16.000205236139
"4663",947,0,16.5,8.5,70
"4664",915,0.00911642262366994,83,48,56.0001519403771
"4665",914,0,65,37,90
"4666",913,0,105,60,60
"4667",912,0,73,43,38
"4668",911,0,40,21,60
"4669",910,0,72,42,72
"4670",909,0,85,49,62
"4671",908,0,76.5,45.5,74
"4672",907,0,87.5,50.5,54
"4673",906,0,64,37,30
"4674",917,0.0191419198297764,36,21,72.0003190319972
"4675",903,0.0115367018537788,86.5,50.5,58.0001922783642
"4676",898,0.0244187399767966,68,39,24.0004069789996
"4677",984,0.0497252199292682,29.5,17.5,56.0008287536655
"4678",983,0,67.5,39.5,60
"4679",1858,0.0687325639520819,67.5,37.5,30.0011455427325
"4680",1857,0,37,22,6
"4681",1856,0,6.5,3.5,12
"4682",1855,0,13.5,7.5,60
"4683",1854,0,71.5,41.5,78
"4684",1853,0,90.5,51.5,58
"4685",1852,0,68,39,50
"4686",1851,0,58,33,34
"4687",1850,0,40,23,62
"4688",1849,0,75,44,60
"4689",1848,0,70,40,46
"4690",1847,0,54.5,31.5,42
"4691",1846,0,45,24,8
"4692",1845,0,10,6,32
"4693",1844,0,35,19,12
"4694",1843,0,12.5,6.5,62
"4695",1842,0,73,42,16
"4696",1841,0,16,8,36
"4697",1840,0,40.5,22.5,66
"4698",1839,0,80.5,47.5,14
"4699",1838,0,17.5,10.5,66
"4700",1837,0,75.5,42.5,54
"4701",1836,0,61,34,50
"4702",1835,0,61,36,32
"4703",1834,0,40,24,78
"4704",1833,0,93,54,20
"4705",1832,0,21.5,11.5,38
"4706",1831,0,40.5,21.5,56
"4707",1830,0,63,35,68
"4708",1829,0,81.5,47.5,6
"4709",1828,0,6,3,64
"4710",1827,0,74.5,42.5,48
"4711",1826,0,59,35,36
"4712",1825,0,42.5,24.5,40
"4713",1824,0,46.5,26.5,68
"4714",1823,0,81,47,66
"4715",1822,0,81,48,70
"4716",1821,0,82,47,48
"4717",1820,0,53,29,44
"4718",1819,0,48,26,16
"4719",1890,0.0132998446074923,17.5,9.5,22.0002216640768
"4720",1889,0,23.5,12.5,52
"4721",1888,0,58,32,74
"4722",1887,0,87.5,50.5,6
"4723",1886,0,6.5,3.5,40
"4724",1885,0,47.5,27.5,84
"4725",1884,0,98.5,56.5,16
"4726",1883,0,20,12,54
"4727",1882,0,60.5,33.5,54
"4728",1881,0,61.5,34.5,42
"4729",1880,0,49,28,36
"4730",1879,0,40.5,22.5,46
"4731",1878,0,55,32,24
"4732",1877,0,27.5,15.5,64
"4733",1876,0,73,41,14
"4734",1875,0,16,9,54
"4735",1874,0,62.5,35.5,56
"4736",1873,0,63.5,35.5,26
"4737",1872,0,26,13,28
"4738",1871,0,34,20,54
"4739",1870,0,63,36,76
"4740",1869,0,87.5,49.5,36
"4741",1868,0,42,24,58
"4742",1867,0,72.5,43.5,40
"4743",1866,0,48.5,28.5,76
"4744",1865,0,89.5,51.5,50
"4745",1864,0,62.5,37.5,74
"4746",1863,0,85,48,8
"4747",1862,0,8,4,38
"4748",1861,0,41.5,22.5,48
"4749",1860,0,59,35,66
"4750",784,0.465943667396373,76,43,56.0077657277899
"4751",30,0.662051976867223,69.5,41.5,60.0110341996145
"4752",29,0,75,45,32
"4753",28,0,36,20,32
"4754",27,0,37.5,21.5,44
"4755",26,0,48,26,74
"4756",25,0,89,52,28
"4757",2727,4.04076863776213,32.5,18.5,60.0673461439627
"4758",2730,0.0141109478166678,74.5,44.5,20.0002351824636
"4759",2729,0.00209213974995209,24.5,14.5,54.0000348689958
"4760",3349,3.3832184043175,66,39,80.0563869734053
"4761",3348,0,94.5,54.5,42
"4762",3347,0,52.5,31.5,14
"4763",3346,0,14.5,7.5,46
"4764",3345,0,50.5,27.5,58
"4765",3343,0.000250727963156245,65.5,36.5,10.0000041787994
"4766",3342,0,12.5,7.5,60
"4767",3341,0,75,45,16
"4768",3363,0.210762545537356,16,8,2.00351270909229
"4769",3366,0,2,1,28
"4770",3365,0,28.5,14.5,22
"4771",3364,0,25,14,68
"4772",3535,0.483403743846513,80,46,50.0080567290641
"4773",3534,0,55.5,30.5,48
"4774",3230,1.2643649919451,59.5,35.5,52.0210727498658
"4775",3223,1.41750299797074,60,34,32.0236250499662
"4776",3762,5.38102583656584,36.5,20.5,10.0896837639428
"4777",3766,0.0002316988160451,10.5,5.5,18.0000038616469
"4778",3758,0.0009909770607526,21.5,12.5,42.0000165162843
"4779",3760,0,49.5,28.5,38
"4780",3768,0.000876875246592094,44.5,25.5,26.0000146145874
"4781",3757,0.00175191094018769,31.5,18.5,38.0000291985157
"4782",3767,0.0009909770607526,46,27,50.0000165162843
"4783",3769,0.000877644048462833,58,33,84.0000146274008
"4784",3741,0.00872785902206718,98.5,56.5,70.000145464317
"4785",3748,0.000883539999183985,82,47,66.0000147256667
"4786",3752,0.000441769764441829,80,47,16.0000073628294
"4787",3759,0.000770997535025557,20,12,76.0000128499589
"4788",3753,0.000770997535025557,89,51,50.0000128499589
"4789",3751,0.000564463379220702,58,33,52.000009407723
"4790",3746,0.00110283565729698,57.5,31.5,64.0000183805943
"4791",3750,0.00212537077721194,78.5,46.5,46.0000354228463
"4792",3747,0.00105938624476141,56,33,30.0000176564374
"4793",3740,0.00224562919619571,34.5,19.5,56.0000374271533
"4794",3763,0.00402880178814142,69.5,41.5,64.0000671466965
"4795",3765,0,74,42,22
"4796",3764,0.00133559580635047,24.5,13.5,40.0000222599301
"4797",3738,0.00762025703411169,45,25,60.0001270042839
"4798",3718,0.0699028235997723,70,40,88.00116504706
"4799",3908,0.496107726932728,102.5,58.5,18.0082684621155
"4800",2698,6.88103219835007,21,12,52.1146838699725
"4801",24,7.19707240760595,60,34,62.1199512067934
"4802",7,5.6526393160648,73,42,80.0942106552677
"4803",6,0.00270865439706484,93,53,36.0000451442399
"4804",4,0.00402977843465437,44,26,44.0000671629739
"4805",8,0.00926477603939393,54.5,32.5,22.000154412934
"4806",2,0.122500193890719,26.5,15.5,62.0020416698982
"4807",22,17.938871368483,75.5,44.5,22.2989811894747
