"","total_route","single_distance","single_cargo_weight","single_cargo_volume","total_travel_time"
"1",1,0,0,0,0
"2",3,3.13409575249783,61,35,52.0522349292083
"3",5,0.00032121685002472,60,34,18.0000053536142
"4",7,0.000206358627450837,22,13,32.0000034393105
"5",6,0.000441839410650451,38,22,26.0000073639902
"6",8,0.000250775136330054,28.5,15.5,28.0000041795856
"7",13,0,31.5,17.5,24
"8",15,0.000677160288982854,26,14,30.0000112860048
"9",14,0.00127159712995381,37,22,34.0000211932855
"10",16,0.00190447090712515,38.5,21.5,18.0000317411818
"11",23,0.247729614359483,22.5,13.5,28.004128826906
"12",26,0,31,17,24
"13",25,0.00128762243712696,27,15,52.000021460374
"14",24,0,61,35,26
"15",27,0.00128762243712696,31.5,18.5,34.000021460374
"16",29,0,42.5,25.5,38
"17",31,0.0104768352998799,46,27,24.0001746139217
"18",33,0.0244620215215973,28,16,56.0004077003587
"19",32,0.0449108087571023,65,37,40.0007485134793
"20",34,0.0204513840385964,49,29,14.0003408564006
"21",36,0,16,9,14
"22",28,0.269273492900016,17,10,28.0044878915483
"23",37,0.269273492900016,33,19,18.0044878915483
"24",77,0.0978490652507694,20,11,42.0016308177542
"25",76,0.00639041346406251,49,28,20.0001065068911
"26",82,0.0376429624653665,21,11,40.0006273827078
"27",85,0.0530682562874571,47.5,27.5,32.0008844709381
"28",79,0.0732913723015035,35,19,14.0012215228717
"29",78,0.0114100501926337,17.5,10.5,18.0001901675032
"30",80,0.0303725359625451,21,12,36.0005062089327
"31",86,0.0780162982884853,40,22,50.0013002716381
"32",88,0.000977623101525261,57.5,32.5,38.0000162937184
"33",90,0,42.5,23.5,8
"34",92,0.00141254399445912,8,4,32.0000235423999
"35",94,0.000289727431201278,35.5,19.5,34.0000048287905
"36",93,0.00436784734704095,39,22,34.0000727974558
"37",95,0.00434279184908254,40.5,23.5,38.0000723798642
"38",89,0.0241311663476371,47.5,28.5,46.0004021861058
"39",96,0.0241311663476371,54.5,31.5,32.0004021861058
"40",141,0.170321270733045,37,21,26.0028386878455
"41",143,0,27.5,14.5,40
"42",145,0.000567918239819361,48.5,28.5,46.000009465304
"43",147,0,55.5,32.5,10
"44",149,0.0141783759338827,10,5,44.0002363062656
"45",151,0,50,28,34
"46",153,0,38,21,32
"47",155,0,36,20,24
"48",157,0,25.5,13.5,22
"49",159,0,22.5,11.5,30
"50",161,0,34,19,42
"51",164,0,48.5,27.5,24
"52",166,0,28,16,22
"53",142,0.0505733697526342,25.5,14.5,24.0008428894959
"54",167,0.0505733697526342,28.5,16.5,56.0008428894959
"55",170,0.00522648293166833,65.5,37.5,12.0000871080489
"56",237,0.211143689219308,14.5,8.5,10.003519061487
"57",241,0,10.5,5.5,10
"58",243,0,12.5,7.5,38
"59",245,0.000111194927084224,47,28,56.0000018532488
"60",228,0.0212623437790631,66,38,48.0003543723963
"61",230,0.000160621365970938,55.5,31.5,22.0000026770228
"62",233,0.000125391544584367,27.5,16.5,16.0000020898591
"63",231,0.00012539154534988,19,11,40.0000020898591
"64",234,0.000222389854168448,47.5,27.5,38.0000037064976
"65",236,0.000448539534846878,42.5,23.5,34.0000074756589
"66",290,0.0588783307166136,37.5,20.5,32.0009813055119
"67",289,0.000321326993592413,36.5,20.5,26.0000053554499
"68",286,0.0188570041557018,31,18,44.0003142834026
"69",293,0.00494513641638059,53.5,31.5,46.0000824189403
"70",295,0.000125405029558277,54,31,18.0000020900838
"71",294,0.000780521223441454,21,12,36.0000130086871
"72",296,0.000889559411015206,43,25,24.0000148259902
"73",299,0.000257145609557264,27.5,15.5,20.0000042857602
"74",301,0,21.5,11.5,30
"75",303,0,37,22,28
"76",305,0,31.5,17.5,26
"77",307,0,30.5,17.5,48
"78",309,0,56.5,32.5,26
"79",311,0,29,16,46
"80",313,0,53.5,30.5,36
"81",315,0,42,24,16
"82",317,0,19,11,48
"83",319,0,55,31,32
"84",318,0.00017386201948923,36,20,44.0000028977003
"85",320,0.00017386201948923,50,28,18.0000028977003
"86",324,0.00165846106810724,20,11,12.0000276410178
"87",323,0.00228420727353341,12.5,6.5,6.00003807012123
"88",321,0.00165846106810724,7,4,26.0000276410178
"89",325,0.0127290690815401,27.5,14.5,24.0002121511514
"90",322,0.0227337239344873,25.5,13.5,44.0003788953989
"91",326,0.0122622751083357,54,32,54.0002043712518
"92",332,0.00918023225988756,62.5,35.5,50.000153003871
"93",328,0.0126469517685357,58.5,33.5,34.0002107825295
"94",331,0.00100243014104678,37.5,20.5,44.000016707169
"95",327,0.00918023225988756,53,31,22.000153003871
"96",339,0.0104877767000742,25.5,14.5,34.0001747962783
"97",343,0.0327817582733017,40.5,23.5,26.0005463626379
"98",345,0,29,16,38
"99",347,0.0141336389974228,47,28,20.00023556065
"100",344,0.00699182750215257,21.5,11.5,20.0001165304584
"101",348,0.00699182750215257,22,12,36.0001165304584
"102",352,0.00361649510642795,43,25,18.0000602749184
"103",354,0.00179417026320573,19,10,26.0000299028377
"104",359,0.00345295674091593,30.5,17.5,44.000057549279
"105",202,0.66493498167362,51.5,29.5,32.0110822496946
"106",204,0.00278473677416646,38.5,22.5,52.0000464122796
"107",281,0.198535433950229,62,36,30.0033089238992
"108",284,0.000420721438400382,37,22,22.000007012024
"109",334,0.109578308422768,26,15,24.0018263051404
"110",337,0.00058996391181755,29,17,18.0000098327319
"111",335,0.00984688168415147,20,11,58.0001641146947
"112",333,0.0361486561707176,67.5,38.5,36.0006024776028
"113",285,0.109578308422768,45,27,32.0018263051404
"114",288,0.00151587242347495,38.5,22.5,18.0000252645404
"115",291,0.000321326993592413,22.5,13.5,28.0000053554499
"116",374,0.109536666372205,30.5,16.5,38.0018256111062
"117",377,0.00568160048857407,45.5,26.5,4.00009469334148
"118",376,0.00170515491048455,4.5,2.5,40.0000284192485
"119",375,0.00568160048857407,48,28,18.0000946933415
"120",378,0.00170515491048455,20.5,11.5,44.0000284192485
"121",381,0.00175041519830039,50.5,28.5,16.0000291735866
"122",383,0.000365382621579867,17.5,9.5,18.0000060897104
"123",385,0.000655847368949121,20.5,11.5,22.0000109307895
"124",384,0.00198668031139431,22.5,11.5,34.0000331113385
"125",386,0.00138841938749686,42,25,14.0000231403231
"126",388,0.000567939558344366,17,10,32.0000094656593
"127",390,0.000206449231291927,38.5,22.5,40.0000034408205
"128",393,0.000883913749254506,48,28,36.0000147318958
"129",412,0.0113693936256127,43.5,25.5,16.0001894898938
"130",417,0.000405874429269437,18,10,22.0000067645738
"131",419,0.000289908228304687,27,16,6.00000483180381
"132",415,0.00101047250459386,7.5,4.5,22.0000168412084
"133",420,0.00124408593367577,26.5,15.5,16.0000207347656
"134",413,0.00155514800674931,20,12,58.0000259191334
"135",416,0.00179417241579884,68,39,50.0000299028736
"136",410,0.000841661150557541,58.5,33.5,2.00001402768584
"137",409,0.000567939506949487,2,1,28.0000094656585
"138",408,0.00125703211452203,35,21,36.0000209505352
"139",407,0.000365228276087865,40,22,56.0000060871379
"140",421,0.00204828928293634,66,38,30.0000341381547
"141",499,0.131629857777315,37,22,50.002193830963
"142",532,0.00582471435068745,58,33,54.0000970785725
"143",542,0,63.5,36.5,24
"144",546,0,27,15,28
"145",549,0,31.5,17.5,56
"146",548,0.00204221843265431,66,38,2.00003403697388
"147",547,0,2,1,20
"148",550,0.00204221843265431,24,14,26.0000340369739
"149",552,0,31,18,24
"150",551,0.00145595486346917,25.5,13.5,20.0000242659144
"151",553,0.00145595486346917,23,13,24.0000242659144
"152",555,0,25.5,13.5,32
"153",557,0,36,20,56
"154",559,0.000771389344859135,65,37,20.0000128564891
"155",491,0.0587098891751186,22.5,12.5,48.0009784981529
"156",485,0.00372981504561701,55,31,38.0000621635841
"157",484,0.000937118434138595,47.5,28.5,34.0000156186406
"158",492,0.00372981504561701,40,23,26.0000621635841
"159",494,0.0021908063921765,31,18,24.0000365134399
"160",493,0.00273390906085989,25,13,16.000045565151
"161",495,0.00285914603537898,17,9,34.0000476524339
"162",497,0.00107991039218357,42.5,25.5,24.0000179985065
"163",589,0.0989842141394832,25,13,28.0016497369023
"164",595,0.0169497805323053,31,17,40.0002824963422
"165",594,0.00323893460753827,45,25,24.0000539822435
"166",597,0.00363469760122175,25.5,13.5,38.0000605782934
"167",596,0.0119679492835691,45,26,12.0001994658214
"168",590,0.0203356945619096,13.5,7.5,30.0003389282427
"169",593,0.000501585952329188,37.5,22.5,32.0000083597659
"170",591,0.00168687929354027,37.5,21.5,26.0000281146549
"171",588,0.00180928267794482,31.5,18.5,16.0000301547113
"172",592,0.00180928267794482,19.5,11.5,36.0000301547113
"173",598,0.016828608479123,45,27,26.000280476808
"174",684,0.0995950584184993,31.5,18.5,22.0016599176403
"175",707,0.0702143432774893,23.5,12.5,30.0011702390546
"176",688,0.0182649688467782,37.5,22.5,30.0003044161474
"177",701,0.00689742559677879,33.5,18.5,18.0001149570933
"178",703,0.00111194926801295,20.5,11.5,30.0000185324878
"179",709,0.00723990441343834,36.5,21.5,48.0001206650736
"180",711,0.00128512269704024,58,34,38.0000214187116
"181",713,0.00217409114609725,43,24,46.0000362348524
"182",712,0.00418547049861402,53,30,26.0000697578416
"183",714,0.00503727070619489,28,15,42.0000839545118
"184",716,0.0258305098494729,47.5,26.5,38.0004305084975
"185",705,0.052742353610963,47,28,40.0008790392268
"186",689,0.0127522572654594,47.5,27.5,10.0002125376211
"187",717,0.0555329204751868,11,6,12.0009255486746
"188",719,0.012813158921879,13,7,42.0002135526487
"189",685,0.0884788645470687,49.5,28.5,50.0014746477424
"190",697,0.132719589170629,60,35,38.0022119931528
"191",694,0.00109468406986384,43.5,24.5,48.0000182447345
"192",692,0.000463984140427764,55.5,31.5,30.000007733069
"193",698,0.00120441535470255,37.5,22.5,18.0000200735892
"194",696,0.00124425220962587,21,12,34.0000207375368
"195",691,0.00168375606570498,40,23,30.0000280626011
"196",695,0.000463984140427764,36,21,40.000007733069
"197",699,0.00124425220962587,46,26,54.0000207375368
"198",702,0.00167195251795966,63.5,36.5,44.0000278658753
"199",693,0.00162394611401064,54,32,22.0000270657686
"200",700,0.0047501416211849,24,13,10.000079169027
"201",706,0.00619200000348197,10.5,5.5,16.0001032000001
"202",720,0.0571074721767893,17.5,9.5,52.0009517912029
"203",718,0.115505082005271,61,35,40.0019250847001
"204",639,0.0875128879446656,49,29,50.0014585481324
"205",645,0.00188625899940101,60,35,30.00003143765
"206",648,0,37.5,22.5,34
"207",651,0,39,22,26
"208",656,0.0016064119991795,31.5,18.5,38.0000267735333
"209",658,0,43.5,24.5,34
"210",673,0.00220273892826996,42,25,20.0000367123155
"211",672,0.0015324248348049,20.5,10.5,44.0000255404139
"212",678,0.0005015888948185,53.5,31.5,30.0000083598149
"213",677,0.000602060209126495,33.5,18.5,6.00001003433682
"214",676,0.000333584778423379,6,3,22.0000055597463
"215",675,0,24.5,13.5,36
"216",679,0.000602060209126495,42.5,24.5,34.0000100343368
"217",682,0,42.5,25.5,46
"218",681,0.00237664038846721,54,31,44.0000396106731
"219",680,0,50.5,28.5,28
"220",683,0.00237664038846721,30.5,16.5,34.0000396106731
"221",687,0.0598569873026287,42.5,25.5,24.000997616455
"222",708,0.0182649688467782,29.5,17.5,56.0003044161474
"223",704,0.00723990441343834,65.5,37.5,22.0001206650736
"224",690,0.0111991698715013,27.5,16.5,20.0001866528312
"225",715,0.0927227370480279,25,15,52.0015453789508
"226",599,0.218712423213437,62,36,50.0036452070536
"227",601,0,59,34,42
"228",612,0.0108840808315484,50,29,8.00018140134719
"229",614,0,9,5,38
"230",616,0,44,25,42
"231",611,0.00797314610881548,52,31,46.0001328857685
"232",617,0.00797314610881548,56,33,16.0001328857685
"233",619,0,16,8,16
"234",621,0.00305842706899935,19,11,36.0000509737845
"235",623,0,42.5,24.5,44
"236",625,0,54,32,38
"237",627,0.00533238372185412,44,25,46.000088873062
"238",560,0.175825340877128,54.5,31.5,46.002930422348
"239",563,0.000786952644308615,53,30,12.0000131158774
"240",572,0.00258174477738049,14.5,8.5,24.0000430290796
"241",574,0,25.5,13.5,46
"242",576,0.00203144761881259,55.5,32.5,2.00003385746031
"243",578,0.000589841363485079,2.5,1.5,24.0000098306894
"244",582,0.00618735589139077,29,17,30.0001031225982
"245",579,0.0116871232737967,33,18,10.0001947853879
"246",581,0.00166792390060477,11.5,6.5,60.0000277987317
"247",583,0.0123194086552079,70,40,42.0002053234776
"248",587,0.00200234793480328,50.5,29.5,38.0000333724656
"249",618,0.0727986224179054,45,26,16.0012133103736
"250",620,0.00658791949107374,20,12,14.0001097986582
"251",624,0.00547462937579316,14,7,34.0000912438229
"252",626,0.00914025188418306,40.5,23.5,34.0001523375314
"253",613,0.011508478680473,40,23,30.000191807978
"254",602,0.0217092046810964,34,19,32.000361820078
"255",604,0,37,21,38
"256",606,0,43.5,24.5,22
"257",610,0,26.5,15.5,14
"258",605,0.0167739460081976,15,8,24.0002795657668
"259",600,0.0299686932938955,25,13,36.0004994782216
"260",603,0.00806647394646294,41,23,26.0001344412324
"261",584,0.035727750446529,31,18,36.0005954625074
"262",586,0,40,22,30
"263",585,0,37,22,50
"264",630,0.0990596331275902,58.5,33.5,36.0016509938855
"265",629,0.000525286093911995,40.5,22.5,10.0000087547682
"266",631,0.000525286093911995,10,5,12.0000087547682
"267",634,0.00753094751761524,12,6,32.000125515792
"268",636,0.00112545181420559,37,21,44.0000187575302
"269",638,0,52.5,30.5,32
"270",628,0.113564850955198,36.5,20.5,8.00189274751592
"271",640,0.0184417895988459,9,5,24.00030736316
"272",643,0,29.5,17.5,6
"273",655,0.00195546735049656,7.5,4.5,24.0000325911225
"274",652,0.0016064119991795,26,14,38.0000267735333
"275",654,0,46,27,40
"276",653,0,47,27,24
"277",644,0.00195546735049656,29.5,17.5,48.0000325911225
"278",650,0.0024898545463019,58,34,22.0000414975758
"279",649,0,23.5,12.5,36
"280",657,0.00289594706697958,44.5,26.5,36.0000482657845
"281",663,0.000620863555019553,45,27,26.0000103477259
"282",666,0.000935585153796941,30,17,22.0000155930859
"283",671,0,22.5,11.5,46
"284",670,0,56,33,38
"285",669,0,42.5,23.5,34
"286",668,0,40,23,8
"287",667,0,8,4,22
"288",662,0.00129451471622097,24,13,38.0000215752453
"289",665,0.000922871843413413,42.5,23.5,24.0000153811974
"290",664,0.000935585153796941,26.5,14.5,34.0000155930859
"291",661,0.00321748483947052,40,23,14.0000536247473
"292",660,0,16.5,9.5,44
"293",674,0.00231357138195383,50,28,16.000038559523
"294",659,0.00255600464224848,16.5,8.5,46.0000426000774
"295",647,0.011178539451995,56,33,28.0001863089909
"296",646,0,34,20,44
"297",642,0.00310855711316332,51,29,30.0000518092852
"298",641,0,32.5,17.5,4
"299",637,0.00112359329535787,4.5,2.5,26.0000187265549
"300",710,0.0895332217668497,32.5,19.5,12.0014922203628
"301",730,0.0769219176290668,12.5,6.5,8.00128203196049
"302",729,0.0168413039503496,9,5,44.0002806883992
"303",731,0.0213461828819422,53.5,31.5,46.0003557697147
"304",686,0.158086470962622,53.5,30.5,24.002634774516
"305",773,0.244101539900324,29.5,17.5,42.0040683589983
"306",769,0.0124155514582186,47.5,26.5,26.0002069258576
"307",767,0.00854832036614897,29,16,22.0001424720061
"308",771,0.00354012451525326,24.5,13.5,12.0000590020753
"309",753,0.037143062141955,12,6,38.0006190510357
"310",755,0.0017166065432213,45.5,26.5,30.0000286101091
"311",760,0.0205660932020731,36.5,21.5,30.00034276822
"312",757,0.00654932696712586,37,22,46.0001091554495
"313",762,0.00454464624324271,53.5,30.5,28.0000757441041
"314",751,0.0238244798259071,34,20,24.0003970746638
"315",750,0.00810625632118625,28,16,38.000135104272
"316",763,0.0238244798259071,45.5,26.5,32.0003970746638
"317",766,0.00465798332297878,35.5,19.5,30.0000776330554
"318",765,0.00476674364254522,34,19,40.0000794457274
"319",764,0.00465798332297878,47,27,38.0000776330554
"320",758,0.0057601848700034,42.5,23.5,24.0000960030812
"321",754,0.00569996792971101,30,18,4.0000949994655
"322",761,0.00638164221921873,4.5,2.5,24.0001063607037
"323",770,0.0102696531438954,28.5,16.5,38.0001711608857
"324",768,0.00354012451525326,44.5,25.5,14.0000590020753
"325",774,0.0124155514582186,17.5,10.5,32.0002069258576
"326",776,0,38.5,22.5,26
"327",775,0.00435053873866154,29.5,16.5,28.000072508979
"328",777,0.00435053873866154,34.5,20.5,56.000072508979
"329",790,0.0861161453709719,66,38,12.0014352690895
"330",794,0.0261811752325002,14,8,48.0004363529205
"331",793,0.00123855746790568,55.5,31.5,20.0000206426245
"332",804,0.00658822425162664,24,14,12.0001098037375
"333",808,0.00274241265194581,14.5,8.5,30.0000457068775
"334",810,0.00192776172682434,33.5,18.5,44.0000321293621
"335",806,0.0366463898337009,54,32,38.0006107731639
"336",809,0.00356627511356718,46.5,27.5,16.0000594379186
"337",805,0.00527316560158754,18,10,50.0000878860934
"338",798,0.00569444756288314,58.5,33.5,32.0000949074594
"339",795,0.00529740267353589,39,23,34.0000882900446
"340",802,0.00535078284709957,40.5,23.5,36.0000891797141
"341",800,0.00165883508531059,42.5,24.5,46.0000276472514
"342",807,0.00376462425591896,56,33,30.0000627437376
"343",801,0.00469542865485852,35.5,20.5,36.0000782571443
"344",796,0.00535078284709957,41.5,23.5,28.0000891797141
"345",792,0.00224635195691277,32.5,18.5,20.0000374391993
"346",797,0.0026036599425606,22,12,34.0000433943324
"347",811,0.0397949036970503,42.5,25.5,14.000663248395
"348",816,0.00136464065825436,14.5,7.5,52.000022744011
"349",819,0.0016612130980335,62,36,30.000027686885
"350",818,0.00447830762672006,36.5,21.5,38.0000746384604
"351",817,0.0016612130980335,43.5,24.5,22.000027686885
"352",820,0.00447830762672006,26.5,15.5,18.0000746384604
"353",824,0.00513489282070703,22.5,13.5,16.000085581547
"354",823,0.00116608582407145,17.5,9.5,20.0000194347637
"355",821,0.00513489282070703,22,12,38.000085581547
"356",825,0.00578330364115445,43.5,24.5,22.000096388394
"357",828,0.00120420896167274,25,14,32.0000200701494
"358",830,0.00209998603724904,35,19,50.0000349997673
"359",827,0.00578330600718806,58,33,56.0000963884335
"360",826,0.00120420896167274,65.5,37.5,38.0000200701494
"361",831,0.00578330600718806,45,26,24.0000963884335
"362",844,0.0216373182880447,28.5,16.5,42.0003606219715
"363",846,0.00103139276503637,51,30,44.0000171898794
"364",851,0.00232043275422615,53,31,36.0000386738792
"365",847,0.00301639891806961,42.5,24.5,34.0000502733153
"366",849,0.00046289837118391,40,23,38.0000077149729
"367",853,0.00390707346249077,42.5,23.5,36.000065117891
"368",856,0.00462898045214211,40.5,22.5,56.0000771496742
"369",855,0.0039989599753108,65.5,37.5,20.0000666493329
"370",854,0.00462898045214211,20.5,10.5,46.0000771496742
"371",857,0.0039989599753108,55.5,32.5,44.0000666493329
"372",859,0,50.5,28.5,32
"373",862,0.00274384761192685,36.5,20.5,28.0000457307935
"374",864,0.00128873629020454,31.5,17.5,50.0000214789382
"375",861,0.00157093382362627,59,34,40.0000261822304
"376",860,0.00274384761192685,46,26,52.0000457307935
"377",865,0.00157093382362627,60.5,34.5,30.0000261822304
"378",867,0,34,19,44
"379",863,0.00260856040207044,53.5,31.5,54.0000434760067
"380",868,0.00341033492369311,63.5,36.5,20.0000568389154
"381",870,0.000752438456182544,22,12,42.0000125406409
"382",869,0.00294864723046927,49.5,28.5,50.0000491441205
"383",873,0.00197642297222588,57.5,32.5,18.0000329403829
"384",872,0.00452661280646146,22.5,13.5,56.0000754435468
"385",875,0.00337190289372329,65.5,37.5,38.0000561983816
"386",970,0.246209681859944,47.5,28.5,34.0041034946977
"387",956,0.00204724987356353,37.5,20.5,24.0000341208312
"388",971,0.00359259342865239,26.5,14.5,24.0000598765571
"389",953,0.00319798188061061,27,15,28.000053299698
"390",955,0.000955181683106384,35,21,22.0000159196947
"391",957,0.00189386818832315,27,16,38.0000315644698
"392",972,0.0202741021014272,47.5,28.5,32.0003379017017
"393",974,0,37.5,21.5,26
"394",973,0.00156640969564541,30,17,28.0000261068283
"395",975,0.00156640969564541,31,17,26.0000261068283
"396",980,0.0298616250709106,27.5,14.5,42.0004976937512
"397",982,0,52,31,26
"398",984,0.00020639446350993,31,18,26.0000034399077
"399",1030,0.0524031535468983,30,17,42.0008733858924
"400",1048,0.00797482038028726,49,28,48.000132913673
"401",1053,0.00130217248747178,58,34,22.0000217028748
"402",1055,0.00167195229103126,26,15,34.0000278658715
"403",1032,0.0210143418530144,41.5,24.5,22.0003502390309
"404",1036,0.00387506717212813,26.5,15.5,28.0000645844529
"405",1031,0.019820885443223,30,16,24.0003303480907
"406",1060,0.0162671530032872,26,14,26.0002711192167
"407",1062,0.00120693336162347,31.5,18.5,44.000020115556
"408",1064,0.00062705337202577,50,28,56.0000104508895
"409",1063,0.00116523570958827,65,37,14.0000194205952
"410",1065,0.00109631584180215,17,10,54.0000182719307
"411",1068,0,62.5,35.5,48
"412",1025,0.0385320216708171,55.5,31.5,46.0006422003612
"413",990,0.0355631556772417,53,30,20.0005927192613
"414",995,0.00569492229786058,21,11,40.0000949153716
"415",987,0.00180072300589876,47.5,27.5,40.0000300120501
"416",989,0.000115974816866493,49,29,24.0000019329136
"417",1026,0.0355631556772417,28,16,46.0005927192613
"418",1013,0.00915196756436471,52.5,29.5,46.0001525327927
"419",1011,0.00105952055408593,55,32,46.0000176586759
"420",1010,0.00612011700578464,56,33,52.0001020019501
"421",1014,0.00105952055408593,61,35,24.0000176586759
"422",976,0.118369307501883,29,17,42.0019728217917
"423",981,0.00185896434899051,52,31,38.0000309827391
"424",977,0.00185896434899051,46.5,27.5,26.0000309827392
"425",993,0.16347221319303,32,19,18.0027245368866
"426",992,0.00111194926518365,19,10,36.0000185324878
"427",994,0.00111194926518365,42,24,40.0000185324878
"428",991,0.00569492229786058,47,27,22.0000949153716
"429",947,0.0756012869557525,22.5,11.5,32.0012600214493
"430",950,0.00609477807586156,35,19,30.0001015796346
"431",949,0.00349469407219022,33.5,18.5,58.0000582449012
"432",948,0.00609477807586156,67.5,38.5,42.0001015796346
"433",951,0.00349469407219022,48,27,42.0000582449012
"434",946,0.00728577181646332,49.5,28.5,54.0001214295303
"435",1009,0.0437648607740474,64,37,0.000729414346234123
"436",1016,0.00109614108316015,0,0,10.0000182690181
"437",1126,0.163967651030353,11,6,54.0027327941838
"438",1129,0.000115977558701817,64,37,58.0000019329593
"439",1133,0,67.5,38.5,46
"440",1084,0.0144897522094676,54.5,31.5,52.0002414958702
"441",1087,0,61,35,30
"442",1073,0.00104396374976607,35,20,46.0000173993958
"443",1083,0.0346940289487567,53,30,32.0005782338158
"444",1112,0.00882459896319053,38,22,26.0001470766494
"445",1117,0.00111346079390419,32,19,22.0000185576799
"446",1122,0,27.5,16.5,16
"447",1125,0,17,9,38
"448",1108,0.007326229208521,47,28,26.0001221038201
"449",1099,0.00185819904081216,28,15,36.000030969984
"450",1101,0,40,22,16
"451",1104,0,20,12,4
"452",1115,0.000986104803468151,4,2,28.0000164350801
"453",1113,0.00111346079390419,30.5,16.5,50.0000185576799
"454",1105,0.000986104803468151,58.5,33.5,38.0000164350801
"455",1107,0,47,28,22
"456",1190,0.0368953795190415,23,12,44.000614922992
"457",1188,0.00149928214035224,51,29,24.0000249880357
"458",1193,0.0155025753380772,29,17,28.0002583762556
"459",1195,0,30.5,16.5,50
"460",1197,0,60,35,18
"461",1202,0.0128825983942376,20.5,11.5,38.0002147099732
"462",1199,0.00790935689831096,45,26,34.000131822615
"463",1201,0.000985823242320204,41.5,24.5,50.0000164303874
"464",1203,0.0108972572483791,57.5,32.5,38.0001816209541
"465",1200,0.0148095625332668,44.5,25.5,26.0002468260422
"466",1206,0.00443855789934984,30,17,40.000073975965
"467",1208,0,47,27,22
"468",1211,0,27,16,12
"469",1214,0,14.5,8.5,38
"470",1216,0.00282979474907542,43,24,34.0000471632458
"471",1219,0,42,25,20
"472",1221,0,25,15,26
"473",1220,0.00104412088803029,32.5,19.5,22.0000174020148
"474",1222,0.00104412088803029,24.5,13.5,38.0000174020148
"475",1224,0,42.5,23.5,6
"476",1227,0.000477598245822208,7.5,4.5,24.0000079599708
"477",1237,0.00479741322709585,29.5,17.5,40.0000799568871
"478",1240,0.002635416010711,49.5,29.5,48.0000439236002
"479",1244,0.00115665643440883,56.5,32.5,30.0000192776072
"480",1241,0.00178306643392446,33.5,18.5,24.0000297177739
"481",1245,0.00278945849581149,27,15,14.0000464909749
"482",1257,0.007966548113143,16.5,9.5,26.0001327758019
"483",1273,0.0183776965795315,32,19,44.000306294943
"484",1275,0,51,29,34
"485",1277,0.00471338475544659,41.5,24.5,42.0000785564126
"486",1279,0.0023700635254715,47.5,26.5,44.0000395010588
"487",1281,0.00550177156837264,51.5,29.5,54.0000916961928
"488",1284,0.00255159234503678,63,36,54.0000425265391
"489",1286,0.000420889531802654,64,37,22.0000070148255
"490",1285,0.00138858511001103,24,13,26.0000231430852
"491",1287,0.000983993215983186,30,17,26.0000163998869
"492",1294,0.00953280216820376,32.5,19.5,30.0001588800361
"493",1297,0.00253549880463612,36.5,21.5,58.0000422583134
"494",1300,0.00766248794651956,68,39,18.0001277081324
"495",1299,0.0111293231355197,21,12,38.0001854887189
"496",1298,0.00766248794651956,45.5,26.5,44.0001277081324
"497",1301,0.0111293231355197,52.5,30.5,40.0001854887189
"498",1296,0.00479958785367321,45,25,48.0000799931309
"499",1295,0.00253549880463612,56,32,42.0000422583134
"500",1302,0.00479958785367321,49,28,26.0000799931309
"501",1306,0.00284373245398121,29,16,12.0000473955409
"502",1312,0.0072790545039674,13,7,18.0001213175751
"503",1319,0.00178305671443327,19.5,10.5,46.0000297176119
"504",1316,0.000406315436198862,54,31,26.0000067719239
"505",1318,0,30,17,24
"506",1317,0,27.5,15.5,22
"507",1320,0.000582561454119825,22.5,11.5,48.0000097093576
"508",1330,0.00926104331494236,56.5,32.5,30.0001543507219
"509",1326,0.00103237451168697,37,22,42.0000172062419
"510",1304,0.0237603453011155,48,27,18.000396005755
"511",1303,0.0065157086382154,22.5,13.5,50.000108595144
"512",1327,0.0237603453011155,57.5,32.5,20.000396005755
"513",1329,0,24,14,28
"514",1328,0,30,16,10
"515",1335,0.0088409977331073,10,5,30.0001473499622
"516",1292,0.0370844193870212,32.5,17.5,42.0006180736565
"517",1291,0.0037063631099461,49,28,50.0000617727185
"518",1293,0.00200150867902815,57.5,32.5,4.00003335847798
"519",1288,0.00953280216820376,4,2,40.0001588800361
"520",1290,0,50,30,48
"521",1280,0.0369295859919387,55.5,31.5,24.0006154930999
"522",1282,0.00197035238319911,29.5,17.5,12.0000328392064
"523",1289,0.00855721492638159,14.5,8.5,18.0001426202488
"524",1283,0.00855721492638159,22,13,38.0001426202488
"525",1305,0.0193925066934676,47,28,30.0003232084449
"526",1310,0.0365378978118974,34.5,19.5,56.0006089649635
"527",1325,0.00786391629370659,65,37,0.000131065271561777
"528",1331,0.00103237451168697,0,0,54.0000172062419
"529",1324,0.0214956463565051,64,37,28.0003582607726
"530",1311,0.00786391629370659,30.5,16.5,26.0001310652716
"531",1313,0.00160678827325519,28.5,15.5,46.0000267798046
"532",1309,0.0059377242032663,56,33,42.0000989620701
"533",1314,0.0170931531423656,51.5,30.5,14.0002848858857
"534",1308,0.00585944083339159,14,7,24.0000976573472
"535",1315,0.00536475901392132,28,16,44.0000894126502
"536",1322,0.00185334940614564,51.5,29.5,36.0000308891568
"537",1307,0.0128663078267501,44.5,26.5,56.0002144384638
"538",1334,0.0179898478716093,66,38,24.0002998307979
"539",1340,0.00866714735796252,26.5,14.5,26.000144452456
"540",1333,0.0127671112501639,30,17,20.0002127851875
"541",1339,0.00981025228750063,21.5,11.5,2.00016350420479
"542",1321,0.0191098761557373,2.5,1.5,26.0003184979359
"543",1323,0.000590506590705202,28,15,24.0000098417765
"544",1332,0.0214956463565051,29,17,46.0003582607726
"545",1341,0.0127671112501639,55,32,38.0002127851875
"546",1343,0.00836861359018016,45.5,26.5,28.0001394768932
"547",1346,0.00206626834091906,30.5,16.5,8.00003443780568
"548",1349,0.00281833332963121,8.5,4.5,4.00004697222216
"549",1357,0.00899664719618149,4.5,2.5,12.0001499441199
"550",1359,0.000780521604338718,14.5,8.5,50.0000130086934
"551",1358,0.00123790491429078,60,35,38.0000206317486
"552",1360,0.00153185820249288,45.5,26.5,18.00002553097
"553",1457,0.117843266212635,19.5,10.5,14.0019640544369
"554",1466,0.05910132500549,15,8,20.0009850220834
"555",1468,0,23,13,34
"556",1470,0,42.5,25.5,16
"557",1467,0.00321844432170223,19.5,11.5,58.0000536407387
"558",1469,0.000160662090083094,68,39,24.0000026777015
"559",1471,0.003283733980011,27.5,15.5,42.0000547288997
"560",1473,0.000160681977839414,47.5,26.5,22.000002678033
"561",1475,0.000521897688877778,25,14,46.0000086982948
"562",1463,0.0156639588933833,54,31,46.0002610659816
"563",1459,0.00347710311045389,55.5,32.5,4.00005795171851
"564",1622,0.188340238985641,5,3,56.0031390039831
"565",1631,0.00647713219115663,65,37,42.0001079522032
"566",1624,0.00197583335579407,49,28,16.0000329305559
"567",1629,0,17,9,24
"568",1628,0.000125400719138878,27,15,18.000002090012
"569",1627,0,21.5,12.5,50
"570",1626,0,58.5,33.5,24
"571",1625,0,27,15,54
"572",1630,0.000125400719138878,63,36,38.000002090012
"573",1623,0.00647713219115663,47,28,36.0001079522032
"574",1632,0.00197583335579407,41.5,23.5,44.0000329305559
"575",1634,0.00360184406642034,52.5,30.5,30.0000600307344
"576",1607,0.0536772643217319,34.5,19.5,38.000894621072
"577",1637,0.048520017214266,43.5,24.5,26.0008086669536
"578",1636,0.00618840474401086,29.5,16.5,44.0001031400791
"579",1638,0.000772177285789949,53,31,28.0000128696214
"580",1640,0.00173972232375929,32.5,18.5,20.0000289953721
"581",1646,0,24.5,14.5,48
"582",1563,0.127102734461271,56.5,32.5,4.00211837890769
"583",1566,0.000160666761418702,5,3,10.0000026777794
"584",1568,0,10,5,24
"585",1570,0.00291191385966762,29,17,12.0000485318977
"586",1572,0,15,9,42
"587",1569,0.114675731101811,49,28,14.001911262185
"588",1575,0.00319076499827383,15,8,50.0000531794166
"589",1574,0.00201489460452081,58,33,28.0000335815767
"590",1576,0.00233581285064054,30,16,42.0000389302142
"591",1580,0.0031372174432844,49.5,28.5,52.0000522869574
"592",1585,0.00146192382116565,60,34,22.000024365397
"593",1587,0,26.5,15.5,20
"594",1589,0,23.5,13.5,22
"595",1583,0.00742653063669852,22.5,11.5,22.0001237755106
"596",1581,0.00146192382116565,27.5,16.5,16.000024365397
"597",1584,0.00373487104372507,17,9,26.0000622478507
"598",1588,0.00216098111286211,32.5,19.5,14.0000360163519
"599",1582,0.00506028508160838,15.5,8.5,16.0000843380847
"600",1577,0.00594487780329945,19.5,11.5,30.0000990812967
"601",1579,0,35.5,20.5,28
"602",1590,0.0152222075034592,31,17,42.0002537034584
"603",1592,0,48.5,27.5,32
"604",1594,0,37,21,16
"605",1596,0,19.5,11.5,38
"606",1598,0,44,25,28
"607",1600,0.00344705690609828,32,18,38.0000574509484
"608",1605,0.010299817612836,43,24,12.0001716636269
"609",1635,0.0536772643217319,15,9,26.000894621072
"610",1633,0.0469285356741924,28,15,28.0007821422612
"611",1610,0.00786281580969816,35,21,40.0001310469302
"612",1561,0.104276626793707,45.5,25.5,46.0017379437799
"613",1567,0.0297439621704696,54,31,40.0004957327028
"614",1562,0.0297439621704696,47,27,44.0004957327028
"615",1559,0.0137265105128878,52,30,16.0002287751752
"616",1611,0.104908831948827,19,11,38.0017484805325
"617",1613,0,44,25,14
"618",1612,0.000111194927084224,17,10,14.0000018532488
"619",1614,0.000111194927084224,16,9,26.0000018532488
"620",1621,0,32,19,38
"621",1645,0.0653710609532706,42.5,23.5,36.0010895176826
"622",1644,0,44.5,26.5,34
"623",1643,0,38,21,46
"624",1642,0,54.5,31.5,8
"625",1641,0,8,4,38
"626",1460,0.212903784119456,43.5,24.5,16.003548396402
"627",1464,0.00727459653921223,17.5,9.5,46.0001212432757
"628",1478,0.0173510226396829,53,30,28.0002891837107
"629",1465,0.0210555946395237,30.5,16.5,14.0003509265773
"630",1458,0.05910132500549,17.5,10.5,56.0009850220834
"631",1462,0.00285118690791524,65.5,37.5,18.0000475197818
"632",1461,0.0120829647020966,19,10,34.000201382745
"633",1454,0.0144381981793612,40,23,30.0002406366363
"634",1456,0.000514677175609991,37,22,42.0000085779529
"635",1361,0.117843266212635,49.5,28.5,48.0019640544369
"636",1367,0.0152172347342198,55,31,42.0002536205789
"637",1370,0.00234658714270838,51.5,30.5,46.0000391097857
"638",1372,0.0027073183854697,54,31,42.0000451219731
"639",1383,0.000160669536980921,49,28,32.0000026778256
"640",1382,0,37.5,21.5,54
"641",1384,0.000111194927084224,63,36,34.0000018532488
"642",1375,0.000206464756644705,38.5,21.5,26.0000034410793
"643",1380,0,29,16,38
"644",1434,0.0143172535995736,46,27,6.00023862089333
"645",1438,0.000206463258142992,7.5,4.5,60.0000034410543
"646",1442,0.00035316981073439,70,40,28.0000058861635
"647",1441,0.000115974638026248,31,17,38.0000019329106
"648",1439,0.00035316981073439,44,25,8.00000588616351
"649",1437,0.000257225069128865,8.5,4.5,54.0000042870845
"650",1435,0.000206463258142992,63.5,36.5,36.0000034410543
"651",1440,0.000289936487245817,40.5,22.5,18.0000048322748
"652",1443,0.000115974638026248,22.5,13.5,22.0000019329106
"653",1446,0.0175276723904075,25.5,14.5,24.0002921278732
"654",1368,0.0926338107843691,26,14,26.0015438968464
"655",1371,0.00312386387368982,31.5,18.5,26.0000520643979
"656",1369,0.00279250223003116,29.5,16.5,28.0000465417038
"657",1447,0.0946298052451392,33,19,16.0015771634208
"658",1410,0.05275934339434,16,8,14.0008793223899
"659",1417,0,16.5,9.5,24
"660",1450,0.0353098817638111,28.5,16.5,38.0005884980294
"661",1419,0.0710804447326517,45.5,26.5,12.0011846740789
"662",1429,0,15,9,20
"663",1432,0,22.5,12.5,18
"664",1431,0.00111346024341332,22.5,13.5,42.0000185576707
"665",1430,0,48,27,30
"666",1433,0.00111346024341332,35.5,20.5,40.0000185576707
"667",1436,0.010407369288179,46.5,26.5,12.0001734561548
"668",1381,0.0186215016765427,13,7,16.0003103583613
"669",1379,5.79879070511244e-05,19,11,44.0000009664651
"670",1378,0,52.5,30.5,42
"671",1377,0,47.5,26.5,44
"672",1376,0,50,28,42
"673",1374,0.000125406974564652,50,29,24.0000020901162
"674",1385,0.000206464756644705,28,16,6.00000344107928
"675",1387,0.000206464739590874,7.5,4.5,24.000003441079
"676",1390,0.00025081394262161,26.5,14.5,10.0000041802324
"677",1396,0.000376220927735426,12.5,7.5,38.0000062703488
"678",1395,0.000206464747962389,44.5,25.5,20.0000034410791
"679",1394,0,20.5,10.5,26
"680",1398,0.000206464743776632,32,19,20.0000034410791
"681",1400,0.000125406974394088,24,14,28.0000020901162
"682",1402,0.000173963720415638,32.5,18.5,18.0000028993953
"683",1405,0.000160669546709503,18.5,9.5,44.0000026778258
"684",1401,0.000405915347513534,54,32,34.0000067652558
"685",1406,0.000231951627097896,40,23,12.0000038658605
"686",1408,0,13,7,20
"687",1407,0.000160671652383564,20.5,10.5,2.6778608730594e-06
"688",1409,0.000160671652383564,0,0,18.0000026778609
"689",1366,0.042336274676685,22.5,13.5,40.0007056045779
"690",1362,0.0152172347342198,45,25,20.0002536205789
"691",1350,0.0115448813509587,20.5,10.5,24.0001924146892
"692",1348,0.00171768040225957,26,14,24.0000286280067
"693",1347,0.00281833332963121,30,18,26.0000469722222
"694",1352,0.00164621561347534,29.5,16.5,18.0000274369269
"695",1351,0.00767595542672815,21,12,48.0001279325904
"696",1353,0.00500410770737706,56,32,26.0000834017951
"697",1355,0.00235303350676602,29,16,28.0000392172251
"698",1354,0.00279394664185903,31,17,50.0000465657774
"699",1356,0.00217416846183473,60,35,18.000036236141
"700",1363,0.00382978147026111,20.5,11.5,24.0000638296912
"701",1365,0,25,13,20
"702",1448,0.0752304597244857,24,14,40.0012538409954
"703",1418,0.0353098817638111,46.5,26.5,24.0005884980294
"704",1428,0.000365307235050382,28,16,20.0000060884539
"705",1427,0,23.5,13.5,40
"706",1426,0,45.5,25.5,44
"707",1425,0,53.5,31.5,16
"708",1424,0,19,11,10
"709",1423,0,10.5,5.5,32
"710",1422,0,35,19,30
"711",1421,0,34,19,18
"712",1420,0,22,13,16
"713",1451,0.0711068089838392,19,11,26.0011851134831
"714",1453,0.00792843006898725,32.5,19.5,8.00013214050115
"715",1455,0.00233509346028082,8,4,14.0000389182243
"716",1452,0.0100458615981222,15.5,8.5,12.0001674310266
"717",1476,0.0297478469869505,14.5,8.5,30.0004957974498
"718",1474,0.00277735085483617,34,19,32.0000462891809
"719",1477,0.00232020263244359,35,19,56.0000386700439
"720",1479,0.00509146885460534,65.5,37.5,18.0000848578142
"721",1542,0.100562449444302,20,11,16.0016760408241
"722",1554,0.0026489445804007,17,9,6.00004414907634
"723",1541,0.00812488767733117,6.5,3.5,48.0001354147946
"724",1550,0.00261939594127577,55,31,30.000043656599
"725",1545,0.00152508067943434,32.5,17.5,42.0000254180113
"726",1548,0,48,27,18
"727",1564,0.0956631602649517,19,10,26.0015943860044
"728",1551,0.0580570885364904,28,15,50.0009676181423
"729",1553,0.00311399810516493,58,33,34.0000518999684
"730",1543,0.0026489445804007,40.5,23.5,38.0000441490763
"731",1547,0.000229825406069174,42.5,23.5,50.0000038304234
"732",1546,0,59.5,34.5,14
"733",1544,0.000229825406069174,17.5,10.5,32.0000038304234
"734",1565,0.0594733380927641,36.5,20.5,24.0009912223015
"735",1549,0.0957972980912016,25,13,10.0015966216349
"736",1552,0.0187991908496983,10.5,5.5,20.0003133198475
"737",1556,0.00646858720923899,21.5,11.5,22.0001078097868
"738",1558,0.00578475349948213,24,13,12.0000964125583
"739",1555,0.0239105100964068,12.5,6.5,54.0003985085016
"740",1557,0.000558991587847495,64,37,20.0000093165265
"741",1537,0.0222538821239513,25,15,46.0003708980354
"742",1540,0.00287787007535782,55,32,56.0000479645013
"743",1509,0.0676406950761292,65.5,37.5,28.0011273449179
"744",1516,0.00720738852855463,35,21,6.00012012314214
"745",1521,0.00130816220556965,7,4,26.0000218027034
"746",1523,0,29.5,16.5,44
"747",1531,0.0104080222557006,51,29,54.0001734670376
"748",1534,0.000627059032202262,63,36,48.0000104509839
"749",1532,0.00140615940419691,56.5,32.5,24.0000234359901
"750",1536,0.00209089836193691,26,14,18.000034848306
"751",1533,0.00273343287811761,22,13,22.0000455572146
"752",1535,0.00104987545329656,27,16,24.0000174979242
"753",1528,0.00385864383241711,28.5,16.5,36.0000643107305
"754",1510,0.0107235183309906,44.5,26.5,16.0001787253055
"755",1506,0.00326495284984266,19.5,11.5,54.0000544158808
"756",1512,0.00211373961318878,63,36,36.0000352289936
"757",1514,0.00051450532347111,42.5,24.5,20.0000085750887
"758",1513,0.000762590488034515,25,15,44.0000127098415
"759",1515,0.000780522060902972,50.5,28.5,14.000013008701
"760",1529,0.00421853533994856,17,10,50.0000703089223
"761",1526,0.0112063516962807,59,34,48.0001867725283
"762",1480,0.106203604133138,56.5,32.5,20.0017700600689
"763",1483,0.074708327192705,23.5,13.5,36.0012451387865
"764",1485,0.00135106717814095,41,23,56.0000225177863
"765",1487,0,65.5,37.5,28
"766",1494,0.0338833539538334,35,21,46.0005647225659
"767",1497,0,55.5,32.5,54
"768",1507,0.00308505580487417,63.5,36.5,48.0000514175968
"769",1501,0.00230673870512912,57,33,44.0000384456451
"770",1505,0,52.5,30.5,26
"771",1498,0.00272538478521279,28,15,30.0000454230798
"772",1500,0.000727462004851028,35,20,4.00001212436675
"773",1496,0.00221773149339161,4.5,2.5,16.0000369621916
"774",1495,0,18.5,10.5,10
"775",1493,0.00195690341466424,12,7,30.0000326150569
"776",1484,0.0314795155373887,35.5,20.5,26.0005246585923
"777",1491,0.0495834914388921,27.5,14.5,38.000826391524
"778",1490,0.000642679125039817,43,24,24.0000107113188
"779",1486,0.00674822540196707,27,15,18.0001124704234
"780",1489,0.00365063549498319,19.5,10.5,36.0000608439249
"781",1492,0.000642679125039817,40.5,22.5,50.0000107113188
"782",1508,0.00467224361756457,58,33,14.000077870727
"783",1504,0.00343446071411882,16,9,20.0000572410119
"784",1503,0,24,14,20
"785",1502,0,20.5,10.5,26
"786",1482,0.0207209568459502,30.5,17.5,40.0003453492808
"787",1481,0.074708327192705,45,25,36.0012451387865
"788",1488,0.141682840855677,41,23,16.0023613806809
"789",1511,0.00732158498806891,18,10,34.0001220264165
"790",1517,0.00255389253345473,41,24,14.0000425648756
"791",1520,0,14.5,7.5,8
"792",1519,0,8.5,4.5,34
"793",1518,0,38.5,21.5,54
"794",1522,0.00136467423296664,63.5,36.5,30.0000227445706
"795",1525,0.000627035021451534,33.5,18.5,30.0000104505837
"796",1530,0.0112063516962807,36.5,21.5,36.0001867725283
"797",1524,0.0104080222557006,40,22,46.0001734670376
"798",1445,0.119314018526951,56,33,10.0019885669754
"799",1444,0.0175276723904075,12,7,8.00029212787317
"800",1416,0.0233907780952785,8,4,48.0003898463016
"801",1415,0,58,34,6
"802",1414,0,7,4,10
"803",1413,0,11,6,58
"804",1412,0,67.5,38.5,20
"805",1411,0,22.5,12.5,56
"806",1404,0.00963194485901628,65,37,44.0001605324143
"807",1403,0.000160669546709503,50,28,36.0000026778258
"808",1397,0.000719828581821,44.5,26.5,58.000011997143
"809",1399,0.000111194927084224,68,39,16.0000018532488
"810",1393,0.000501627890644091,17.5,9.5,32.0000083604648
"811",1391,0.000376220927735426,36,20,34.0000062703488
"812",1389,0.00052189111653701,37.5,20.5,4.00000869818528
"813",1388,0.00025081394262161,4,2,46.0000041802324
"814",1373,0.000477043509955296,52.5,29.5,32.0000079507252
"815",1386,0.000173963725752273,39,23,14.0000028993954
"816",1392,0.000719828484647397,14,7,48.0000119971414
"817",1449,0.078124595363703,55,31,28.0013020765894
"818",1274,0.195577772173469,33.5,19.5,34.0032596295362
"819",1232,0.0559821094524393,39.5,22.5,24.0009330351575
"820",1234,0,27.5,15.5,36
"821",1236,0.001779118827689,42,24,2.00002965198046
"822",1229,0.0018901989700299,2.5,1.5,34.0000315033162
"823",1231,0,39.5,22.5,16
"824",1243,0.00632038908887042,20,12,32.0001053398181
"825",1242,0.00313284286400809,35,19,36.0000522140477
"826",1239,0.01181871509212,43.5,25.5,34.0001969785849
"827",1238,0.002635416010711,37.5,20.5,18.0000439236002
"828",1247,0.00357190129650575,21,12,2.00005953168827
"829",1250,0,2,1,22
"830",1252,0,24,13,16
"831",1249,0.00189019722244753,20,12,46.000031503287
"832",1248,0,55,32,6
"833",1253,0.00189019722244753,6.5,3.5,34.000031503287
"834",1255,0.000115990398386395,40,23,22.0000019331733
"835",1259,0.0178682230949824,27.5,16.5,28.0002978037183
"836",1261,0,35,21,44
"837",1267,0.00100676284323746,52,30,56.0000167793807
"838",1269,0,65,37,14
"839",1271,0,15,8,20
"840",1258,0.0183776965795315,23.5,13.5,42.000306294943
"841",1256,0.0178682230949824,47.5,26.5,50.0002978037182
"842",1260,0.00541563529620582,58,33,32.0000902605883
"843",1263,0.00365215668591989,39,23,28.0000608692781
"844",1266,0,34.5,20.5,24
"845",1265,0,29.5,17.5,52
"846",1264,0,60,34,52
"847",1262,0.00100676284323746,62,36,40.0000167793807
"848",1246,0.0167866058270827,45.5,25.5,28.0002797767638
"849",1207,0.0429144609363141,34.5,20.5,42.0007152410156
"850",1204,0.0161439270581334,50,29,34.000269065451
"851",1198,0.0178584518472865,40.5,23.5,24.0002976408641
"852",1187,0.0174350536329498,30,18,38.0002905842272
"853",1191,0.00149928214035224,45,26,46.0000249880357
"854",1194,0.00268953414711812,52.5,29.5,18.0000448255691
"855",1196,0.00234157102918635,22,13,8.00003902618382
"856",1192,0.0034767294954988,10,6,40.0000579454916
"857",1186,0.00984754848982103,50,30,48.0001641258082
"858",1185,0,56,32,40
"859",1184,0.0079681465160604,45.5,25.5,56.0001328024419
"860",1189,0.0221752740972145,65.5,37.5,42.0003695879016
"861",1205,0.0414805203471482,52,31,36.0006913420058
"862",1164,0.0697597234218268,44.5,26.5,40.001162662057
"863",1181,0.0141967453365133,49,29,54.0002366124223
"864",1183,0,62.5,35.5,50
"865",1230,0.0711077006737535,58.5,33.5,36.0011851283446
"866",1233,0.00100694447489688,40,22,28.0000167824079
"867",1251,0.00863492220447166,34.5,20.5,18.0001439153701
"868",1017,0.316752548081899,21.5,12.5,12.0052792091347
"869",1024,0.00479872259471613,12.5,6.5,24.0000799787099
"870",1023,0,28.5,16.5,22
"871",1022,0,26.5,15.5,52
"872",1021,0,61.5,35.5,18
"873",1020,0.00281228779257939,22,13,52.0000468714632
"874",1019,0.00281228779257939,60.5,34.5,24.0000468714632
"875",1018,0.00516422950679493,28.5,16.5,32.0000860704918
"876",1069,0.0403845562629603,38.5,22.5,24.0006730759377
"877",1093,0.00220384519724128,26,14,20.0000367307533
"878",1097,0,23.5,13.5,32
"879",1109,0.00185819904081216,36.5,20.5,46.000030969984
"880",1111,0,52.5,29.5,34
"881",1070,0.00641326170015971,41,24,16.000106887695
"882",1072,0,19.5,11.5,50
"883",1071,0,59,34,52
"884",1088,0.00104396374976607,60,34,16.0000173993958
"885",1092,0,18.5,10.5,52
"886",1061,0.0114816668229734,62,36,20.0001913611137
"887",1033,0.0223443733931017,21,11,14.0003724062232
"888",1043,0.00332334808141868,15.5,8.5,26.0000553891347
"889",1038,0.00257090774920118,28.5,15.5,46.0000428484625
"890",1040,0.000977820010072644,54.5,31.5,38.0000162970002
"891",1044,0.00309548508604142,44.5,25.5,34.0000515914181
"892",1165,0.169280546859131,37.5,20.5,14.0028213424477
"893",1167,0,17,10,36
"894",1169,0,41.5,23.5,36
"895",1171,0,45,27,16
"896",1174,0,18,10,44
"897",1176,0,53,31,48
"898",1179,0,56,32,40
"899",1178,0.000365326453771919,48,28,38.0000060887742
"900",1177,0,46.5,27.5,28
"901",1180,0.000365326453771919,34.5,20.5,38.0000060887742
"902",1045,0.182886173651535,46,27,24.0030481028942
"903",1035,0.00529422793167223,26,14,26.0000882371322
"904",1046,0.00500026442598026,28,15,18.0000833377404
"905",1057,0.0327439461230441,21,12,42.0005457324354
"906",1059,0,47.5,26.5,12
"907",1056,0.0236718559905834,12.5,6.5,54.0003945309332
"908",1058,0.00714955741087883,63,36,14.0001191592902
"909",1052,0.00449929084908328,16,9,30.0000749881808
"910",1049,0.00130217248747178,35.5,20.5,26.0000217028748
"911",1042,0.00198438062976259,28.5,15.5,34.0000330730105
"912",1041,0.00151816926660666,40,23,38.0000253028211
"913",1039,0.00168568026127018,46,27,52.000028094671
"914",1050,0.003589266535483,60.5,34.5,40.0000598211089
"915",1054,0.00658608584707311,49.5,29.5,18.0001097680975
"916",1051,0.00494182783644318,20,11,36.0000823637973
"917",1034,0.00637416811578045,42.5,24.5,36.0001062361353
"918",1047,0.0540652118201127,41,23,24.0009010868637
"919",1074,0.0210463367201475,29,17,28.0003507722787
"920",1081,0,32.5,18.5,2
"921",1091,0.0011837466583304,2.5,1.5,50.000019729111
"922",1090,0,59.5,34.5,34
"923",1089,0,37.5,20.5,32
"924",1082,0.0011837466583304,38,22,42.000019729111
"925",1134,0.01993213429938,48.5,27.5,20.0003322022383
"926",1143,0,24,14,40
"927",1146,0,47,27,34
"928",1148,0,41.5,24.5,22
"929",1151,0,22.5,11.5,44
"930",1153,0,52.5,30.5,46
"931",1155,0,55.5,32.5,30
"932",1157,0,32.5,17.5,36
"933",1159,0,43,25,18
"934",1161,0,21,12,34
"935",1163,0.000655869703222663,42.5,25.5,30.0000109311617
"936",1162,0.000655869703222663,34,19,12.0000109311617
"937",1128,0.00409448240481583,14.5,8.5,46.0000682413734
"938",1127,0.000115977558701817,55,32,38.0000019329593
"939",1098,0.0102806206070978,43.5,24.5,60.0001713436768
"940",979,0.0808427042137802,70,40,24.0013473784036
"941",1015,0.0893742779142998,26,14,18.0014895712986
"942",1012,0.00681281036100641,20.5,11.5,22.0001135468394
"943",1027,0.00915196756436471,26.5,15.5,12.0001525327927
"944",1029,0,12,6,34
"945",985,0.0524031535468983,41,24,40.0008733858924
"946",988,0.00317812649159321,45.5,25.5,42.0000529687749
"947",986,0.00320341849018508,48.5,27.5,38.0000533903082
"948",996,0.00180072300589876,44,25,22.0000300120501
"949",1005,0.000310500022340841,24,13,12.0000051750004
"950",1002,0.000353165893588824,15,9,38.0000058860982
"951",1008,0.000160660034203546,46,27,28.0000026776672
"952",958,0.175100213137793,30.5,16.5,10.0029183368856
"953",963,0,11,6,14
"954",967,0,14.5,7.5,14
"955",969,0,17.5,10.5,30
"956",978,0.00159507332493321,35,20,38.0000265845554
"957",954,0.00472870586639287,45,26,32.0000788117644
"958",1028,0.107203904839546,39.5,23.5,44.0017867317473
"959",886,0.196829629236427,50.5,28.5,42.0032804938206
"960",888,0.00262922603382164,48,27,28.0000438204339
"961",891,0,32.5,18.5,20
"962",904,0,24.5,14.5,12
"963",906,0.000555974635421119,14,8,20.0000092662439
"964",905,0.00123890867152176,21.5,11.5,50.0000206484779
"965",907,0.00104983043476787,60,35,14.0000174971739
"966",909,0.0342639436626363,16,9,14.0005710657277
"967",968,0.153368650624407,16,9,26.0025561441771
"968",962,0.000530860417167545,30,17,12.0000088476736
"969",961,0,13,7,28
"970",960,0,30,16,34
"971",959,0,38,21,24
"972",966,0.00111797521486721,26.5,14.5,20.0000186329202
"973",965,0,22.5,12.5,26
"974",964,0,27.5,14.5,20
"975",983,0.0121053851476024,24.5,14.5,28.0002017564191
"976",910,0.166251954753285,32.5,18.5,28.0027708659126
"977",871,0.0933720624719355,32.5,18.5,32.0015562010412
"978",874,0.00452661280646146,36,20,26.0000754435468
"979",858,0.0130836962441006,31,18,48.0002180616041
"980",911,0.0950916867608866,55,31,34.001584861446
"981",914,0.000125410914184091,41,24,18.0000020901819
"982",916,0,22.5,13.5,30
"983",915,0.00078694688020451,37,22,30.0000131157813
"984",917,0.00078694688020451,32.5,17.5,16.0000131157813
"985",919,0.00230263445226105,17,9,30.0000383772409
"986",921,0.00837526119872856,33,18,26.0001395876866
"987",918,0.0199084673200988,28.5,15.5,36.0003318077887
"988",920,0.0146521577401524,42.5,24.5,18.000244202629
"989",924,0.0127755223173323,22,13,12.000212925372
"990",938,0.0101920099136026,13.5,7.5,2.00016986683189
"991",940,0.0139091652474709,2,1,16.0002318194208
"992",942,0.00679259972683365,17,9,20.0001132099954
"993",944,0.0103246720928262,24,14,36.0001720778682
"994",943,0.0113140090312179,43.5,25.5,48.0001885668172
"995",945,0.00113429979615027,56.5,32.5,34.0000189049966
"996",952,0.00728577181646332,40.5,23.5,26.0001214295303
"997",923,0.116092020500588,32,19,30.0019348670083
"998",925,0.00168556190395998,34.5,19.5,14.0000280926984
"999",936,0,14,7,56
"1000",922,0.0512309169651101,65.5,37.5,30.0008538486161
"1001",939,0.0315392270485452,37,22,44.0005256537841
"1002",878,0.185161600286856,52,30,34.0030860266714
"1003",881,0.000752402561819027,42.5,25.5,40.0000125400427
"1004",880,0.000229822107610458,49.5,29.5,28.0000038303685
"1005",882,0.000558989039501753,32,18,46.000009316484
"1006",884,0.000206428892400556,56,33,10.0000034404815
"1007",883,0.000501601664834277,12.5,7.5,32.0000083600277
"1008",885,0.000338584935802984,40,24,60.0000056430823
"1009",778,0.235609896692443,70,40,38.0039268316115
"1010",781,0.00872098580664507,47,28,6.00014534976344
"1011",783,0.00395877349781941,6,3,42.0000659795583
"1012",785,0.0233128246602406,51,30,44.0003885470777
"1013",787,0.0177988372710915,54,32,22.0002966472879
"1014",784,0.0238907198303865,24,13,44.0003981786638
"1015",789,0.0131284920485559,53,31,18.0002188082008
"1016",822,0.107270224639976,18.5,9.5,32.0017878370773
"1017",829,0.0151488551498757,38.5,22.5,14.0002524809192
"1018",842,0.0166473671840764,17.5,10.5,24.0002774561197
"1019",850,0.00661534324165064,27,15,8.00011025572069
"1020",852,0.000724139872873803,9,5,6.00001206899788
"1021",843,0.00838949881528233,7,4,44.0001398249803
"1022",845,0.0018073004897102,50.5,28.5,32.0000301216748
"1023",848,0.0101371452787965,39.5,23.5,6.00016895242131
"1024",834,0.0120941874275691,6,3,50.0002015697905
"1025",836,0.000173989855105523,58.5,33.5,18.0000028998309
"1026",838,0.000111194924254931,19.5,10.5,32.0000018532487
"1027",841,0.000333584781252672,35.5,19.5,36.0000055597464
"1028",837,0.00612259201709209,43,25,54.0001020432003
"1029",840,0.000115993240171649,63.5,36.5,8.00000193322067
"1030",839,0.000333584781252672,9,5,8.00000555974635
"1031",835,0.000533682064599759,9.5,5.5,46.0000088947011
"1032",833,0.000482046360573965,52.5,29.5,6.00000803410601
"1033",832,0.0415819126499996,6,3,60.0006930318775
"1034",912,0.120825353573587,70,40,18.0020137558929
"1035",908,0.0422955518422685,20,11,32.000704925864
"1036",941,0.0651682818148866,37,21,42.0010861380302
"1037",937,0.0652794597450955,49.5,28.5,26.0010879909957
"1038",913,0.0502915971038774,29.5,16.5,32.0008381932851
"1039",1037,0.166133255357529,36,20,18.0027688875893
"1040",1067,0.0873453951663559,22.5,13.5,12.0014557565861
"1041",1066,0,14.5,8.5,34
"1042",1086,0.0147237452307037,40.5,23.5,16.0002453957538
"1043",1085,0,17,9,56
"1044",1100,0.00329160510561204,65.5,37.5,12.0000548600851
"1045",1110,0.00270736573174576,14,8,52.0000451227622
"1046",1080,0.0038855684652512,62,36,18.0000647594744
"1047",1079,0,20,11,34
"1048",1078,0,37.5,20.5,50
"1049",1077,0,59.5,34.5,24
"1050",1076,0,28,16,4
"1051",1075,0,4.5,2.5,30
"1052",1096,0.00451345026737684,32.5,17.5,32.0000752241711
"1053",1095,0,38.5,22.5,26
"1054",1094,0,32,19,14
"1055",1114,0.00253885886749699,14.5,7.5,26.0000423143145
"1056",1150,0.00274624057131518,29.5,16.5,52.0000457706762
"1057",1149,0,60.5,34.5,10
"1058",1116,0.00366263438644535,12.5,7.5,48.0000610439064
"1059",1121,0.00479402839195777,58,34,24.0000799004732
"1060",1120,0,27.5,15.5,8
"1061",1119,0,9.5,5.5,4
"1062",1118,0,4.5,2.5,4
"1063",1124,0.000724147532892647,5,3,4.00001206912555
"1064",1123,0,4.5,2.5,22
"1065",1103,0.00205716024684892,23,12,18.0000342860041
"1066",1102,0,20.5,11.5,22
"1067",1158,0.0046518238844353,24.5,13.5,36.0000775303981
"1068",1142,0.00558302258824074,41,23,10.0000930503765
"1069",1141,0,11.5,6.5,20
"1070",1140,0,20.5,10.5,14
"1071",1139,0,14.5,7.5,58
"1072",1138,0,68,39,26
"1073",1137,0,27.5,14.5,28
"1074",1136,0,33,19,34
"1075",1135,0,40,23,30
"1076",1152,0.000846242460839019,33,18,48.000014104041
"1077",1147,0.00178289623043452,55,31,36.0000297149372
"1078",1132,0.00131179933047452,45,27,44.0000218633222
"1079",1131,0,52.5,30.5,30
"1080",1130,0,36.5,21.5,30
"1081",1145,0.00134563555584017,37.5,22.5,12.0000224272593
"1082",1144,0,12.5,6.5,44
"1083",1106,0.00314731268987277,50,28,20.0000524552115
"1084",1160,0.00646937483081323,22,12,44.0001078229138
"1085",1166,0.000786091968284644,52,30,16.0000131015328
"1086",1154,0.00457258127750077,19.5,11.5,30.000076209688
"1087",1168,0.00245866777971339,36.5,21.5,16.0000409777963
"1088",1170,0.00456820571560134,18,10,34.0000761367619
"1089",1156,0.00462720213626306,38.5,21.5,48.0000771200356
"1090",1173,0.00360864001051853,56.5,32.5,38.0000601440002
"1091",1172,0,45.5,26.5,14
"1092",1175,0.0162297329884595,15,8,14.0002704955498
"1093",1182,0.0171711795645372,15.5,8.5,18.0002861863261
"1094",1270,0.167253093955018,19,10,42.0027875515659
"1095",1268,0.00145493152376513,51.5,30.5,30.0000242488587
"1096",1338,0.105324350484548,32.5,17.5,14.0017554058414
"1097",1336,0.103763601232886,14.5,7.5,16.0017293933539
"1098",1272,0.0675147672832304,17,9,38.0011252461214
"1099",1337,0.0675147672832304,44,25,18.0011252461214
"1100",1278,0.0791806238413666,19.5,10.5,50.001319677064
"1101",1254,0.0333728406165384,59.5,34.5,40.0005562140103
"1102",1228,0.0100793703982472,46,26,4.00016798950664
"1103",1225,0.00118103323296579,5,3,30.0000196838872
"1104",1235,0.00331813197735145,35,20,18.0000553021996
"1105",1226,0.00216320836649074,21,12,20.0000360534728
"1106",1223,0.00367070743424299,20.5,10.5,22.0000611784572
"1107",1218,0.00252049975205653,22.5,11.5,38.0000420083292
"1108",1217,0,43,24,4
"1109",1215,0.00395635501200898,4.5,2.5,16.0000659392502
"1110",1213,0.00575066355117327,18.5,10.5,26.0000958443925
"1111",1212,0,29,16,16
"1112",1210,0.00616649650427781,16.5,8.5,30.0001027749417
"1113",1209,0,36,21,24
"1114",1472,0.280662914893508,27.5,15.5,22.0046777152482
"1115",1499,0.104243038821507,24,13,34.0017373839804
"1116",1639,0.191812864870585,37.5,20.5,22.0031968810812
"1117",1652,0.119083228645572,23.5,12.5,52.0019847204774
"1118",1702,0.123625701531376,61.5,35.5,8.00206042835886
"1119",1705,0.00603831402807915,8,4,4.00010063856713
"1120",1710,0.031232100612715,5,3,6.00052053501021
"1121",1712,0.00228056238114198,7.5,4.5,12.000038009373
"1122",1711,0.00288982922801759,12.5,6.5,48.0000481638205
"1123",1713,0.000730565226943267,55.5,31.5,36.0000121760871
"1124",1715,0.00881437592862934,43,25,26.0001469062655
"1125",1718,0.00287799194145298,28,15,44.0000479665324
"1126",1720,0.00389378527088653,53,31,50.0000648964212
"1127",1717,0.00635124080979101,59.5,34.5,28.0001058540135
"1128",1716,0.00287799194145298,33.5,19.5,12.0000479665324
"1129",1719,0.00591888765363239,13.5,7.5,40.0000986481276
"1130",1721,0.00678512279551348,46.5,26.5,28.0001130853799
"1131",1734,0.110631878034855,32.5,18.5,26.0018438646339
"1132",1753,0.176112136418278,29.5,16.5,12.0029352022736
"1133",1755,0.00623316966114963,13.5,7.5,50.000103886161
"1134",1757,0.00168581268175402,60,35,22.000028096878
"1135",1759,0.000448546045925553,25,14,26.0000074757674
"1136",1758,0.000992332561708458,30,17,10.000016538876
"1137",1760,0.000986208814085987,10.5,5.5,16.0000164368136
"1138",1765,0.00199327178427888,16.5,8.5,58.0000332211964
"1139",1767,0,68,39,60
"1140",1771,0,70,40,38
"1141",1773,0.000812684388347504,46.5,27.5,10.0000135447398
"1142",1779,0.00393456045127214,11,6,22.0000655760075
"1143",1784,0,27.5,16.5,50
"1144",1787,0,58,33,40
"1145",1789,0,46,26,18
"1146",1795,0.00914745092580277,21.5,12.5,52.0001524575154
"1147",1802,0.0022155270539942,60.5,34.5,32.0000369254509
"1148",1805,0.00646207521449931,37.5,21.5,50.0001077012536
"1149",1807,0,58.5,33.5,28
"1150",1798,0.0862266865407612,34,20,26.0014371114423
"1151",1794,0.00312692942629104,30.5,17.5,30.0000521154904
"1152",1793,0,36,21,48
"1153",1799,0.00312692942629104,56,32,2.00005211549044
"1154",1801,0,2,1,30
"1155",1796,0.0022155270539942,37.5,22.5,6.0000369254509
"1156",1791,0.00146223140855927,7.5,4.5,46.0000243705235
"1157",1804,0.00494695036756896,55,32,10.0000824491728
"1158",1811,0.00290030968760449,12,7,38.0000483384948
"1159",1814,0.00863955025662248,43,24,40.0001439925043
"1160",1816,0.00386641024629989,45,25,30.0000644401708
"1161",1818,5.80170303375352e-05,35.5,20.5,2.00000096695051
"1162",1820,0,2.5,1.5,30
"1163",1819,0.051066705420312,33,18,58.000851111757
"1164",1815,0.027413950452363,67.5,38.5,50.0004568991742
"1165",1817,0.00157393160204484,60,35,6.00002623219337
"1166",1823,0.0340513909702568,7.5,4.5,48.0005675231828
"1167",1825,0,56.5,32.5,32
"1168",1822,0.00406603369490095,38.5,22.5,28.0000677672282
"1169",1824,0.000160711764828577,32.5,18.5,22.0000026785294
"1170",1831,0.0673658488592458,23,12,18.0011227641477
"1171",1830,0.0145572409602537,18.5,9.5,36.0002426206827
"1172",1821,0.0952411607204477,40.5,22.5,16.0015873526787
"1173",1826,0.00406603369490095,18,10,44.0000677672282
"1174",1828,0,51,29,42
"1175",1827,0.0533544447833287,49.5,28.5,50.0008892407464
"1176",1829,0.0533544447833287,58.5,33.5,28.0008892407464
"1177",1832,0.0145572409602537,35,21,36.0002426206827
"1178",1834,0,40,22,32
"1179",1836,0,39,23,18
"1180",1838,0,18.5,9.5,32
"1181",1837,0.0037129612912362,38,22,42.0000618826882
"1182",1839,0.0037129612912362,48.5,27.5,18.0000618826882
"1183",1841,0.00164893349182027,19,10,44.0000274822249
"1184",1855,0.10337100715061,50,28,40.0017228501192
"1185",1854,0.00335208355256875,46,26,46.0000558680592
"1186",1861,0.0135561273704722,55.5,32.5,6.00022593545617
"1187",1865,0.0188303189076234,7.5,4.5,28.0003138386485
"1188",1867,0.000160716111150684,31,17,38.0000026786019
"1189",1866,0.0103439533787824,42.5,23.5,30.000172399223
"1190",1868,0.0104295392567013,35,20,22.0001738256543
"1191",1864,0.00917703637569444,23.5,12.5,48.0001529506063
"1192",1862,0.0188303189076234,57.5,33.5,28.0003138386485
"1193",1842,0.131106234274317,31,17,50.0021851039046
"1194",1875,0.138638992040278,59.5,34.5,14.0023106498673
"1195",1880,0.00377309107522889,14,7,34.0000628848513
"1196",1882,0.0125333273044994,38,21,2.00020888878841
"1197",1874,0.0122908832342122,2.5,1.5,20.0002048480539
"1198",1883,0.0122908832342122,21.5,11.5,46.0002048480539
"1199",1881,0.0134039564451317,54.5,31.5,34.0002233992741
"1200",1876,0.00734119349588217,42.5,25.5,16.0001223532249
"1201",1873,0.00813905441850928,18.5,10.5,26.000135650907
"1202",1902,0.0321511569865646,30,17,34.0005358526164
"1203",1895,0.0129675610521862,38.5,21.5,36.0002161260175
"1204",1905,0.00869346999669286,43.5,25.5,26.0001448911666
"1205",1904,0.000677186789454382,29.5,16.5,38.0000112864465
"1206",1919,0.00368332359210354,44.5,25.5,14.0000613887265
"1207",1923,0.000376269248680444,17,10,20.0000062711541
"1208",1921,0.000923296785648814,24.5,14.5,12.0000153882798
"1209",1918,0.000777941216076389,14,8,46.0000129656869
"1210",1924,0.00173084171674658,53,30,20.0000288473619
"1211",1922,0.00356671347516891,22,12,12.0000594452246
"1212",1920,0.000376269248680444,14.5,8.5,6.00000627115415
"1213",1911,0.00558610593618455,6.5,3.5,8.0000931017656
"1214",1910,0.000282410748238477,8.5,4.5,18.0000047068458
"1215",1915,0.00172984485349528,18.5,9.5,22.0000288307476
"1216",1917,0,26,15,24
"1217",1925,0.00430868840282219,27.5,15.5,54.0000718114734
"1218",1907,0.0103218390749302,63.5,36.5,2.00017203065125
"1219",1752,0.3454228628782,2,1,56.0057570477146
"1220",1756,0.00715415516525472,65,37,20.0001192359194
"1221",1763,0.00261284048585843,20,10,24.0000435473414
"1222",1761,0.00461512621479968,27,15,34.0000769187702
"1223",1764,0.00803759600847869,41.5,24.5,32.0001339599335
"1224",1762,0.00450631171228918,39,23,32.0000751051952
"1225",1754,0.0101323550752251,38,22,38.0001688725846
"1226",1751,0.0208555530730701,47.5,28.5,10.0003475925512
"1227",1797,0.139578914712603,11.5,6.5,2.00232631524521
"1228",1808,0.0862266865407612,2.5,1.5,30.0014371114423
"1229",1810,0,34,19,32
"1230",1803,0.00724745011334623,36.5,20.5,16.0001207908352
"1231",1806,0.00450160651075573,19,11,34.0000750267752
"1232",1813,0.00481997381296895,41,24,52.0000803328969
"1233",1812,0.00863955025662248,60.5,34.5,16.0001439925043
"1234",1792,0.0132533345584742,16.5,8.5,36.0002208889093
"1235",1790,0.00914745092580277,41,23,24.0001524575154
"1236",1724,0.197379177593467,26,14,28.0032896529599
"1237",1726,0,31,17,20
"1238",1729,0.0311536854612377,23,13,24.000519228091
"1239",1731,0.0048202295922467,26.5,14.5,20.0000803371599
"1240",1739,0.073444370387008,23.5,13.5,8.00122407283978
"1241",1749,0.189905201672041,9.5,5.5,20.0031650866945
"1242",1772,0.0433131339519961,22.5,12.5,40.0007218855659
"1243",1750,0.043148633348964,47,27,42.0007191438891
"1244",1744,0.133553861555486,49,28,14.0022258976926
"1245",1743,0.000977199174235408,16,9,10.0000162866529
"1246",1742,0.00248202117405871,10,5,10.0000413670196
"1247",1745,0.000977199174235408,12,7,24.0000162866529
"1248",1747,0,25,13,40
"1249",1737,0.0143601435566103,47.5,27.5,18.0002393357259
"1250",1746,0.0234500059200096,21.5,12.5,48.000390833432
"1251",1738,0.0234500059200096,55.5,31.5,4.000390833432
"1252",1732,0.073444370387008,5,3,20.0012240728398
"1253",1722,0.110631878034855,24,14,8.00184386463391
"1254",1727,0.0405704701347391,8,4,36.0006761745022
"1255",1730,0.00753342175350435,43.5,25.5,12.0001255570292
"1256",1728,0.0110548195879602,13.5,7.5,20.0001842469931
"1257",1723,0.0417931552215121,22,12,38.000696552587
"1258",1725,0.00492686543031489,44,25,12.0000821144238
"1259",1698,0.254150928174947,12.5,6.5,42.0042358488029
"1260",1700,0.00415487646528165,49.5,28.5,12.0000692479411
"1261",1653,0.125704143700567,12.5,6.5,20.0020950690617
"1262",1655,0.00852678172012972,22.5,12.5,38.0001421130287
"1263",1654,0.0122473652515744,46.5,27.5,50.0002041227542
"1264",1656,0.00415988241534771,60,35,20.0000693313736
"1265",1658,0,25,15,40
"1266",1657,0.000780522299319596,49.5,29.5,44.000013008705
"1267",1659,0.000780522299319596,52.5,30.5,60.000013008705
"1268",1661,0.00482932920051264,70,40,28.00008048882
"1269",1684,0.314638297747296,34.5,20.5,52.0052439716291
"1270",1687,0.000564839001026593,60,34,42.0000094139833
"1271",1689,0.000525609053995101,52,31,24.0000087601509
"1272",1686,0.00749422018257994,28.5,16.5,18.0001249036697
"1273",1685,0.000564839001026593,19,10,6.00000941398335
"1274",1680,0.00235678635508926,7.5,4.5,14.0000392797726
"1275",1688,0.00123868142774506,15,8,6.00002064469046
"1276",1681,0.00171723172249257,6.5,3.5,48.0000286205287
"1277",1690,0.0101918464111717,57.5,33.5,42.0001698641069
"1278",1692,0,48,27,26
"1279",1695,0.000353169756356687,32,19,44.0000058861626
"1280",1697,0,54,32,36
"1281",1682,0.0704266201285629,43.5,25.5,42.0011737770021
"1282",1679,0.0411568748768404,50,29,30.0006859479146
"1283",1668,0.0132063814317268,36.5,21.5,22.0002201063572
"1284",1676,0.000160725272718996,24.5,13.5,44.0000026787545
"1285",1675,5.80265063998997e-05,51,29,48.0000009671084
"1286",1674,0,57,33,16
"1287",1673,0,16,8,10
"1288",1672,0,10,5,24
"1289",1671,0,29.5,17.5,30
"1290",1670,0,34.5,19.5,22
"1291",1677,5.80265063998997e-05,23,12,10.0000009671084
"1292",1683,0.0411568748768404,10.5,5.5,22.0006859479146
"1293",1678,0.0411568748768404,24,13,48.0006859479146
"1294",1703,0.194266344459281,58,34,10.0032377724077
"1295",1706,0.0477711131504062,10,5,34.0007961852192
"1296",1708,0.000655876444659513,39,22,34.0000109312741
"1297",1707,0.00384145313280394,37.5,20.5,34.0000640242189
"1298",1709,0.00416170575318149,40.5,23.5,38.0000693617626
"1299",1714,0.0244304098962765,44,25,30.0004071734983
"1300",1704,0.0934724651736712,35,20,22.0015578744196
"1301",1699,0.20962754306036,27,16,42.0034937923843
"1302",1696,0.012050174346347,48,27,38.0002008362391
"1303",1691,0.0156749728477132,47,28,56.0002612495475
"1304",1694,0.001683974600661,66,38,46.0000280662433
"1305",1693,0.000353169756356687,54.5,31.5,14.0000058861626
"1306",1660,0.228086466956332,14.5,7.5,60.0038014411159
"1307",1647,0.437923112505995,70,40,42.0072987185418
"1308",1650,0,50.5,29.5,12
"1309",1608,0.127958823161823,15,9,4.0021326470527
"1310",1593,0.193186468371199,4,2,20.0032197744729
"1311",1591,0.000762241931174845,25,15,30.0000127040322
"1312",1597,0.00403024307930322,36,21,38.000067170718
"1313",1595,0.00127169716257703,42.5,23.5,16.0000211949527
"1314",1601,0.0436193790916005,19,11,48.0007269896515
"1315",1603,0,56,32,36
"1316",1602,0.00727760407514693,41.5,23.5,16.0001212934013
"1317",1599,0.00558590370453226,17.5,9.5,46.0000930983951
"1318",1604,0.0156946941474754,55.5,32.5,40.0002615782358
"1319",1609,0.248399969249888,47,27,4.0041399994875
"1320",1651,0.179591606176532,4.5,2.5,46.0029931934363
"1321",1662,0.088835616341151,53.5,30.5,32.0014805936057
"1322",1664,0,36.5,20.5,24
"1323",1666,0,26.5,14.5,14
"1324",1665,0.000125424818852113,14,7,16.0000020904136
"1325",1667,0.000125424818852113,16.5,8.5,10.0000020904136
"1326",1663,0.000365484569005115,11,6,22.0000060914095
"1327",1669,0.00124455120971046,22.5,11.5,28.0000207425202
"1328",1649,0.478080401586778,30.5,16.5,32.0079680066931
"1329",1648,0,38.5,22.5,42
"1330",1606,0.0696850729590924,51.5,30.5,32.0011614178827
"1331",1364,0.561269448510673,39,23,12.0093544908085
"1332",815,0.628402540166968,15,9,32.0104733756694
"1333",812,0.00136464065825436,35,19,42.000022744011
"1334",772,0.18344241640255,51,30,8.00305737360671
"1335",756,0.329051382957417,9.5,5.5,18.005484189716
"1336",759,0.00472174342173663,19.5,10.5,48.0000786957237
"1337",752,0.0576395630072988,55.5,31.5,34.0009606593835
"1338",736,0.0765821861981208,41,24,28.00127636977
"1339",738,0,31,17,22
"1340",737,0.000229821097366091,22.5,11.5,14.0000038303516
"1341",739,0.000229821097366091,17.5,10.5,14.0000038303516
"1342",741,0.00114910552818375,15.5,8.5,32.0000191517588
"1343",744,0,37.5,21.5,26
"1344",743,0.000620891928667502,31.5,18.5,16.0000103481988
"1345",742,0,20,12,28
"1346",745,0.000620891928667502,35,21,10.0000103481988
"1347",740,0.00387284194537979,10,5,42.0000645473658
"1348",746,0.00281152362469833,48.5,27.5,40.0000468587271
"1349",748,0.00764956573890077,48,28,32.0001274927623
"1350",876,0.247638384808806,36.5,20.5,48.0041273064135
"1351",622,0.467332626679478,58,34,14.0077888771113
"1352",615,0.00797574520872688,14,7,36.0001329290868
"1353",635,0.135194774843359,44.5,26.5,38.0022532462474
"1354",633,0.006214002138373,47,28,38.0001035667023
"1355",632,0.00753094751761524,43.5,24.5,8.00012551579196
"1356",541,0.289822410693699,10,6,30.0048303735116
"1357",540,0,33.5,18.5,28
"1358",539,0,33,19,18
"1359",538,0,21,12,20
"1360",537,0,24,14,32
"1361",536,0,38,22,22
"1362",535,0,24,13,18
"1363",534,0,22.5,13.5,48
"1364",533,0,55,31,52
"1365",531,0.000930933615042708,60,34,24.0000155155602
"1366",554,0.00365406528313223,26.5,14.5,16.0000609010881
"1367",545,0.00501325021344238,16,8,38.0000835541702
"1368",544,0,45.5,26.5,18
"1369",543,0,20.5,11.5,30
"1370",556,0.00299614003789437,33,18,4.0000499356673
"1371",529,0.0055882609116518,4.5,2.5,16.0000931376819
"1372",512,0.0558728745044767,19,11,2.00093121457507
"1373",514,0,2,1,34
"1374",517,0.000125385666308036,41,24,20.0000020897611
"1375",524,0.000582514463067974,23.5,13.5,28.0000097085744
"1376",527,0.000555974635421119,35,21,32.0000092662439
"1377",503,0.00315826252611593,36,20,38.0000526377088
"1378",505,0,43.5,24.5,50
"1379",507,0,57.5,32.5,12
"1380",509,0,13.5,7.5,24
"1381",513,0.000752314241387152,29.5,17.5,30.0000125385707
"1382",510,0.000752314241387152,37,22,22.0000125385707
"1383",522,0.000533199062822239,27,16,26.000008886651
"1384",518,0.000582514463067974,31.5,18.5,20.0000097085744
"1385",526,0.00234155436158934,22,12,24.000039025906
"1386",525,0.000555974635421119,27,15,32.0000092662439
"1387",519,0.00234155436158934,35.5,19.5,20.000039025906
"1388",521,0,22,12,32
"1389",520,0,37.5,21.5,14
"1390",511,0.000533199062822239,15.5,8.5,56.000008886651
"1391",504,0.00275776853709107,65,37,28.000045962809
"1392",515,0.00188078489626201,35,21,18.0000313464149
"1393",523,0.00137888435232519,21.5,12.5,12.0000229814059
"1394",516,0.00137888435232519,12.5,6.5,38.0000229814059
"1395",530,0.0603078557469899,43,24,34.0010051309291
"1396",342,0.203558255656134,40.5,23.5,28.0033926375943
"1397",340,0.0327817582733017,31,17,18.0005463626379
"1398",338,0.0502018106131537,18.5,9.5,6.00083669684355
"1399",329,0.0123959323416357,7,4,28.0002065988724
"1400",341,0.0593052731442388,33.5,19.5,16.0009884212191
"1401",336,0.084944534582199,16,8,36.001415742243
"1402",330,0.00782186381027078,45,27,34.0001303643968
"1403",247,0.106063600906322,39.5,22.5,40.0017677266818
"1404",254,0.00223067849150627,45,25,34.0000371779749
"1405",262,0.00188980078897598,40.5,23.5,42.0000314966798
"1406",261,0.000688294632385673,47.5,26.5,38.0000114715772
"1407",266,0.00104035108559984,47,28,40.0000173391848
"1408",274,0.00218221107202634,45.5,25.5,16.0000363701845
"1409",276,0,19.5,11.5,26
"1410",283,0.000310427876723407,31.5,18.5,38.0000051737979
"1411",282,0.000420721438400382,43.5,24.5,40.000007012024
"1412",277,0.000310427876723407,46.5,26.5,24.0000051737979
"1413",272,0.000753556416362644,26,14,8.00001255927361
"1414",263,0.00178095772709516,8,4,12.0000296826288
"1415",257,0.00204684826883561,15,9,46.0000341141378
"1416",260,0,53.5,30.5,26
"1417",256,0.00115076134474343,27.5,14.5,4.00001917935575
"1418",259,0.00093645782812271,4.5,2.5,16.0000156076305
"1419",258,0,17,9,48
"1420",273,0.00186818914857265,55,31,28.0000311364858
"1421",267,0.00218221107202634,33.5,19.5,42.0000363701845
"1422",269,0,51.5,30.5,38
"1423",275,0.0014044794362284,44,25,56.0000234079906
"1424",278,0.00112546504634985,66,38,36.0000187577508
"1425",270,0.00172564850627469,41.5,23.5,34.0000287608084
"1426",279,0.00178309180303978,38.5,21.5,36.0000297181967
"1427",268,0.00333354679519235,42.5,24.5,40.0000555591133
"1428",280,0.00333354679519235,50,30,36.0000555591133
"1429",361,0.170710272526746,45,27,24.0028451712088
"1430",366,0.00293548152989228,27,15,16.0000489246922
"1431",368,0.00555974633440615,18.5,10.5,42.0000926624389
"1432",371,0,52,31,18
"1433",373,0,20,11,32
"1434",292,0.109536666372205,39.5,23.5,24.0018256111062
"1435",287,0.00494513641638059,29.5,17.5,42.0000824189403
"1436",271,0.019422341770304,51.5,30.5,36.0003237056962
"1437",265,0.000730276259599452,42.5,24.5,38.000012171271
"1438",255,0.00283145959507606,45.5,26.5,6.00004719099325
"1439",264,0.0041613908424858,6,3,22.000069356514
"1440",297,0.0461823694959137,25.5,14.5,50.0007697061583
"1441",422,0.186180461583917,58,33,40.0031030076931
"1442",246,0.185037596646473,47.5,27.5,22.0030839599441
"1443",191,0.176318381253276,26,15,58.0029386396876
"1444",193,0,67.5,38.5,20
"1445",195,0,24,14,30
"1446",194,0.00653364335397137,34.5,19.5,40.0001088940559
"1447",192,0.00333970345789182,47,27,10.0000556617243
"1448",196,0.00669241040608074,12.5,7.5,12.0001115401734
"1449",203,0.042681124152959,14.5,8.5,18.0007113520692
"1450",197,0.0431445848436913,20,11,28.0007190764141
"1451",200,0.00461124436210253,30.5,16.5,22.0000768540727
"1452",199,0.0683890284388423,26.5,15.5,32.0011398171406
"1453",198,0.00461124436210253,39.5,23.5,28.0000768540727
"1454",201,0.0683890284388423,31,17,40.0011398171406
"1455",139,0.297690876428555,46.5,26.5,8.00496151460714
"1456",138,0.0124016027960702,8,4,36.0002066933799
"1457",140,0.0031043432708666,41,23,40.0000517390545
"1458",117,0.134662426392858,48,28,32.0022443737732
"1459",130,0.142471380573327,37,21,32.0023745230096
"1460",118,0.158260462462162,38,22,18.0026376743744
"1461",120,0.00767889611396741,18,9,14.0001279816019
"1462",126,0.00196707710733603,15.5,8.5,14.0000327846185
"1463",123,0.000115866076245883,15,8,26.0000019311013
"1464",125,0,32.5,19.5,36
"1465",124,0,40,22,20
"1466",121,0.00196707710733603,22.5,12.5,18.0000327846185
"1467",127,0.000115866076245883,18,9,12.0000019311013
"1468",129,0.001150136055241,14.5,8.5,44.0000191689343
"1469",131,0.0157946731165944,53,31,12.0002632445519
"1470",133,0.000115867258989862,14,8,36.000001931121
"1471",135,0.000338578071238254,44.5,26.5,24.0000056429679
"1472",132,0.000420503594341083,28.5,16.5,60.0000070083932
"1473",136,0.000310277206647117,70,40,26.0000051712868
"1474",81,0.191750800864558,29.5,16.5,28.0031958466811
"1475",38,0.109256375783069,34,20,34.0018209395964
"1476",40,0,37.5,20.5,26
"1477",39,0.00776113053715876,31,18,42.0001293521756
"1478",41,0.00776113053715876,50.5,29.5,26.0001293521756
"1479",44,0.00191263207937692,32,19,16.0000318772013
"1480",43,0.000906001986826129,19,11,52.0000151000331
"1481",45,0.000906001986826129,60.5,34.5,16.0000151000331
"1482",47,0,20,12,20
"1483",50,0.00258867005688082,20.5,10.5,14.0000431445009
"1484",53,0.00149388584283334,15,8,16.0000248980974
"1485",52,0.0015427257719158,16,8,34.0000257120962
"1486",51,0.00149388584283334,41.5,24.5,30.0000248980974
"1487",54,0.0015427257719158,33,18,16.0000257120962
"1488",56,0,19,11,20
"1489",58,0,22,12,18
"1490",57,0.00395526368303511,21.5,12.5,42.0000659210614
"1491",55,0.00100638764579234,51,30,32.0000167731274
"1492",59,0.00470646782699174,35.5,19.5,20.0000784411305
"1493",63,0.00661043230444471,20,10,42.0001101738717
"1494",65,0,48,27,8
"1495",35,0.0781082979067373,9.5,5.5,50.0013018049651
"1496",66,0.0781082979067373,60,35,48.0013018049651
"1497",70,0.00213844662925548,56,32,18.0000356407772
"1498",75,0,18,9,46
"1499",119,0.181026997147964,56,33,12.0030171166191
"1500",115,0.0175765103398628,14.5,8.5,34.000292941839
"1501",113,0.00712950499708568,39,22,28.0001188250833
"1502",116,0.00774659249840963,31.5,17.5,44.000129109875
"1503",97,0.212692704995922,53.5,31.5,10.0035448784166
"1504",99,0,10,5,40
"1505",101,0,47,27,18
"1506",103,0,21.5,12.5,20
"1507",105,0,21.5,11.5,46
"1508",107,0,53.5,30.5,20
"1509",109,0,22.5,12.5,36
"1510",112,0.000160594464016386,41.5,23.5,46.0000026765744
"1511",114,0.00113583203847294,53,30,20.000018930534
"1512",64,0.169742408548911,20.5,10.5,36.0028290401425
"1513",62,0.00103969693650378,40.5,22.5,10.0000173282823
"1514",61,0.000525061966312265,12,7,36.0000087510328
"1515",60,0.0069059992574797,41,23,36.0001150999876
"1516",87,0.265553937907996,41,23,18.0044258989651
"1517",144,0.153682012796891,22.5,13.5,14.0025613668799
"1518",128,0.156294942676191,17.5,10.5,54.0026049157113
"1519",84,0.084085446961584,63.5,36.5,28.001401424116
"1520",83,0.0530682562874571,30,16,46.0008844709381
"1521",122,0.0826342834391424,54,31,32.0013772380573
"1522",134,0.0422047475235969,36,20,46.0007034124587
"1523",100,0.153707090535802,55.5,32.5,52.0025617848423
"1524",98,5.79358490061891e-05,60,34,20.0000009655975
"1525",106,0.000282252212099075,23,13,28.0000047042035
"1526",108,5.793585268768e-05,34.5,20.5,18.0000009655975
"1527",104,0.000459625110829416,19,10,24.0000076604185
"1528",102,0.00155672897069126,28,16,48.0000259454828
"1529",111,0.000626914639707805,55.5,31.5,40.0000104485773
"1530",110,0.000160594464016386,48.5,28.5,26.0000026765744
"1531",91,0.0147856862496051,32.5,19.5,42.0002464281042
"1532",222,0.399110858461207,50,29,36.006651847641
"1533",219,0.00582012088029982,42.5,24.5,32.0000970020147
"1534",221,0.00124380643081342,38,22,14.0000207301072
"1535",225,0.0206059068293187,17,10,20.0003434317805
"1536",137,0.365445879939376,22,12,52.0060907646657
"1537",67,0.317432285401584,61,35,10.00529053809
"1538",69,0,11,6,54
"1539",68,0,63,36,36
"1540",74,0.00232997397946304,40,22,20.0000388328997
"1541",73,0,23.5,13.5,8
"1542",72,0,8.5,4.5,12
"1543",71,0,12,6,46
"1544",226,0.579484720897671,55.5,32.5,0.00965807868162785
"1545",229,0.0152006891321274,0,0,32.0002533448189
"1546",232,0.000353148291308587,37.5,21.5,32.0000058858049
"1547",235,0.000642485464712831,39.5,23.5,28.0000107080911
"1548",227,0.0159113029148086,34,20,14.0002651883819
"1549",224,0.0339463525948429,16,9,14.0005657725432
"1550",423,0.228803444109291,16,9,54.0038133907352
"1551",346,0.0671732299901718,62.5,35.5,42.0011195538332
"1552",424,0.0734674967034983,50,29,18.0012244582784
"1553",396,0.0216034439521992,19.5,10.5,42.0003600573992
"1554",398,0.00288024967456149,51,30,46.0000480041612
"1555",402,0.0010418989060367,55,32,22.0000173649818
"1556",405,0.00183859072209905,24.5,13.5,20.0000306431787
"1557",403,0.00332525029550061,24,14,8.00005542083826
"1558",400,0.00714005684507327,8.5,4.5,18.0001190009474
"1559",399,0.00867630455777223,22.5,13.5,18.000144605076
"1560",404,0.00714005684507327,21,12,46.0001190009474
"1561",406,0.00148680590620621,53,30,16.0000247800984
"1562",411,0.000642642053773266,18,10,32.0000107107009
"1563",414,0.00156641707447776,36.5,20.5,6.00002610695124
"1564",394,0.0116549405772127,6,3,32.0001942490096
"1565",389,0.00998052659263705,38.5,22.5,10.0001663421099
"1566",392,0.000481982045866034,11,6,34.0000080330341
"1567",391,0.000883913749254506,37.5,20.5,46.0000147318958
"1568",387,0.00140579749193744,55.5,32.5,18.0000234299582
"1569",382,0.0045523564825438,21,12,34.000075872608
"1570",379,0.00222230880840105,39.5,22.5,42.0000370384801
"1571",362,0.0343481857999065,48.5,27.5,32.0005724697633
"1572",364,0.0030044992061928,37.5,21.5,4.00005007498677
"1573",442,0.0732249269714349,4.5,2.5,46.0012204154495
"1574",444,0,53,30,36
"1575",443,0.0153247967597835,42.5,24.5,14.0002554132793
"1576",445,0.0153247967597835,15,8,36.0002554132793
"1577",447,0,42,24,40
"1578",449,0.00232144388341341,47.5,27.5,20.0000386907314
"1579",452,0,24,14,52
"1580",451,0.00118365500486615,61,35,46.0000197275834
"1581",450,0,56,33,12
"1582",453,0.00118365500486615,15,9,24.0000197275834
"1583",456,0,26.5,14.5,54
"1584",462,0.000376181959507768,64,37,28.0000062696993
"1585",464,0,30.5,16.5,8
"1586",466,0.000935574359680757,8.5,4.5,26.000015592906
"1587",465,0.00292801506007108,29,16,24.000048800251
"1588",461,0.00191239889513661,29.5,17.5,30.0000318733149
"1589",457,0.000376181959507768,37,22,28.0000062696993
"1590",459,0,30.5,16.5,26
"1591",458,0.000125393991804576,32.5,19.5,24.0000020898999
"1592",460,0.000125393991804576,27.5,15.5,44.0000020898999
"1593",467,0.00391934680321694,53.5,31.5,14.0000653224467
"1594",469,0,17,10,42
"1595",472,0.00140515930031191,47.5,26.5,26.0000234193217
"1596",474,0,32,19,20
"1597",478,0,25,15,14
"1598",477,0.00100243091913541,15,8,30.000016707182
"1599",476,0,33,18,20
"1600",475,0,22.5,12.5,40
"1601",479,0.00100243091913541,49.5,29.5,30.000016707182
"1602",471,0.00585035193200134,36,21,44.0000975058655
"1603",470,0.00140515930031191,53.5,31.5,20.0000234193217
"1604",481,0.00533031529124698,20.5,10.5,32.0000888385882
"1605",490,0.00418581818858152,38,22,42.0000697636365
"1606",486,0.00155749496676567,50,29,10.0000259582494
"1607",489,0,11.5,6.5,18
"1608",488,0,22.5,13.5,46
"1609",487,0,53.5,30.5,32
"1610",482,0.00418581818858152,39.5,23.5,20.0000697636365
"1611",496,0.0185185452077948,21.5,11.5,18.0003086424201
"1612",483,0.0179188544928585,18,9,26.0002986475749
"1613",395,0.208980698567919,31,18,26.0034830116428
"1614",397,0.00857456469150067,30.5,17.5,18.0001429094115
"1615",401,0.00881667800471949,21,12,6.00014694463341
"1616",425,0.0379840053913199,6.5,3.5,34.0006330667565
"1617",427,0,37.5,20.5,22
"1618",429,0,22.5,11.5,26
"1619",428,0.000125400959373856,28.5,15.5,38.000002090016
"1620",430,0.000125400959373856,43,24,10.000002090016
"1621",435,0.00162329842431193,12.5,7.5,26.0000270549737
"1622",437,0,28.5,15.5,32
"1623",440,0,40,24,42
"1624",436,0.00104189085935333,48.5,27.5,32.0000173648477
"1625",441,0.00104189085935333,38,22,48.0000173648477
"1626",434,0.0546282192738357,57.5,33.5,14.0009104703212
"1627",439,0.00138829318706876,15.5,8.5,34.0000231382198
"1628",438,0,42.5,25.5,26
"1629",433,0.00273651249086523,31.5,18.5,16.0000456085415
"1630",432,0.000347849533416895,16,8,42.0000057974922
"1631",431,0.00181739461827699,50,29,14.0000302899103
"1632",426,0.00286029027123511,17,10,26.0000476715045
"1633",370,0.0775880590378179,32,19,26.0012931343173
"1634",369,0,29,16,42
"1635",367,0.00614462552074756,48.5,27.5,30.0001024104253
"1636",372,0.0138721875670676,34.5,19.5,14.0002312031261
"1637",365,0.120440373182731,16.5,9.5,46.002007339553
"1638",363,0.00233137619934404,55,32,54.00003885627
"1639",380,0.0402019299814569,63.5,36.5,22.0006700321664
"1640",418,0.0219018133267624,27.5,16.5,34.0003650302221
"1641",358,0.232169599858199,40.5,23.5,30.003869493331
"1642",355,0.00345295674091593,36,21,26.000057549279
"1643",357,0,28,15,40
"1644",356,0,45,25,42
"1645",350,0.0185374036026948,51,30,18.0003089567267
"1646",349,0.00361649510642795,22.5,13.5,28.0000602749184
"1647",353,0.00360706344178617,32.5,18.5,20.000060117724
"1648",215,0.411711889847811,25,15,38.0068618648308
"1649",217,0.0022238985331966,45,26,32.0000370649756
"1650",220,0.0592847575000867,37.5,21.5,20.0009880792917
"1651",218,0.0584846353101013,20,10,52.0009747439218
"1652",223,0.00582012088029982,62,36,46.0000970020147
"1653",253,0.408103928248146,53.5,30.5,16.0068017321375
"1654",252,0,16,8,56
"1655",251,0,65.5,37.5,24
"1656",250,0,29.5,17.5,42
"1657",249,0,50,29,40
"1658",248,0.00223067849150627,49,29,54.0000371779749
"1659",573,0.319075151995405,62.5,35.5,24.0053179191999
"1660",571,0.0216590956050713,28,16,20.0003609849268
"1661",564,0.00258174477738049,20.5,10.5,54.0000430290796
"1662",567,0,62.5,35.5,34
"1663",569,0.000222389851339155,39.5,22.5,26.0000037064975
"1664",566,0.00278918267460877,31.5,18.5,50.0000464863779
"1665",565,0,60,35,52
"1666",570,0.00278918267460877,62,36,38.0000464863779
"1667",580,0.0625670750014042,43.5,24.5,44.0010427845834
"1668",577,0.00569649079677797,54,32,26.0000949415133
"1669",575,0.00369026539342796,30,17,48.0000615044232
"1670",609,0.376740734790449,55.5,31.5,4.00627901224651
"1671",608,0,4,2,40
"1672",607,0,48,28,12
"1673",877,0.752312385334161,14,8,48.0125385397556
"1674",732,0.315191301262547,56.5,32.5,44.0052531883544
"1675",734,0.00122862663721279,51.5,29.5,10.0000204771106
"1676",733,0.00733949281217134,10,5,24.0001223248802
"1677",735,0.00833052037904619,25,13,14.0001388420063
"1678",813,0.292454990633261,17.5,10.5,8.00487424984389
"1679",749,0.451126786698191,9.5,5.5,30.0075187797783
"1680",721,0.272161263321137,33,18,42.0045360210554
"1681",728,0,47.5,26.5,20
"1682",727,0.0120270651316929,22.5,12.5,10.0002004510855
"1683",726,0,11.5,6.5,14
"1684",725,0,15,8,14
"1685",724,0,15,8,26
"1686",723,0,27.5,14.5,48
"1687",722,0,55.5,31.5,12
"1688",747,0.0734611145838817,13.5,7.5,38.0012243519097
"1689",779,0.15485351954326,43,24,40.0025808919924
"1690",786,0.167126059818102,50,30,32.0027854343303
"1691",799,0.0336888775959125,38,22,34.0005614812933
"1692",803,0.00165883508531059,39.5,22.5,28.0000276472514
"1693",788,0.0295251229350122,32.5,18.5,10.0004920853823
"1694",791,0.0622248252411772,10,5,16.0010370804207
"1695",782,0.0789645191876493,17.5,9.5,40.0013160753198
"1696",879,0.2147526629265,47.5,27.5,4.00357921104878
"1697",780,0.205916675784334,5,3,50.0034319445964
"1698",568,0.391184102818596,57.5,32.5,36.006519735047
"1699",562,0.0003653452338115,43,25,24.0000060890872
"1700",561,0.000786952644308615,25.5,13.5,16.0000131158774
"1701",244,0.429329942850675,16.5,8.5,22.0071554990475
"1702",242,0.00255059752478256,27.5,16.5,16.0000425099587
"1703",240,0.00584260530696297,19.5,11.5,30.0000973767551
"1704",239,0,33,18,24
"1705",238,0,27,15,44
"1706",298,0.192903678171845,54,32,40.0032150613029
"1707",498,0.237275440247766,48,28,44.0039545906708
"1708",500,0.190448725707126,51.5,29.5,14.0031741454285
"1709",502,0,14,7,20
"1710",501,0,20.5,10.5,22
"1711",528,0.00315826252611593,23,12,52.0000526377088
"1712",508,0.00689875974137384,61.5,35.5,6.00011497932902
"1713",506,0.00544855140732192,6,3,50.0000908091901
"1714",558,0.04397923676587,60,35,26.0007329872794
"1715",468,0.0871349256414463,29,16,46.0014522487607
"1716",351,0.410938774695309,55.5,32.5,38.0068489795783
"1717",316,0.0755877389722661,46,27,24.0012597956495
"1718",314,0.000752347806016549,28,16,32.0000125391301
"1719",312,0.000481861842601757,36.5,20.5,40.0000080310307
"1720",310,0.000115908029432774,47.5,27.5,34.0000019318005
"1721",308,5.79540145320613e-05,38.5,21.5,22.0000009659002
"1722",304,0.00020637907629646,24.5,13.5,42.0000034396513
"1723",302,0.000514210085196911,48,27,26.0000085701681
"1724",300,0.00073014071818052,30.5,17.5,38.000012169012
"1725",306,0.00139093597140779,42.5,23.5,22.0000231822662
"1726",216,0.121763659889692,27,16,34.0020293943315
"1727",148,0.242842528779363,42.5,25.5,22.0040473754797
"1728",146,0.035851501140792,26,15,40.000597525019
"1729",156,0.010896163678478,49.5,29.5,44.000181602728
"1730",160,0.00278447018843828,51.5,29.5,50.0000464078365
"1731",163,0.000889559413844498,60,35,12.0000148259902
"1732",162,0,14.5,8.5,22
"1733",154,0.00146111846347952,23.5,12.5,8.00002435197439
"1734",152,0.0019083612715102,8.5,4.5,50.0000318060212
"1735",150,0.00429045552066075,58.5,33.5,16.000071507592
"1736",158,0.00559623779899613,20,12,30.00009327063
"1737",165,0.00702370389697529,36.5,21.5,16.0001170617316
"1738",179,0.105890502032823,19.5,11.5,26.0017648417005
"1739",190,0,31.5,18.5,46
"1740",177,0.137968288298054,53,30,38.0022994714716
"1741",169,0.141798492296952,46,27,32.0023633082049
"1742",168,0.00522648293166833,35,19,26.0000871080489
"1743",178,0.141798492296952,32.5,19.5,22.0023633082049
"1744",49,0.392173236713685,23,12,32.0065362206119
"1745",48,0.00258867005688082,38.5,22.5,24.0000431445009
"1746",46,0.00691807247250362,25,13,36.0001153012079
"1747",42,0.0035001606455636,41.5,23.5,14.0000583360108
"1748",30,0.161475381637779,14.5,7.5,26.0026912563606
"1749",22,0.190432491903024,30,17,40.003173874865
"1750",17,0.247729614359483,50,30,38.004128826906
"1751",19,0.00408569218024753,43.5,24.5,48.0000680948697
"1752",21,0.00492030482843834,57.5,33.5,44.0000820050805
"1753",20,0.00215595820325361,53.5,31.5,44.0000359326367
"1754",18,0.0064765142577631,50.5,28.5,40.0001079419043
"1755",12,0.760022754207761,45.5,25.5,20.0126670459035
"1756",11,0,22.5,12.5,48
"1757",10,0,58,34,24
"1758",9,0,26,14,52
"1759",4,0.121527211628076,60,34,16.0020254535271
"1760",176,0.988435988865206,19.5,11.5,28.0164739331478
"1761",175,0,33.5,19.5,46
"1762",174,0,54.5,31.5,38
"1763",173,0,42.5,23.5,40
"1764",172,0,48.5,28.5,30
"1765",205,0.511148622821859,36,21,30.0085191437137
"1766",207,0,33.5,18.5,40
"1767",209,0,49,29,30
"1768",211,0,33,18,12
"1769",213,0,13,7,22
"1770",212,0.00378062750671715,24.5,13.5,32.0000630104584
"1771",214,0.00378062750671715,40,24,6.00006301045845
"1772",210,0.0101221148118448,6,3,34.0001687019135
"1773",208,0.0030954440888292,38.5,21.5,16.0000515907348
"1774",206,0.00265177478321493,17,9,36.0000441962464
"1775",189,0.754531205208582,42,24,8.01257552008681
"1776",188,0,9.5,5.5,20
"1777",187,0,22,12,32
"1778",186,0,39.5,23.5,26
"1779",185,0,27.5,14.5,14
"1780",184,0,16.5,9.5,10
"1781",183,0,12,7,32
"1782",182,0,35,19,20
"1783",181,0,22,12,30
"1784",180,0,33,18,20
"1785",171,0.33706390002484,20,10,20.0056177316671
"1786",455,0.881633051265034,23.5,13.5,36.0146938841877
"1787",454,0,41,23,50
"1788",463,0.00590045028990829,57.5,32.5,28.0000983408382
"1789",480,0.00597324294839745,32,18,36.0000995540491
"1790",473,0.00709671190161217,41.5,23.5,20.0001182785317
"1791",448,0.00903654911555571,25,15,34.0001506091519
"1792",446,0.0115212276045209,42,25,54.0001920204601
"1793",887,1.01198427255957,62.5,35.5,18.0168664045427
"1794",890,0.0296765064745913,18,9,36.0004946084412
"1795",889,0,44,26,32
"1796",903,0.00100744664594631,37.5,21.5,22.0000167907774
"1797",902,0,27.5,16.5,32
"1798",901,0,37,21,26
"1799",900,0,29.5,16.5,22
"1800",899,0,25,14,18
"1801",898,0,20.5,11.5,58
"1802",897,0,68,39,46
"1803",896,0,53.5,30.5,14
"1804",895,0,16,9,52
"1805",894,0,61.5,35.5,46
"1806",893,0,54,31,54
"1807",892,0,63.5,36.5,36
"1808",866,0.0859517483715027,40.5,22.5,50.0014325291395
"1809",1571,0.697356391214695,60,35,18.0116226065202
"1810",1578,0.0115559863977845,22.5,13.5,20.0001925997733
"1811",1586,0.00794505484167042,22,12,48.0001324175807
"1812",1573,0.116001146425755,57,33,48.0019333524404
"1813",1560,0.332732954004268,58,34,46.0055455492334
"1814",1620,0.167585994641197,53.5,30.5,40.0027930999107
"1815",1619,0,46,26,54
"1816",1618,0,63.5,36.5,30
"1817",1617,0,35.5,20.5,36
"1818",1616,0,44.5,26.5,24
"1819",1615,0,25,13,32
"1820",1776,0.684459706613119,35.5,19.5,34.0114076617769
"1821",1783,0.00113494426524107,39.5,22.5,32.0000189157378
"1822",1782,0,38.5,22.5,34
"1823",1781,0,38.5,21.5,24
"1824",1780,0,29,17,38
"1825",1777,0.00113494426524107,43,24,38.0000189157378
"1826",1788,0.00300307474574841,45.5,26.5,2.00005005124576
"1827",1778,0.00300307474574841,2.5,1.5,10.0000500512458
"1828",1774,0.00393456045127214,10,5,38.0000655760075
"1829",1840,0.46592321807701,43,24,38.0077653869679
"1830",1775,0.465328909373983,45,26,26.0077554818229
"1831",1809,0.942586686927049,30,17,0.0157097781154508
"1832",1800,0.00552998596449072,0,0,44.0000921664327
"1833",1740,0.328612261657193,50,28,36.0054768710276
"1834",1748,0.0227469615679237,43.5,25.5,32.0003791160261
"1835",1863,0.73504770798348,35,19,24.0122507951331
"1836",1869,0.00917703637569444,28.5,16.5,30.0001529506063
"1837",1871,0.00460709004224648,37.5,22.5,4.00007678483404
"1838",1878,0.00339678900894499,4.5,2.5,20.0000566131502
"1839",1897,0.0240708745424083,22.5,12.5,34.0004011812424
"1840",1899,0.00154490097361221,39.5,22.5,44.0000257483496
"1841",1901,0,50,28,0
"1842",1900,0,0,0,24
"1843",1896,0.0128865890093179,25.5,13.5,38.0002147764835
"1844",1879,0.0240708745424083,44,25,32.0004011812424
"1845",1889,0.0146901763714077,38,22,48.0002448362729
"1846",1892,0.00208867263695541,55.5,31.5,32.0000348112106
"1847",1890,0.00400076929871247,38.5,22.5,28.0000666794883
"1848",1894,0.00853820431353387,32.5,18.5,30.0001423034052
"1849",1903,0.0129675610521862,34.5,19.5,38.0002161260175
"1850",1906,0.000677186789454382,44,25,22.0000112864465
"1851",1926,0.0103218390749302,22.5,11.5,30.0001720306512
"1852",1928,0.00253073775308863,37,22,34.0000421789626
"1853",1930,0.000310693329795054,40.5,23.5,46.0000051782222
"1854",1929,0.00144586990394698,54,31,36.0000240978317
"1855",1931,0.00128575890683167,43.5,25.5,16.0000214293151
"1856",1927,0.00529978113166619,20,12,32.0000883296855
"1857",1932,0.00609092585122201,39.5,23.5,20.0001015154309
"1858",1891,0.0420222907202794,21,11,22.000700371512
"1859",1893,0.00504431230798216,23,12,32.0000840718718
"1860",1884,0.0313189770118461,38.5,22.5,44.0005219829502
"1861",1887,0,50.5,28.5,36
"1862",1886,0.00334038606715957,40,22,38.0000556731011
"1863",1885,0,47,28,16
"1864",1888,0.00334038606715957,20,12,34.0000556731011
"1865",1933,0.0416511943154852,38.5,21.5,26.0006941865719
"1866",1916,0.0190703799369803,32.5,19.5,26.0003178396656
"1867",1914,0.00184291298437183,31,18,54.0000307152164
"1868",1934,0.0607035109800815,63.5,36.5,32.001011725183
"1869",1913,0.110192566088471,35.5,19.5,40.0018365427681
"1870",1909,0.00313983749323443,48,28,10.0000523306249
"1871",1912,0.000282410748238477,11.5,6.5,28.0000047068458
"1872",1898,0.00647807631084756,34.5,20.5,26.0001079679385
"1873",1943,0.0716619395138606,28.5,15.5,10.0011943656586
"1874",1945,0.00725272914685041,12,7,20.0001208788191
"1875",1947,0,20,10,10
"1876",1949,0.00323767498258504,10,5,38.0000539612497
"1877",1951,0.000954484326815366,47.5,28.5,30.0000159080721
"1878",1946,0.0253253703090431,37.5,22.5,24.0004220895052
"1879",1952,0.0253253703090431,27.5,15.5,40.0004220895052
"1880",1954,0,50,30,46
"1881",1956,0.00338887545003124,53,30,28.0000564812575
"1882",1950,0.154019399474714,30.5,16.5,30.0025669899912
"1883",1957,0.153703408761804,37.5,22.5,26.0025617234794
"1884",1976,0,30,17,48
"1885",1979,0,58,34,32
"1886",1955,0.0994454650668246,40,24,26.0016574244178
"1887",1953,0.0120867197053355,28,15,26.0002014453284
"1888",1948,0.0579983671310797,30,17,14.0009666394522
"1889",1944,0.0240222569208183,14,7,38.0004003709487
"1890",1975,0.128450196539652,42.5,23.5,24.002140836609
"1891",1974,0,27.5,15.5,50
"1892",1973,0,59,34,44
"1893",1972,0,50.5,28.5,12
"1894",1971,0,14.5,8.5,32
"1895",1970,0,38.5,22.5,40
"1896",1969,0,48.5,28.5,42
"1897",1968,0,50,29,32
"1898",1967,0,36.5,20.5,46
"1899",1966,0,53.5,30.5,38
"1900",1965,0,47,28,24
"1901",1964,0,29.5,17.5,32
"1902",1963,0,38,22,36
"1903",1962,0,40,22,24
"1904",1961,0,25.5,13.5,36
"1905",1960,0,41.5,23.5,20
"1906",1959,0,22,12,22
"1907",1958,0,23.5,12.5,36
"1908",1978,0.0673526952857877,40,22,40.0011225449214
"1909",1977,0,45,25,30
"1910",1980,0.165292945679907,33,18,48.002754882428
"1911",1908,0.950533657970491,56,32,38.0158422276328
"1912",1877,0.0329681095050107,42.5,23.5,30.0005494684917
"1913",1872,0.00339678900894499,33.5,18.5,36.0000566131502
"1914",1870,0.00632764750399026,40,22,10.0001054607917
"1915",1860,0.0590779179792182,10,5,4.00098463196632
"1916",1735,0.353675297068493,4,2,38.0058945882845
"1917",1741,0.0265198823227685,46,27,52.0004419980387
"1918",1736,0.00874544868653401,60.5,34.5,20.0001457574781
"1919",1770,0.137460023254902,21,11,22.0022910003876
"1920",1769,0,25,14,22
"1921",1768,0,23.5,12.5,18
"1922",1786,0.00474738926501881,18.5,9.5,54.0000791231544
"1923",1785,0,62.5,35.5,14
"1924",1766,0.00951296885837055,16,9,22.000158549481
"1925",1733,0.184786152294735,22.5,11.5,50.0030797692049
"1926",1833,0.33868310167433,59.5,34.5,34.0056447183612
"1927",1835,0.0219164602464308,39,22,38.0003652743374
"1928",1935,0.193089579482917,44,25,28.003218159658
"1929",1937,0.000706387100914341,31.5,17.5,38.0000117731183
"1930",1936,0.0013436541579259,47,28,20.000022394236
"1931",1939,0.000762456543714603,23,13,42.0000127076091
"1932",1941,0.00208257121781621,49.5,28.5,38.0000347095203
"1933",1940,0.00606487646507784,47.5,28.5,48.0001010812744
"1934",1942,0.00410261336694071,57,33,44.0000683768895
"1935",1844,0.170032028530439,52,30,18.0028338671422
"1936",1846,0.0172376549675692,18.5,9.5,4.00028729424946
"1937",1848,0.00558912247016485,5,3,14.0000931520412
"1938",1856,0.0259055260391262,14,7,14.0004317587673
"1939",1858,0.00139730848718114,16.5,9.5,42.0000232884748
"1940",1857,0.00162841628365843,49.5,28.5,30.0000271402714
"1941",1859,0.00100338183873061,33,18,16.0000167230306
"1942",1845,0.0815811599991071,16.5,8.5,38.001359686
"1943",1853,0.0126369681949027,45.5,26.5,28.0002106161366
"1944",1852,0.012120385875582,33.5,19.5,34.0002020064313
"1945",1847,0.0123850044512549,40.5,23.5,42.0002064167409
"1946",1850,0.00438331452737924,49,28,52.0000730552421
"1947",1849,0.0365838670042187,61,35,34.0006097311167
"1948",1851,0.000459667665385742,39.5,22.5,20.0000076611278
"1949",1938,0.249692129650233,24.5,14.5,20.0041615354942
"1950",1843,0.168585121420195,24,14,22.0028097520237
"1951",1701,1.22765270615324,24.5,13.5,20.0204608784359
"1952",1539,0.371915589003721,21,11,24.0061985931501
"1953",1538,0.00287787007535782,30,18,38.0000479645013
"1954",1345,0.207562308964004,42.5,23.5,28.0034593718161
"1955",1344,0.00206626834091906,31,17,18.0000344378057
"1956",1342,0.0249320782853973,22.5,13.5,54.0004155346381
"1957",1276,0.240820212862909,63,36,16.0040136702144
"1958",1527,0.514905153855761,16.5,8.5,50.0085817525643
"1959",935,1.10330087808817,58,33,30.0183883479681
"1960",934,0,36,21,48
"1961",933,0,55.5,31.5,46
"1962",932,0,53,30,20
"1963",931,0,21,11,30
"1964",930,0,37.5,22.5,46
"1965",929,0,53.5,30.5,22
"1966",928,0,27,16,24
"1967",927,0,26.5,14.5,18
"1968",926,0,20.5,11.5,22
"1969",997,0.174255273748728,25.5,14.5,22.0029042545625
"1970",1001,0,24.5,13.5,8
"1971",1000,0,9,5,16
"1972",999,0,20,12,14
"1973",998,0,15,8,38
"1974",1004,0.000338586241422377,46.5,27.5,34.000005643104
"1975",1006,0.00144669641188652,39,22,54.0000241116069
"1976",1003,0.000250807859530256,62.5,35.5,8.00000418013099
"1977",1007,0.00166893138672949,10,6,24.0000278155231
"1978",814,2.75875540146828,29.5,17.5,38.0459792566911
"1979",1981,2.81199377136042,44.5,25.5,16.046866562856
"1980",1991,0,18,10,32
"1981",2013,0,37.5,21.5,24
"1982",2032,0.0101042003722219,29,17,28.0001684033395
"1983",2077,0.0558864461063612,34,20,30.0009314407684
"1984",2097,0.00035297894590591,36,21,24.0000058829824
"1985",2105,0,27.5,15.5,8
"1986",2109,0,8.5,4.5,20
"1987",2114,0,20,10,36
"1988",2118,0.00012527227889159,40,22,36.0000020878713
"1989",2113,0.000567823169373649,44,26,52.0000094637195
"1990",2112,0,60.5,34.5,18
"1991",2111,0,20.5,11.5,26
"1992",2110,0,32,19,30
"1993",2119,0.000567823169373649,36,21,12.0000094637195
"1994",2121,0.00134127037652751,12,6,46.0000223545063
"1995",2123,0,56,33,30
"1996",2132,0.000250524126590163,32.5,17.5,28.0000041754021
"1997",2135,0.000477247881807816,33,19,34.0000079541314
"1998",2134,5.76739474763856e-05,41.5,24.5,38.0000009612325
"1999",2136,5.76739474763856e-05,42.5,23.5,28.0000009612325
"2000",2138,0.000352971675061202,33.5,19.5,4.00000588286125
"2001",2140,0.000229749423062666,5,3,30.0000038291571
"2002",2144,0.000111194927084224,35,20,40.0000018532488
"2003",2146,0.000205699483819462,49,29,40.0000034283247
"2004",2151,0.00046147930325199,48.5,28.5,48.0000076913217
"2005",2149,5.76849525883216e-05,57.5,33.5,48.0000009614159
"2006",2154,0.000845368186800124,58,34,20.0000140894698
"2007",2156,0.000801163913297552,21,11,18.0000133527319
"2008",2177,0.00155640748911373,22,13,48.0000259401248
"2009",2176,0,57,33,58
"2010",2175,0,67.5,38.5,24
"2011",2174,0,27,15,18
"2012",2173,0,20.5,11.5,50
"2013",2172,0,59,34,22
"2014",2171,0,24.5,13.5,18
"2015",2170,0,21,12,44
"2016",2169,0,52,30,38
"2017",2168,0,46,27,44
"2018",2167,0,53.5,31.5,38
"2019",2166,0,47.5,28.5,26
"2020",2165,0,27.5,14.5,50
"2021",2164,0,58.5,33.5,30
"2022",2163,0,35,20,22
"2023",2162,0,26.5,15.5,14
"2024",2161,0,15,8,38
"2025",2160,0,46.5,27.5,30
"2026",2159,0,35,20,52
"2027",2158,0,62,36,40
"2028",2157,0.00155640748911373,46,26,20.0000259401248
"2029",2067,0.42709903811043,23,13,16.0071183173018
"2030",2069,0.000338537499373271,18.5,10.5,16.0000056422917
"2031",2073,0,20,12,36
"2032",2076,0,44.5,26.5,16
"2033",2075,0,18,10,28
"2034",2074,0,33,19,38
"2035",2072,0.00197267033500555,45,26,26.0000328778389
"2036",2071,0,28,15,30
"2037",2070,0,36,21,22
"2038",2120,0.00220489162360712,24,13,24.0000367481937
"2039",2122,0.00360945418655446,28.5,16.5,24.0000601575698
"2040",2116,0.00520573304323466,27,15,50.0000867622174
"2041",2115,0.00012527227889159,57.5,32.5,16.0000020878713
"2042",2092,0.000309168543264134,19,11,16.0000051528091
"2043",2096,0,18,10,46
"2044",2095,0,55.5,32.5,40
"2045",2094,0,48,28,28
"2046",2093,0,33,19,38
"2047",2104,0.000125272281183857,43,24,40.0000020878714
"2048",2103,0,46.5,26.5,40
"2049",2102,0,45,25,32
"2050",2101,0,36.5,20.5,40
"2051",2100,0,49.5,29.5,22
"2052",2099,0,23.5,12.5,18
"2053",2098,0,22,13,26
"2054",2108,0.000125272280250736,28.5,15.5,38.0000020878713
"2055",2107,0,45,26,44
"2056",2106,0,50.5,28.5,10
"2057",2117,0.000250544558378238,11,6,10.0000041757426
"2058",2078,0.000851873962325342,12.5,7.5,50.0000141978994
"2059",2091,0,59,34,40
"2060",2090,0,50,30,10
"2061",2089,0,11.5,6.5,38
"2062",2088,0,46.5,27.5,40
"2063",2087,0,45,25,22
"2064",2086,0,26.5,15.5,36
"2065",2085,0,45,27,18
"2066",2084,0,19.5,10.5,56
"2067",2083,0,65.5,37.5,46
"2068",2082,0,53.5,30.5,38
"2069",2081,0,43,24,36
"2070",2080,0,44,26,56
"2071",2079,0,65.5,37.5,44
"2072",2068,0.00237116309234105,50,28,24.0000395193849
"2073",2057,0.00221811103933596,28.5,16.5,18.0000369685173
"2074",2060,0,22.5,13.5,58
"2075",2063,0,67.5,38.5,14
"2076",2065,0,17.5,10.5,12
"2077",2064,0.000722601197212354,13,7,8.00001204335329
"2078",2066,0.000722601197212354,9.5,5.5,20.0000120433533
"2079",2059,0.00100572727527882,20,10,30.0000167621213
"2080",2058,0,35,20,16
"2081",2056,0.000375816742134697,19.5,11.5,22.0000062636124
"2082",2053,0.000811857484075596,27.5,16.5,8.00001353095807
"2083",2055,0,9.5,5.5,12
"2084",2054,0,14.5,8.5,32
"2085",2062,0.000405635310635747,35,19,18.0000067605885
"2086",2061,0,22,13,16
"2087",2047,0.00118503037895495,16.5,8.5,22.0000197505063
"2088",2052,0,25,14,16
"2089",2051,0,17.5,9.5,4
"2090",2050,0,4,2,56
"2091",2049,0,66,38,28
"2092",2048,0,30,16,26
"2093",2046,0.0006171824815292,31.5,18.5,12.0000102863747
"2094",2039,0.00189118932492818,13.5,7.5,12.0000315198221
"2095",2041,0,14.5,8.5,24
"2096",2044,0.000459504426518751,26.5,14.5,18.0000076584071
"2097",2043,0.000230784141806922,18,9,20.0000038464024
"2098",2045,0.000230784141806922,21.5,11.5,52.0000038464024
"2099",2042,0.000563619526330924,61,35,36.0000093936588
"2100",2040,0.00113564628263364,45,27,42.000018927438
"2101",2038,0.00298677864367899,51,30,18.0000497796441
"2102",2037,0,21.5,12.5,32
"2103",2036,0.00957902316351952,35.5,19.5,18.0001596503861
"2104",2035,0.00957902316351952,19,10,32.0001596503861
"2105",2034,0,37.5,21.5,40
"2106",2033,0.0726847418859248,45,25,24.0012114123648
"2107",2012,0.311106707844556,29.5,17.5,18.0051851117974
"2108",2011,0,21,12,58
"2109",2010,0,68,39,24
"2110",2009,0,30,18,14
"2111",2008,0,16,9,34
"2112",2007,0,42.5,25.5,30
"2113",2006,0,32.5,17.5,42
"2114",2005,0,51.5,30.5,6
"2115",2004,0,7.5,4.5,8
"2116",2003,0,9.5,5.5,20
"2117",2002,0,25,15,38
"2118",2001,0,47,28,6
"2119",2000,0,6.5,3.5,30
"2120",1999,0,34,19,28
"2121",1998,0,32,18,20
"2122",1997,0,22.5,12.5,12
"2123",1996,0,13.5,7.5,24
"2124",1995,0,28.5,16.5,38
"2125",1994,0,45,26,12
"2126",1993,0,12.5,6.5,42
"2127",1992,0,48.5,27.5,28
"2128",2155,0.554799619468715,33,19,36.0092466603245
"2129",2150,0.00154558439269502,41.5,23.5,10.0000257597399
"2130",2147,0.00046147930325199,12.5,7.5,44.0000076913217
"2131",2153,0.00036420599308844,54,32,38.0000060700999
"2132",2152,0.00248943576667772,47,28,42.0000414905961
"2133",2148,0.00036420599308844,50,29,32.0000060700999
"2134",2145,0.00130980868072116,39.5,23.5,16.0000218301447
"2135",2141,0.000480698090230446,19.5,11.5,38.0000080116348
"2136",2143,0.000111194927084224,46.5,27.5,44.0000018532488
"2137",2142,0.000222389854168448,52,30,20.0000037064976
"2138",2139,0.000448504778997292,25,15,28.0000074750796
"2139",2137,0.00081184485785634,33.5,19.5,36.0000135307476
"2140",2133,0.735934500138993,44.5,26.5,50.0122655750023
"2141",2131,0.0066250808556833,59.5,34.5,36.0001104180143
"2142",2130,0,40,22,36
"2143",2129,0,40.5,22.5,10
"2144",2128,0,12,7,0
"2145",2127,0,0,0,20
"2146",2126,0,23.5,13.5,16
"2147",2125,0,17,9,8
"2148",2124,0.000250524126590163,9.5,5.5,24.0000041754021
"2149",2031,0.620134425090132,25.5,13.5,38.0103355737515
"2150",2030,0,45.5,26.5,40
"2151",2029,0,49.5,29.5,50
"2152",2028,0,60,35,14
"2153",2027,0,15.5,8.5,50
"2154",2026,0,58.5,33.5,14
"2155",2025,0,15.5,8.5,50
"2156",2024,0,59,34,38
"2157",2023,0,45.5,26.5,28
"2158",2022,0,33.5,19.5,42
"2159",2021,0,50,29,24
"2160",2020,0,27.5,15.5,16
"2161",2019,0,18,10,18
"2162",2018,0,18.5,9.5,14
"2163",2017,0,17,10,4
"2164",2016,0,4,2,10
"2165",2015,0,10,5,30
"2166",2014,0.0101042003722219,35.5,20.5,26.0001684033395
"2167",1990,0.245319103677989,29,16,42.004088651728
"2168",1989,0,51.5,30.5,34
"2169",1988,0,42,25,26
"2170",1987,0,27.5,14.5,12
"2171",1986,0,12.5,6.5,34
"2172",1985,0,40,23,50
"2173",1984,0,59.5,34.5,32
"2174",1983,0,36,20,12
"2175",1982,0,12,6,46
"2176",360,16.6323582994993,53.5,30.5,32.2772059716583
"2177",2,4.3827539476028,35,19,28.0730458991267
